price_egp,oof_pred_egp
5500000,4795407.571313569
6250000,6427964.279425943
8000000,7622775.12983587
975000,981746.9967963159
600000,608111.029050825
760000,737613.8218631225
480000,354303.04642645846
2200000,2293464.4106627665
940000,850599.735560734
4850000,4749588.209582935
6500000,6883284.8944131015
820000,778571.1711746926
825000,739546.6004100196
995000,953079.4977301478
1020000,915294.6991331882
1950000,2217100.5222608116
495000,520067.8651043601
5700000,5283213.40598357
1150000,1003964.9949898403
780000,700208.3798412601
725000,723043.7668311675
785000,811294.8172763668
3300000,3094239.2654903205
655000,754637.1192964136
1640000,1510002.3931672866
749000,749179.9116609192
1850000,1723052.3082898615
1200000,1314410.851624394
400000,376925.13494822604
785000,777969.9598120797
1450000,1022765.4151502349
1100000,1176784.265225404
2080000,2013730.444186389
2100000,1961971.0776694878
470000,482840.1788085518
2750000,3401412.273659336
1290000,1269358.2403497277
1300000,984590.121185928
1950000,1729003.951941554
1100000,1095116.2106126628
4800000,3790356.1474652975
1650000,1694812.6206665272
1790000,1570243.034213233
4150000,3936798.229278865
3700000,3469684.387764639
800000,415229.4550741695
1350000,1159757.5024799912
670000,675634.6751337231
625000,548897.7719045562
990000,815878.9826233366
310000,272316.1950066091
795000,802063.9399985374
2100000,1839552.7017022974
2100000,1943321.5221840104
1430000,1384801.4057444364
375000,383661.60914088244
1850000,1702761.5998653567
735000,775801.2013419924
1250000,1018217.1876646231
2850000,3401359.2182816486
750000,821051.5651634187
625000,763116.4675914434
8985000,7959114.424818823
1550000,1524961.6969753555
1270000,1095792.3874819588
350000,221121.30877979993
635000,765813.7085107042
1330000,1362454.6418048493
330000,272383.53365708713
470000,524642.2649632718
320000,385955.7170465329
290000,261537.25463089597
300000,371443.7240497789
350000,339235.59671866853
2350000,2395279.2956955256
910000,970907.5519116974
750000,672561.5517524674
3450000,3219300.725510995
6200000,5752129.117657743
910000,917865.3863423007
1800000,1853777.0202137127
260000,267187.93122332863
890000,844746.4064248623
590000,401560.52366702206
300000,274672.8267045181
620000,723822.9504419897
140000,128269.23075997154
80000,111965.70754751547
435000,409599.66423473886
650000,611359.9270473695
280000,217662.65442251592
250000,242649.992851133
2650000,2463620.606054842
2900000,3044080.1156756943
985000,1179491.3039037536
385000,409309.6701148879
100000,335633.32495115924
1950000,2086131.6478197314
250000,210997.63548979332
1480000,1405292.7303120322
885000,890388.5257659106
650000,616161.1303989314
500000,589535.1452282168
680000,644905.3716588992
450000,443992.88099693245
305000,299004.054899374
2100000,2078433.8293096998
3000000,2860930.522393126
2250000,2286106.7303346354
1340000,1324782.0316243512
1230000,1177690.9311622037
230000,234151.12139864234
6250000,4763039.689805106
2200000,2169861.2246661973
8750000,8444699.98110768
5580000,5456273.72085925
4500000,4733171.178513302
85000,100625.85760976584
500000,540995.7645187842
450000,141780.89484967437
4550000,4186748.0901575317
350000,389810.88289168576
1230000,1059493.359471411
310000,301851.92887363944
165000,165483.13636776083
1650000,1717488.5068493115
95000,149871.38794969118
1680000,1795930.2975820706
3050000,2523340.1242797123
720000,841026.4290577092
7600000,5696660.313937201
1600000,1653941.8806395768
1180000,1231758.510279151
765000,733869.8979519634
440000,372761.95335424744
700000,670886.7765880317
630000,642200.1591409012
1800000,1666277.9804169517
650000,666375.681033811
500000,384731.7551306819
670000,618821.9197166382
2450000,2690425.5998960524
920000,1141299.9941732998
780000,768118.0547575261
140000,132701.01029526326
500000,394213.5260026571
900000,858428.7419621926
1450000,1399879.238179006
3200000,3114464.774081573
8750000,8633026.561532145
1770000,1762237.3823316202
200000,149490.4026003539
2850000,3024154.413757446
550000,675733.6587011351
500000,374529.87851007766
320000,310398.7902260129
1140000,1177121.1004468699
570000,685556.944355452
450000,385137.9464062059
1400000,1051539.954859377
730000,818160.5165854553
2300000,2364081.7157563963
1900000,1917891.6064104405
5600000,5351149.8163895225
920000,1003591.4606135883
4900000,5199196.519691231
380000,395914.2435749169
130000,125661.38947091719
4500000,4759065.849236415
220000,227534.79933672657
360000,329119.76499509835
980000,961872.5131232226
800000,788973.3158399608
2000000,2086311.1153945033
355000,394590.0536930919
6000000,5911401.136410003
130000,159692.428887463
750000,797529.1162263027
600000,522672.63743802276
530000,458979.8640329085
95000,244200.42719634232
2800000,2974095.6141231083
440000,209234.38480720483
8200000,8159689.506927036
2000000,1370284.8452637573
3620000,3625414.3892444572
2150000,2428473.82041789
1600000,1397717.6269734786
180000,245454.07029249563
175000,140787.6811140323
3500000,3688965.4373602755
290000,293563.0998283688
260000,331920.53645432275
460000,490343.24882302125
635000,681133.6242550781
1175000,1151673.0038217972
290000,328288.92059239984
835000,835850.5918008538
299000,388663.8974070363
610000,523961.03672595083
280000,297526.1480510577
255000,304370.1371943981
700000,680364.6195577398
500000,429646.3269539824
370000,282226.77608165314
6600000,6040066.676028221
195000,218739.14568753165
1080000,981840.7441297482
3550000,3857096.7660172367
480000,471848.34409984667
230000,236554.47299216437
740000,759626.7727689223
750000,779324.5462360476
1275000,1207274.8876963968
700000,747329.0565258912
2150000,2230789.5936758807
1550000,1481490.9981734753
7200000,7081203.65839485
2150000,1842611.9076266484
1825000,1855097.7246130994
225000,207555.98966130547
1900000,1853907.3728180886
1100000,1171284.168230652
2280000,2274955.7179037975
7500000,5029709.614543239
4200000,2035454.4710852192
1950000,1692832.7632078305
4550000,5579959.637910907
875000,860095.519030631
530000,524998.3820029381
800000,891459.9824649284
985000,1012621.3431381952
1150000,1151567.6341239852
1700000,1800158.6471675506
600000,518714.78127367055
220000,221510.7116068515
320000,351287.39559634717
225000,221963.76978039116
290000,425790.91885552875
2050000,2089040.2324490205
650000,584247.5162754027
260000,236225.83155945456
122000,138347.78131580076
850000,865026.3392203521
925000,1054335.3147679463
950000,893500.2712957916
370000,331443.14903881826
250000,228396.8458322948
410000,431195.98454042233
2450000,2634475.3958818647
1350000,1165028.2672630865
465000,421689.27005643025
265000,276028.3589876525
1450000,1448389.0178953833
490000,528753.8583013514
1020000,1009045.3114382297
150000,163399.64138940742
1600000,1181654.514924421
180000,197117.09177751312
1250000,1461890.5207953048
2950000,2948269.580234756
570000,478248.26822624996
930000,739983.1862579822
2500000,2536288.3048952008
1245000,1210731.9082718464
250000,262082.4083395716
1365000,1543573.045787911
120000,106136.86403513032
1650000,1579934.9112674682
4600000,4493070.139190474
120000,210638.66984126082
2700000,2890438.4409721
250000,349035.9916534877
250000,200041.94294441777
230000,247729.0563956406
2550000,1978011.9164685342
2000000,1903545.273684575
650000,617281.3189376199
250000,341886.5997913945
295000,295872.71043115045
580000,552206.8441711855
790000,840401.7976134367
1150000,1031725.0269709445
1600000,1483939.8913925004
750000,860401.7841039766
2500000,2543497.8299137065
415000,404563.2999444669
1280000,1318238.9339707715
350000,298467.7929376791
595000,572269.4730936036
1290000,1250297.1510728707
635000,604979.5280967953
540000,512365.0679848781
1450000,1430944.4960754712
675000,721918.624081551
2700000,2581891.593103066
5950000,5727919.656612097
940000,943385.5889321666
850000,730776.747829395
525000,633287.3504820704
250000,262815.3790605613
789000,972117.7761013134
350000,356334.2898678595
1430000,1368443.4593492122
3550000,3600509.689058781
2250000,2117984.7233003643
180000,207322.99731221204
895000,955926.6467866336
290000,251327.0316645413
1200000,1405660.3083995348
700000,675068.8462727978
1050000,1167133.35070609
270000,287063.38796754426
670000,753556.3682776401
1900000,1830267.8455179026
1780000,1739505.7153634233
390000,512412.09249898925
720000,681880.6641011105
480000,440282.5949520367
200000,188153.36643692755
700000,656694.6235584276
1200000,1045976.5109618466
1490000,1600863.3264102235
1000000,942786.3487515145
1000000,1047739.4265037738
780000,792289.3915199089
350000,429742.49115693435
4750000,4596193.125630435
2850000,1594315.864622614
3685000,3434404.935573456
660000,711980.492323076
4550000,4030821.1041605417
1030000,1224040.3566999957
1125000,1120758.8603811834
140000,100886.76127400807
1790000,2057681.371072284
1150000,1080173.494762587
1150000,1082084.2827113501
925000,777523.0333492849
1890000,2057054.3840185874
640000,682873.2047561376
97000,109828.17280460267
1290000,1414986.3699727703
1350000,1107007.9423535985
3175000,2918033.774080738
430000,436412.7933370007
1360000,1358676.181219247
275000,348288.5929389373
220000,193734.90833493168
970000,949309.4964181355
245000,240821.1497273443
510000,498983.26878246013
2250000,1968780.6949044764
450000,476613.5947117763
590000,526460.6735837806
1500000,1401877.2247258252
540000,565021.6720959719
2250000,2196479.8207056224
700000,852958.5967452658
350000,337260.5589919544
250000,263261.3027292036
1200000,1287126.1597144352
190000,286399.7962525531
3890000,4203469.551927556
1300000,797840.4499779419
380000,421010.7004881972
850000,715764.7687167275
2150000,2040832.8783174618
5400000,4938858.939874591
750000,657038.3788542136
1960000,1815133.9897981023
625000,505924.48792224046
1500000,1461308.5167269674
180000,272793.93018875504
555000,508822.5415210347
210000,233072.29824578323
210000,234201.00638886436
1180000,1187306.5934614427
5350000,3414711.7263339935
2500000,2630048.5709205857
1100000,1085864.0558345558
380000,397140.3834111097
1600000,1394173.5339622833
1550000,967160.8261501972
160000,168347.88773576418
425000,431172.98714914115
1020000,989959.6366953572
1050000,1027934.1240769065
95000,108839.6096038327
250000,270998.10398731567
845000,879540.2756854712
350000,352603.8618570084
230000,239172.2388910246
190000,242794.26373403045
3200000,3217326.7772779632
650000,695807.4114090865
1820000,1721678.436738894
900000,880385.3414552045
235000,267930.75422383286
3800000,3752620.205544626
4600000,6075119.225774543
360000,325431.3931695058
2700000,2976157.194711503
1025000,1094456.2608945298
1200000,1236569.5320105073
3350000,4590649.112568023
1250000,1251060.7235009484
1925000,1923095.5885870967
3100000,2873721.592715588
4100000,3921785.7683261265
1850000,1954920.358182608
1270000,1362855.3586097197
530000,523375.22230796557
110000,133479.2454327212
1200000,987424.8927825288
1275000,1370808.8033154248
140000,205144.54812605467
3500000,3694426.538602419
5200000,4501887.5975622395
6000000,4848027.67388443
1900000,1639292.40335499
1800000,1636071.2374262782
1100000,1052472.8938203482
650000,632444.8027365159
1150000,1116395.0510355567
1150000,1066858.9238303765
8550000,7919839.311764588
125000,126719.99863155183
810000,818457.9288808261
910000,991346.7631276528
7500000,7400962.267896222
2500000,1901453.8271921005
325000,290566.8707695054
850000,794729.7091655406
4850000,4490721.59900207
1115000,1113275.9480641729
4100000,4029900.8552476848
3750000,4626561.695610714
4100000,4625640.296484333
620000,647897.0897243201
8750000,13384776.944472061
2950000,2938500.3632745547
1340000,1271811.9958469335
1750000,1722105.679110722
1050000,827689.863290822
450000,312796.8839265694
970000,943658.9244889191
8600000,11009940.192398828
850000,751319.7323607532
1700000,1505095.937039731
250000,235442.59845926205
1000000,1011340.1444492388
920000,845523.6732243216
1950000,2535218.3289979473
670000,670164.0585200553
425000,362293.0221653255
1150000,1295443.8293344316
2900000,3059021.7140398724
4200000,6917361.711019358
1700000,1808650.1276007816
1600000,1375047.0946438531
1680000,1836852.4357104208
75000,106169.23298251213
170000,247488.70318278857
2500000,2114785.3831679295
570000,552454.3274290592
185000,185808.85010962788
520000,500897.3453588873
350000,312287.7297690037
1650000,1914241.8657886297
1700000,1756101.104841785
870000,867475.3512494622
970000,985176.497747381
3675000,3518833.966134953
410000,432140.8064372534
4250000,3819794.1070054965
2850000,2984853.237161658
670000,656612.7883216448
2990000,3241314.5695579723
1750000,1301978.8139799382
395000,385878.9778256283
365000,341231.2247504735
1480000,1470716.884989944
4850000,4347379.113652601
1150000,1103964.2699034978
120000,189544.83857743876
1200000,1297921.3428896177
730000,724993.675181868
220000,197925.62625552595
770000,683063.7169799439
230000,212711.63099862746
325000,305569.37902007834
4800000,5880553.135175781
885000,879912.8135124055
1075000,939607.8614191925
790000,786606.3973981619
910000,832968.2600216968
1075000,964064.0046134702
1275000,1369715.0566534908
850000,845878.8309376102
1350000,1256271.424440274
1220000,910603.0417915874
200000,216725.4748623224
255000,198611.86180349631
1200000,1330717.468539243
1290000,1442379.8129096022
1500000,1758801.1700985269
1050000,752843.8285274091
2200000,2205318.6136914385
2450000,2373322.4567350848
350000,390183.71932770935
165000,206705.56383381528
1350000,1198027.7261778496
4950000,4309107.862824274
460000,517039.7321736473
520000,571434.5104481095
111111,609421.8959016092
450000,405677.6217182773
1240000,1220484.7449427051
215000,257370.9142581545
700000,773955.6889105772
260000,274843.53325143096
455000,452647.0531434042
1170000,1249066.2466903052
430000,410331.9978657648
519000,570291.6733630572
650000,647136.3790912958
380000,308278.2246923414
1250000,1202130.9952605444
1620000,1512649.3233264415
810000,803813.229604274
440000,428598.54928802146
300000,287582.17467100197
910000,834839.2158677219
725000,734994.1688949039
415000,336604.07344463357
800000,778744.1275121499
1150000,853648.7675773037
1650000,1542770.8208575086
500000,464649.7298957901
218000,241256.25398665588
790000,709429.4584531625
1040000,1177986.9298357395
160000,181050.4510464064
625000,699756.3417616383
630000,598479.0081312293
430000,389079.3553727573
850000,793475.5521019943
290000,215552.25866921272
4550000,4555450.841694283
11900000,11843037.460313588
2490000,2822352.9386809287
140000,135300.7565751801
230000,277607.95710988186
1750000,1683863.845615222
790000,801983.3059447974
230000,260171.06869402694
370000,374740.3114761833
1600000,1644970.8363249605
310000,325692.4159856329
900000,947900.1620959438
1700000,1653799.1783806318
1400000,1259100.740584771
760000,632097.5760847515
694000,759213.8823078023
5200000,4773683.505958609
670000,791651.2180893125
400000,412532.2625013024
1100000,1109956.5466931826
1750000,1836865.7894841554
425000,324362.1986621001
930000,936102.9378305716
2350000,2434957.7693051123
2100000,2111397.1799464794
250000,311232.2302143917
900000,933554.6156246414
1470000,1539950.6264924414
210000,207699.1278525301
850000,801364.1408296762
220000,282644.7436940742
325000,332134.876104241
250000,215366.6659121166
220000,242879.31233088212
230000,280987.0047678866
450000,463362.2628527917
1250000,1062716.088572761
6900000,3653564.325630469
11250000,12217728.267856784
6100000,6389207.080227152
145000,282399.02178049536
560000,520145.5802657949
770000,759488.9669832867
1390000,1236018.2121166512
525000,519489.38251132483
330000,344789.6326310905
1250000,1117324.515553721
3700000,3675122.8706599036
3400000,3154580.473099771
700000,675175.72744294
2380000,1863323.009869689
2950000,2989670.449008971
1300000,1237860.4373378078
575000,625146.5827840827
1100000,929809.336380618
530000,538866.6595524744
3150000,3606781.734055665
550000,486796.61717462214
1800000,1810558.0713160196
325000,272340.6464458753
425000,460580.4422065966
725000,685426.2866631945
575000,575604.8327409023
560000,595154.4641226705
1365000,1317754.4583143357
1100000,1101551.2156920657
5900000,5504151.474527457
900000,1061792.437520648
900000,908916.3751951605
245000,209633.5493860819
820000,665468.0083659744
185000,206550.6952423115
3250000,3475146.8179541766
420000,421986.87115929986
2350000,2210362.712849437
290000,397013.0365953038
345000,304868.04858661897
670000,609088.1099245466
490000,517911.2534812488
560000,608813.4089221784
350000,375043.6020669718
825000,780864.7532209513
250000,270833.12783120293
300000,252538.31537390396
900000,902470.0786045057
650000,741211.6009164186
210000,163449.41328433013
3600000,3640538.959980044
630000,618194.5922465714
920000,927999.1269841833
250000,257581.274591269
127000,93569.13821687209
550000,668217.6385630072
925000,976534.6962061838
500000,608829.898046474
780000,854367.9865699271
1080000,1193778.543570077
490000,435867.71378688037
260000,289728.6030448558
1100000,972835.4895903188
350000,348466.05419167306
2050000,1888622.3690677327
950000,904525.0940017998
799000,377880.6134219716
400000,519066.31805088295
1500000,1539264.4081265978
620000,625441.9306062614
95000,114609.5235489857
1900000,1874579.0182823038
894000,1039588.9301678342
2050000,1990203.6223184715
900000,862276.1380660109
170000,146145.97496745453
1050000,1100394.495037932
497000,515454.16964441363
870000,891741.1500657818
1700000,1481038.7607858973
920000,975990.3179552349
489000,535350.0305785809
860000,873897.0750133134
520000,520290.65864837886
450000,422462.41224755626
2150000,1492746.0056313393
500000,483188.63543725084
520000,524879.4256530947
285000,254551.4301333594
1040000,964942.0785039959
350000,426426.09514755476
920000,943927.3303702155
570000,603795.318903933
760000,777243.616968199
1400000,1529931.0566374606
450000,415400.88378221996
850000,857269.0707652919
660000,677602.3477991832
400000,469399.5049679311
40000,51081.28973015026
1250000,1164810.7028646283
380000,501686.5757517363
3450000,3020918.574526408
175000,213191.32665557787
3250000,3063764.722512838
2400000,2451754.0704361573
2550000,1437499.8472214702
380000,342376.81847666204
3500000,3031087.7696560896
235000,246365.17620666345
310000,322087.2320844411
400000,444097.71783379785
730000,613105.6445835439
2600000,2329309.9949180493
135000,445729.10156146705
265000,325090.44190755644
400000,635500.6237580493
120000,109129.6733470673
1550000,1601573.9418025094
700000,778055.5410291719
870000,812795.4176207923
3400000,2823725.786859134
750000,1092419.3092408516
190000,231497.63170289266
1970000,2152930.974349559
2350000,2155629.4403024106
370000,386149.92403835634
750000,881217.8844602371
950000,1019194.8601771608
285000,140548.87490922492
210000,231466.91425677805
1130000,1111293.8120528772
580000,606148.1743191695
640000,603752.4869419597
3700000,3663311.5506862835
720000,673412.0959501971
950000,800108.2426841425
340000,319223.9308548479
2200000,2465095.7170815407
2350000,2411397.4638103903
3300000,2820786.829576089
1250000,1261435.924736186
830000,667619.9357466954
220000,243056.88116749263
5250000,4492069.0001482135
575000,609596.1353742974
800000,835130.8391014838
365000,367289.25144814205
2500000,2630176.6060896097
2500000,2484309.060734484
270000,319149.2852724296
170000,221173.1390764126
580000,602242.1058642379
190000,197110.91393072993
930000,978409.2584021175
980000,890998.728337858
220000,244281.7244541309
175000,233245.95278430122
490000,466253.5853638703
330000,287114.3802138717
540000,558117.7372358459
1700000,1576341.992529547
105000,169545.07579311283
8050000,6500612.065425039
820000,718181.8069278024
2150000,1934083.0623265351
750000,900115.084279274
435000,407396.964289228
350000,340809.763135389
1750000,1238955.7029501563
150000,136999.78183544966
2200000,2257804.7260781066
8285000,7397336.069818781
1700000,1363738.8724450148
950000,941251.5686156119
2200000,2139513.7729691174
1680000,1417735.5500309234
2440000,2450907.6586199235
390000,392591.9987291417
225000,235513.84253604017
180000,213642.17514704054
620000,613579.4151996209
175000,141788.50784138683
220000,268305.299572304
350000,436432.6363466964
510000,510260.32658464886
235000,230641.16991252184
350000,373670.3512650876
585000,594068.8262439249
300000,325677.95919850277
888000,937192.3793955595
320000,336816.2292360118
160000,138741.3019958658
2850000,2793960.7464363384
195000,206033.06172827608
255000,265461.1779763859
500000,483924.043937309
220000,258109.8248922563
250000,299065.26303675876
750000,874390.0427773239
630000,602047.9842248634
1200000,1147022.8452050206
195000,192898.42285411648
1100000,1167544.8677111738
358000,346807.5537706969
1100000,1027126.3631917245
200000,309683.1290616053
1700000,1706651.4613706747
1140000,1632500.234601594
645000,650017.006811853
820000,931218.6553997807
950000,839645.0825477486
350000,301282.6503199063
1150000,1035739.9320922366
3000000,3569024.635569668
825000,820708.9660852895
380000,384297.266293364
320000,280800.26060901047
210000,183308.82224431788
330000,388557.1941445415
4250000,3916288.5275230384
740000,756261.517101146
420000,397192.4981170722
1025000,976464.3238361215
570000,639492.5426094981
5800000,4963933.331993628
255000,208851.40838341558
345000,385369.1178968888
5500000,6451832.762604093
2900000,2373738.841063423
890000,741125.2035527085
1000000,912754.354827835
800000,855484.9128212052
240000,204624.92144325894
200000,173307.86950234813
95000,126500.19681941047
680000,813349.6945107435
350000,255606.58077375646
450000,424377.55872808205
3000000,2877176.8755589216
390000,374560.0269921984
360000,370334.3467302266
795000,756780.898931925
190000,263717.89046096796
12700000,10722344.73105181
3150000,3303482.4050215394
160000,185258.75033555072
725000,633731.7697884191
530000,547910.4237370046
610000,598121.947513645
1630000,1616546.2578263623
390000,384700.82128715055
400000,468426.80560083006
160000,103405.13797358077
450000,476096.5122703954
920000,993008.3040341791
1120000,1138528.4284275987
1250000,1268055.5447202602
300000,337587.80510102067
1080000,1194110.0291635825
240000,236987.64916765798
400000,423209.2041954939
5000000,4645542.181275172
39000,44850.46246707758
310000,256285.2109758666
220000,203642.61232701686
2175000,2176635.0322574456
330000,379081.92650114064
350000,306140.47390914726
450000,410411.9431080949
270000,259678.76000479297
325000,352377.5771994687
645000,684916.6443040023
145000,223905.78297667217
630000,544360.5742953768
5100000,4777608.334097826
175000,151171.6459950178
430000,441956.65429883386
60000,65226.82949430526
240000,387995.12942063034
700000,599864.1231235729
185000,181492.84216920385
2600000,2420880.7710930933
5700000,4089351.3556090333
2500000,2400062.7282469585
490000,365912.7395279508
610000,602212.0041573405
920000,946181.2011975389
440000,412934.30347575777
330000,355902.2145631419
425000,393355.59625187324
520000,643968.6879676792
290000,340537.27476778324
850000,785413.7114917844
390000,422335.82228932646
800000,751284.5091450904
2200000,1970722.1504497544
1050000,1167525.6924614513
785000,754789.9157635189
260000,286311.5431584713
1390000,1362567.791029267
1125000,1124638.3317106562
720000,716210.5754507617
6375000,4785280.2163823405
850000,829918.2292675317
1580000,1510992.3657292828
870000,815026.7737736739
170000,118537.35105040716
2830000,2716435.900564697
600000,483029.13458852563
1400000,1311883.7440787666
2190000,2131771.570586784
2500000,2225110.077999918
4725000,4628376.577213338
690000,687287.3159644845
1055000,1269940.4548705698
240000,254191.1385986194
445000,463035.17246391036
1000000,1328672.4650777634
780000,820804.3270839344
900000,812418.4488859981
450000,422263.1384369511
650000,653492.3841803551
230000,250025.96522718915
575000,604022.017973318
470000,453494.81155225757
13500000,7957517.83301561
500000,520105.3859641082
750000,702615.5665367503
185000,228891.3209429787
110000,143782.82744866275
4500000,5082145.007288459
185000,241810.35233837774
270000,279277.03667563444
500000,413514.88145492814
1900000,1983900.7254425173
940000,964189.0910912066
770000,717194.6579323174
2900000,3482258.880166641
370000,349361.15806369705
700000,634092.6865943507
270000,257520.30048266018
1250000,1156585.2131986546
4250000,4405583.38399067
250000,228786.89730586202
180000,216228.4518765158
625000,649349.2082338432
2000000,2009683.8434908364
6400000,4967163.579328658
380000,383863.238585545
800000,1072645.7563524987
850000,839943.97292369
2700000,3138722.442973893
12800000,11682663.24403958
880000,908822.0114899832
1395000,1478496.9348858113
1790000,1607137.6643373887
1670000,1515081.9182623264
1250000,1103209.5697049354
4600000,4214387.061017196
1490000,1667160.683149295
235000,243279.64342573797
1700000,1671943.5415312813
530000,553047.0168535084
1450000,1441562.0561367085
150000,122219.12169981586
270000,236802.21630285846
1300000,1226284.2361803297
590000,661004.8599057039
750000,741074.7683641483
670000,701441.1158306166
1550000,1284734.082569501
240000,248686.24076305307
270000,332438.9429219743
975000,888652.7494161299
130000,149055.4230996266
1200000,1319219.3293256934
950000,1043607.9228720139
650000,653059.3598551415
1570000,1453970.194619762
1400000,1388889.5921894638
850000,896073.0427782161
735000,733902.3552180013
5250000,5090629.864756771
740000,764610.06610341
4200000,3902858.834749549
1590000,1699265.7248073688
780000,833036.1471010145
9200000,7848511.30657311
750000,805366.3528782609
250000,243873.53514127634
575000,483168.4687731776
825000,800908.854542005
300000,299259.0590164611
1100000,1061790.7980318742
615000,632090.8972092711
3400000,3115692.7313333675
180000,186579.78564872782
1100000,934408.6045831232
1180000,1058246.8433249716
4850000,4734142.871292687
3200000,3405986.642180834
275000,300749.7694489693
3650000,3283751.5529336003
2900000,3024269.444758267
990000,1050878.415273581
2000000,1994333.7289127423
1780000,1782897.9048029247
250000,234894.116699311
3650000,3605756.292011426
590000,526460.6735837806
6250000,6874741.6897517
260000,239536.33001289633
1000000,963766.5526093461
300000,392058.9114005378
125000,167498.8646263361
85000,72400.97262442502
1050000,1079459.9290098487
1250000,1243826.0254990843
290000,333881.30480051786
1000000,1163904.4643877149
825000,784446.4030469735
230000,288714.1170617887
320000,252835.7972401884
215000,221283.58945644417
6100000,6860852.46086373
4100000,4096229.3307049
3150000,2725697.1525175474
950000,1003691.3388666571
950000,891269.8189275279
220000,194133.98959060072
2900000,2930152.3651020946
1670000,1550678.2602191463
1750000,2118800.052116436
120000,183633.658250683
1250000,1209328.5186009754
3150000,3001335.611326414
985000,838337.1844761559
6150000,6195221.933682132
1250000,1210857.1090368973
530000,521373.8432372104
1930000,1940373.8474347661
750000,749825.7298012825
215000,263087.6830696739
130000,154161.491524026
550000,499084.8602673142
520000,550250.014393207
930000,968510.3555830761
195000,146562.13687171804
3290000,3366060.515801383
1420000,1517531.2760449143
2750000,3082269.251323162
390000,450342.015964521
850000,901481.3710514313
180000,147302.64791227476
280000,269157.6832904884
255000,247877.34622007568
770000,711321.7248704672
420000,402649.8926650081
785000,702804.7698244868
250000,205256.35104704116
170000,267846.455809779
540000,572398.2895824258
230000,195202.6182685774
380000,388061.4856013397
260000,229338.7336856599
230000,311340.18990494416
1130000,1095296.5434475665
5000000,5156354.324569411
220000,255878.32677426704
590000,623552.866158225
1525000,1339139.376291906
115000,117403.86928104496
2000000,2055699.0467063652
5500000,5682792.41058161
5000000,4950130.451415319
400000,339185.1749423918
2500000,2285496.9373128116
1800000,1630701.9350875088
450000,386811.63260484906
1850000,2246947.0653351313
195000,199780.60964648856
140000,155098.38675342902
325000,276085.3411775984
300000,208152.28294210832
760000,740438.3425350902
260000,256613.12326767153
740000,724040.325304424
675000,635316.6924560525
400000,325432.5061571377
855000,853391.6702951314
2150000,1589138.7093725635
3850000,4534347.869800214
250000,275837.2792111552
1700000,1614833.6770196706
1125000,1150153.3844613642
500000,410209.87339238735
540000,569078.69584862
480000,643616.6690584953
300000,330716.4601987312
200000,181351.5402637627
350000,297386.0921377863
405000,409312.46606767364
420000,503661.66603979893
735000,758345.0716816933
590000,697518.6784205802
135000,163231.59651044378
90000,135221.77991470226
1950000,1948908.2405330357
180000,191543.1167673699
350000,401034.7428739091
410000,411841.4576811122
420000,414033.0163395234
650000,642462.7909430165
1970000,1780058.2462006852
200000,260199.76891226135
160000,169411.06264510867
450000,557966.0787765059
160000,162000.96049987065
1430000,1516798.2241368757
100000,175335.23938187363
980000,1190255.397327916
460000,436615.8354203231
740000,720126.4376963311
50000,52293.029344285416
270000,265399.8868873332
410000,279485.56102326285
365000,316154.6321903236
440000,440376.47076342895
360000,347476.3007478546
220000,228296.94355617743
400000,403971.47928786237
790000,897323.27091298
220000,276694.09676861536
900000,911791.3586729531
2100000,2308474.494471533
85000,119963.84683534631
720000,909279.5565370595
295000,286184.73411484074
120000,149821.126519677
600000,616224.0140850603
1550000,1528385.2353753338
360000,327009.1998484926
330000,344470.32529560314
115000,142901.52805672082
4350000,3914287.7204917665
220000,236879.46906229283
450000,463000.30162216356
245000,250467.24412815884
90000,105019.7040535725
1650000,1589381.8415833525
300000,307520.7815828416
780000,725201.9535835584
1570000,1558365.2773123519
200000,205357.5976034523
12900000,12773491.996841475
395000,421287.1735967513
370000,316548.03744539805
770000,909570.618529221
280000,256710.56815447853
760000,781699.3251226139
1600000,2375676.0736687942
390000,410189.43975506077
1280000,1140454.6336927533
370000,407056.15625946294
1475000,1262538.4921732675
2200000,2321183.2674663523
280000,274007.72109046805
330000,447553.1320984457
290000,305676.538276313
275000,246954.18288104862
350000,331982.378727746
3400000,3345139.9840984982
510000,624271.5747499677
720000,772027.2574172202
1400000,857493.743062192
135000,189311.01111622213
500000,475321.6118157381
380000,363748.00876955205
2200000,1792823.9731550044
240000,229889.9403632126
360000,330005.07662292477
270000,304916.7524123472
315000,305356.3016338184
2050000,2240579.461919348
940000,850473.3703921984
850000,959767.8337482553
1475000,1457540.8280079493
2900000,2853425.356274745
1375000,1439084.021831678
250000,287484.2912612721
240000,223050.95406166598
1850000,1705957.5269048156
320000,366781.3393569029
2100000,2302584.5944147175
180000,208239.952153668
1380000,970355.6730477987
170000,244430.44154499422
350000,469747.1430825341
520000,525546.4426722869
650000,792420.9023640227
720000,721121.7809186986
1100000,911113.5473268309
950000,816640.5130208737
1250000,1497551.697484485
305000,279312.81469861127
3980000,3914434.955492402
930000,1028114.1828033385
710000,742664.1043494367
250000,263060.49144271837
1400000,1426523.9828756233
720000,755059.53895975
300000,272141.48252751917
1230000,1212955.1617519737
300000,322722.3612623575
65000,48784.19895277953
210000,244793.80775476096
165000,217854.26445028395
5150000,5084786.4699639445
360000,361323.3968664121
3500000,3835358.5447133696
960000,830835.0436242205
750000,753983.2727299797
115000,159585.67281137948
230000,193341.34154768207
680000,626481.5510711897
190000,187634.01674466048
485000,485223.9689732545
740000,743351.3643200187
290000,316266.7726247305
520000,408814.3406899881
375000,383273.02291819826
260000,362540.68526996265
200000,277565.1672907296
435000,379922.1197874766
1850000,1627075.4249846938
1330000,1397162.2665970607
2450000,2466322.0805123826
335000,295307.56564832304
290000,272638.93537674093
1050000,1002958.8697959374
2950000,3362608.78742499
390000,373815.14681211323
750000,623663.4938518195
5000000,7776809.511072536
310000,337671.5047651462
280000,281156.3183595614
935000,1129179.0532829529
490000,468258.3681612762
70000,98483.21038122766
640000,743113.3420570681
420000,357030.0603842915
595000,457084.9911168201
620000,537655.1937207145
1970000,2199405.1667453605
1400000,1417074.796749184
420000,442501.85975646763
2600000,2654611.071937298
495000,461524.1729177938
4900000,4235584.489392814
4900000,4978147.969354774
640000,644847.3599879588
300000,287348.688904355
400000,522734.6618104186
6700000,6861961.250424971
1530000,1527204.2309636967
315000,265890.7637436041
480000,560949.4166015242
120000,193303.07504985153
400000,432322.0913537284
350000,364670.1344845192
5150000,4997046.123543802
230000,229953.16294438674
2650000,2846608.6980288858
1050000,1221246.1939735664
3500000,3509461.6946377284
820000,731136.2036176365
11000000,9460566.546938427
110000,139760.14000110098
1575000,1648814.0714967134
8900000,8305382.04053671
455000,431926.39079644455
405000,378261.6486442383
895000,839038.9191059467
865000,839667.5283783177
850000,822820.6797583688
7100000,6559088.194367491
2350000,2423586.0652316865
410000,421424.07881888974
255000,247576.4526920616
90000,112043.62214259032
275000,249838.43580091462
350000,318803.20812672435
780000,777200.961317054
320000,332029.95148641407
2370000,2238373.059740287
1820000,1569691.6970143751
1300000,1464855.2852410625
285000,289880.4408352316
1650000,1027063.0815887494
280000,270906.0240256116
2100000,1985345.132449499
700000,614475.1779153559
310000,279601.9149252648
700000,588061.8834063394
340000,447121.4445996616
475000,505905.074776662
1475000,1574645.1293909117
960000,1009114.9689926403
565000,634171.2208502424
1000000,1347316.129695847
560000,630046.5437055783
700000,694940.5091670253
260000,211478.85127392592
220000,227470.73254844223
75000,87009.18425675473
850000,841050.0187450502
1500000,1321901.9495880434
620000,612633.0976340852
1230000,1043940.4146468035
1200000,1333840.7910347646
250000,490132.93882832705
980000,886134.7076428223
835000,1077958.5462826188
220000,190802.307032945
850000,944898.7377030071
885000,946596.8649890536
260000,219228.87187816482
4350000,3552171.141705783
8750000,9106761.18412862
1220000,1127237.494069304
5250000,5393237.547886423
450000,365054.7527367675
1600000,1527095.921142503
80000,149528.92804097733
825000,894412.6658773184
360000,342263.25459443225
410000,480659.3102391872
4350000,4390506.459902466
300000,336284.3696263322
690000,645900.2133559458
1750000,1683115.9392695588
2050000,2129160.0244193897
1865000,2862959.677408074
240000,237827.1148055992
250000,255018.77391844447
415000,380679.6779054701
3100000,3255607.5303404843
2850000,2918846.9170699213
4450000,4862055.719126398
450000,375800.3362559713
750000,756580.1245563058
930000,922710.9084530452
5100000,4759837.412339094
1100000,1132311.652663282
2950000,2952182.236878597
300000,273477.73971933883
1390000,1551625.5843269855
150000,152160.71018091816
600000,597926.3063221762
240000,259761.07926968433
750000,598201.703699638
345000,357096.93920049863
650000,490413.62814578105
250000,273583.1943903173
620000,717368.6242929647
950000,1094790.8079164405
530000,460282.08613790444
2075000,2198601.463763814
155000,142450.54995871993
300000,290371.9589257366
125000,145518.13243289932
800000,768302.101707054
265000,242267.48576437694
420000,389661.33452982304
500000,569448.1868026382
745000,814269.5031611815
1290000,1393602.9228050539
1650000,1621773.9271217093
3100000,3765215.1667738617
250000,270427.2017653335
1100000,1051506.45955137
445000,509651.27220705984
1025000,918298.362469491
1320000,1470093.292445426
1650000,1627671.8999432838
100000,136954.64881343904
1120000,1076106.6609605348
1100000,1132482.2834090379
1580000,1530362.4897286326
620000,614644.6057650049
240000,238258.55229192064
550000,542519.6142159756
270000,272258.9090717273
1700000,1952343.0570733137
2350000,1858602.6748361427
980000,983158.3352975881
250000,235191.34703122804
450000,528612.8610519359
4150000,4526097.365511578
950000,1006659.5132387606
180000,223382.8755228493
930000,978312.6663687256
2000000,2000954.8476130231
540000,477059.81934078375
1450000,1259483.0534348467
1850000,1917647.7078505177
1150000,899449.3287784926
110000,141186.48091470945
1460000,1367011.505803938
2650000,3171474.192446588
3650000,2116787.751845336
795000,801698.3702519205
110000,238746.62199858922
3550000,3881804.787622999
850000,975504.4193140832
820000,708937.739425478
1200000,1288557.2744028277
5800000,5348950.007798652
1300000,1321493.9311545484
950000,922343.0112993964
7600000,6982238.898252451
1580000,1640134.8969271928
220000,367421.95811770996
480000,524381.3225678838
650000,605636.2831450325
2900000,2894431.9826887427
410000,388145.6560751134
1800000,1575574.561380991
1400000,1565040.8274258294
520000,481238.6470475535
440000,325819.11443858966
230000,225584.9417766013
165000,149096.7815702864
40000,79390.6923344354
65000,59112.00498870715
2350000,2186559.5893169604
750000,713036.5532346753
860000,899907.1340610406
755000,775639.9868835334
570000,645537.6519504226
750000,650207.3111502486
1150000,1111834.5497056674
870000,811572.0820938034
2050000,1906945.5285897665
1250000,1112335.5886076407
750000,735135.6135947797
2770000,2820226.158827795
2200000,4245374.425632986
210000,254432.4595334314
4700000,4686977.197781965
360000,418062.3629915107
550000,620012.8011077802
1220000,936055.9954025808
5400000,5781897.825256632
280000,285939.312670931
305000,317144.00856901554
450000,448334.2340874788
420000,268677.93229128065
650000,644810.2757109307
520000,596974.6252859693
255000,278820.30822353775
259000,278504.21076284576
340000,276287.1624489894
280000,274875.13821922796
290000,329940.5902137905
80000,65159.06941443291
265000,293160.7267970175
380000,419506.79245297896
7200000,7932767.306429673
1250000,1015859.1584813099
135000,146789.8565226256
2450000,2606779.7359417183
2850000,2763067.0455110944
340000,293564.9837965292
280000,290947.3117050099
250000,230913.8743524195
100000,122791.91527315418
585000,536069.7716156049
225000,236694.31290630685
260000,294508.89763012156
150000,206174.34771397107
4750000,4801620.602256185
6200000,6061218.520444204
1000000,1016310.0062028739
360000,410555.3237680946
2650000,2609790.3690012526
1950000,1960350.1126147527
1250000,1647847.4229553796
235000,257900.0209993098
410000,527526.6488835844
1800000,1531421.5997205512
310000,278929.85275744816
80000,112607.21818397073
410000,368376.9447267862
450000,421941.39464820916
1000000,1709000.7322300554
640000,619293.7782381219
935000,861373.7824044034
340000,315712.86207588733
220000,190117.9411470215
770000,730381.5678141449
320000,320637.89166955923
690000,624534.9730431568
180000,269272.70362542983
280000,371443.0191893373
360000,340748.57660314115
370000,419238.4603842947
1830000,2100030.0901335934
1700000,1602173.474707456
545000,649381.3861575024
300000,262057.1023844075
120000,112141.40443619655
850000,889389.3669223853
1200000,1065304.867373767
550000,582282.1000735275
1100000,1023589.5186157369
4500000,4501749.434811545
400000,411895.2217671066
940000,919462.6896282263
250000,239625.4383275518
860000,846563.7540618612
245000,241728.61401374792
145000,122072.26813273343
190000,190484.82784310708
235000,210845.5745849701
360000,409047.238233076
670000,694504.0628795965
420000,408016.7059962574
675000,862962.8900264039
90799,134552.92414478108
1980000,2548233.9732539305
250000,275794.0816133503
2050000,2067388.9440929664
2900000,2814370.4315701304
450000,427659.7133336785
3300000,3129746.1080244887
3875000,3915427.8257053634
1850000,1916010.0910697551
2900000,3194418.6814356595
430000,455601.3120817989
1075000,872240.8740875067
1750000,1482086.4440206024
3300000,3061398.1762152477
1100000,899106.5749411125
800000,785067.1827057108
375000,337424.67164484964
455000,455304.63800878037
3300000,4730139.685945755
580000,513043.5889972866
800000,920129.3716388798
680000,673086.8894954994
595000,533871.8525590214
1580000,1562621.1316450466
3400000,3719717.618532049
4850000,4245339.527159026
4000000,4045824.1017631874
950000,876636.7144700034
640000,630753.539529509
990000,1142397.818710931
3750000,4197158.608919838
200000,222399.87882088198
1200000,1151555.701766612
1500000,1433569.5294773087
230000,275443.311542188
1150000,1163716.6512839675
820000,1006252.0728411658
1650000,1564136.1934118657
285000,331893.71077994566
6900000,4921410.534092722
650000,264980.38882406027
450000,141658.51222988384
270000,288418.47398113826
10650000,9466105.512101412
5000000,4517773.81033815
250000,272606.42653794406
300000,243657.36597365676
465000,432930.09260391566
95000,168491.2849621461
3800000,3583110.786981912
1060000,1263336.0361972342
730000,720204.5741012207
1950000,1996005.9914575475
1050000,893155.5173403774
1150000,1104306.1124810537
170000,199516.6825637763
275000,127853.33759551145
425000,423189.5838610994
990000,1262342.0860955855
360000,328655.33973044663
380000,464057.8015520919
270000,209254.70216664096
490000,481740.68490709004
90000,113454.41113303327
4700000,4619622.485427005
1225000,1424626.9479977083
255000,270408.2185053617
3000000,3049192.293668969
1000000,808322.2917480213
4200000,4822476.786326269
130000,133587.4959289024
1400000,1310461.3842551827
1200000,1305746.1849221105
625000,812955.0410426597
325000,428345.39038062317
210000,257187.78948820478
140000,146617.24485369897
250000,260742.68010596329
1485000,1474834.9991229782
2950000,3296599.1351217157
90000,109985.25762447261
120000,116158.70540453363
1100000,915815.1195972846
670000,679294.2414651967
450000,454895.5052549124
290000,264298.83047878667
1250000,1276458.1353208935
1330000,1368175.6691554869
300000,253769.5012473678
240000,234566.7924488708
500000,613292.4920545972
900000,868703.3784744752
4050000,3569136.7177045583
260000,256429.59208882396
265000,286549.1354804531
145000,123677.09499820556
1600000,1339010.3958251586
4100000,4060792.514592696
1850000,1690732.0628686983
5850000,5443601.208485187
1650000,1819592.9009692592
2750000,3077162.8334640926
700000,718433.2939592403
650000,516125.8110415147
750000,904182.2619037448
6300000,6438659.786291547
1600000,2026970.7621562388
1250000,1450317.1433102118
1875000,1907449.5224108296
250000,268492.0712949208
425000,541290.398309977
3300000,3287637.475472112
650000,662888.5659168491
1450000,1288849.1859694174
1850000,1899987.4693500104
70000,75213.59131916554
840000,928378.3365669887
790000,737843.2875208271
900000,1031646.2154450773
590000,602751.0492033258
230000,240571.66150522334
240000,240890.79425818802
830000,879546.5391440983
270000,282090.27045374556
1500000,1447681.0486428635
580000,640385.8694549165
310000,273908.85835760826
450000,485002.28149560955
370000,376063.5063870953
265000,266202.18152147025
330000,378123.84496820765
930000,944151.5550929221
1650000,1472943.2036347843
1550000,1517779.412577248
780000,750274.9665879114
260000,268785.12724264734
55000,68972.84523581347
540000,356530.85507732665
330000,248136.82841391073
315000,324425.746586973
4550000,4497265.93349582
219000,249280.08357527936
230000,228945.32736807747
140000,162971.74108567773
215000,269524.7053048174
3600000,2985575.0923365927
5000000,4531981.309269313
900000,887257.3628492367
390000,403647.14639517653
750000,789217.4833641425
265000,281535.27002741105
770000,756353.3252333228
5200000,4411494.709678981
7300000,5972766.175219274
2600000,2388792.6230003852
980000,849321.4803302464
120000,151162.2536218252
1190000,1201751.9485322805
1150000,1041905.3796047246
900000,860968.2934208635
395000,351378.86960804416
955000,953128.0459902796
180000,150459.29684449005
220000,211505.9982317017
895000,939141.5846610247
240000,225684.72443792326
1045000,1222072.5041312142
275000,158477.314310574
1080000,998723.2261852316
390000,356436.28525638307
200000,197357.41477786846
300000,311586.1808875778
235000,222127.15155083893
200000,148666.01514843138
300000,235666.33412709594
350000,309514.8939181285
235000,221658.99340102207
250000,262606.62270627863
750000,687068.098764179
500000,375739.08176035725
144000,208046.69785942283
325000,397552.76834375475
480000,557127.0264659999
1250000,1196069.7738947114
420000,423345.6903304566
1030000,985178.4130218655
1220000,1194465.233368098
1130000,1102480.088036851
160000,220318.40029150705
200000,200621.4951131117
545000,515486.8903955149
270000,220477.9307541106
150000,160871.597316199
450000,420227.7534213231
325000,314012.4112732742
155000,199509.72233073474
1850000,1882896.0345594415
700000,738228.892590864
2650000,2112124.6562942145
125000,151609.7070731523
390000,402831.60495674575
3500000,3289219.6979270414
320000,306461.9495612878
305000,307860.16953405284
190000,208031.03872745248
300000,307957.5013056647
1500000,1348044.4786466274
220000,195578.05483212695
85000,117084.52496284082
2800000,3147453.0415318194
950000,944213.4170792615
600000,686902.4954479451
1570000,1666146.9325197851
490000,508447.6778919155
2700000,2885363.0044953167
600000,560427.2774907325
600000,587942.6404480278
300000,301953.1376805513
200000,147945.94390874336
450000,536934.0659198468
680000,539896.760445534
220000,254605.8692607839
195000,249816.21115952957
2500000,2694108.4937896337
3600000,3798682.272795381
4500000,4257156.728910072
1500000,1406085.986840497
520000,548576.688155071
1235000,1219317.2143137385
1500000,1564918.0211618438
610000,652266.7864769201
720000,867100.0002241342
2825000,2727711.7747694636
575000,697796.1948902762
1500000,1731073.0508059813
1030000,1076046.9124806633
3600000,3314743.3689993
420000,366555.0272130612
2750000,3069704.299135608
1190000,1288185.6828951957
915000,930535.6723371837
1290000,1186187.8456795313
2825000,2744064.9685630067
1090000,1263295.3366880205
900000,978419.2259066442
120000,129149.55785616928
450000,471588.79396458267
3900000,3737433.4956223844
285000,322758.8773971225
1680000,1495091.2107748117
420000,406244.18051189353
235000,242880.1521937177
170000,188999.65469405477
2100000,2688499.801441105
470000,481460.10922020325
270000,294377.4861693507
675000,674977.247350336
430000,269019.3252445738
1445000,1644820.7004343604
875000,1206583.6626218553
940000,907708.3291162316
440000,611550.2307969375
2150000,2205433.9784786827
375000,433953.97598500334
1000000,945474.9433315059
290000,357631.22512960056
45000,56681.6284964431
1900000,1846302.9376540342
720000,703982.6328349236
220000,249152.893781987
270000,232386.1196441746
1950000,2027315.718975577
285000,344939.17444755
290000,273159.00620441744
550000,663015.9993815974
2300000,2277547.6406371645
2900000,2683563.3299667654
2600000,1976799.0159815745
1750000,1546207.6166436153
530000,546976.5128941532
150000,284306.49004898366
1350000,1055120.7773349467
330000,296245.7404234506
150000,134172.86952591492
5000000,4802376.694007185
130000,142246.43902431472
165000,153823.46376551804
3300000,3363363.961282612
120000,141313.95028462092
1000000,733566.0799296234
1400000,1430941.9198612259
590000,882485.9091770308
735000,722048.3420484811
295000,359918.44974504766
1390000,1635858.6343892151
1200000,1223255.0796169795
2050000,2088680.8358637292
1300000,1332847.3974995962
3190000,2648250.3327366007
35000,65066.06541457858
690000,687181.6083320794
650000,580277.5568820096
470000,441155.08266474266
720000,707358.2631861338
770000,806947.1362017947
300000,347343.9074802353
1000000,1009422.861502914
4190000,4134625.1896734596
1225000,1125703.5794886253
4350000,4144880.881591285
890000,1050892.2908964367
2390000,2266160.7845747573
3690000,3080900.4644419854
197000,219595.52832593312
215000,227714.43135523112
420000,417734.2144823452
2750000,3023511.794756956
1470000,1648445.1040772363
360000,356833.89646444016
1750000,1794153.9005132806
300000,293679.94641946803
900000,895353.2675610386
230000,241249.11323717577
270000,282021.8371260113
765000,782382.9435095148
900000,729543.011363699
850000,870973.4556665869
15000000,13169426.378771793
630000,676840.4539347615
1400000,1184252.7460976127
435000,412917.6205396774
850000,800326.4308176663
295000,330570.3014707865
680000,743010.0504435012
350000,354264.91914980375
400000,358684.83943955286
5100000,4384812.263197339
1530000,1576243.6616762609
1800000,1532928.4619473622
470000,491185.5018870228
910000,940265.6236438367
820000,822550.3370051361
220000,197486.19509137163
640000,611109.9999511956
880000,956170.0223751332
2250000,2670094.6892523635
270000,294997.18693202425
250000,182829.8846506758
7100000,4418613.419514216
4550000,4082150.6509869834
695000,646442.8572580747
1050000,977016.1082889071
275000,299164.69198021723
410000,357475.3793849624
11400000,6186215.052512632
1550000,1465001.7741242887
1480000,1749936.3116546215
1250000,1077807.0137785824
1750000,1829631.8084742443
260000,328348.87450585765
420000,380977.15264550195
300000,286944.6132808008
2600000,2206984.555554913
1450000,1356861.071041746
200000,219202.61472703068
660000,590238.479219745
240000,241903.96344440294
2850000,2581105.867013578
195000,219253.55078752447
425000,430539.91722672456
2250000,2397411.304668018
2800000,2834124.256025111
645000,700450.7214077205
2750000,2841937.788665413
8300000,7670825.396719055
3750000,3367402.996268855
1275000,1187291.9695302483
725000,958895.5815389906
276000,222568.8351532744
560000,615215.6365750359
1050000,1115104.87526943
4000000,3410758.71179522
750000,965655.0761035568
595000,687296.4175525382
710000,737589.0690661859
290000,243257.03831949393
4000000,3317326.9764597425
1900000,1819141.2329528604
5320000,4868933.639320518
3800000,4606803.400644693
5500000,5378355.77504396
1600000,1506415.711910072
5600000,7422910.239786255
200000,207348.5465956504
1485000,1549782.112184755
160000,143248.99561306415
4900000,4744884.360804024
2380000,2607884.4272922487
4200000,3965072.7379684253
3400000,3357542.164685518
2375000,2515014.4498367924
115000,122384.52812593193
3250000,3194281.0301820673
4700000,4950365.062165583
1150000,1074110.540371371
280000,333522.8891533301
1380000,1448530.0371706851
470000,462019.563149252
160000,145126.51884233835
820000,820171.3210533174
3099000,3564055.4614360565
735000,722194.219836225
1900000,1595340.749964944
4590000,4996178.198830528
3000000,2944191.266028079
4900000,4424468.820000202
1520000,1411400.6901980927
4985000,4870500.446718667
200000,259836.1100645589
725000,849890.658516352
278000,206475.42353224242
2250000,2396171.2140484443
660000,570105.7990745171
750000,778725.5025927947
2300000,2487979.5726789734
820000,961933.999156855
890000,885592.0964988356
740000,774480.08198947
1475000,1417693.6523554758
1870000,2022666.1048824575
65000,235877.26282006482
840000,701260.3628127035
1800000,1848221.0538580855
560000,435210.53951869835
925000,848133.9738033151
1350000,1290361.675279095
550000,627105.8095101627
110000,161180.29694101674
210000,202482.16447203435
850000,749958.7798908497
195000,198457.02240723278
4500000,4051316.029934613
930000,903088.3689805422
2600000,1922578.996058599
590000,601782.6240606626
290000,292698.7705306922
950000,934005.4439898379
320000,243106.12982796502
850000,670090.7913324726
630000,644072.7929251211
730000,697458.1767892953
375000,417949.54804100393
180000,226992.3322617506
675000,741199.8169246973
750000,765792.6070318992
1350000,1372950.6787851083
160000,181715.3563051045
4250000,4168576.8850934017
2950000,2991197.6165006137
3150000,3328469.772150971
2050000,2116698.609703166
1300000,1416029.0594565275
335000,323691.6754550047
1400000,1311866.0490343235
2800000,3023743.79134515
350000,281011.59986282623
550000,543012.2799166427
770000,730208.8651416777
4100000,4441275.904953995
1250000,1297457.6623649443
2150000,2064646.2523989999
1450000,820168.7298008557
2550000,3086973.505440362
1250000,1249101.6551784477
1100000,1211867.9767274074
260000,249470.51568194162
2480000,2495271.885802584
250000,245310.5737053234
720000,779675.7764644503
420000,442961.17477792397
965000,1186726.8921258687
580000,621539.531603572
580000,467190.70107739564
890000,863355.5928580756
270000,265742.5939236633
3750000,4405593.422226649
1650000,1534706.5304756782
165000,179979.82403393163
2750000,2739973.6382295615
560000,769761.5526613949
220000,186654.02235737082
178000,141397.5826064469
4200000,4476136.174630578
2050000,2258709.529862555
4300000,4238315.664013
100000,121887.28594369286
1930000,2249593.1017279285
450000,417855.5237526693
1300000,1360533.7851758173
965000,1021308.4939467483
5500000,5174318.715709195
135000,144666.3348196889
900000,824773.3384351409
270000,230822.28093731686
560000,584887.4582001773
1280000,1241779.7743744212
145000,237591.4695437599
800000,721174.5149195703
210000,224990.70863550634
1600000,1413978.494197717
2600000,2285611.969418978
160000,219571.11289808215
310000,315592.754621741
520000,501690.8704197561
380000,347049.69879816554
50000,126064.19899836782
750000,516662.03378229315
340000,375099.0311964323
540000,524793.9669203775
420000,330551.88855989306
300000,335168.4358879605
770000,783982.5695855223
155000,153800.59215284607
450000,406017.57340418844
265000,220456.7921291456
385000,361364.6519399891
2500000,2331985.9730015
235000,237967.458827666
195000,192996.04943535468
200000,234955.1038362364
270000,286672.7776158416
350000,247528.08786168738
240000,212046.51670188183
890000,821738.2412489763
8900000,7141150.918483304
285000,324479.8154434902
1140000,1092267.9164389397
350000,299832.37956709135
330000,414968.2945684582
395000,401805.8644540737
275000,275713.9679482352
750000,791418.2576027007
430000,422267.3456866427
255000,262504.8219293153
830000,748592.4771657656
335000,335766.6399142365
350000,329392.6867218645
3250000,3118792.173536865
290000,274208.670695631
17200000,13285448.765779603
1450000,1506229.5222229362
250000,241608.33712785947
600000,686535.7902230258
740000,728890.130761774
1980000,1750522.339858098
230000,266360.9790097982
1050000,947132.5276987406
85000,63096.365113442334
100000,136251.4001059147
820000,806504.1090028997
190000,215350.36705210645
320000,346487.13050914195
700000,830541.7845357379
40000,51852.092629933046
800000,751060.5476404703
250000,248952.03574042825
365000,308486.2959430209
8300000,6041782.118017184
980000,1056799.5505878618
220000,216917.75990597875
1100000,1149253.029007761
125000,153945.40240413675
520000,534296.3519707724
680000,642008.7513003008
400000,412532.0367477222
1270000,1260895.945784367
870000,928247.4836166616
170000,173588.01303888898
240000,301317.05432092707
250000,245616.48050773903
850000,783813.119933008
150000,195631.12094883926
460000,450227.3046924455
800000,759371.0094231416
2580000,2144025.458075856
430000,411764.63021265704
4950000,5141087.29128702
230000,237749.0531285915
770000,784821.4639218084
2350000,2334261.250109316
1210000,1228836.2613074856
2200000,2729901.497951829
5100000,4909511.088406783
2780000,2937721.9833615595
900000,874089.3393538092
750000,777476.8036739784
130000,175156.25320666202
560000,476057.67748531746
2550000,2157846.3443367165
165000,346781.6476136926
2100000,2384120.836651568
245000,245065.94298278578
270000,246183.90422284312
300000,332628.31496749836
250000,263953.90883298
4375000,3590951.983148868
900000,920476.1361943712
205000,281055.5920944713
295000,300552.93044520635
80000,57886.39989482725
1590000,1611731.8062709584
4250000,4597906.132077407
730000,710461.1454126401
350000,342807.15914436785
130000,107077.36654505218
1730000,1670422.8550002575
1325000,1459446.818558597
660000,661553.2899368241
1700000,1797195.4698034045
760000,746110.5071361824
4400000,4989358.2891055895
6500000,6539058.887616836
3600000,3776024.686186531
950000,950199.5645065162
88000,114482.74758039796
200000,214551.8348087748
530000,558914.5449516701
1600000,1123974.7021199965
1550000,1719626.6720744865
1000000,904153.0985752621
450000,369577.4993126185
4200000,4039137.7201906024
4350000,4624174.895213261
1400000,1595170.998156733
675000,857219.4989773412
660000,664145.4305916621
70000,87179.18389527738
675000,735843.8305031556
400000,265445.4189430998
445000,425564.6719323259
5000000,4346084.788820144
3900000,3220194.951523363
1875000,2040564.2257227665
125000,146586.00575012536
4750000,4764207.925616112
845000,786344.0423470234
4650000,3943507.084672897
2090000,1865762.8605616896
2550000,2770414.9329449176
120000,232045.96154411748
450000,472079.7487653228
2300000,2165892.9649404087
315000,270745.6772212128
765000,904976.9248522065
240000,253750.74169944922
1450000,1268310.7633788667
2850000,1956401.2738929067
2050000,1969741.6965102996
1950000,1718958.3041890417
880000,937054.2375136969
4390000,4748291.286309651
4000000,4477581.975530743
1850000,1678031.0944961817
950000,944193.3450191165
250000,249049.6746261954
3400000,3097309.5724329017
4000000,4625027.485980093
2050000,2622332.7128339815
1800000,2078212.3884042748
920000,1026062.367526414
5750000,5221737.985006581
350000,359045.5715481777
650000,658294.1141435044
300000,360781.5082095637
180000,214198.22170547704
375000,331966.8797240582
870000,995108.3120729761
1950000,2101780.485721911
750000,741507.0788771327
210000,193413.1392664275
480000,475667.965131692
2500000,2308861.803080766
135000,140519.11644429786
520000,450397.43503491674
1740000,1568962.9357036706
465000,425555.0896789122
3150000,2973523.188400784
2780000,2290958.4626906347
3600000,3389502.4453342976
570000,678791.7572699775
2450000,2490491.9971098914
785000,755855.3132861415
265000,277575.6728750092
3400000,3317974.7339551635
850000,577777.4675014387
2000000,2366920.05065601
380000,338972.8566501628
450000,333210.02578790305
1870000,1739863.0222573495
1950000,1953885.1655435236
5190000,4762933.239606353
7500000,5842962.943865431
335000,354389.5822275468
3150000,2939815.603997492
230000,266551.42786804424
1180000,1201355.20877612
4300000,4003719.834560952
575000,454620.44864036207
120000,153658.06392985806
1750000,1739235.5724280388
700000,753511.5493247492
8250000,8081940.6956936065
270000,266984.7623527673
2050000,1931110.596574016
3150000,3401657.080039239
1250000,1184689.8303088413
4600000,4938314.7869524555
310000,260039.59119949085
2650000,2927246.0558164427
7350000,9094844.032120107
7750000,7570794.732137495
135000,141236.08860722856
6200000,6510543.068883146
240000,262025.94250444442
400000,424996.33710302605
1180000,1177700.631378327
5800000,5029278.170419712
2800000,2438092.842502853
4550000,4881525.969969716
260000,228781.98617277667
3100000,3138423.882842021
3250000,2997791.574865092
420000,421049.8348918786
7700000,8035557.771925598
3200000,2946007.603558614
9000000,5975110.71167899
4800000,3225609.30500715
2800000,2742610.742922258
1500000,638814.0261668933
250000,357271.8850999375
900000,912186.1003624883
720000,745532.0787922865
775000,750622.8732946733
245000,241598.29014301137
970000,981082.332052237
97000,72214.71239135404
5650000,2874004.0484997784
1890000,1619652.3622996295
4450000,4123897.57079526
90000,142565.12222049
3700000,3084934.4726140546
6350000,5755631.706535783
2725000,2638402.1304797255
320000,294191.73449478275
570000,588175.2878268578
1765000,1844864.214414772
275000,308679.8031483011
160000,101026.23127665979
320000,348038.54990934336
1775000,1835817.7355112324
1580000,1463800.289063315
3100000,2778116.146213072
1330000,1257861.358568653
2050000,1899603.0435854543
2350000,2111102.2761275293
4250000,3465420.459014761
300000,268484.6958615911
95000,189389.4037184316
950000,1381236.5695979225
5950000,5585430.04395379
795000,811634.6728765584
780000,807795.0530090749
780000,747267.8563983238
835000,818112.4553829109
250000,230743.97949742223
6550000,5515802.238801506
150000,167618.56995098843
260000,287909.1176239452
7000000,5124259.02401253
2200000,2369652.4576059994
1500000,1431459.4614998437
1600000,1718615.0248954215
680000,714784.2796104023
679000,628264.7149633555
1200000,1571623.9959552488
680000,682614.6572415371
5100000,5085041.763387311
1700000,1512957.5966314517
430000,442016.34973918134
5900000,5385078.838045926
5350000,5282018.355602284
7800000,8718412.216860378
790000,764041.3730371689
395000,408865.6649859375
1345000,1773244.6303921444
1200000,1195936.2589111372
2800000,2410838.055866943
320000,401585.33796555945
650000,669162.5069887594
750000,970403.9973869612
250000,164474.414796832
375000,400022.2311148025
2200000,2348667.090028557
280000,304013.08894230024
375000,351053.5503227329
860000,1019388.3933166997
240000,224439.21845844388
4500000,4059512.2337957434
5850000,5540936.456887847
5200000,3245896.6007985254
3200000,2812245.2605633806
3000000,3191799.9145288356
190000,176321.3105938849
335000,340721.62775944674
980000,1006363.7153599076
160000,227291.24914573808
330000,322444.56199069886
465000,438728.3455576247
160000,142025.7912035056
400000,473826.34047926427
575000,573709.0401233244
1470000,1348826.094061643
2100000,1929713.4383753806
8500000,7374247.404826264
145000,128945.10004676602
410000,351907.05092156463
290000,263731.28276814567
280000,284139.34666641324
110000,109312.44928735387
1400000,1782357.5084345127
285000,308385.3980445262
780000,867016.1665567701
247000,240494.4722894355
5150000,5111957.854100793
260000,270186.8599064425
735000,781397.0854902227
1890000,1568797.077986149
820000,812404.6372602459
410000,357912.4737495228
600000,647960.4853403379
120000,143587.7969999727
2100000,1897526.6977230676
900000,984384.6212218294
230000,239785.25273627674
360000,400483.9920134932
135000,112012.11439773192
135000,148700.56627047597
1430000,1592338.0048275578
235000,278150.73578264884
390000,402663.3103367355
1350000,1131469.832258853
490000,477942.554959682
190000,220106.81517747542
1200000,1213768.5771520874
3250000,3159130.192106217
1650000,1504607.8825876801
129000,154850.3748409264
85000,121540.03470699384
1250000,1376913.7428255249
975000,890218.6874463239
1590000,1463435.5701115553
2000000,1682986.4472437836
280000,283661.56412584824
770000,743200.1280587835
570000,588038.2808204317
915000,892731.2074027098
255000,262830.5940547878
90000,80061.47717299966
95000,154082.9749842211
5000000,4000655.289874071
275000,302442.450882016
200000,261422.97998577874
40000,78154.50530943039
1910000,1984516.1870004921
285000,297806.92110722204
785000,703458.8988976954
900000,1113774.5528764243
250000,251005.18025537746
520000,564880.5900542481
280000,282428.6258688024
180000,181757.66627014533
155000,153943.37409323815
275000,360208.2342834684
1490000,2468368.5406192853
1580000,1624205.3644502934
220000,286366.436011381
1980000,1889219.9178016176
1185000,975563.5959682742
275000,255003.9682988419
1320000,2190627.4187844032
145000,159236.25358441725
45000,49413.637188624605
3525000,3387122.6759496233
1645000,1459567.0659666392
1265000,1127826.4551962174
80000,60178.12734838239
1560000,1532773.2051531333
255000,241586.26848959026
220000,287140.413455213
2750000,2840095.1531780665
2150000,2034181.8524842
330000,247258.28568912327
585000,601148.971163663
1600000,1434446.3613983763
690000,710753.2759058481
200000,246109.73291452695
1650000,1716315.5722005474
3200000,2993477.2737483284
5500000,5438819.891783482
1350000,1465824.3282203435
200000,233611.8046883385
4400000,4488557.198543836
4300000,4181992.9961546473
2650000,2563534.56829291
1250000,1101405.6361913758
1350000,1251914.4511130194
680000,699333.2162272552
260000,295908.9509753894
2270000,2078759.282798979
1250000,1156530.145384997
380000,461656.62238337647
2100000,2099239.4047594396
550000,548826.6155817119
380000,309528.08520513447
220000,215515.3318444037
165000,157462.2939487936
127000,221877.88894292896
930000,976690.0109760378
117000,233819.58986149327
390000,394200.8165606631
430000,464440.55443791475
240000,243078.4949365464
280000,286711.68864126113
280000,273765.42606195546
410000,408434.1335001384
170000,202260.49370762458
180000,178084.47025390057
450000,489661.59699060686
2850000,2871594.566977621
600000,632797.7328150881
300000,287634.456833676
135000,201544.1377393153
670000,790363.700191884
135000,151417.5225714205
370000,489954.5358280603
250000,241642.59496781355
280000,253353.171350252
1500000,1422926.8969477718
435000,399846.4214092443
310000,313895.11726878356
480000,415750.1945116878
450000,471656.62325215153
440000,453073.33228082885
4500000,4672780.7302047415
255000,263293.5725978311
350000,365841.0767814934
230000,210872.4586645697
7300000,7075056.750995471
2600000,2675239.87241803
380000,353146.3308598673
350000,417512.41762682435
75000,78708.22124491102
60000,53873.90557906195
550000,513260.05727479735
2100000,2712127.062555802
290000,254153.90068587413
3800000,3091533.017477232
590000,720988.8699215098
1390000,1314941.3137252117
300000,251112.06874443503
1680000,1581441.0394986148
295000,349642.62351343146
2000000,1855097.7246130994
5750000,6378381.19089954
225000,349323.9897659782
140000,174438.94684732798
1900000,1935026.076510026
6200000,4508604.487866452
3500000,3751696.7264942606
950000,1171304.647599113
500000,403834.44017368584
580000,745025.0400809832
5600000,5124796.295781441
380000,437254.86460629804
4000000,4101575.276551087
4950000,6055033.637268399
345000,301363.13557756366
950000,819840.3500347423
600000,369938.8450420635
580000,560686.1427736445
235000,244774.32633326235
1750000,1898825.080434573
3950000,3907322.8574009677
1650000,1553199.403427236
860000,856825.5727807508
850000,792601.3080748783
860000,832434.2123923512
670000,681182.6823352941
530000,469955.0369397936
14100000,14465293.00989579
780000,1166906.1592273628
2500000,2544800.669833603
630000,662104.5733310397
450000,468300.574425432
530000,586514.0370689158
35000,54139.76191668815
1490000,1505730.9098411172
670000,778229.8605583695
6500000,6388687.064443871
440000,426860.56024795666
485000,536357.3392827474
475000,441086.7940604287
450000,423536.7461865912
1475000,1534374.6559633778
210000,215198.69744854464
300000,299834.07766489004
450000,523915.8943979242
200000,193358.9243866696
800000,771048.2288903303
1875000,1906397.8080640193
580000,561972.9321634904
570000,560371.1799643075
790000,752406.1781310702
1300000,1295646.3043924365
800000,734974.3349159079
750000,707498.245378033
180000,195195.96988238956
2850000,3395058.582103596
200000,226866.93762749835
2400000,2508500.1336295265
1420000,1326755.544538319
565000,500807.5176838377
1290000,1290197.3136329434
310000,320553.1890602177
130000,111421.67919569177
4950000,5001115.901386668
1740000,1880791.2322365812
950000,855892.5161041641
1950000,1863866.8054670289
1700000,1527834.2059495202
280000,396503.219347456
450000,436661.9552940551
2700000,2490928.4246842717
4300000,4566233.282624079
210000,188226.81132441902
165000,137031.77599724164
325000,324005.9307987765
4500000,5059927.309216896
465000,1119332.846446601
3350000,3779963.923480391
7500000,7434541.604837148
5250000,5399439.333500287
650000,554506.7615723348
2850000,2296552.8797777207
335000,283165.2597920985
1190000,1415947.1277027924
600000,638924.5828878068
1490000,1476639.7245795447
1300000,1417201.703048735
570000,821229.2183982101
450000,384216.24183952773
750000,676397.2481683664
5850000,4595834.020961551
895000,1087748.1988941052
9500000,7934085.225998405
590000,621242.5066934386
1250000,1200549.1996221275
2900000,2762427.98753386
785000,720986.2863320007
1775000,1899129.9221072188
930000,840150.4470687172
975000,909311.6538432017
400000,336802.95263532206
3000000,3208666.662705214
2050000,1864742.098183125
8000000,7203570.580469528
3250000,3398005.816592095
660000,694321.1728354783
2800000,3161609.4400998717
1250000,1138688.5355812497
5200000,8068580.927823825
950000,850528.6904237064
980000,901657.3828895388
395000,510929.4058029476
1850000,1917293.226653453
3750000,3234440.606865926
10500000,8711826.230662052
3550000,3669365.977620681
620000,574075.9937305163
260000,164049.74391238054
850000,801351.9498661481
1850000,1589266.3974988966
1230000,1209875.5630638902
1980000,2172699.9543388346
470000,485563.99439475185
220000,245717.44164072545
330000,324944.8063255286
880000,777366.7393931258
5500000,5873959.320759341
4950000,4527196.4975909805
2950000,2942334.685405714
635000,695604.45700818
250000,247735.9405275241
170000,118732.43705303161
250000,323542.6813974706
1475000,1488258.087369845
1850000,1901706.5667945207
190000,282897.32233084115
240000,245055.62340479443
480000,513396.81202176394
600000,569113.3724295587
350000,960456.8956073441
650000,652563.717873006
3250000,3222858.4119714024
6900000,6689637.868826014
625000,911052.3746643129
1650000,1676908.4151307617
180000,150035.5560821719
870000,883565.1937609542
60000,90431.83916594117
13200000,11538516.338687144
2900000,2979256.515097823
2500000,2051184.380092505
2690000,2908287.5549347117
8450000,7510479.404220033
3425000,3460185.8942372897
3390000,3513239.2722471347
4250000,4073311.9409226957
2745000,2723560.3486337815
250000,264456.3257309135
2800000,2693906.916827739
7600000,7528190.610077366
5150000,5489399.108702448
3550000,3488595.385850582
7900000,6401260.001434817
95000,104698.92098988923
750000,694747.8359204729
530000,586742.9494724742
1250000,1575158.4208726205
790000,758781.2017120147
7250000,5168060.82838747
7000000,6765493.0113744605
5800000,4581767.892370604
450000,436288.4940921197
310000,266493.5168130154
1800000,1941376.0349796857
3275000,3164429.7932169964
235000,224137.31777438562
790000,881056.5921240251
160000,190161.4171623456
1175000,1119328.22830614
165000,148858.74045098637
49500,49415.18913264926
200000,168712.2492824447
135000,147548.8410242383
1450000,1705450.6701554332
5650000,5649877.485745852
110000,145359.01307567192
1500000,1089731.3880385994
350000,355141.74181448226
200000,265768.71903176553
300000,261293.41195714913
920000,639109.6485729452
300000,369417.9104932233
190000,199156.0513244893
460000,384070.3671675329
300000,272322.8183731227
220000,266323.11660217703
60000,119211.89290042274
480000,461115.63130989537
2650000,2669813.302133655
160000,194783.8828973912
210000,225906.8895962998
580000,527455.2034535452
3950000,3905706.745315911
65000,72505.56731113908
1100000,1028986.0015231102
125000,103429.50836590523
2300000,2486011.956114938
435000,471388.6248291382
5400000,4330500.136265928
225000,433433.10946740466
475000,429512.320443535
130000,137911.21578008588
470000,451394.4522743506
250000,222440.0302435275
160000,134361.4001903171
340000,373638.0317267
1200000,3055077.76307281
225000,248754.66898452715
2200000,2112524.7022743253
1250000,1456348.8538882232
180000,368662.02038048935
750000,749712.5665700162
2050000,1826907.1682580751
2200000,2409476.761809576
210000,238925.197400557
190000,296198.0567715892
2050000,2004468.9765619189
55000,57807.66952859343
330000,341451.83924107766
225000,247101.5042369757
190000,315223.29924167815
400000,364412.44575880753
150000,97779.323389903
105000,107201.55983433191
680000,607282.7731688861
220000,199437.3996094334
1700000,1609199.1819490031
145000,101606.56608058017
3000000,2564549.4173010616
7000000,6517185.323072506
220000,196803.17523621584
650000,620859.9296355811
1365000,1232381.6810861535
120000,127233.60724929416
540000,683463.7315472468
295000,292045.3525252212
150000,129811.45804654964
275000,350560.4481715877
320000,290285.69188949413
465000,446498.63003743894
2700000,3021722.783992929
770000,693834.2924069926
1130000,1083121.7726815161
5000000,4893792.761595407
600000,528483.3115944912
900000,935696.7111156023
640000,720516.1828144458
520000,550079.0920103911
290000,285124.4964018435
145000,253928.5553608507
950000,1033313.3359689363
275000,251114.63371817794
400000,448589.2311371277
9000000,6331825.582276512
1950000,1659515.2931883268
60000,58995.77823324072
395000,426623.5492496218
940000,825214.9647599498
9250000,7829649.334165759
5700000,4912741.903249605
4700000,4450502.772068298
340000,275552.0009350593
160000,211764.51746585616
11400000,10249486.311960148
315000,275035.315928938
330000,344327.5103099538
510000,470869.22251235065
138000,137965.2625177778
1050000,1099833.004208111
170000,126785.6221174866
230000,205645.1357523464
320000,286740.61151996
260000,240861.2909083492
975000,970603.3334942467
80000,114304.31182267818
1650000,1934119.853329962
430000,377540.13477798953
1300000,1008618.811167492
130000,135110.48874699936
250000,250358.05347428605
125000,149601.2879834043
620000,659274.5235948293
140000,192674.89904767773
1150000,1051992.6632548843
875000,907036.5533788671
400000,406557.2438555001
2900000,3801505.6337075448
160000,149791.37491416582
1850000,1825563.2551676866
320000,385586.74560592574
470000,624258.8855648134
225000,247692.45739122893
340000,334805.0178022785
280000,257565.69474046174
900000,874673.5125441876
860000,806288.8088996034
1550000,1564894.7053432295
1150000,1514900.9299857183
250000,259339.31335663938
1175000,1366785.5506414948
220000,205894.21057191235
250000,295388.69968421
380000,426039.45468835236
800000,775931.5165212216
250000,245732.16769222458
2800000,2306419.7712603663
285000,272105.3211552645
300000,303910.7222778165
120000,136394.41377984374
280000,344956.1439235749
350000,482766.0747494337
580000,684269.0115897115
1070000,1091962.9781776697
1000000,869800.952117977
650000,710223.9673959846
1400000,1362079.3288322284
10800000,8265854.4123096615
2150000,2252055.916725063
6750000,6740250.109395125
355000,353220.0753349723
315000,366287.2343368574
240000,205628.17501567292
950000,976636.2325725503
650000,754687.4918624513
250000,258498.12166940334
330000,382499.2178787876
375000,346413.2404932195
250000,161988.5820709261
160000,199817.0649430185
725000,832123.067153455
280000,402185.6652382591
290000,308950.7312152418
85000,113997.52514811781
380000,436441.303602043
160000,155208.8425725057
73000,153132.08617781536
300000,317865.4499849713
235000,309765.6990795098
3450000,3116768.1170297037
770000,809795.7850558258
1310000,1186837.5596139408
2900000,2646737.216023908
380000,366907.642546131
1090000,1100048.2298282844
360000,332838.34198429465
870000,878691.6238435374
480000,431806.49360771116
780000,800582.7008811544
1250000,1219735.8014440779
225000,263066.66854618397
8900000,6479388.07118857
1750000,1947641.7993800081
2500000,2480040.3117003604
1750000,1637060.6493800038
205000,222314.03903445948
250000,236857.1861336509
250000,280389.7172880622
5500000,5098357.153924268
1350000,1270517.6384316236
500000,435545.60875618865
1850000,1983723.953395801
75000,63455.349839552866
1625000,1743616.3361680338
300000,274434.38721036963
800000,427749.8095670668
1950000,2217986.5218062885
775000,516167.3814186047
95000,113454.38663737886
1650000,1450686.8649573913
2050000,2078993.5001490838
1200000,1260516.4610493267
1850000,2259708.4101127824
370000,356346.725731958
920000,783660.2719441939
230000,238362.2918475993
200000,148674.25314316788
13000000,7838583.654815576
95000,69316.15531837988
1600000,1784949.6086220546
5400000,4775509.971982693
5050000,4922199.984406032
2800000,2274512.5655678967
160000,140777.01279179862
220000,221579.71250688497
3000000,6878292.650496827
315000,354766.49308723625
790000,699337.7628954268
620000,686648.7697439524
420000,456078.36467355717
1070000,998206.3165588321
490000,510737.68274145044
880000,733517.606664208
170000,277165.252948677
350000,391416.19373480364
310000,292294.21887738537
590000,612035.7991104753
1200000,1171240.9129201758
1180000,1227903.8280110287
1020000,1026847.3758085585
390000,397635.25238622015
2900000,2751312.961491914
650000,570652.9745060388
230000,223506.1935716122
300000,334313.589306299
320000,306661.08605670766
785000,754145.6038708491
90000,120907.79326224579
825000,855225.2103712207
580000,555600.8218437281
275000,274127.99814212014
255000,265586.36030963465
5100000,5428014.819634197
2350000,2648485.1727803424
90000,73886.87834405294
2150000,2514544.8259281535
5000000,5236729.571601838
6950000,7519350.871081358
798000,982358.372972878
200000,218479.58192762645
715000,716256.8827999722
4450000,4878377.406053534
4450000,4868279.755423572
12000000,11358837.721912874
13600000,11454276.934875151
2900000,3159328.587687324
4850000,4180151.0745771527
3400000,3423378.1238490404
1890000,1838570.991677242
5600000,5459458.340415507
2350000,2198074.586890721
1200000,1239580.4604390762
2550000,2692919.697648114
4300000,4432368.671465917
50000,60919.18899753746
3500000,3068270.2125196396
95000,72817.5798849116
360000,346942.9222333329
1800000,2077914.8156958646
270000,295126.70808218577
300000,259216.9121625946
830000,756345.1684480245
650000,639422.8687154913
1150000,1200266.4047817413
850000,915698.7316853092
350000,310661.71930398996
180000,183110.01447944998
2500000,2455064.051069277
840000,850720.6129864297
520000,509727.46406850737
1900000,1940169.374689479
1675000,1177629.373723677
220000,264373.9852736992
670000,659806.5354914275
340000,318173.02497583715
300000,324669.3279730897
210000,232128.07826394768
420000,403625.7332267071
220000,271421.0278633967
300000,286922.6156431101
420000,339702.9104314765
1135000,1165174.662395372
700000,731343.0838513293
180000,216189.23245863704
230000,215588.1590368688
960000,1026276.0065033231
230000,223502.763611038
240000,324504.71463255136
250000,251562.47806359446
125000,132837.48354262722
260000,277930.21784937335
310000,339095.3436778395
850000,813667.5112796718
110000,122195.91410121947
250000,235362.34618887742
570000,591127.994995142
230000,238744.21936393934
80000,142934.44343942308
1850000,1763740.7255667795
1250000,1178117.5765965416
140000,125043.35529129388
3400000,2971593.889760492
550000,687313.8486043937
920000,954629.6992597918
148000,121391.01993786072
675000,703240.5414827829
90000,214444.2177080222
188000,194683.320105767
800000,809984.3851513956
2900000,3081148.306647031
4600000,5116349.4575972725
2650000,2775680.7211689455
2550000,2437782.9986600988
1240000,1168727.4198574598
950000,1194123.356019247
340000,342755.8573274597
380000,376895.8075767235
295000,313023.3152006974
650000,616043.3864466472
2300000,1722694.3974564692
220000,232763.42606956436
820000,847251.431404366
145000,185639.4476119868
440000,385865.04122792115
150000,122335.421209606
180000,264579.53045253974
1150000,914072.106195022
820000,936860.3474052077
240000,201053.94857456608
550000,577074.3884258416
690000,524794.612335185
1875000,1873106.566506945
200000,264489.60237532645
630000,716422.8188000845
345000,343769.34569061326
330000,333296.9166108011
250000,273136.8935175029
250000,323442.9773560849
150000,152542.78777762668
560000,551409.4953130258
180000,238293.76353550437
850000,1431085.4325279666
220000,248090.20461616406
375000,374805.115059227
1350000,1046845.2168871581
675000,573524.9831493443
600000,739532.9057398831
550000,399282.47510246903
250000,282029.7465205098
290000,310118.3543281826
125000,143941.79624032925
260000,237867.85700649806
1100000,914954.276614096
2090000,2242729.4211953827
110000,119195.47154659046
310000,272431.30803112255
1250000,1279528.529374872
420000,606581.826945592
365000,362956.28213103564
1585000,1627005.4007716512
225000,213398.54785624795
3600000,3955804.9786644476
450000,457541.04156960145
2100000,2105264.3120160573
280000,265930.9392750764
150000,154969.42983495476
1550000,1337054.5671866382
260000,254937.5960212254
500000,395860.8938426108
690000,733186.8962765887
450000,362688.3050535921
250000,211826.17710065556
1250000,1099842.361574555
500000,528761.2738565376
85000,112442.4163041655
160000,147652.99304084643
360000,290288.01377650467
290000,248817.29684385375
410000,430263.7042871942
590000,669519.9815706545
1150000,1121388.8324576104
285000,292212.144856723
500000,615563.8580140659
1150000,1113266.2766346561
2750000,2860670.615295868
3000000,2921642.6101749204
240000,390346.1631810271
3350000,3785336.591862174
1075000,992155.9710929949
265000,248672.63358719315
245000,297743.2334847009
280000,284419.0689357668
730000,725225.7687823257
1280000,1228876.27358248
2400000,2590903.290954701
450000,423533.52939001605
275000,288629.10931229335
1550000,1531281.8462826533
175000,130980.40720667386
200000,273107.71712436085
3500000,3429630.45738392
290000,365025.9658707297
215000,224408.85761574743
2320000,2157539.4802247323
1050000,999697.738763471
825000,885443.0728871891
630000,650838.0748000272
3500000,2977596.599475207
2050000,2010571.446462305
3250000,3083132.6176992385
250000,236748.68724933203
760000,800181.289675733
320000,299042.5986162647
940000,969798.2360176655
1200000,964228.6052741141
1460000,1353197.4462396149
650000,632280.9405221813
390000,496002.24273116945
365000,348589.1892338429
775000,875094.0115112251
500000,571923.8177565177
240000,271975.3168536975
1000000,1118131.9434875704
800000,805689.7656197291
5500000,5030157.744786619
550000,607154.1294373559
240000,263490.3152316663
152222,125745.28796008378
300000,256459.4292034243
180000,244345.10804585041
245000,247364.88210158923
320000,327840.2464022565
8850000,7450683.0145123135
315000,248266.05760905013
45000,56661.32864764671
195000,204784.35275897285
100000,109574.25572925559
1785000,1847970.0421338459
2420000,2375676.0736687942
1700000,1717667.8047782858
1350000,1292171.4641109917
435000,439172.43728474993
380000,405796.943032217
340000,291575.7018589452
1350000,1128695.9036806503
230000,294835.9253384198
3300000,3058276.600061569
500000,525826.0820504614
400000,416337.90686699393
250000,284358.0729879957
820000,778881.7369682529
260000,146748.39804864716
10550000,10352343.812096594
2800000,3132853.465142638
350000,271342.54789283674
270000,309570.0775274948
160000,95564.80019822798
1650000,1781550.1077849122
660000,632032.5024888949
530000,533558.0804350188
2060000,1921235.3552163467
1300000,1197344.531697224
295000,296008.1871730428
210000,232535.03925585336
1180000,1261398.119081475
120000,105362.00744748683
315000,321337.52027748554
400000,340387.33230980404
190000,200047.80284901685
1550000,1557621.8818239889
305000,352760.81468159624
315000,289100.6933986807
145000,193339.7860911469
950000,909947.2529585328
155000,123612.0885623575
390000,413966.97599268134
365000,396804.0203248657
1810000,1820265.604910523
535000,552489.395973464
115000,154735.9277174214
280000,255157.8624189425
300000,315522.63132412
375000,362080.61766073765
250000,339574.43503328616
800000,907895.8000826746
400000,244802.81215722917
160000,145431.2737373509
245000,261892.94525962116
1800000,1971119.9814653436
325000,144972.43468157097
180000,203784.60105795722
930000,885314.614690653
245000,227575.7649488559
250000,203189.09829641288
220000,220494.65540402057
5750000,5861040.063334899
335000,316317.6703435769
170000,153811.76083315886
1100000,875673.2136495202
590000,623698.5805876182
700000,715529.9340260553
300000,271252.93500753405
335000,354823.1484355333
700000,790554.6344207847
900000,930230.1198982609
600000,629189.4287506903
110000,105235.14243944135
2550000,2351843.540367729
945000,933255.1741986756
6000000,7334387.965897571
230000,191193.53222325834
2200000,2048790.3890316011
1350000,1302071.2967336737
3300000,3108905.157348375
6000000,6611621.552618646
550000,591136.420361581
780000,803459.4195401812
290000,249859.96297477616
190000,240151.41915093118
1395000,1660126.7079649498
980000,1029318.295842175
250000,254534.59733824155
1930000,1790062.8327265943
340000,323760.68346718786
3300000,3233651.3738124045
150000,176535.09435179227
850000,820220.7396947882
1645000,1401923.3082436286
220000,251602.4551552891
300000,373026.3032642616
1550000,1287638.3464573945
1550000,1367504.4064601182
195000,213773.52630644807
290000,257422.42642123144
125000,344269.2540222115
680000,700625.8578353357
550000,631126.3521135193
470000,503899.16562188085
230000,227401.8234449153
280000,231546.2154422005
200000,202100.41921249888
230000,238741.43211340473
750000,804169.9705956788
820000,810466.5297703677
95000,112640.81235337924
610000,629133.7580553427
320000,314149.8623082874
2900000,2915776.13612874
1370000,1345872.371151801
645000,691435.2596803464
1380000,1393229.2601561723
1000000,843449.5125465024
850000,819691.1497773912
300000,321140.9925252328
160000,194108.65612969044
280000,323011.5953634744
720000,574772.0013188989
410000,342401.25801616604
350000,384409.0532403374
295000,336122.1490032492
2030000,1903969.5502919646
335000,341855.1164747966
740000,823230.5472752595
260000,286461.186074862
152000,167042.97454664254
1800000,1711884.791508592
2200000,1983641.5497980302
2000000,1723997.9778092944
800000,841666.3463383056
270000,306966.6674136737
600000,594402.3862724453
580000,535803.2217709178
920000,844305.4365637882
880000,984854.9256736229
1200000,1093751.5458238504
2650000,3761316.047776594
220000,221313.93055816818
900000,882402.9338125086
50000,71690.31457825196
3200000,3229722.886134267
1100000,1193220.3313619783
740000,768664.3675292189
2250000,1937287.9265055887
450000,485260.1438678079
225000,249363.89973213445
380000,488201.968236272
290000,256596.68201501484
135000,196426.63236975903
2250000,2172377.275720076
1420000,1631470.4161789373
2550000,2524982.51240025
3700000,3793154.3189288736
280000,350163.5140209695
160000,161406.46816238994
6400000,5224840.772009934
450000,330509.7834577595
130000,206385.50915042326
245000,234677.57443374977
215000,290936.93449848506
170000,122234.86521465372
85000,96109.93530995022
1200000,1145953.7182802903
140000,181134.6761782011
780000,760265.8389551147
250000,229392.00146592123
1500000,1570082.6353145062
1100000,1098060.8027269035
175000,161181.0237240704
210000,211840.840600749
300000,358839.81836984353
600000,703163.1739166023
195000,217389.33709469225
1900000,2163682.0151657965
225000,221295.70288678948
8195000,7815959.597443953
380000,420646.87241396436
1150000,1025941.4783681086
180000,224759.72900334335
150000,153672.43399178507
220000,282451.1837797944
460000,464956.7274275747
125000,159639.69267946703
160000,186910.34157083562
70000,91079.88305451306
1335000,1189566.6769037414
160000,170911.991040958
120000,104744.18568261071
150000,158631.55362298596
2300000,2237544.7814604184
85000,199357.6762660745
375000,370709.5945222394
390000,308170.6870232939
3900000,4111384.296750375
230000,219340.22973042948
235000,216061.5628719084
250000,289997.21200580976
100000,71769.05791700432
2300000,2189817.8596543646
450000,420809.65289099235
55000,47673.587115270995
65000,69197.00354920117
360000,413057.4087126113
180000,288968.1510084371
335000,295560.7926884493
450000,400416.0878213364
2200000,1982726.1294312156
85000,85531.16682254693
350000,378428.41739089624
350000,339678.15972857975
7000000,4628976.939268625
200000,190829.65506159692
75000,88735.30827338783
6850000,4490332.024930968
3450000,3494751.3003980806
1900000,1671943.5415312813
3000000,3268065.017907921
3600000,3492654.1540592485
820000,779773.3435976405
470000,505553.93440493284
150000,141326.39745170542
1825000,1816766.7926374937
950000,1056353.8620537599
740000,669076.533322528
550000,490297.8448908471
950000,889633.9149909549
280000,366933.79793106683
245000,296278.4357874279
260000,229673.80160447676
1130000,1056502.360515946
540000,594367.3571691228
550000,608188.6899649336
1780000,2347893.0878346926
875000,776800.4299165945
750000,829348.5782514822
70000,69953.57996301913
130000,183411.3249525103
1750000,1518152.2152747968
320000,399751.2336604134
980000,906539.068974491
275000,252389.19480568805
225000,259593.03445719
1750000,1394867.3826261796
225000,219720.26088606258
735000,742364.9384761293
1600000,1663729.3139007555
500000,483091.45456601947
135000,139123.8201930204
450000,294619.59943750576
750000,747341.0641450925
210000,215775.399908147
3100000,2585961.092847717
1300000,1349689.936188985
275000,301857.3611376146
850000,701255.6811010608
100000,309518.1774321865
2280000,2444173.458593371
1250000,1111877.8768873203
135000,137618.40689950957
1200000,1089500.78186611
440000,417502.83577327506
1600000,1457727.882471702
835000,855748.6184301699
400000,326497.4732881964
190000,187941.49324861474
750000,784351.2261264025
575000,875339.0360933075
880000,798914.1476554142
120000,145878.63505613466
110000,116287.51255582468
75000,79903.29472286587
2500000,3152426.2928895517
95000,95074.65501579302
1840000,1821457.9089924195
250000,239738.7282474128
3100000,2838513.578021185
1450000,1129407.3294525375
430000,396061.9201137567
1800000,2158515.002737663
700000,879857.5014585099
1800000,1194174.293749683
250000,201397.8307276879
165000,163976.66417094218
190000,219047.9640098881
60000,50573.46865170693
800000,785625.3872510602
1390000,1585770.1612752504
2430000,2422660.1177961696
730000,475350.671612456
470000,441546.36290629645
500000,462308.62422631844
1450000,1389200.9299436011
80000,65147.1488216535
140000,158744.22502132275
170000,235649.23549382988
130000,161912.26814708527
1100000,1048976.2633360135
390000,418388.1254011979
90000,176426.7703579482
495000,548390.8742768938
300000,286518.2301898433
370000,384613.7685778263
720000,752240.732698827
285000,332422.35773809534
640000,639583.4971152048
950000,1012753.5566690825
498000,540281.7764786945
830000,798029.112181202
375000,357353.70320370427
3100000,2543488.7432241677
600000,500542.11831104656
385000,434605.6542737794
600000,619115.5628412832
110000,133912.7135118912
215000,190778.70053514527
295000,360558.77623826626
300000,376103.7854768971
320000,277076.6550816574
2200000,2282835.330296938
100000,70737.53490448609
3500000,3269058.5352447894
2750000,1381080.107404767
210000,128372.75630492106
480000,488473.4565629966
230000,188517.56357191072
3000000,3632147.063883462
1600000,1502351.2524619694
193000,253452.042926538
145000,141667.96469051976
2650000,2895284.041284374
1600000,1333731.7282613385
370000,315780.52315132896
750000,827137.5381665577
120000,156898.09425103109
2800000,2655912.4757629395
1800000,1570862.302753721
210000,177191.3848256393
150000,135446.3318252102
240000,240876.56023070586
1150000,1119836.1532374248
400000,366138.37305896566
130000,124340.68334556831
1150000,949158.0119440698
140000,222250.66840320235
1825000,1881888.072857189
425000,362152.8505864878
980000,858239.6526992139
150000,132328.16747360514
725000,649778.7096924079
1015000,1029772.3211938681
260000,301883.58348460065
950000,1020774.5452492762
2900000,2810530.7247129017
3850000,3801416.433770499
4800000,4810686.769851646
3500000,3772681.9903282523
2100000,1964286.1709805387
270000,367414.21473124204
1150000,864187.70467411
120000,109417.72636489295
150000,150410.5278147126
170000,149595.91943733068
300000,314862.31542739423
435000,367427.36690198706
270000,257860.89585022887
170000,142665.2978114582
185000,223318.64255158853
4600000,5575251.876263323
800000,793267.084117178
530000,573560.6599182037
6000000,6118373.92911452
1950000,660635.3630848685
930000,925514.9892188131
1350000,1248484.6519956554
230000,156470.09628396604
305000,251010.8407740252
455000,397489.5184889421
700000,666402.3224220702
150000,149246.48082098443
200000,210812.71477791932
230000,228419.44136003655
195000,188025.23022417526
465000,481026.1935299435
470000,530350.640188191
900000,1254671.8762195061
350000,342141.1124650323
1890000,1710131.9052174168
50000,62030.8281002443
2200000,2355972.76201309
250000,206300.7655852394
420000,399165.0232287912
1170000,1186358.569716765
1650000,1269010.8537739418
700000,700091.0685392964
765000,779093.1891086433
4950000,4287518.328307726
2380000,2181374.473739202
450000,384269.8392747221
2100000,1974788.4145651476
110000,124329.09049274659
2290000,2221225.7130410825
7390000,7816790.044852276
135000,168079.75523437493
2400000,2171448.804605837
350000,199720.5878334698
580000,518942.71072821715
710000,759349.2406525145
80000,89411.84275622954
450000,422519.32587305614
270000,325169.726152103
345000,336430.6868991372
80000,87843.30028353022
850000,911949.5105592676
1450000,1266240.1521136814
150000,264092.11539793474
110000,138350.9659649093
490000,495001.60896487645
380000,493409.32832500787
180000,150335.67532213082
1850000,1606388.9238564393
750000,709468.9824277527
280000,276609.45949165575
290000,435934.1137200419
525000,629738.250080816
1850000,1673647.6288289106
3600000,3537696.8304551337
400000,325032.7277573852
160000,169577.5438538986
370000,360052.361251743
480000,456208.41809741675
520000,401175.1871622439
310000,340853.7303343604
150000,140377.54552471446
370000,519076.2389455832
95000,113987.66329675888
140000,118224.95468916469
380000,324060.7922512259
280000,307335.29548913677
270000,259884.63514298637
590000,611818.2868409968
425000,391530.2707335734
950000,877166.6837492886
440000,441326.3021801372
350000,288448.19260508183
800000,996453.9617141602
345000,324937.06759357674
365000,345115.49317048193
875000,1105084.6880222044
340000,355163.63956866733
535000,534123.5320303639
160000,145497.89044182585
730000,742269.5985005379
260000,259731.2016640617
4250000,4015585.1377729406
8700000,7661918.784794632
3150000,3079356.237014391
14500000,13435000.157181367
290000,308812.3629160142
1400000,1363602.3657148608
1850000,1587389.5291041748
2200000,1449547.5623788014
12000000,10963611.492160013
480000,440858.6591160768
1400000,1373641.0683878646
1550000,1669705.3298133146
800000,755002.609761521
330000,352332.15303664474
900000,905496.4292060912
125000,157605.46946903842
280000,254739.42947430763
2790000,2654443.024687223
385000,414826.5666351558
120000,141544.58413746126
265000,274319.2115357214
1890000,2161870.415842117
260000,248831.71192888086
350000,314704.41943371465
245000,225986.44183338174
120000,107384.94126943356
540000,532094.2538459728
650000,615316.8193289205
395000,418828.50778649346
220000,234040.09836518564
1400000,1354215.5912406112
140000,165421.73177045278
725000,715067.3103260264
1450000,1624769.5225020924
235000,271983.5212696625
3850000,3930630.132520906
770000,746362.5083666589
45000,87853.84541314341
720000,573118.6875104251
3550000,3710766.093452069
350000,387219.47700421396
850000,883603.0752938553
800000,780435.6098899264
220000,230738.87428573347
3350000,3567575.225401104
2780000,2928002.391716446
290000,291015.94038810214
1100000,1142568.0266213876
83000,131833.54799689533
350000,283071.14049794356
90000,118416.91644994322
275000,306355.7001866998
870000,890343.5809380957
700000,624648.7316432217
102000,121060.7858073806
280000,289023.4085345018
2000000,1819025.2778105387
220000,206847.20727909775
280000,268269.0357853953
250000,266381.76019499276
650000,713109.7951073379
360000,372246.6071086445
8900000,7236292.127373626
130000,202876.23058666356
250000,253693.84032299186
540000,554925.7910609295
1280000,1145518.0276789805
270000,284120.7960044388
950000,977418.502102462
640000,726116.6594741369
230000,286541.0189795021
1500000,1446823.0086558475
200000,218731.30978386395
870000,866021.5867452254
235000,261977.1348681855
320000,352530.634811666
340000,310079.73202558665
900000,703425.7167327899
4500000,3783437.375049367
4500000,4682258.093674528
290000,247045.49488807187
1400000,1345342.835078096
9000000,6971776.700722404
240000,267616.28932293487
630000,647156.7008712236
280000,278418.59483925614
300000,321007.0383990599
790000,994698.2678074238
240000,231855.93817588504
250000,300470.84686098696
350000,311511.2511758667
930000,949137.2984919408
1250000,1370678.6771282253
1350000,1311115.2195136053
175000,141813.52074220806
320000,297100.8711908228
490000,524647.918289749
1000000,855446.8916780332
180000,248131.7163888501
140000,126960.60470227867
900000,832367.2126093996
650000,622608.8977213246
280000,358314.087565295
375000,360948.0852058234
510000,450265.766573915
260000,268978.6922616352
310000,302919.06035255437
1450000,1627781.5626851674
1100000,1358426.8341465225
730000,774825.8163826857
5000000,6055033.637268399
195000,292621.8837588266
800000,742922.9389095798
114000,118393.26369965119
280000,249463.5542688789
245000,253665.57793584702
220000,225603.43028359435
300000,358178.33868149633
1450000,1526182.5019253814
660000,451990.4729155375
400000,444968.49074710486
640000,638126.2953612464
785000,788864.3736578829
1910000,1726530.5642771474
165000,227260.75741169724
300000,321513.9065543248
295000,323567.2712918654
800000,778376.9584318427
1200000,1098513.6985214741
280000,294677.41890245123
100000,68304.02086720915
460000,492666.35072872764
325000,359374.91590631637
1200000,1161549.2019097307
1200000,1143468.4006319453
160000,167867.43476390018
6200000,7260057.092914187
315000,282212.47841801425
285000,246163.03398109635
46000,66362.39471214898
4500000,4368300.94094334
158000,203463.44702814467
600000,627187.9929393912
200000,227064.7783955433
230000,254476.96226004104
650000,815252.2306019947
1550000,1632888.4930541154
6450000,5571765.306618773
795000,736839.5131784693
5100000,4153491.986914241
155000,148202.36204094652
2550000,2964522.411776615
250000,296815.7254055211
890000,930666.388398007
2450000,2343533.3383029765
790000,719926.4911778509
640000,648006.8077055715
660000,731196.3094886575
890000,850352.4560555345
635000,604353.0369614273
100000,135693.73275528225
4800000,5613213.324744746
150000,150291.6638225502
330000,343067.8658479854
740000,766903.44005021
110000,121837.15032097662
360000,314495.581626239
770000,711201.7160763203
350000,385512.14092542225
700000,525963.9844544487
950000,870323.2702454398
250000,309745.7937348242
340000,304773.55925138196
1479900,1599904.560316031
1899000,1930151.6874006656
4100000,4380723.258485995
4700000,4891191.24840112
625000,638981.125009678
515000,599303.9724029698
130000,188646.01796364068
200000,289705.84181412763
370000,389493.9303087344
470000,407032.8314525347
2700000,2393787.2882789923
430000,455865.2865125837
205000,241956.04334310946
1400000,1433674.462153214
730000,772316.4380331512
125000,100871.73490516134
199000,185897.27854680744
1600000,1582621.8925312357
140000,126572.43410385444
2200000,2209894.807428074
670000,673263.3261693572
950000,888838.6239536775
1700000,1642439.5611922438
370000,381608.2774872693
350000,338598.38665797695
235000,264393.75758522406
360000,336436.1098742353
120000,178020.8731824696
190000,210733.14611629344
1725000,1783073.337930419
420000,400375.42008930893
4800000,4420561.43934522
600000,527594.154241388
260000,284923.2544999817
2425000,1952701.1093170878
550000,550902.5465375497
175000,175583.55249266032
2590000,2616981.038273795
1100000,1033237.4903312905
350000,351348.7066942381
140000,94445.38085556701
485000,527582.6836480591
1980000,1581967.5299856975
1675000,1737691.5422576135
280000,254379.11651822986
570000,634200.9631276486
520000,521763.9008426498
1190000,976350.7030697362
175000,148191.4473189467
210000,167756.0855988415
650000,690555.261203127
1270000,1338160.4370281615
500000,455777.9756827559
450000,628535.0265328038
900000,1100360.366187103
680000,559522.4619524506
160000,155057.37042436266
420000,423744.4610249678
55000,50061.649505729714
350000,340323.3822185385
655000,677289.5361292606
160000,148978.32788550886
215000,220454.68584516557
1850000,1715479.7295073962
75000,78003.68637997932
700000,650253.4790596707
725000,703145.6231333328
1600000,1380212.2157378858
580000,322376.1983858483
380000,331690.01088415494
450000,471893.80966965936
2450000,2564145.1634649495
475000,583203.7986757014
1000000,909552.3049887293
1850000,1613314.0796604597
210000,228137.8665590395
5000000,4436683.043495876
1150000,1091912.0868256937
3000000,3088882.189527279
640000,663832.9376680364
600000,612684.5780798421
500000,553198.3475180101
1500000,1347942.5689972527
600000,559729.175993284
1425000,1390512.3477543727
120000,132286.76279936646
120000,165810.84778635492
1650000,1622553.1828015144
225000,207940.91749510166
640000,682909.7830074357
420000,479256.2339683099
165000,198846.1865305191
890000,903751.9652598124
3250000,2834395.264368764
1200000,1192489.2656091612
4700000,4560837.683501194
4700000,4701947.493262678
2250000,2039126.2833403575
300000,297160.77531110094
4800000,4764613.819000046
525000,532144.5958089695
2550000,2534519.2488236036
850000,877246.420345124
10500000,9029017.640695153
600000,572278.1883697918
490000,453104.0064941649
800000,696917.8661926927
229000,235084.40230329838
160000,148229.0885502217
1200000,1080809.6809306566
1600000,1479325.8133770816
450000,497687.5356115421
405000,447069.0196224908
2400000,2630493.982584512
3900000,4003719.834560952
350000,428451.73310889996
1150000,1146343.449362685
380000,389717.9775418335
1200000,1186996.1767839184
220000,181036.20929093295
2000000,3061860.1586092575
2250000,3238155.255815412
5500000,4758959.9580802815
2000000,2876433.265108132
2980000,2803378.1889914293
2550000,5017218.433170897
3900000,4291758.1436309805
4600000,5531852.466725937
4450000,5118581.579484873
3600000,5366236.5996313
700000,629026.8113540243
660000,716302.0234579876
2250000,2125557.073464415
2460000,4783534.750107035
1800000,2320302.1081248024
2750000,4774533.1515841
4500000,4997375.903459797
3800000,5327312.801580365
2800000,5198749.10932566
3250000,5061198.768082607
4000000,4862190.492260237
2000000,2733660.336420074
4000000,4761256.023959713
6000000,5036903.225052649
410000,402067.7788181141
3710000,3890092.477717501
2060000,3383962.9566413634
2130000,3591317.8280649628
4500000,5128099.180203396
330000,348375.1699812139
1250000,1539511.0091873615
3870000,4292296.573534168
340000,391241.96909318946
240000,148536.1001692765
1600000,2703798.856590327
490000,546650.1503153347
400000,509876.32712718454
200000,196154.57344729
340000,312273.1002672261
860000,724333.7364212051
320000,320472.6492536109
300000,301913.94182517333
2400000,2464404.0848857644
945000,901981.6661962797
5000000,4613302.663894465
1000000,1068923.534070337
300000,313713.29758327815
7250000,6284786.800574819
220000,258138.27689765644
250000,238808.7126785322
960000,831761.2102972708
1660000,1493107.8027295615
865000,828399.4856204832
380000,347074.83153008495
500000,451140.9101888909
870000,797786.0719749042
500000,574281.6665502528
300000,284980.7032004469
210000,242418.7205259738
2450000,2613413.5717261904
170000,143003.9773610806
770000,737791.2744751786
950000,1106739.7153113422
455000,467056.57556756947
950000,858480.0142096677
300000,306874.26342667517
1150000,1052537.9729206425
2900000,2953874.977295133
120000,82855.93137336653
70000,83676.23448471053
1080000,1112779.075380369
170000,165835.56912424936
1290000,1301810.5711405498
2900000,3308175.7494502305
800000,831942.111414663
795000,715354.5105683628
450000,582071.1884498899
1900000,1847186.1062287579
570000,613109.5091957636
280000,297278.55360432283
3750000,3331885.6779991407
1300000,1298951.7223119899
1975000,2047698.4302696998
2250000,2223394.1005843505
570000,542113.9497102132
230000,181036.20929093295
2225000,2088848.45088849
4900000,6153326.985050853
2100000,3347165.8552192254
165000,240596.576367187
650000,536025.8105776561
900000,896822.9802571405
475000,525754.3592514727
800000,765759.8452936619
350000,291062.8079512865
280000,460633.7526914112
850000,836335.4688931556
250000,251201.23902152647
170000,128444.77028408012
200000,143202.9379617043
210000,211780.44506297188
240000,203980.47446552396
270000,286291.4498068934
285000,226666.11404456865
1100000,1341289.28171
3000000,3000142.1111852005
1290000,1173428.3086717268
1860000,1944815.601547257
615000,606006.3528423387
890000,889036.4383388787
9490000,9050173.18451333
3000000,3420124.384051667
85000,129303.12852720784
360000,400367.6878321861
160000,195765.5819977284
2000000,1994647.1724277816
600000,606185.3235279395
3200000,4595865.794632709
720000,831025.7298921165
310000,267236.3989010237
360000,286539.17089332995
310000,318706.0353554251
90000,201066.82817253316
200000,231927.56829251564
290000,295451.49169257993
105000,93081.37736010773
760000,829230.8674195264
255000,285302.30635898846
1070000,1229425.985556829
300000,296416.29092808405
2290000,2176647.467040846
215000,244013.79380722993
650000,315719.4784629456
300000,272222.8480564146
1200000,2370066.007043935
1800000,1405473.2057908261
260000,245246.5533840567
420000,443673.0522338588
155000,222387.03804145847
160000,197640.1119957517
930000,844718.8468595191
980000,884955.6308356905
1190000,1069137.523910446
850000,1044719.0621539794
275000,256788.4709640799
500000,465244.63973710587
530000,628396.6928084511
240000,298706.5681956385
245000,276277.1621511774
480000,555447.8850306862
550000,577731.2038403997
170000,193739.0853602224
2300000,2412540.313500555
550000,608216.22306121
630000,684800.1795902718
600000,553243.1877837749
118000,187587.12288830514
4575000,4926745.0931056375
3700000,4188908.64667251
340000,345461.61257971416
1685000,2484483.9585020673
500000,449540.14101900224
1200000,831624.651520266
300000,301710.75088432664
600000,665586.8204906313
475000,491793.2619595282
1925000,1809106.4250004839
1350000,1263607.6639549753
4200000,3548687.135646896
370000,377632.2292937091
325000,352621.979551018
300000,328119.8360883635
450000,398486.3534921352
650000,546819.7602741525
150000,209063.15245062357
820000,914944.1125270061
850000,846111.404325655
600000,514712.4471849819
410000,398697.56791244174
1500000,1738428.2854901801
125000,174612.07149258663
450000,481367.08892234636
115000,119990.85619790928
950000,860980.5025217134
1100000,1238063.2898280413
1420000,1421824.9900275867
2180000,2148619.7495138375
70000,120750.36665682659
3500000,3723078.8540817997
2450000,2264279.8239424513
295000,296974.06018268265
350000,295559.91347890295
140000,225693.02207794308
310000,260616.87116401398
400000,445121.9134116831
400000,341153.1527754692
200000,250260.76135990673
2650000,2929458.1211723895
290000,286764.6755349489
1050000,1018840.23486323
140000,195724.5289798592
580000,574409.3382312639
200000,228212.2282800371
2400000,2105516.593766411
430000,489959.57957640506
285000,349524.1770005009
490000,506921.69715440343
3250000,2714995.0646978673
170000,142694.48433175255
270000,279485.0343174284
210000,204957.94423838583
1250000,1121358.7511562956
1700000,2024350.3206189107
900000,1150720.3313105204
300000,340753.6810886431
300000,317082.5698844347
300000,245367.8168545127
315000,260035.73174700566
650000,782320.6811293042
11000000,12924644.36957445
3500000,3341645.774860873
233000,239193.95984111723
170000,196768.65833986877
690000,664979.7466931869
690000,727533.8541171659
125000,110047.92396393337
180000,150109.32391496652
5350000,5037982.431716656
6500000,6425514.43539743
320000,317942.9860341689
300000,293728.5479904731
325000,315030.77976129705
300000,290048.9204662064
390000,457314.4008649064
240000,218188.33083447852
1200000,1253831.5251005664
5850000,5867449.005768742
480000,437418.35210143717
840000,885640.1950488281
485000,478377.7120855119
1750000,1953408.03726383
230000,218891.99611810158
830000,377880.6134219716
200000,240409.94368600505
3400000,3000077.6440022853
3320000,3314163.1653942084
2150000,1997710.199238891
670000,563627.5755941379
1875000,1878025.6269498046
1500000,1391968.9528753927
770000,649723.2158823166
1800000,1906993.0547094825
2700000,2323475.8401007233
1570000,1458963.1009444122
1400000,1366798.1756461624
400000,416665.9052414679
1200000,1539038.4715342908
950000,925210.1325079905
150000,84379.88008525163
250000,145793.0778219331
365000,322170.9153103152
3200000,3306316.91068395
395000,344968.2151381183
2950000,3132190.938867485
500000,548208.6242249409
1800000,1680394.3447166511
230000,307855.60250852176
590000,579544.6411390353
910000,926868.0749575952
1820000,1958737.3007421815
150000,179435.2532004764
900000,939883.4746356078
1620000,1593699.8682428007
725000,882862.102087479
1670000,1980504.6660568628
550000,616139.6082780675
1325000,1383929.9791121131
280000,286168.0511228325
1370000,1231620.2516101128
1680000,1516900.8636874903
700000,691422.7199533298
425000,358536.2750728525
295000,289823.3720375019
810000,777378.3805325038
390000,443680.7354123413
2200000,1892111.6472105284
800000,709403.7984657497
800000,732677.4726664473
225000,210612.32449239126
4800000,4223810.449945424
250000,224789.98552355196
180000,168713.1320255334
730000,631075.329160802
1050000,1094717.6464547208
530000,527753.1888311658
180000,156045.76788145746
160000,173364.08121577985
200000,305113.87623390334
530000,415095.95881840703
215000,207494.4075175423
630000,635669.0080372039
90000,160168.02915178734
520000,456708.93867278483
2500000,2903695.2911166274
3000000,3030274.918876172
450000,409623.20507456583
220000,235739.1129135521
750000,663517.3992773303
600000,571497.3490994684
770000,774717.9210006783
1280000,1296775.4140203497
1150000,1106193.5519755767
1175000,1049080.5159183312
1090000,950217.6553422557
1100000,1110686.1759608404
890000,821169.707632575
760000,759916.6204572282
250000,220094.07276613402
115000,184299.67024812437
455000,460066.1206574514
480000,452023.8321421322
1300000,1430395.3276413586
455000,378087.2438265613
950000,878698.9249359693
2700000,2226285.934593975
2425000,3014480.659823901
360000,337780.6585716882
870000,951733.7253123011
825000,894777.6894670154
1400000,1346629.1413007753
1390000,1284792.8979261895
980000,1010491.5830838467
225000,263100.70855377265
190000,172253.61924426156
350000,281889.92403893505
140000,180253.10406202893
980000,1036148.5442554727
1910000,1939767.6953517643
250000,239557.03598775784
260000,297538.9698170836
53000,84338.77252387308
235000,221787.44412484602
235000,218418.74013045995
520000,442097.49121268495
2600000,2562494.254816492
2600000,2864609.4927589563
225000,342770.94695803843
750000,752259.3259650497
285000,270038.9069195464
520000,492723.3299883056
550000,610681.0562324002
230000,213479.68630131916
730000,647680.0603433934
150000,153363.64326706048
290000,328797.7823673167
360000,419544.30309985275
225000,286137.4874871911
190000,229751.79030383946
235000,260098.36358115092
300000,238574.04863269583
2150000,2212468.189884465
390000,414443.9628496113
580000,623957.6893927157
125000,153964.500055049
585000,539242.1148771958
245000,251474.64776736416
740000,840128.4374985298
1030000,1083950.363175153
245000,267822.6029282155
1550000,1193470.0782673478
1250000,1118125.4043178596
120000,221202.2721542759
780000,827489.3768560387
200000,177627.65921716907
1150000,1129185.6849469438
1250000,1226093.949914981
1100000,1361178.939909662
790000,696337.5984299754
1650000,1525124.0782488873
170000,179979.82403393163
410000,469365.9079656634
400000,392764.9648199516
700000,896559.2665251343
700000,685621.672687611
170000,215030.8410690245
350000,312224.4299875364
305000,294228.7135732869
300000,437004.9669368987
175000,239632.96105277335
1150000,1081346.1229679363
60000,119824.66462224319
220010,224485.86358250937
435000,440262.24883263226
4250000,4176817.641728779
430000,384350.09874287125
120000,131013.50251126544
220000,187301.9380883318
1550000,1353107.6376861478
850000,755623.1512978548
280000,328098.7895283119
1650000,1759187.4686539646
720000,705045.8360786579
1600000,1828457.3348832212
2050000,1693844.6669655994
585000,550921.4147197865
292000,251058.0767474562
79000,88012.43401204805
200000,341124.92955749197
1175000,1195378.5615812915
1620000,1355989.1389259335
250000,207115.50891918503
895000,976304.3066728979
7000000,5891539.82809295
350000,260596.51101163018
700000,649604.8466240667
235000,289960.0910694692
590000,656346.3281133171
440000,374777.344351129
550000,332781.37392635836
150000,166879.32413487788
1155000,1074045.8297382763
775000,832052.0930821629
245000,296079.8864472438
2400000,2739449.7706509084
900000,825534.5415098906
1295000,1293217.65557712
1100000,958207.7580789683
470000,470004.34192418866
450000,431745.9474286516
3050000,2571092.130631765
260000,242399.72563700104
240000,274750.01583729
900000,996240.9152139808
220000,209165.6950202479
2100000,2391719.8826358253
350000,256653.22996510757
5199000,5432962.335387612
255000,297575.63720594835
280000,266095.13956172304
60000,56684.77349055378
1800000,1929895.6196170968
875000,673568.4285896678
2250000,2232990.2922555925
210000,214359.1947212579
610000,655760.2920882952
775000,820423.7549725821
2950000,3587750.544928931
5950000,5480277.025212575
175000,187218.01953113498
180000,215691.36521938673
410000,407953.64604934276
250000,360556.8325371704
800000,742333.4162192539
270000,244001.30355389765
2900000,3132654.7368330103
220000,215189.1753656124
150000,151098.60337060425
330000,266743.54036536266
560000,544481.6344469372
6900000,6484226.70350886
160000,137458.40266513653
750000,756916.9533824745
1900000,2065701.3644708337
550000,559604.9751787214
180000,191844.66270819446
3250000,3420086.3463002387
3500000,1905223.1195500763
830000,869132.7733143738
300000,302113.72538869776
1450000,1344001.4176620585
335000,318748.4743081065
230000,230287.48919246782
1700000,1457512.9754457448
3950000,3959127.9817191185
2900000,2792738.8446330586
620000,648321.8972985797
570000,300043.57730978425
350000,227802.48694786092
1300000,1361694.0073974326
80000,74141.81980698163
3450000,3480431.434576231
123000,136760.3341560515
325000,345849.6507873698
270000,217940.43262730085
750000,734285.1401023852
650000,667799.718974211
980000,889399.1962480423
6500000,5801267.986061085
1750000,1902169.0918682474
890000,864532.3895364618
7900000,5857297.16230944
580000,573952.2214451192
395000,289818.3588378044
6150000,5812087.018955815
4450000,4409578.078163388
1175000,1139753.9608212132
980000,1008577.2664918918
1500000,1661804.1436874876
880000,1014851.5684719031
1090000,1034978.9802500096
470000,493245.6200034979
250000,218120.21931692905
625000,644361.75577148
2050000,2517418.156047157
2520000,2397426.9642656366
3350000,3199939.1413539583
105000,118010.46135345538
260000,285700.4727955313
950000,1058915.860574422
1050000,1207711.4557034813
195000,331645.3127598135
3050000,3279342.4747177004
5600000,5347935.64084057
375000,406033.1540940771
14000000,13262203.936186142
1770000,1522255.0928384578
5700000,5588945.780488795
6500000,5759175.677827219
250000,230309.39791427273
1560000,1572522.2358177325
1100000,1126829.3313834642
750000,826368.6710518344
3800000,3907173.2746505667
240000,247917.75049624653
670000,478622.0018206825
300000,273934.82320579735
3000000,2538980.0358884614
930000,1020526.788855928
450000,471676.3985873634
1800000,1834850.0166937876
530000,549685.4482485233
105000,143036.87819011512
215000,223348.85200551903
440000,389428.5872419814
4450000,4822190.782080011
2600000,3093833.171845602
550000,656364.1265264743
1090000,1128715.378746919
990000,949190.5858771886
420000,350655.8299818904
2975000,3156599.2186096357
200000,226287.26382500955
700000,989297.1837450891
1230000,1123956.917952711
405000,531321.0139238791
410000,386689.10409513675
1280000,1205653.0365344465
270000,232951.17120860115
565000,491451.794407968
2090000,2038930.979209127
640000,594132.1213490183
545000,590006.7557411877
375000,405557.95942007954
1500000,1854759.001669223
680000,693287.9813153712
1120000,1174569.297076443
540000,532905.9340604984
250000,232394.51327970385
300000,287790.9538869255
275000,228950.85017488644
750000,815698.81304793
2200000,2863782.1387679456
950000,1052347.7602672167
270000,275150.240585266
1500000,1790275.4805295225
775000,850389.8960072253
1150000,1211176.8154110862
1500000,2141840.735198188
3100000,3188332.9009311367
300000,225865.48469510622
3350000,3279747.147809095
280000,249069.3085240241
250000,264498.353144785
4000000,4241403.123550793
360000,351157.8745066741
710000,816227.1220270555
1090000,1555253.2921164543
1500000,2237934.4898217856
265000,270927.2810534175
270000,307386.42132802476
365000,385734.3493038576
380000,340846.38993835077
450000,470435.6209142163
1150000,1672695.264256602
1750000,1612186.3153408337
2390000,2497838.103468189
690000,721607.8068738553
4700000,4726623.0665191775
5900000,6831818.155037392
900000,820964.5424645646
3200000,3228084.881964419
1200000,927173.263119819
270000,243752.7782937532
3900000,3952755.0394202233
585000,655091.0183629978
3950000,4530695.233573932
1250000,1210234.5185307255
1150000,1145542.1201246744
2200000,2190726.4962046123
730000,738630.783278471
650000,676989.396892103
990000,927281.3515691567
850000,617318.4569000093
790000,748169.1309869775
960000,962064.8564211956
845000,867316.1313589553
1045000,982190.9311979904
100000,123010.32276406657
795000,779057.434567648
510000,517564.7001237382
1120000,976427.9755888119
600000,621572.1242250613
380000,351256.48652733985
740000,804156.4344881014
930000,967333.3488804009
760000,801904.3580277378
7500000,3426021.942213218
350000,363280.4866790062
230000,250248.34997211458
790000,776474.2781023849
1850000,2275748.490879306
1050000,961925.5786007765
670000,673307.618524022
3550000,3388486.3931011325
1175000,1207270.9467304482
370000,432766.570533954
1250000,1247086.9917492874
350000,234140.83023235932
1250000,1295726.0078020482
590000,463518.50388594647
670000,601903.7367006259
275000,311468.98480354523
820000,775857.1615200362
385000,425831.45064930996
110000,191720.9142413748
1200000,1651627.1231435305
950000,924019.3565806143
145000,132385.13814014298
240000,274436.03287317033
250000,261771.12865975386
570000,687782.4864381421
1175000,987174.5651020603
155000,147620.01935745907
180000,192581.22281679587
700000,854065.9632134686
410000,353174.7088433624
1300000,1228321.762275596
975000,935563.0475597122
675000,674910.3702792982
680000,679103.4946104172
300000,312276.2703413675
430000,363831.7735747495
255000,311339.44084898644
490000,495762.71036857984
1000000,1731811.8604007494
700000,694353.7581382643
185000,205570.07688101087
400000,373520.25818117475
675000,639464.3601191906
550000,540533.6174015307
1580000,1655422.6280668525
300000,209480.21294988735
820000,882600.7173514033
450000,450482.0184503495
215000,336426.5793891207
110000,141943.46337492656
600000,807538.5012628903
75000,72214.71239135404
380000,364025.1869145105
825000,757496.9012756795
1160000,1034289.1922008315
1335000,1107494.5613510758
1000000,1093742.51008082
1750000,1575090.2606899545
330000,329383.15110338136
3250000,3534709.201101743
1650000,1473345.6612299895
635000,682511.4964071675
190000,232303.908577274
1750000,1755807.1641523447
780000,748721.1197314403
380000,359524.0624605349
15300000,13428119.372982424
100000,186072.3103584652
420000,391306.1693063726
60000,81323.30193215383
1300000,1496826.6146298288
210000,252899.80096553513
160000,163020.31587107392
530000,516216.00612999307
1350000,1778450.4920699517
125000,151892.52745753332
445000,485301.9604294431
140000,170435.1151845336
450000,426574.84355111216
430000,373336.3189628359
435000,498142.3637366565
260000,280287.3893273913
1800000,1549356.3014587674
2850000,3522408.084158108
270000,277923.0183484755
950000,951953.5556793264
2900000,1723398.1536211402
4500000,3337866.3446812155
580000,625581.0020255434
46000,61187.83627594311
535000,713018.4649297239
695000,655017.5372217775
800000,812899.5272204404
970000,968993.2079776393
400000,405287.79657437454
225000,216062.77815189844
1340000,1347055.4712198016
1500000,1366982.2314977369
9500000,8108277.077480774
700000,652427.2491304198
295000,341915.43119218893
777000,796969.7269761519
1630000,1209539.3278357012
1050000,962674.1293199668
850000,844343.1764325367
215000,206783.43848645748
590000,906583.3762543118
6900000,6621297.720438439
1175000,1100095.4605162642
470000,515914.151254173
1150000,1233108.2585794316
600000,586208.9174598582
665000,638799.1819236121
560000,805096.6100544216
650000,666279.8332616106
620000,611368.39588838
1270000,1311211.4847644174
2480000,2503134.0468398407
1180000,1806701.7700063942
170000,195573.93067977912
565000,577479.1966715375
630000,581560.6993914277
250000,243752.4744379365
950000,978895.4756950408
275000,289213.5189115265
3400000,3411721.1134361704
1850000,1748383.0969553948
660000,706598.1524275922
450000,605651.351283011
250000,203548.16605870612
595000,596106.5070182241
1580000,1594923.4670697479
6750000,5812514.195061848
730000,744467.2942749143
1020000,997312.0295746198
955000,947636.0632620454
325000,340853.3207209542
1450000,1589224.5711961472
235000,286967.1698017279
2970000,2956820.826639081
770000,649226.5567373027
3875000,4029026.869008732
1850000,1800424.2853110353
230000,290920.98945192696
775000,751291.4666906082
120000,141232.79230894343
85000,136564.79095934817
1550000,1483370.1930798474
1700000,1744769.6679914908
1525000,1667430.1632273018
1270000,1353197.4462396149
1250000,1163389.4106483723
1100000,1061914.0522704367
1150000,1228873.1969970262
2300000,1904543.722695865
1700000,1511628.7203637026
1150000,1222892.136831391
2370000,2807291.2649426265
160000,131131.79998848404
2850000,2905543.0577546405
3300000,3075581.7598493346
1550000,1681889.109465841
2650000,2202449.5743971956
1185000,1231310.1336601032
1000000,1152406.4312805606
3500000,3192589.4312942997
820000,894566.9509078905
270000,254193.93563347956
5000000,4528937.39075985
625000,621413.1994239247
795000,718434.4688867887
930000,992227.2154896634
800000,866137.6253871868
285000,262917.44429009076
190000,248901.7659783794
560000,505514.7965962818
270000,265089.62641611794
1475000,1216187.523699269
905000,1013227.4322025247
1000000,1040838.3858077286
1200000,1118982.436515977
3000000,3076192.909372509
400000,464483.88870076113
4500000,4774409.529945422
1725000,1944509.4463165966
1790000,1633604.012558953
1450000,1589687.872274064
150000,123514.35982447372
3200000,3241669.897340427
235000,239434.22282453842
400000,445341.77937490225
785000,835443.8122419075
580000,636181.5488578033
640000,671559.8774094546
120000,119477.52749360436
6400000,5979784.363787735
200000,209283.1045642581
1275000,1167735.9749332576
260000,272501.9790012627
85000,56066.380173340985
250000,220145.43348555898
2850000,2760752.5176259778
790000,684056.1525275009
880000,866181.5081784908
4800000,4541758.916192355
135000,132668.01928501928
480000,352154.5769835597
5400000,5371295.876611014
2900000,3200606.660949688
2750000,2557273.8861085596
2500000,2028280.8071956595
750000,671789.1152631341
790000,720901.5719643194
1880000,1934231.411914536
515000,569160.3826338337
155000,165185.74211399368
790000,883142.3186305714
1850000,2406318.7544396906
920000,934074.4188245406
1050000,1075299.5534324592
1130000,1130749.6952004675
570000,543058.9620423072
5250000,4634224.655568056
930000,846466.325442641
270000,172528.09767037418
70000,53969.24187522305
780000,734939.98729442
1050000,896512.050376156
280000,273642.5002323651
5900000,5503554.95400958
220000,276944.12367201224
275000,257896.22679771486
3350000,3831421.232012924
1700000,1930775.453744184
290000,263660.28831065283
4950000,4743757.59213118
4000000,4020989.8857420906
780000,799299.8243731777
240000,265528.5275086909
320000,440444.79439282574
1260000,1196128.0054470003
260000,254154.03769000358
1790000,1627645.6620213902
880000,924570.1921701921
2790000,3244825.049010966
8500000,5160897.044253645
2150000,2157770.6365474993
215000,248651.19899183678
5900000,6509154.747278207
480000,418646.2193360801
2070000,1798733.5707606443
900000,931850.9990774099
95000,118651.39899252506
1430000,1284015.5025890095
650000,633927.1442615308
1050000,1026532.1268672951
1400000,1573084.9770097807
4000000,3871353.793623843
750000,736129.4732824095
260000,249618.20272271783
750000,872144.7820417685
280000,266280.4242071175
155000,202417.99465421078
720000,1067129.4737437204
800000,789878.5351938494
220000,219251.18037625862
1050000,1115216.4516189836
3650000,3483879.7427595784
470000,456027.40524198883
590000,525232.2983649176
2550000,2605213.1022563176
690000,738181.233441656
910000,880691.3011974852
130000,116557.72771581943
140000,149382.9990207507
500000,520972.841234889
675000,708905.4707505358
725000,706818.8521420115
135000,87681.7623161644
70000,165060.31842057602
350000,352915.25300929777
195000,133721.39298326997
1100000,899832.6901504012
120000,129258.55742723934
660000,729972.2780675712
200000,231947.07872721384
145000,137885.877057991
12200000,11699561.319652487
90000,100549.87050572837
285000,361764.46464706684
4050000,4012080.750063516
220000,229292.66235924527
145000,125368.17947150313
730000,827768.18746094
270000,315285.1888179349
2770000,2641007.88815421
130000,122653.59350676862
2200000,1932051.1603691461
125000,83659.41094439413
67000,58306.61961185527
250000,226061.01614418672
1150000,1135345.688695113
200000,235970.32556248782
320000,252808.1581908073
1620000,1822241.4707608295
270000,323433.58400710375
1850000,1938581.3140374417
170000,147763.69298131435
180000,254781.54030425998
1850000,1847726.8878511998
1320000,1140114.7231974404
1900000,1439654.7326079994
440000,441290.0256942235
150000,161996.83438726282
410000,403381.3545670076
170000,127588.29475600207
1300000,1250999.6732072225
350000,309441.9952098678
200000,134703.38617553972
250000,329903.653083881
1700000,1872449.2983106468
350000,313632.7416694482
950000,1070290.9244270867
8850000,6712193.84991912
230000,230432.92117970693
1500000,1807889.5638677857
2420000,2355279.9874325604
590000,659520.281093838
749999,767957.7025214252
240000,257247.23364100562
260000,287449.34092543484
390000,404850.7674045446
5850000,6000816.293799006
220000,224453.30736081698
410000,480284.6517161614
120000,208747.4684408834
300000,290807.0153700944
4250000,3831198.589724721
450000,407799.29382502974
1100000,1134924.3479251217
1875000,2145963.433160156
350000,343268.0514920161
920000,964068.1125072145
1450000,605151.3082275135
1250000,1247342.3530968789
530000,489058.74596755713
510000,576940.4315317202
265000,385674.4597946286
470000,394887.2761575035
1950000,1937325.9437607077
132000,143910.78803483874
1480000,1395206.320904726
3650000,3480295.7371308506
8250000,9202369.73073544
6800000,5981049.433137393
785000,1138107.065850445
1400000,1324290.5676232656
490000,475528.3752157119
100000,137498.30387792786
1150000,1177134.5784427456
790000,861925.8088185529
2200000,1868405.7465378568
720000,651459.2893306187
2815000,2786197.689888255
200000,320485.47879464267
795000,979367.5188459661
650000,709246.407815956
1800000,1835640.0315446353
2250000,2148939.9586733603
75000,57220.77235702459
5500000,4398200.803333839
215000,202983.92940271657
1150000,1085297.002822402
8600000,6948718.67842516
1300000,1149067.3708185744
580000,575124.8466994738
1400000,1192765.49354929
1580000,1241308.3776080813
850000,849786.1520428394
235000,309226.7291801927
980000,1039904.5539513493
395000,390300.1187314941
450000,395487.1733547403
7200000,6182934.8412861675
110000,93708.2328705656
470000,472224.97012678505
1220000,1292386.3927929322
145000,139766.4377961887
4280000,5057166.664682258
1900000,2127792.7275797776
1500000,1503366.377252331
1200000,1119459.1997238079
870000,876129.2143923868
360000,376071.33860305184
1500000,4150927.7975037475
770000,700430.5685142434
880000,809758.7766931838
1400000,3074706.6602835595
725000,705557.7303458181
12800000,13347915.497986048
1000000,2155717.4979350828
420000,405898.68074552546
1200000,1199132.812679179
125000,237216.8130837732
255000,228132.8526480463
290000,317368.3241938699
250000,280737.5588228934
1945000,1983900.7254425173
2390000,2317085.7069161115
510000,459766.85942686896
185000,286199.49275821383
220000,221266.45807460923
3275000,3240380.6229997296
90000,112630.74643630852
690000,721319.4792675017
1600000,2064561.1117283497
450000,416779.70379899326
5000000,5058115.427793314
1750000,1706062.2081901592
4950000,4893995.749283583
450000,459452.98825799307
3950000,3451657.3815402146
7800000,6998818.572420882
4200000,4539994.942007337
3200000,3529056.183465555
3400000,3257867.1597497663
220000,214239.4913183519
1560000,1466836.6980674178
950000,914588.7314097253
330000,343788.0423615731
600000,671055.5182305824
2500000,2493496.275591667
2100000,2115595.9763249927
385000,427163.42104251595
4250000,4318460.430461549
14000000,13394163.766117817
10500000,10117644.623562425
3200000,3147487.3640846894
720000,718327.1540028251
1860000,1729234.0413839822
6500000,6257659.9477800615
490000,567333.9928635259
230000,213538.82049895142
140000,159365.2227985499
1400000,1365184.963015475
270000,256438.42314981399
6650000,6670252.370515816
160000,159077.1491811561
225000,219986.35868629476
575000,347039.4465071787
880000,611043.702117676
650000,663049.7780172209
280000,316523.86985988583
95000,132031.68643813927
900000,803969.924859086
2850000,2618317.211590941
490000,481770.81389623624
680000,668436.8769032878
1360000,1121779.7217099043
280000,298934.92726451805
800000,872161.8702853309
150000,293036.3803473438
4500000,4582081.7160461275
265000,248221.8146294834
375000,299279.0729684164
1400000,1503592.571615829
385000,402219.94157680945
1000000,974098.8389820625
1400000,1395505.0857537687
1250000,1280486.1154022433
470000,484695.3350036652
820000,962292.1668877788
670000,680677.0891102339
2350000,2174458.180878938
5000000,5138702.83610295
230000,205700.23623134987
250000,269171.4778797153
5000000,2639609.0345780198
880000,928478.331392165
445000,431542.5092388996
220000,264651.4647581299
130000,231713.35809035835
390000,394244.2959366782
260000,260126.67745168865
580000,594911.3141116059
2050000,1776078.6566111639
450000,393297.7852102858
550000,532809.2450657223
75000,79634.4364569796
1680000,1510409.7976636495
2500000,2985323.079453931
240000,208322.53537053132
380000,300277.02691171336
260000,272395.2322219837
88000,97102.53382344793
180000,288403.31353484344
2325000,2237252.1920208805
945000,745777.0626693525
2250000,2138713.230426596
650000,781624.6678772477
2100000,2055684.3531796634
985000,1016034.1749876089
1600000,1215231.9068347164
480000,544922.16361347
1399000,1356644.467313661
500000,492628.8750503278
2750000,2420421.7181067267
520000,534001.8297567653
650000,621556.8083185778
825000,841691.9598480723
3800000,3955005.117179171
465000,363526.75722622784
195000,213022.70426101057
520000,514301.7055689751
1200000,1184761.2111624433
410000,438091.92915968003
400000,367855.8294978905
3750000,2616407.899985415
235000,242247.33844442104
2250000,2532147.0009863414
940000,968518.2979710716
280000,230249.85728911235
570000,517902.90052619576
580000,550875.628234202
330000,422354.8558480605
410000,349826.7083041011
130000,139138.2522883941
350000,330952.63817375037
1120000,1211477.639066028
370000,394402.2514844626
765000,747647.4705187272
355000,361224.63368428015
330000,354309.98897269316
265000,226637.2566471623
218000,331905.87406661635
710000,734423.0223946606
440000,515085.2935402591
1450000,1739268.8776666208
180000,248649.67811172103
130000,280576.9321072136
348000,317157.59847868356
250000,204364.3965496552
55000,46934.54905198915
2200000,1967893.7769682782
215000,231492.82480816336
3100000,2675768.1531209317
580000,611955.5552264213
575000,568693.1127753621
120000,145269.09927243213
1160000,1043710.3420898207
250000,242461.80122508717
2200000,2531876.1723605925
625000,642526.2133875111
1480000,1492310.2978020883
1150000,1191844.5856494023
230000,244373.34121002298
750000,750000.2189406394
520000,515168.26389605575
700000,694200.8065008266
60000,70166.48034728982
200000,210996.48891587785
365000,308211.568986591
625000,693546.8287742957
350000,595085.915203371
690000,698661.5120752365
3550000,3455867.5374921495
1150000,490021.48708050663
960000,926719.7811750863
860000,877099.9082858365
65000,86473.6630436345
185000,149985.5343795195
3400000,3560394.6594249113
270000,360156.91196862556
475000,433623.9594763104
300000,435555.944876743
260000,227325.51748579848
1250000,971395.7971422883
655000,678901.8886464543
880000,864137.635621825
190000,188339.7635845842
1490000,1392996.979134822
850000,753685.4131544193
2850000,3109299.5841669445
200000,261378.00045482017
6900000,7538365.006270693
2500000,2527072.7913000905
940000,957236.9879975423
200000,207219.929809087
5450000,4898524.9850227535
1370000,1299806.5884188227
475000,551644.2426921253
75000,77072.99228577636
750000,113362.71020057403
720000,751355.7499712377
585000,616218.311358933
40000,80505.00567852009
700000,664932.4642138417
290000,252964.68654649903
335000,384665.90970380144
15500000,13760054.117202178
1470000,1378702.6343719524
1550000,1687478.6591711412
4850000,4342746.461583811
715000,679670.4248610467
1850000,1642193.022013409
720000,869531.0478155824
2950000,2710134.461388776
290000,248065.75519990435
800000,839894.212049029
790000,797556.7144490572
210000,275408.4722692845
2100000,2080398.5967855959
10700000,9151525.373351699
570000,600880.321317733
330000,320971.29695030604
1100000,952542.3102183326
1450000,1922132.5285127098
315000,301789.67069646355
3900000,3973176.373563487
425000,348364.0825924706
320000,378753.9552699335
2450000,2275208.917626576
220000,226468.34566033396
770000,782477.9626045787
1160000,1078246.5092819822
490000,478466.8238788865
285000,310414.327557599
750000,814996.5056057231
160000,134017.3199015652
2300000,2389539.3684366955
1200000,1214811.6238421944
130000,340382.2869906114
400000,372274.416116157
7100000,8089380.485907533
3650000,3775875.656231027
770000,797668.4702045684
4100000,4050810.7041334836
2800000,2886915.9839456836
1050000,1077981.865974283
280000,235222.04883941216
3100000,3836938.1366277765
1750000,1582171.77159919
1050000,856327.6713146877
2500000,1978162.308772783
2250000,2204034.0560256336
6950000,6256115.630255143
1200000,1454405.51326887
110000,138610.2984885058
2100000,2120266.161808287
4400000,3695986.0461118114
2850000,2822261.6965087405
200000,283542.43237153214
1600000,1466298.4709879835
2690000,2523179.4740293412
325000,330754.5153423724
600000,579952.3238702797
640000,715707.9514027018
3050000,2743691.1055110632
7800000,6193271.259127682
4000000,2556412.907150778
850000,892115.0331607119
1220000,1077004.8111592308
220000,231127.36495681675
1650000,1608474.0020182887
1085000,1179545.0089004464
650000,615970.8120027286
220000,249656.48069018262
375000,618173.7011448689
103000,174095.3064640203
210000,212858.2668389846
1450000,1263263.5131056989
400000,347266.70353772835
1300000,1113313.8723909638
3600000,3450913.13139854
550000,562454.0372101124
3490000,3529621.2942536166
250000,244212.87775692833
140000,111586.15567578946
7200000,6684268.384496781
1100000,1201233.311606985
250000,320451.078271613
1200000,1186694.1328996234
5700000,6044391.507935319
715000,728592.9222823629
1950000,1894672.5916720498
420000,374725.6066002879
1950000,1862972.553726627
2300000,2125444.2632679986
3550000,3671128.240313231
120000,159613.67287339346
265000,261911.96730458943
255000,241755.8096890066
215000,223192.25642482404
180000,144104.32536701256
1750000,1746655.0618429962
1350000,1495123.7671830968
2050000,2057275.9140288061
2400000,2383592.2143357657
2730000,2863530.059754848
670000,588440.8878656233
175000,239801.33926046995
575000,649673.8014686515
170000,137433.64731121587
360000,436729.59968583117
360000,264127.4333448082
285000,337702.5093634349
800000,805095.9196433054
6400000,5402282.611905878
2150000,1852094.770550683
2150000,2147418.4795583864
2100000,2190310.850024922
3500000,3483838.685952678
4200000,3893041.2343526618
4050000,4715608.89565993
2900000,3023758.2860571826
240000,232412.32638059155
425000,425952.0361107897
1450000,1020408.0051950554
1850000,1772141.3410830987
1440000,1379034.5834491653
95000,119279.06039286811
225000,171444.80544879806
1750000,1397625.6374186836
200000,244525.24781247592
790000,809935.3473624499
560000,601323.8562419168
650000,610691.5486871606
690000,663521.5752499694
320000,285465.34460930777
1795000,1867144.4829687893
2950000,3076796.153472969
55000,62118.82115135996
430000,416908.2184829043
850000,920027.2135256468
175000,210333.539526974
450000,469492.7814635991
2690000,2675706.9764356944
650000,710256.3408589128
1020000,994281.3241637916
220000,222241.01896460948
450000,368263.2193383016
230000,216917.0410214667
410000,364500.5813746428
250000,241869.17022404957
250000,168630.01166449758
350000,239891.0454255997
250000,263441.7892839561
1250000,1091158.5077691886
235000,239997.86379152926
420000,568470.3466550703
280000,225413.66091779323
170000,130505.39678097802
600000,614629.6306485501
1540000,1593454.968376096
355000,365262.09131570224
300000,308454.6038916808
140000,132524.62449411454
510000,512537.35541472945
6400000,5262284.790725849
250000,278837.9834328999
220000,240679.94925155805
1340000,1216014.4831612445
187000,200373.20274128142
2670000,2422179.9228962557
2600000,2404035.5551550514
2750000,2623373.531388335
210000,212177.29048840443
520000,482560.2656659422
350000,339776.33954390965
1300000,1045292.7106832961
2800000,348997.0948109684
1570000,1658326.3933445113
225000,224577.07559468824
330000,271270.31503426016
175000,169462.27850356305
970000,785642.7979863854
1900000,1866084.6276426183
110000,101847.5705887444
2750000,2741791.8856189647
280000,341624.8327094053
155000,115161.8492451946
260000,294459.75410863897
875000,958878.7598967723
295000,286415.4637261198
1800000,1603986.9327593022
70000,58796.324139010285
940000,876852.8690032386
2180000,3222470.4032774763
195000,172504.85628138928
280000,297846.5904741142
1400000,1106778.730094462
2350000,1765630.2781802577
290000,266817.7298531466
3180000,3012393.277086828
385000,361718.28727863095
860000,898890.1099688042
500000,597651.1148630973
400000,371682.1578782232
365000,338185.2320511392
5100000,4552071.434841054
780000,878540.6839405335
340000,238766.48092741167
850000,830716.3729799472
115000,107965.90247106
310000,306335.9553789749
320000,377276.0455539363
1400000,1530981.9688839382
870000,951540.6435135057
1400000,1280581.787484557
220000,188579.81384532686
1825000,1806186.502090318
5400000,5312936.401029161
130000,73391.28902612368
240000,191286.39829127825
540000,514658.3739013042
650000,610664.8549401527
320000,359998.2807354892
350000,391715.8076750186
600000,790430.3043051176
200000,152439.26325788864
620000,640087.9531153635
280000,278341.946071394
170000,194490.81645955413
850000,799206.6961632144
430000,410841.96308026096
100000,60215.55771627304
760000,710116.890907964
530000,521404.9025569812
4200000,4727043.902949373
140000,150620.1196703878
260000,235530.87623867235
1500000,1607345.6783045996
1220000,1155028.399673451
230000,195305.96118318147
320000,330804.32559044677
235000,304277.0623559326
725000,675234.0769857111
360000,351146.63107844535
460000,458948.00761001144
140000,183059.55875760605
3650000,3991866.7748705293
1800000,1722165.9788741071
3050000,3473558.40825416
210000,214582.94006474354
1650000,1551225.782447036
280000,343254.81172699085
450000,421284.8771477079
1400000,1294275.969928161
850000,840915.5257148668
1700000,1637584.3090339552
2650000,2641322.03844576
250000,261858.92642289656
600000,629640.1063063798
2500000,1426172.4165367032
3700000,3704622.389094855
2500000,2847294.4167636987
800000,874105.4865984987
150000,153506.27833268407
1950000,1979003.8897639627
785000,785625.6845892774
900000,904594.5680195547
1700000,1683937.510409808
750000,678587.605678219
2650000,2781604.7325195065
1395000,1401246.8307233376
130000,139061.54723178202
120000,220028.26492747272
830000,915486.7940424227
180000,211771.7464884708
240000,194450.0210699172
930000,1018568.6948380176
300000,384797.66080467665
780000,706376.8739515938
750000,677642.5723279635
360000,335239.52383666864
545000,548928.3905085011
1200000,1195858.6400892565
1950000,1748435.3782768121
1630000,1593496.3707113487
1950000,1701697.6525956227
140000,170665.58078745627
250000,238072.61293050312
185000,264211.76388301287
1070000,1046380.0073827535
275000,269386.360448661
250000,229048.69614335822
1300000,1434720.5401936502
285000,234498.15129419172
360000,431950.5841541738
3350000,2943036.7079163855
195000,216879.55622484724
830000,810407.5267500887
85000,100008.44876679392
6500000,6146465.776520577
420000,399808.6892638324
570000,468704.3615200242
3750000,3234991.3362834966
900000,933418.3902404184
700000,762595.5118882982
1910000,1861526.4386628515
160000,169964.04385918123
620000,568366.5888706497
480000,391911.17256318347
2000000,2076584.63946017
1750000,1633112.2385372953
250000,255429.3153891836
270000,279802.8317092128
580000,581700.7984094389
320000,317548.1939077252
3550000,3790738.4211249207
310000,298345.0155162167
2250000,1964029.4958577605
210000,225111.20315257728
1100000,1055483.6536112071
1750000,2101560.7990181986
170000,199349.63424269838
1050000,1057889.6375669835
275000,288066.9735983676
1000000,909043.9234743972
110000,124425.78915195433
275000,277516.9495534992
270000,286615.8751592177
3900000,3952827.8176673776
3450000,3299909.7987457504
370000,327874.308018454
3900000,3173873.3148693666
1090000,1106025.1285102523
190000,193577.4337123772
200000,252685.08173162446
120000,136812.024623202
670000,766736.9632298532
280000,237752.02075766915
350000,332469.303078395
45000,56396.5064685169
190000,239381.8310514842
165000,140072.9093837506
90000,114283.33348808701
370000,302547.8634224563
450000,388905.3645407846
470000,373713.86867235904
155000,127717.1717725076
245000,222824.85769443988
250000,210631.9759121813
375000,336051.0537099039
75000,52965.56883858599
160000,126689.26198297676
4400000,3051541.710535587
550000,511771.3203943886
340000,346422.5509254453
240000,230293.22430028795
145000,148820.92515658558
2850000,2575757.608532723
185000,194437.26452346295
3550000,3464037.592656877
320000,288997.49301370216
235000,220447.76713035043
610000,575644.2018887557
190000,164091.527298585
330000,266791.08167895005
240000,327958.0714597314
180000,161308.25849882502
220000,244369.37068934078
770000,775879.8667715705
7250000,8414079.75229246
150000,137476.84348002187
150000,87341.69260089558
2200000,2521644.1824987433
1865000,1552913.6695748703
560000,583944.6963376505
1070000,1327504.1151044397
160000,152000.9377895206
300000,267567.6398512646
185000,199385.66704085728
350000,413088.26499812945
460000,392527.8598593338
530000,585591.902275716
1800000,1745658.7008068562
5550000,5771112.428194089
3450000,3571995.804410861
845000,717540.9164376905
1100000,901665.6204875712
890000,910621.0520245553
720000,634127.5226196756
2400000,2148641.788450536
225000,270855.6628843428
200000,244444.38428318268
200000,294075.42932503123
230000,225480.24469469773
250000,233282.9145567207
1100000,901226.3781341015
370000,356188.01615050057
2900000,2997917.7303562285
255555,316781.2447171337
395000,424220.4321620008
260000,332275.39207415027
640000,752580.1036961442
300000,265429.1873291454
700000,809241.941651128
785000,765570.079978321
580000,608150.7194406444
740000,741460.6294132766
950000,838653.9047813028
850000,761935.2353773742
280000,315108.791000011
420000,402993.59596222383
775000,786671.5280104679
245000,266425.0460715491
80000,124678.20660993601
550000,473390.39282032935
120000,137212.94567801815
850000,979585.1239002931
550000,590386.3685671722
400000,368383.34347279946
135000,145154.3244158469
2580000,2543444.4704621593
550000,516859.4991838582
1500000,1291786.5022884903
415000,404376.8930689258
160000,163225.04237419026
250000,197815.64112759783
630000,629276.6806784782
1750000,1809518.3135784045
275000,359563.55653487676
210000,241222.0237284968
1190000,1152332.743352011
2200000,1995947.4004221752
5700000,6483124.621121283
1950000,1914260.8230551693
130000,148935.22253012707
225000,202041.0260349705
135000,170253.44810381773
345000,356528.4767698019
150000,157163.980542591
1250000,1250049.817148787
4600000,4603612.118581207
3200000,2949200.7792724036
750000,623543.8064624409
150000,136981.6766508382
1890000,1903441.05397496
325000,273446.76068867435
1165000,1161298.266531936
225000,286440.45546889317
1790000,2002283.2149224295
550000,500071.399261467
4200000,3319944.6147963936
3550000,3793533.3123101997
1350000,971820.003296842
235000,209489.01874607266
230000,259876.19901375656
650000,653753.7965620208
675000,633788.8108357853
125000,140059.06476474303
120000,150857.46555365654
275000,268952.46614794875
240000,240622.3434410396
90000,113285.42159403903
800000,811170.0656709607
495000,578134.4991735023
8500000,5685973.8688433
900000,833443.9416561419
770000,857591.061002816
370000,328410.88402263133
275000,223302.6990694641
95000,125997.94997554568
790000,788241.0412271504
160000,190129.61839594276
3350000,3470277.3752315855
2550000,2511231.5421344577
220000,255030.2989753064
750000,756866.7693378304
600000,700631.9434894571
800000,635736.1859579887
210000,198260.060941014
1000000,1088072.707256363
950000,984215.1708473151
230000,200362.97675485403
130000,147173.40841429893
290000,258236.9210863997
1200000,1224886.0727786804
700000,730901.7954156249
3300000,3148253.022378277
3850000,3981223.1605750066
4100000,3732659.8248535846
190000,210777.46753311597
1350000,1410472.1674959532
690000,754960.3347499125
1800000,926945.3801539547
300000,245003.22756215854
4000000,3269542.20907926
450000,395227.88051236054
1400000,1338210.9531367207
280000,274419.52366710635
365000,327933.537478929
165000,171062.24403107338
450000,405618.3704210567
970000,922312.1243832697
110000,115478.3520097674
155000,220034.4067130235
245000,281309.20081815054
230000,266006.744470949
1625000,1940486.4826309464
400000,493331.7569277053
300000,305706.7504937411
1500000,1488463.1691182263
2900000,2932815.3981899885
2550000,2453004.760405321
350000,312353.38276847056
455000,373146.5681853651
280000,257817.1712244139
230000,229654.42365005444
1530000,1597936.6886898885
1350000,1250387.3009849773
1380000,1171514.2905576508
420000,440949.81033784966
1850000,1579321.179475238
300000,226220.3613604625
200000,216981.91318509428
375000,374365.9463409463
320000,342515.71816948784
255000,231724.1859669543
230000,202484.9666067746
650000,352779.95814675925
245000,270729.43547104846
300000,361624.0386625795
980000,1007928.298838203
290000,327598.35669966036
685000,686343.3859168097
230000,231422.28760533905
270000,223188.7678163441
270000,214317.13504071362
580000,636150.6450065512
500000,533835.4349419737
117000,122588.2943250654
140000,149421.37083903563
320000,353362.07481016853
380000,355600.7980117474
480000,464286.70199720334
230000,225495.7518933518
195000,266110.35581021546
210000,197256.11120002734
270000,309367.77950255485
155000,168050.05157232546
400000,380117.98448798957
350000,376061.65740197856
275000,250627.55861207782
900000,921699.9424104561
125000,168919.25121976112
290000,303494.8000069768
170000,151895.8314799142
400000,411596.09332273644
155000,157599.1394730098
275000,312101.3304200315
215000,348498.4389929224
150000,213526.40033291743
590000,683756.4665189341
310000,301943.2691959358
280000,252112.98567904605
225000,242032.52848110956
2675000,2737836.4468184123
750000,737917.9481179308
1200000,760810.8475430452
2500000,2572260.7764420416
370000,326497.4732881964
160000,190689.00728725235
370000,412749.29122388794
2400000,2378471.5351960543
200000,105669.90371922223
2950000,2617607.495822429
250000,270418.67628532357
330000,319252.6899372657
4250000,3957962.040347781
370000,392584.8217340774
270000,335349.5902972656
645000,709832.7533745234
4250000,4380076.922846789
200000,190622.43688125824
2000000,1904173.84290283
420000,369483.4217144532
235000,224072.15782504537
375000,280129.48626590986
640000,605376.6763966656
9200000,4115086.9347149003
2300000,2209311.2588812476
185000,195281.23790176798
290000,302493.81532035215
133000,176867.53887030273
200000,185734.51344528052
470000,440348.0637490529
100000,127101.88363793139
250000,375169.5237333857
1650000,1595099.4245241466
250000,188803.61352296872
1775000,1647263.795501456
1950000,2090772.5271426383
450000,500472.531037148
485000,416231.4268070494
300000,339759.3459503664
770000,732289.9736917472
620000,630876.2324624495
1250000,1287615.620313236
680000,660994.3488873418
360000,349334.0844023521
410000,400708.07480561227
1250000,1224306.9274662347
250000,240042.67692008035
2550000,2710686.697425635
2750000,3026948.211028164
300000,257362.98056148272
550000,514683.48342371697
400000,373259.1844954864
970000,1036771.0694395815
85000,101431.14386973476
330000,312719.3668420621
490000,503753.7237035841
785000,750755.2367826498
310000,296436.8654778877
520000,609192.534797502
150000,105920.36250095423
250000,258662.62592825992
270000,227332.2046955766
700000,723007.7900264991
340000,290981.2388343322
1150000,1138458.251937716
200000,214681.54613749147
420000,404846.35508883203
300000,290625.26441315847
1140000,1246712.7913230874
800000,886773.5892010898
215000,147364.97505832498
1200000,983766.7466470106
180000,183620.36513283677
2500000,2311596.338314568
510000,491895.3389410541
1670000,1824721.7194069598
365000,274546.4129773319
250000,264943.2412771663
400000,443921.62342215533
130000,254728.97852498476
170000,215585.55552170653
130000,327051.9647458474
840000,1129961.5795697302
990000,996255.3719320213
230000,246029.04645816484
1650000,1500430.9021091836
1600000,1638116.908968327
2100000,1830023.0306521237
145000,161362.37867090496
3690000,3809927.191370928
135000,161712.79230336333
270000,265306.80919243634
395000,507441.68252116366
1150000,1230846.9275509291
2800000,2831223.7718255348
760000,775692.8307627734
1300000,1309763.7469969816
510000,520544.5959564804
145000,132651.43154303188
380000,362806.97068800207
375000,448885.20574438927
270000,299578.73715267336
250000,272216.0841814552
5200000,5035374.743432181
500000,414365.8267962674
6100000,5833575.061288866
415000,971356.4730768241
210000,207692.85197179654
240000,241105.37873154276
370000,325670.0986397599
1100000,1191696.750451332
360000,299475.72329548217
370000,335092.6790586683
1000000,987879.58973651
220000,240041.78761711216
6000000,6719578.860096059
130000,138805.6651309155
290000,259213.8411197468
125000,135218.23566716336
175000,196200.62425333753
2500000,2350019.8455398986
1825000,1830773.6018884175
6500000,6900755.417996193
360000,411025.7470809795
46500,81240.25645564389
300000,398274.3413675753
3300000,3820029.599086459
1020000,972465.427292344
1600000,1472378.6106475827
245000,255591.93150244575
40000,78093.92007140895
1350000,1028900.6196588038
230000,218353.28123544197
360000,299964.09328981215
1400000,1439315.6293178299
900000,821534.5417299
340000,291795.69386776944
390000,410222.60803839203
330000,319466.90106215427
480000,345691.46770440356
790000,760086.2942996536
320000,316411.6948694797
400000,345222.82369287236
260000,244073.9778519395
1390000,1296241.0063449345
400000,398703.0397417766
115000,149370.8102014681
2450000,3041277.3205794613
120000,126586.1357096748
1090000,1043518.5857419969
795000,715830.2260577756
4850000,4621707.673944268
2700000,2487195.662472375
620000,648529.7337169496
1200000,1333507.8279899915
200000,204650.70386511093
190000,239546.64916423452
3700000,3374542.681770806
770000,675326.802515026
370000,464996.2824731663
3150000,2878901.5387058235
850000,970059.5248960144
69000,101987.31137621109
4850000,4449307.822450533
1100000,1224731.210955977
190000,215273.39413314348
3550000,3074025.7339195744
360000,357069.60420639964
1185000,1029384.0457875348
265000,247894.86333888408
260000,259224.08886550908
75000,106493.60363914036
825000,710643.4946959057
865000,871287.8898763364
3700000,4038888.3670940846
980000,975326.301447987
155000,225854.48556100827
195000,200148.34281757846
153000,160106.6583401749
1265000,1231821.1687765035
880000,834624.8848324413
1800000,1860918.0079616103
1050000,962774.2224506302
925000,899445.6272582615
300000,247198.16035312155
450000,423573.0354757335
650000,706573.867785319
550000,624949.0233320548
650000,655161.9271993748
295000,372687.4619046789
160000,169874.5277782749
280000,367439.16611207643
1375000,1287788.3897954202
1600000,1437383.3412754587
365000,347098.29766938934
125000,157790.55359933164
410000,498233.88823958224
380000,446010.20636951475
150000,141296.77344959555
150000,126795.83436285179
300000,372520.1043425099
150000,157795.6230497539
250000,314431.37809786684
135000,143334.66504807572
350000,318351.99168409227
260000,258675.85018626036
420000,376965.9172185703
400000,401022.5790898232
255000,265314.6705711976
470000,452542.3590474647
2450000,2329802.984265719
190000,195143.34950681546
2250000,4646993.300215567
2200000,2291453.3110127626
260000,233718.91530519654
210000,207426.6017950039
3800000,4009431.2546486687
345000,381302.0127019725
245000,296274.0507600298
5000000,5071949.243008263
385000,418799.4782019102
300000,281357.1210620355
150000,116322.28670372319
245000,231714.2958001673
620000,620551.9009510196
390000,388133.2391460057
370000,359888.03269717534
1050000,1149190.123238795
310000,272028.7045268478
980000,943165.0644401234
3750000,3817962.925773932
2570000,2560867.155986322
1850000,1795709.0566961195
300000,293126.76613215153
190000,220969.12306235154
220000,300676.512949444
1000000,1298138.8110259522
925000,895442.5468515917
115000,139563.57116028428
2500000,1577465.4439670595
925000,953752.6505138178
65000,59275.10605788929
600000,532269.7842410719
680000,659024.8944085013
350000,277116.98698138853
400000,451277.52643553744
150000,130287.54354651738
600000,567244.368815221
1650000,1185427.8898828907
400000,392024.32656169037
240000,229315.42892511722
205000,213048.19820829795
670000,720446.1198950696
500000,447824.92837851465
1500000,1565025.9128317689
555000,460800.97216633486
280000,321233.5734689484
630000,615644.0286793023
1280000,1264547.9407526117
200000,234305.46612787768
175000,241694.88459767055
580000,649190.4860679766
85000,102422.14731352769
1220000,1127848.1657503692
850000,761839.0089584902
320000,381654.6216625908
850000,796354.5746234655
1175000,870894.2224504726
155000,105373.82760413896
220000,240073.83119773486
450000,403558.68774483143
150000,133803.34673675292
2200000,2005576.7710720694
210000,242319.61528420396
585000,611115.4729409259
2100000,2401415.2449154262
340000,413767.66206090094
965000,1014137.8587898429
370000,358371.5769616875
1750000,1774641.51934934
400000,373614.7203254806
840000,798098.3222269281
685000,748934.3280858761
320000,243382.02240990952
1460000,1343119.4230474862
460000,441157.5411758233
550000,552538.6951781464
419000,347662.103908039
979000,1004248.037496395
450000,448611.8604779367
849000,858746.0447979423
1350000,601449.2234806605
240000,219476.91602662063
90000,115981.49459699822
3450000,4134640.603591124
150000,113054.01453776327
1780000,1640507.7433845568
300000,277605.9315689015
710000,664135.4101800664
305000,324280.47916137544
600000,581864.1963098987
2200000,2262591.3399181934
190000,221333.47326674074
1350000,1314777.8453859068
13000000,12541056.80062713
13000000,11947814.312579889
1875000,1945011.6433651967
1030000,1109541.4050233383
4800000,4936165.925821568
380000,430271.07909922616
450000,353768.12366791186
520000,579867.2307369945
3600000,3501895.809850552
130000,125258.02774983276
7000000,6934096.149449208
263000,277313.37960827566
1850000,2204510.12002481
1550000,1585954.7417168673
1800000,1709993.8255986755
730000,759144.9161928208
385000,598723.8147985499
460000,424814.2689927874
1550000,1380413.180644678
225000,247039.65104345462
1450000,1473738.0879390547
4950000,5258244.272836166
325000,365569.3228321448
1880000,1888571.0618166483
800000,830891.2336720421
450000,410206.12946027255
425000,409687.90076926915
1500000,1292847.3606689502
460000,453043.77252649015
870000,850133.5863597213
1570000,1773572.4884375967
145000,114246.89866791404
880000,784635.3238902241
320000,328558.00738329627
2300000,2246702.2558011715
1690000,1569208.7960143995
550000,465316.0810554909
1300000,2274475.4711353225
850000,763919.8332717009
1050000,886149.9370976852
450000,349036.1026868342
750000,706270.2197241909
750000,676149.2439564135
770000,894117.7813909936
660000,958870.0673664246
1230000,1318590.7184080954
640000,700250.3391497135
2000000,2280287.02576707
1750000,1735719.1440521006
235000,255099.82222784276
280000,330649.7888701997
295000,320540.27504754195
1425000,1325402.801429674
710000,790078.0780293533
380000,314324.1896188515
1590000,1456592.031047735
750000,699353.601616613
2890000,2678921.4319000407
625000,603775.7010575447
565000,590486.6203964623
860000,843278.4214127279
1550000,1414166.7842041894
60000,72959.52165881985
330000,304431.17558828177
950000,842929.850223903
1500000,1664867.8840120381
340000,333675.3908229106
1430000,1345584.2063720226
480000,514142.29508787097
700000,642808.8744369501
1350000,1328403.414195444
200000,198483.94888720565
540000,539863.6103222418
730000,780589.4993268522
400000,407853.44847661565
350000,372804.81266316876
560000,521016.2161441199
150000,240909.54120834524
780000,798405.3718068888
190000,217387.6467172058
700000,815044.279426416
810000,857512.8247558437
390000,436891.73235944984
775000,915796.6842818226
680000,612760.3551819215
275000,251313.6146397277
240000,334562.17164843605
130000,222517.80380484537
400000,421845.5708529823
480000,425256.1388446068
1400000,1128469.1249885566
370000,324260.32027652307
985000,965398.0882647691
275000,306532.20119678904
37000,55769.62558685959
1550000,1143085.5113918036
320000,304071.34146170557
7800000,6835153.991655674
600000,594054.5603278434
4900000,4524624.985331299
285000,276599.5816325081
1400000,1362778.5608391094
140000,137649.4961116358
168000,202184.19103377213
1640000,1542929.725506568
160000,134795.4939141791
327000,302434.1422547904
155000,147542.73335928345
800000,757850.6629769324
600000,632211.9067738272
1750000,1962323.691846491
2100000,2145515.323646107
300000,324084.33133848116
265000,256929.9884481963
3800000,3329788.4012869936
290000,286646.5532094953
225000,231367.37521210618
6500000,6541228.865918912
549000,575138.3758891299
549000,610501.5723322744
879000,995955.3358724469
549000,643984.7083309093
439000,598804.0474882688
280000,244667.03401737835
2000000,1481383.324891283
1850000,2234472.6420129854
1290000,1273687.277329067
320000,277749.0660100709
200000,205638.90259375022
700000,608921.0562386337
850000,842731.8884285918
250000,154424.93307456694
130000,146053.62475806393
260000,331313.9838560566
550000,526294.1127860871
1300000,1230860.2579069424
185000,129181.57699328524
3800000,3836467.7824799735
1600000,1659622.92142614
335000,330154.8288267668
310000,322371.16483780235
240000,489077.6631449645
1600000,1572224.3561721768
525000,481013.5737555216
320000,265272.2698195464
210000,233983.70462792012
200000,214995.90608654186
640000,657714.7262665961
640000,636864.6640253376
700000,908464.0547145333
145000,169708.3168400622
420000,427791.63310907764
60000,77671.66746663621
295000,262922.8128301288
750000,698082.0903126958
250000,254795.4676862398
130000,118721.05133741266
3900000,3601667.646212622
2500000,2062851.7389578642
220000,225862.03041221207
370000,295252.45944806054
245000,256540.33037205663
1125000,1172318.3203768753
1490000,1572850.08637864
190000,201513.80227515992
950000,956860.1048217972
1490000,1502354.2321546548
320000,357949.22735921637
425000,417660.12036506744
970000,1058852.786824469
285000,278144.6553267563
1100000,934438.1309009308
220000,217366.02277037976
780000,758933.8082030396
230000,210151.3102328133
5350000,5249972.379312703
1630000,1333207.3519048947
790000,961974.3067226558
1550000,1464710.4505200952
165000,106182.54261805306
1650000,1432532.4553682257
1530000,1624751.9317779941
4100000,3683125.0409861943
1870000,2001186.0904611999
430000,460060.1221012295
2100000,2312986.192561407
105000,139490.1652436103
180000,179877.3055833342
195000,214864.86888022843
200000,137067.4958577675
230000,253021.9233133793
280000,309575.84610191756
3050000,2703785.499150221
1250000,1163255.6347641007
3650000,3444718.778939707
3550000,3949249.631829992
1550000,1562608.9901328827
95000,103745.14865529609
200000,208605.74096232795
200000,226528.52523824477
250000,318604.8660331583
2650000,2615454.2818767624
120000,99397.911867133
245000,214140.35115744174
1380000,1293530.2716173104
600000,517525.0819524009
180000,150254.27462861605
1380000,1130529.1330769425
3500000,3924412.9658068377
360000,286468.1429133956
210000,229406.92106337182
375000,349308.98322451545
625000,553661.4645576216
300000,348548.73374502244
250000,221058.5861693097
125000,145535.55473716726
360000,312765.7448219425
185000,226091.53344197513
2400000,2079587.1093323429
1550000,1473704.7217582266
1950000,1769047.202126788
1700000,1790708.7509079378
250000,272438.0635158267
225000,223151.31791415976
680000,753479.6602327665
2400000,2360108.141067815
290000,322636.61361453915
2300000,1746788.7110448484
660000,609198.3218794982
2700000,2450659.1082774997
1230000,946481.9911208896
500000,419934.7485246452
540000,532786.8431067468
865000,919460.3466319784
280000,251531.37197657287
290000,309368.9221887082
1030000,991768.011809634
510000,508481.3783259053
220000,260598.94796981622
330000,318389.3506890172
1520000,1530656.781815661
295000,261504.467577339
2200000,2435048.7590776975
750000,786789.1660575301
1580000,1626941.7149349286
175000,207382.63232807902
2700000,3511118.927135686
6650000,6811997.951550756
680000,684201.4779016951
670000,798185.5533990479
5480000,5380212.786959614
430000,405569.86021367006
1020000,1075994.8505820811
360000,370240.9126032616
530000,513244.36845779326
630000,650075.1349990965
455000,484241.3362651444
2275000,2219332.958964119
650000,606693.1929028888
900000,871229.9334349316
4500000,5180261.271203317
2200000,2182363.438012212
8999000,9326887.809701947
7950000,6811047.761173463
1450000,1355001.8977977396
480000,488573.1262031883
3000000,3121060.4586836123
2500000,3633733.1846100413
3750000,3576032.7064241874
7495000,7368932.659862735
6250000,6811997.951550756
2200000,2622912.4469666933
7450000,7491977.267568124
1600000,1575241.2824718317
5650000,4013545.929367861
1500000,1446239.0699695805
1070000,1189342.470470169
530000,561179.1436027804
555000,443344.6395623841
3795000,3406810.371683542
1450000,1391988.7531645724
1400000,1897714.6596732994
850000,864143.789593229
3980000,3269554.8351451126
230000,225562.71179302345
8080000,6780253.656558105
3825000,3382613.509474153
1750000,2042394.8660386396
1270000,1176237.1996217587
3195000,3644405.466210957
5295000,5074769.788496043
7550000,7451899.511867642
7395000,7513842.741145286
3150000,3644405.466210957
7300000,7390690.069880552
2175000,2206624.2931908034
930000,1086419.601418718
1210000,1348550.210308327
425000,381412.7520437703
1100000,872506.4377947629
600000,564278.5660778893
1900000,2107267.979778826
900000,909225.2930300006
3200000,3333459.8464984256
490000,548560.526999926
400000,448655.56890807097
580000,580788.3271868081
410000,511080.41047084937
2975000,2851449.062810255
1200000,1360444.0086668637
550000,564239.4476603131
315000,264326.4466984151
3750000,3473721.7373263664
6200000,6749612.711959196
2175000,2251436.812810181
2125000,2193413.8705733246
1935000,1999840.648920567
1925000,2064449.9758935878
1845000,2221850.169155298
1785000,1684917.580867553
1585000,1605509.0523347328
500000,571628.0991276136
1555000,1552376.776576945
1430000,1362045.0893109986
650000,673128.717493958
555000,726243.9623985728
390000,419055.0672247068
975000,896909.6674731432
2400000,2152862.779107246
970000,1065557.61870938
500000,496912.3143157546
940000,1198751.0791830998
480000,442152.6565170349
530000,460319.4343405372
335000,324441.09783356485
740000,756712.3543491156
640000,639709.8702584838
3600000,3922460.322113989
6750000,5387475.7369739795
1510000,1482796.3167139122
1435000,1483979.390681012
1370000,1330788.5927398587
2475000,2540854.9071080503
3855000,3921260.3646378457
2845000,2812920.183349202
1125000,1091953.6115994754
940000,1021126.5918449955
3100000,2314264.5967105096
5850000,5928685.270146944
875000,953873.1254791945
910000,1036018.0209761393
220000,220365.83363598963
370000,312270.22182737413
395000,428948.23907316563
980000,1018504.3937645345
1150000,1173162.324870192
1895000,2003469.0325874325
970000,966456.0112511641
2615000,2655489.700468585
1080000,1098059.917180592
2550000,2346607.034731013
1000000,2346572.9905783245
4900000,5422449.34175284
2550000,2355511.4087697878
2375000,2310767.469102907
1210000,1270863.3406724688
3750000,3562445.733136668
930000,757635.94142166
735000,753823.8749382166
550000,534683.7798111223
5750000,5629324.694734939
5900000,5777909.534032042
3700000,3403124.4530347288
1950000,2064449.9758935878
1360000,1310410.4960608054
2870000,2682242.938616735
2260000,2219332.958964119
1345000,1557802.4339693207
1300000,1335068.8709855448
470000,483390.81901490473
510000,527081.6102693834
570000,485785.60267840105
490000,456405.73773221404
465000,421950.5172078694
310000,305357.6419578049
340000,336775.3138728818
310000,317391.7498579217
900000,800896.5933171879
550000,506308.9657170377
2330000,2347907.530925259
8650000,6759941.682539847
1195000,1270863.3406724688
2880000,2608689.1401238837
1355000,1312906.9358659983
1135000,1193817.1971063032
18800000,14907856.131675538
1065000,1176589.2275027717
915000,990534.026022155
500000,504280.10560325574
2500000,2269415.28690629
860000,675446.0334523827
765000,855084.0665669765
7500000,4726978.653587025
380000,347947.09880815656
800000,692074.2631411746
4200000,4329256.589362732
3950000,3889332.6854408635
2000000,1996093.9212543461
860000,873018.9255082834
9700000,9326887.809701947
850000,954167.9691040006
630000,659693.6449262854
955000,1030090.2580259211
640000,631541.0519655348
490000,442673.95821722364
1245000,1145024.5470992117
620000,671853.8427575317
1550000,1603494.2528488492
400000,363963.1474547597
650000,625071.5904276952
725000,704904.1832281346
750000,782305.7213418015
675000,661538.5920126168
525000,494860.28255607485
3950000,4282387.220368544
3495000,2821708.5970848124
6250000,7513842.741145286
7100000,7221660.362072648
8100000,9193619.580124684
350000,329217.46292709885
830000,842609.3759531159
1630000,1519411.7403987632
1600000,1617615.5884331956
1090000,1088358.8037034136
675000,696099.4803737346
820000,921025.3070573278
2100000,1882567.1124359677
1400000,1372333.7149414527
550000,627403.907145359
1480000,1399768.31734081
825000,836927.8429786745
3500000,3475730.9784241365
2049900,2165461.609127504
5900000,5978251.63025996
385000,404664.43364484335
2100000,2686894.332710005
5250000,5987741.864468538
5250000,5849962.020055205
15500000,14907856.131675538
11000000,15641286.474008862
920000,1024332.9403874066
980000,832709.7291996283
1570000,1459703.6786407132
1710000,1511122.5894782932
1787700,1736475.6599210238
1980000,1997148.4672555374
4500000,4632048.876207102
470000,476652.1261958601
3800000,3760961.6406937884
2210000,2165101.8127912087
600000,551227.8503484075
530000,550504.5723641622
720000,723241.933114702
375000,423406.810106325
475000,493269.44007071824
1100000,996327.7692883725
685000,708621.0441971559
650000,576205.1913617689
160000,196560.17965258384
9000000,7829942.217225413
5900000,6317683.289528123
8500000,8795736.1501731
19000000,14444572.626135342
3250000,3577211.0857533086
2650000,2599542.6991826817
2125000,2200496.30231496
1400000,1285993.8818544084
2625000,2707251.4298614454
1050000,997151.5999766128
2750000,2707241.5061501223
520000,505337.93592594075
370000,588504.9539506388
1250000,1337629.9090246325
320000,363668.5407956951
680000,627571.8960734782
1180000,1028250.028306777
670000,706281.2285336516
460000,483660.1322883867
325000,325140.08441664453
650000,572230.0241369696
2050000,1957867.4171477524
745000,683520.5800937699
475000,441308.73197991785
5400000,5420655.929815731
1500000,1230019.5702542048
3750000,3444046.576551373
1700000,2104625.412736692
950000,906074.3764575911
945000,1003339.548145318
700000,801793.935224735
2360000,2893977.622751901
760000,744269.0605240748
950000,888534.8791582135
370000,359601.53187981946
350000,421483.94453712483
730000,772314.6864741488
575000,639518.8107103565
400000,316135.3500844395
260000,262071.86062992908
5900000,5676530.5731111895
365000,394242.2659343089
560000,469038.65583395754
850000,890216.750294569
870000,882779.9955851237
12700000,10816819.243812962
680000,662039.5008187003
780000,815018.7781177616
370000,292195.8578197839
750000,771877.5789553252
1175000,1344435.882905314
440000,440669.8330141423
570000,596839.4104867065
10800000,11644648.310960872
690000,655600.3829795527
4250000,4409448.112911032
2950000,3269486.5851987344
2450000,2360373.0645171353
890000,1023756.1170733728
690000,695215.0615582423
640000,642698.9207754468
580000,615731.803925346
530000,460050.2966079292
825000,827350.5887005165
820000,840975.7844700797
320000,458410.13334690954
325000,473196.2909981526
590000,641364.7243410102
430000,447740.97689197725
740000,687079.7252501921
5650000,4543373.835245152
2600000,2473544.592660646
3950000,3451893.6099866764
3450000,3529923.3000743915
2400000,1887807.4439667116
14500000,14600891.319587318
570000,650737.9105295676
13500000,8796615.691087611
1205000,1264795.0742190662
1760000,1667137.200402004
1730000,1672918.4994022497
4000000,4113382.353056456
485000,483685.0492062812
1600000,1285499.2539527274
2750000,2914171.1805629143
3000000,3285947.2333788606
900000,904197.7013795822
750000,877711.5227967938
3100000,2677005.5475540333
5800000,5978251.63025996
3150000,2747539.7348796353
935000,1309661.1152952749
3300000,3569780.3790288647
1040000,1028272.5568476646
5700000,5317243.347048199
7500000,7390690.069880552
500000,511554.9657793178
320000,301926.1506488285
10895000,7882322.37494145
1950000,1991525.1414760763
590000,565976.4812220157
925000,794255.0979968053
2900000,2936888.31289263
1100000,1241654.6486988338
430000,546223.4934878445
670000,766087.9394285433
235000,225080.15613013308
400000,492198.24094553554
1000000,930408.2612249377
530000,615083.7131422524
1200000,1247979.270952088
595000,485544.87627795746
430000,463560.69248280727
1075000,1030034.3591503897
1035000,1030034.3591503897
490000,613545.6517697979
1100000,1075204.596518122
1240000,1213978.045114357
990000,1030400.787230823
2750000,2454299.1353029544
2210000,2242244.7728194753
280000,862700.944182034
850000,765621.8891388699
750000,801499.9207720157
800000,770906.8029403165
350000,330355.2209846402
665000,717038.8884184456
470000,497291.1280749213
340000,408658.5477182894
930000,1005278.6144365047
390000,384807.19254321366
8200000,7967472.766143329
5950000,6137820.900088771
2500000,2397147.035217666
3550000,3426436.9735620474
2170000,2219332.958964119
4850000,5798104.852742994
1200000,1658782.8783498155
3275000,3188988.8816017387
890000,927617.2828413121
470000,350969.7042679944
1150000,1070164.1880581337
390000,302060.8040680736
1700000,1607621.0217289447
500000,534306.877378698
1150000,1070761.0453989021
1450000,1534996.820637322
950000,920096.3489052831
335000,345327.9458004253
1300000,1518694.1643723415
1175000,929609.6274598313
2250000,2300502.33804852
1500000,1604786.112389773
1380000,1210927.4078624565
510000,451111.7006798658
7300000,5271477.955855504
7000000,7456501.648056757
3800000,3916103.445707213
6950000,7043673.359424508
1250000,1350822.3790777707
2050000,2030647.9496632528
2500000,3296347.7061605966
980000,1153939.1358592245
1565000,1427631.284925339
925000,1029651.3867321141
415000,459090.3963700354
2320000,2224546.085782898
650000,610212.6766644012
630000,609223.1447046847
380000,401429.4680730916
815000,898818.8861174587
570000,578782.5502621284
740000,765699.8567858203
315000,300518.3171302629
5250000,4897672.269187868
4100000,4329256.589362732
1700000,1277636.0167335933
1225000,774749.0650587577
865000,896043.1256936258
3950000,3353916.1145567587
600000,634077.6469574741
1700000,1602408.786240911
1100000,1128884.6678971122
400000,358624.0729442922
700000,736245.1977429066
560000,572513.2047954487
435000,417988.8546299678
390000,445099.3926365346
390000,462031.41235947155
2100000,1983854.2129238409
950000,888768.6461730201
385000,338662.7247255117
800000,672153.8700327176
3850000,3353916.1145567587
3800000,3709682.865356476
6750000,7570558.583279654
870000,865305.5060396563
1350000,1210571.471625324
1200000,1212586.8454669397
1160000,1318570.7368477627
330000,351904.76571191516
690000,666771.6856843655
460000,482855.6527537959
695000,709991.7046816925
1750000,1750993.3984919945
630000,672552.1446057727
1800000,1550214.3260995108
695000,710214.6190738252
185000,247384.84679438523
270000,287547.430983533
1200000,1248629.2481046892
2925000,3569780.3790288647
13500000,12844998.104663549
2500000,2702964.7655034005
3000000,3426436.9735620474
4000000,3628698.3844146556
4775000,4140565.626297291
700000,805655.2422195267
1500000,2132780.17081722
700000,624205.1581162729
2850000,2704406.955246046
3850000,3889332.6854408635
4000000,3900988.4602269507
1075000,988288.8877474949
375000,353677.1237426952
570000,539556.4559256118
750000,685036.9993771426
420000,470910.558069086
480000,523839.9336264701
420000,448926.1438996336
270000,256861.84337979564
465000,480624.5121093568
630000,653634.3136983269
890000,1022974.0631610334
850000,854907.3346600702
315000,304909.61311827926
850000,804032.0501452966
1950000,1697341.6970626772
2900000,3576032.7064241874
180000,239936.23007623607
600000,619126.2708483128
735000,700109.553610398
1220000,1127566.3388789194
620000,661039.9621679162
1150000,1122752.9583549993
900000,744934.9502766696
400000,367398.57951118954
400000,436513.28384868917
565000,572708.0651772085
750000,732735.2313344686
460000,462002.12144866475
1780000,1855339.4199289693
805000,801468.3612349741
5250000,3844832.555558699
500000,595427.9863448407
3700000,3444046.576551373
350000,370557.1752744805
1720000,1762906.6792971871
330000,319425.39734079887
5000000,5499196.653195328
565000,605118.0004945062
480000,489045.5681345402
520000,459772.9908581072
750000,820996.1887058589
1000000,798350.8250377624
955000,1004247.3928934966
1420000,1823671.9430447763
1260000,1296775.7428664628
1745000,1851287.5026015653
1780000,1857478.045760257
520000,509778.81618596567
440000,412922.8147726512
3050000,2632377.197222158
4100000,3800740.8742263233
620000,584140.9253704494
350000,312937.54883570893
450000,404164.64193233993
460000,515237.1776419908
6950000,7262238.238293978
3150000,2904882.050641315
1070000,1098059.917180592
19600000,14395803.96319681
1440000,1483979.390681012
1210000,1133095.560411698
1180000,1091653.52441217
275000,284067.54953961587
525000,378219.4725075551
550000,526951.262139038
250000,293750.23430507793
4450000,4731247.059253087
500000,486825.22768905415
590000,586896.6553239772
620000,578265.6823001697
705000,645314.0524164647
760000,876949.9555519307
350000,255698.78632646587
460000,455333.5062970218
1000000,1116195.048705335
400000,513692.1527147562
450000,382144.0513960005
430000,447877.05572483025
2570000,2561663.5815569945
2855000,2673843.0026919367
8400000,7715416.656090934
630000,622773.1667104262
9900000,8765657.939838836
7200000,7321561.201697623
600000,674251.0073774636
1350000,1310017.4803683264
1645000,1722487.0441752495
1335000,1363001.8194623478
720000,712334.1985758238
1750000,1591767.2225736778
5300000,5289997.498555475
1020000,1038494.3928394109
260000,260372.6177354464
600000,605883.2290806432
330000,393066.4440433283
440000,400664.68478795886
380000,388455.3649993523
850000,849115.8393885137
3300000,3856326.218095567
6200000,5516244.733151929
5000000,8706377.514649669
3600000,4337699.212640851
1000000,1048770.0965842137
825000,786955.7209138834
1610000,1595216.9390414956
2340000,2355511.4087697878
1970000,2064449.9758935878
1455000,1483979.390681012
1710000,1720357.9839628795
2200000,2186691.2886754004
3400000,3225731.5561505565
780000,792293.2807683023
850000,858439.3832680169
435000,435260.21789125464
480000,513748.28569977626
520000,513995.5061437555
1400000,1357619.351184747
975000,974899.0963291575
400000,433577.53653245815
1550000,1549882.940398764
1050000,1030533.9099375551
1380000,1445605.3353985709
4550000,4645031.17098729
2185000,2173495.446665827
3500000,3692884.705362118
2030000,1983317.3588595684
1050000,1051670.703796663
680000,690804.4016581004
295000,288435.64810451557
720000,838750.3659265451
450000,528256.2096660068
670000,593050.7194472738
2410000,2348716.109427989
500000,522808.3466007683
950000,816214.2441937284
370000,392989.97529960703
1800000,1734556.1695990243
5350000,5476813.071278957
6000000,5732004.058688251
780000,772404.659595819
9500000,9326887.809701947
9600000,8795736.1501731
1235000,1247979.270952088
310000,295527.21814833325
700000,685777.6103999772
570000,534197.6738734683
370000,408592.41179104906
430000,281316.63971260015
710000,718385.1502868065
750000,808002.0450392858
450000,437949.1394643423
2550000,2714722.2194622
875000,955523.6670205512
1090000,1120543.6619965693
1555000,1424659.8632327213
980000,1035338.6424013985
925000,943350.7273332445
3900000,3849372.8515529213
4575000,4374645.778513813
6250000,5987741.864468538
6350000,5875844.421857401
7250000,8015093.173165654
5650000,5849962.020055205
420000,435446.00006245804
370000,345114.9238602339
720000,654462.1320321476
810000,811892.6827575082
460000,433838.3596339814
1320000,1325309.6405444962
670000,776621.1920224944
425000,466574.76071575243
900000,800011.4253272968
700000,587035.863047058
2200000,2062740.5676732908
1430000,1558229.7104306743
1200000,1287261.8748630027
1295000,1321996.202094195
1515000,1374581.9652729612
3700000,3820642.5930527793
600000,865497.4458576945
10650000,9768514.212002847
4000000,4326902.672170404
2000000,2686287.1231269026
1750000,1521250.6016853151
370000,330568.8854331327
1100000,1459390.4903466543
1450000,1197465.3764213917
1365000,1335005.9956876289
1850000,2012830.3357960326
3150000,2506101.6676003286
2100000,2020591.6612248225
620000,525967.6708236152
2900000,3445633.993902654
625000,683422.8562436204
1900000,2234483.9904216477
3650000,3473721.7373263664
295000,304840.52536061883
755000,802103.9513460645
9850000,8934918.178733185
2120000,1812410.4792958833
1095000,1176669.2904022369
1050000,996614.8420711235
775000,738901.2917701561
740000,774480.8494225943
880000,866627.8498579074
750000,882929.4883331293
445000,424128.2763283331
450000,409033.3364645669
12500000,12316605.34804894
8750000,9521783.081931522
7650000,7368932.659862735
1420000,1220650.356647495
3600000,3279116.0558305853
1950000,2077650.0628081013
4050000,3906448.312004698
2100000,2077285.5921917758
3700000,3272647.3368032197
595000,565840.1020447126
1400000,1399706.083906282
370000,391037.7398796591
500000,546660.7280259322
380000,525584.0512052936
470000,490343.24882302125
500000,576829.2930955379
2590000,3042021.126124391
3690000,4121388.0966184144
1200000,1133095.560411698
1075000,1176589.2275027717
2575000,2509579.221630621
2515000,2346607.034731013
2240000,2980924.986964905
930000,905863.1119240925
7100000,7097544.970185758
1810000,1897219.5117367227
420000,466100.74562253896
310000,343729.97709657723
355000,365419.24276329024
450000,608886.7988630056
375000,379206.8707374511
8500000,7155306.1859846795
5750000,5777909.534032042
3350000,2858204.134386156
350000,354263.027742854
3550000,3908702.3146592793
3550000,3412548.797106774
2600000,2338486.49114967
3050000,3152733.4957090146
1645000,1488138.362460185
1350000,1434159.431717069
3100000,3216440.8572499994
880000,917185.6350270499
3190000,3279116.0558305853
435000,420471.99569869996
3490000,3004098.0347474073
2350000,2031372.3539487473
1025000,1107553.7590274115
310000,322795.6519166555
920000,931119.7106678262
475000,503315.4353391527
1000000,933190.0563436946
835000,780467.1098787785
420000,464491.1753301285
370000,370449.5155726231
550000,623074.7786134786
450000,446899.89486552135
3700000,3557687.489554007
720000,706677.3722226092
1570000,1579056.2729441423
1630000,1757680.6539458968
775000,805312.3979762845
920000,890100.4148748134
2390000,2380322.8066135715
570000,572695.0944265596
6750000,6661934.392925006
1300000,1251372.3482623629
4900000,4781799.436822233
1730000,1597135.9922465957
880000,847066.9901228509
780000,848028.4142736663
520000,507118.38740404387
1180000,1220878.2976807274
525000,686813.2898689851
670000,839447.1281822103
4450000,4358018.454092167
260000,267722.84742441034
850000,917185.6350270499
3350000,5145401.777569841
2350000,2359732.022976741
1000000,1072222.3030739124
4000000,3569780.3790288647
6100000,5849962.020055205
3750000,3698092.0985348565
1340000,1537853.599664316
6200000,5987741.864468538
2440000,2234483.9904216477
5950000,6049966.512254834
775000,789733.3833961473
1700000,1642138.3073755903
1870000,1843721.3731062224
1950000,1996100.2077308826
420000,434899.5463203585
1770000,1809434.1059205015
355000,330219.08471166616
750000,939395.5516188107
1550000,1005966.5389847616
1265000,1116269.933565825
1590000,1237489.2066998135
950000,994261.7820576036
9500000,4814719.448589728
2460000,2338468.459972096
1820000,1918550.168597221
2180000,2217274.8292997554
890000,927876.3692967603
375000,364150.1714904857
340000,340078.0620128412
370000,217371.79715598424
2550000,2845844.6812481675
525000,545435.5124084789
2050000,1826058.5654965127
560000,556247.8409236175
270000,280719.84309280594
1395000,1331083.0430911086
750000,697539.9829645883
430000,318170.0196297418
880000,904702.9047105117
1450000,1502595.2696397936
7950000,7989024.580350408
7000000,4299670.510465622
2800000,3296347.7061605966
785000,809989.2263247028
2550000,2768035.2210733304
395000,395108.54111102823
2100000,2134322.5401050323
1375000,1164870.4807289261
1970000,1763090.1147863443
2300000,2980924.986964905
5750000,5564486.06666736
4500000,4721300.112770322
1275000,1234764.468777561
1650000,1240289.7330295865
1800000,1955656.7947852141
2300000,2177265.638867818
2400000,2310767.469102907
900000,988284.4273376022
1070000,1148846.8064618232
330000,259194.98648891016
1400000,1454501.9494134872
305000,291517.5634638817
280000,244137.8997145466
1000000,985113.2013608005
800000,807600.1244087872
350000,319448.4478538867
1000000,1163500.7320352725
570000,600741.4028743871
3500000,3577211.0857533086
1900000,1996100.2077308826
1560000,1552376.776576945
9200000,7829942.217225413
3850000,3667600.447124665
3100000,2650623.2807828374
1020000,1165739.5212956085
5850000,5566118.882230606
1470000,1099460.4932941007
6600000,6865635.26454563
1390000,1309270.6144372674
1200000,1323800.3298849487
1750000,1741731.8529512703
1350000,1250207.8373840018
1175000,1177635.972376012
870000,862843.5158282305
5500000,5488789.554119138
1750000,1707865.191939289
380000,355394.5512642044
1360000,1428721.9894867486
800000,849502.9341509608
470000,478386.64898538205
390000,427173.15894810826
1100000,1081562.0038983964
450000,450709.88222142344
730000,784037.056902238
1330000,1387358.3135823694
3550000,3534666.707897361
12500000,13630425.249454776
3950000,2717343.0036444147
2950000,3319105.4991758354
5950000,4076037.0985587416
1150000,1127566.3388789194
1750000,1998629.3472545939
440000,449680.0818743624
3650000,3938266.901582411
3350000,3413428.8393081543
3600000,3933703.670156352
3250000,3363296.5651353206
1999000,1855692.814701485
280000,290195.4712523843
365000,353592.9822948536
1000000,818445.4480636915
630000,709774.4237029719
355000,347964.40870881826
400000,520323.8357550841
260000,293041.86889360077
650000,561350.6645098022
310000,248745.873125999
1090000,1003362.6829070741
3700000,2873125.648428511
900000,1022005.4224209969
470000,565978.7845510014
2050000,2085628.7741411843
534000,578682.8142192187
2630000,2660310.60536368
4150000,4306506.676521156
4900000,4729050.398750134
550000,561418.2182799155
1395000,1277636.0167335933
2250000,2089741.2975906036
1400000,1127566.3388789194
1250000,1161002.6396004264
610000,495536.30947834696
710000,649719.547395773
950000,1017361.0204879427
530000,568455.9679166649
720000,775417.7316054256
550000,568758.834296799
550000,571959.3030640151
790000,857124.569321083
350000,333784.6854748291
950000,929311.5180542152
350000,383193.1875183779
2150000,1947530.7363179852
1150000,1289908.1115274632
1095000,1027649.1698943439
2800000,3227586.1777844215
1800000,1875887.309068509
2950000,3037934.361128206
6750000,4712104.210147063
2180000,2219286.315954802
1920000,1950808.2129711544
1345000,1259748.3392910487
690000,663116.671278555
450000,468563.1132454725
550000,579254.3279728177
470000,640153.3632887357
245000,232531.12812050866
4375000,4348334.140059296
1550000,1919162.1123971823
520000,500881.5266077015
1650000,1859951.161766108
1450000,1492593.474888242
650000,670761.6209382773
780000,866143.5343224313
2640000,2638609.117926997
1770000,1704060.420221448
1670000,1716139.8783719721
2290000,2373983.3857334387
835000,781413.7795908856
1025000,933254.271531462
2970000,4160464.104517999
1480000,907568.2886840904
1560000,1638898.3997529468
985000,1015783.4187367179
2000000,1874713.634529756
775000,773366.5712884375
405000,403185.3497471275
875000,904197.7013795822
680000,644037.5579627991
825000,860788.9840515628
3150000,3577318.0041194307
870000,879925.8326506811
1910000,2236483.877060238
1640000,1693717.9313688888
3900000,3882512.847216583
1255000,1236250.313939665
1140000,1150806.417352152
695000,696673.0053133077
3800000,3308965.841889748
6400000,6161996.676839262
1685000,1272592.684636792
1600000,1659785.1800835489
3200000,3135351.2388965776
7700000,7368932.659862735
2900000,2914024.354215381
1340000,1231812.618007673
950000,989073.805191455
830000,879610.2802798309
850000,793449.4804031617
620000,566436.8590161826
1600000,1251068.3888081643
695000,698728.0565016882
1600000,1645435.1390799156
1200000,880808.1394156956
510000,530340.5237478311
650000,665319.8209385853
7250000,7491977.267568124
2550000,2914171.1805629143
7950000,8174009.81868587
5700000,5849962.020055205
3100000,3384632.121557018
2500000,2085533.281023679
3100000,2948185.2565673334
800000,797404.3264728413
330000,321618.56074093486
1020000,1114909.2340393795
3850000,3481469.7001552284
500000,665929.3661626498
3150000,2688077.6966086803
3850000,5198149.812295475
2250000,1964583.2716506291
1270000,1317531.5396493846
730000,751259.5766195199
680000,693300.4499347352
1540000,1333514.6554980383
1500000,1952573.1869107515
520000,547357.4259319095
830000,786810.1918186845
550000,497281.2506319265
3850000,3806037.147883772
600000,636182.5305813375
650000,653686.3601252391
1375000,1429608.0614441289
11850000,8688567.762853622
2600000,2752628.9455230925
1420000,1306461.071176621
490000,503872.93174892495
3000000,2616599.4290648485
500000,459093.09994486236
6990000,6685399.806692171
2475000,2355511.4087697878
370000,362063.7224618115
620000,594076.9981146182
455000,459678.1171891449
335000,366159.0822318715
5850000,6374251.127750832
1630000,1379115.4772389235
5150000,4744723.415635567
4550000,4269426.262944522
990000,966456.0112511641
4350000,4189272.0914597604
1020000,1025834.4247192909
2895000,2858086.218784492
1700000,1573622.7395045953
820000,905169.3319340212
565000,539031.975312813
2600000,2177265.638867818
850000,875153.9457085265
1255000,1283800.0754495747
1425000,1804243.103197654
6645000,9344912.994243473
12950000,14082975.817087399
450000,470622.295514405
480000,491092.65839018096
2595000,3574672.9017174873
875000,823589.7293973288
10500000,6596353.599634839
6500000,5979396.432775971
5200000,5210973.434368272
5650000,5322974.163486859
4250000,3997096.9408869455
1220000,1310410.4960608054
240000,287271.9339583823
450000,481437.6144071974
240000,201352.10883428805
7400000,10244071.02072907
2350000,3087038.7521707383
2260000,2980924.986964905
3280000,4582488.923309372
2600000,3681309.7426695367
2700000,3681309.7426695367
900000,894207.9984284271
2100000,2670517.107728641
600000,525440.8076313282
4055000,4856291.9395411005
1645000,1580582.936332037
5450000,5802456.869529672
3700000,3812847.4534898233
2020000,3144128.6453000284
7000000,8397290.768395133
2100000,2122377.1436433746
700000,720129.0182840961
585000,510160.04273974185
305000,266505.0272597956
2500000,3108624.1354756537
4500000,5947355.445681358
360000,353800.4080546416
4500000,4768428.292105715
3600000,3325302.519538831
1500000,1416024.103776578
3400000,4732649.446406865
6700000,5782976.92398695
18500000,12450823.156410588
790000,669878.1403137882
3550000,3754515.094589726
1675000,1744637.5392996739
7575000,7390690.069880552
420000,417771.9179766588
980000,982395.4264147719
5650000,5738343.673642932
590000,618139.3978805548
8900000,7545927.327506705
1720000,1711158.3615143197
540000,545977.9047673275
975000,982022.201516259
800000,833582.1715083465
940000,913898.8678100959
565000,506779.8868768141
320000,316637.6436216418
8700000,7918874.24702604
930000,798786.8473942523
510000,528947.77514288
1425000,1389848.9370894437
1100000,969540.0985506607
990000,975470.4809953893
580000,579967.8637824913
290000,261892.6365581621
200000,230674.22629243598
5850000,5070273.5543276565
2190000,2299252.8962955996
1420000,1258410.3162840453
910000,964143.8875065066
800000,860633.9326930796
1025000,1030034.3591503897
3800000,3765725.0363901216
740000,812189.9707773603
1280000,1435595.6299371626
470000,466490.47758566774
560000,514318.8735275518
900000,879502.3048401634
1180000,1206632.6878204301
560000,553177.2538636447
620000,647344.7363848278
6800000,7204134.821685588
320000,298908.6412086835
800000,755072.0125446
680000,722377.1740112626
1390000,1473880.9859159535
470000,663798.5335526017
1070000,1055807.1081761376
1720000,1679019.03166877
665000,647360.4505283295
1105000,1176237.1996217587
4500000,4329256.589362732
350000,379204.5847131492
439998,446769.38531894685
440000,466069.9029797419
1390000,1341091.6794090301
810000,813124.1992008133
300000,269695.2741253806
280000,292216.61114605604
630000,632408.8741470492
725000,715949.4372324101
2000000,1892467.0582943617
2220000,2237609.692815344
5750000,5150977.979101377
740000,798523.6776094172
720000,941465.1586863985
5850000,5777909.534032042
1095000,1215263.7261675128
2050000,2327783.154708497
725000,663441.7920669602
290000,271246.4374119485
580000,595857.6780788504
1700000,1756702.4746836063
650000,731119.4348215659
670000,636316.7845144399
4150000,4303929.761347327
955000,959699.6281021319
670000,593789.4121254093
460000,375808.8332580655
730000,735756.2517633107
360000,373604.64704947744
910000,1005620.6632700944
13500000,11920581.82194755
1520000,1471758.226088338
1670000,1569221.7244486664
3500000,3279116.0558305853
3850000,3408291.628712008
715000,695690.5010325747
1020000,1038634.5858481193
785000,836697.2942372962
1750000,1695148.0420321557
989000,1035338.6424013985
2950000,2935596.928863555
400000,355779.1916706045
1120000,1031944.1124323651
620000,591813.8964303457
260000,269706.29779619793
400000,360193.74163224467
890000,920710.0939332249
550000,446603.34487269784
700000,598441.1851609342
795000,839485.6105430021
780000,727645.3023808572
750000,796232.9054850895
1340000,1353140.8132674615
865000,885259.8330201114
660000,645811.2673877481
590000,678835.23545319
18500000,14178115.948442226
3980000,5734688.94038787
2350000,1994704.6514056192
450000,463788.6613959679
750000,616869.7806087038
955000,930682.3459614869
750000,647463.4428971654
450000,405771.5989975571
900000,841217.4864209994
400000,386863.0646936278
525000,625888.1449750358
3200000,2980379.1854355745
660000,637783.6399774824
575000,655870.3459764696
490000,502885.729372361
270000,209721.34490455975
950000,821342.7161372933
490000,510910.6093161085
455000,425071.96296262485
580000,632114.3516165618
390000,311537.951968752
3200000,3578899.511989662
6300000,6963309.463625147
5350000,5064343.88741631
699000,687331.3364343422
330000,287010.4318272558
780000,767922.750120025
880000,935333.436741202
1380000,1125823.3124223405
350000,386472.3177790407
440000,449487.46235819964
375000,381958.0876561385
495000,578535.514685932
2750000,2638609.117926997
770000,785044.4312102621
2150000,2292118.446907433
500000,474492.72089399525
460000,547169.5318780872
4250000,3325302.519538831
5350000,5229266.817120765
2885000,2812920.183349202
1150000,1150201.1076168343
1020000,988002.9651363775
660000,720943.7203369742
475000,428930.7881696656
1050000,1151656.566932463
135000,134253.80421702506
360000,329476.6372126698
1275000,1228305.0791045574
1000000,884952.7814825039
940000,974556.2536506219
600000,690411.2909953881
1700000,1740559.789915762
1085000,1311148.1075678023
6200000,6307704.414698503
4250000,4329256.589362732
11500000,6594528.464568388
16500000,15047583.775692979
880000,893125.6607402596
1975000,1996115.7170454292
670000,638791.2859961726
670000,715561.2907163128
440000,469792.53531970276
270000,237869.68839702936
550000,559324.1620862305
700000,721006.8008118267
590000,813380.182572467
2100000,1879381.1660692652
1790000,1597135.9922465957
1380000,1248918.0694268907
1365000,1428859.8318062741
1575000,1570579.1984443879
1109000,1199662.1104340432
1270000,1375680.3197231942
925000,831815.5542373626
430000,419479.08092201245
1075000,995970.2649072246
230000,240714.87282938013
220000,257507.2668704451
560000,541637.9592346346
760000,750377.2841733722
350000,391496.73848706007
1850000,1870000.1883975777
1110000,1311148.1075678023
1465000,1560922.7737465065
960000,1046463.3799484763
2325000,2226576.3791077924
1065000,1030090.2580259211
1460000,1502595.2696397936
1225000,1161002.6396004264
4000000,3882512.847216583
1100000,1215263.7261675128
850000,912570.6958616978
520000,498696.6038811794
375000,430306.94695107715
275000,288903.7922796507
270000,290522.0399412692
680000,594913.2417761202
700000,646857.1732075535
390000,384364.79732764215
2950000,3167942.3307623914
1125000,1200511.0375926949
1250000,1234469.563721578
2550000,2436778.723991833
1850000,1877093.7510500154
2500000,2987897.341634745
1850000,1958777.624258867
2300000,1853850.9238711067
750000,730937.3815534324
1100000,1230217.3080898894
800000,689049.9474564566
595000,710074.6411322276
3150000,3857338.6391289877
1650000,1871762.6741012437
3650000,5055724.060206991
3100000,3348506.499813864
2350000,3268013.032347678
1259000,1536303.3526776063
2600000,2582560.108549587
885000,1026391.3745404128
2100000,2073834.3708848858
1680000,1267794.3548629056
1210000,1244340.6938067235
1340000,1275001.926308009
2020000,1987614.9655881096
2150000,2566574.338034517
390000,402350.78251495684
420000,472712.2797623296
1300000,1211633.353941248
500000,487602.9865278122
650000,741817.1023139682
515000,509919.8495698222
670000,666924.1147976008
1650000,1687233.7235903826
460000,500928.7483038919
1235000,1174020.4707890449
850000,745293.881866781
2525000,2478466.957864186
2600000,2931633.5503846663
570000,621007.0422761342
1950000,2012062.521337801
5000000,5603976.098087326
3850000,2841386.1497260607
375000,397801.0171187025
1490000,1776951.0324468778
800000,834073.0215413175
3100000,3218750.085318722
270000,257853.32527504512
4850000,4783029.235675132
5950000,5755311.72934586
6400000,6594528.464568388
3000000,3375701.9806167227
1840000,1743590.975261338
1850000,1841576.4506297894
1180000,1161002.6396004264
800000,809128.9979548199
1530000,1587766.3640732223
580000,531332.1879393276
350000,341665.9214969397
675000,779543.4858036941
1180000,1049175.961079418
1825000,1782061.946123414
330000,328479.06082419615
3380000,3353916.1145567587
1800000,1960645.3415510105
610000,622411.2098044694
1300000,1066901.1541473088
720000,710370.1051457444
900000,928459.0582313596
420000,443504.72448581574
160000,222571.97511557062
650000,618391.1959335689
680000,609091.7328294353
800000,844789.4348180001
680000,551624.322606541
890000,759142.034243828
350000,324281.3157310965
749000,795626.8668182533
1850000,1980436.8202476832
1750000,1666199.8910077035
1290000,1334918.1995094107
2280000,2248856.593367689
2340000,2466213.5870531085
2550000,3063239.3034079946
1120000,1070378.3780859688
2000000,1978676.3524629115
990000,913806.4826544814
1150000,1214916.0082166942
275000,274221.353310846
900000,807700.6223566963
550000,588757.4628574
350000,364084.9691181066
980000,953976.6543575096
350000,330682.25012301595
650000,588666.3667204131
530000,534867.547461507
430000,417045.8354541638
380000,335870.95964580204
2590000,2488298.944442093
775000,865924.6434384166
1350000,1214817.8401833426
890000,872556.8191615713
525000,565302.7408802031
1800000,1874866.290172771
5150000,5509017.649187049
350000,407526.2370119029
3880000,3908702.3146592793
850000,883320.7850973667
220000,177565.42127668048
355000,339502.0089129
1100000,1252749.438972119
2350000,3097191.2852834687
1250000,1132029.2741261816
3700000,3870599.088930326
1030000,1094404.2298029186
1015000,1030400.787230823
1115000,1178772.093216885
1225000,1288339.1034467954
310000,363849.4704533271
1170000,1112934.8003466944
850000,921028.7863473792
999997,1123013.7576211437
1020000,1135908.089796459
2950000,2832564.6240266836
230000,239411.61449720446
900000,593257.7823135614
725000,778419.2771155523
375000,372162.375076215
500000,528931.1761369322
2535000,2380592.194935584
10900000,7371915.015991806
1480000,1435216.8505244455
560000,606043.2422862456
800000,774909.2361248817
880000,847537.3886208023
4100000,4293720.413382131
750000,745128.533844298
1270000,1219140.7669597613
675000,725022.3725289155
2650000,2516884.0942686484
3850000,4784226.060038809
8500000,10244071.02072907
3350000,2724153.4297827175
1150000,1117412.9541418266
2450000,2347907.530925259
550000,620854.88315074
660000,591278.6068785053
710000,662413.1255826982
780000,805870.7348288557
1525000,1497596.9735325836
3450000,3765725.0363901216
6200000,5510409.218635437
4300000,5020785.59974798
4000000,4742779.2958384575
5600000,5511487.642171395
2850000,1649285.8164514306
1050000,1230019.5702542048
550000,501008.42038340116
250000,240064.65205505092
800000,767156.4304965248
465000,446288.99614508636
400000,360369.7581046151
7400000,7513842.741145286
4400000,4329256.589362732
3250000,5157661.010824608
4900000,5384078.2309234375
4300000,4278926.079270213
5100000,4483031.271564415
3490000,3783035.6401565867
650000,630804.076917529
650000,659795.2802476384
400000,428192.60713713395
950000,1156938.1716275453
620000,617599.0424927906
19500000,12421283.854232466
6200000,7950685.912204774
970000,1023884.4382475443
3500000,3194830.0626957733
2250000,1890848.8020813589
4300000,4337699.212640851
3400000,2833257.559647897
895000,1006025.4567850922
690000,788553.0692605119
710000,722879.5093790905
750000,805223.5882588507
360000,387191.7884374745
1270000,1107045.410187935
370000,335931.55711177544
675000,610920.3922755267
6000000,6084661.871421001
800000,866810.7130442443
275000,294828.5297182071
3600000,3477954.261460417
2950000,3581330.70712388
575000,678791.7572699775
2590000,2543320.2647720613
2190000,2186691.2886754004
2890000,2595312.715485868
2385000,2371013.2348752976
1220000,977786.311942823
1050000,968845.0727760311
430000,414133.55104007985
725000,755306.5884737829
420000,289498.6212308572
250000,236842.9246406337
950000,1465463.6306053496
650000,780619.5921016322
600000,544728.3667145249
3450000,2870483.5662636957
3050000,4433497.458211923
1110000,1105030.7374536921
2600000,2666154.6792033347
7900000,6962596.131268991
4200000,4326930.000462419
3750000,3908702.3146592793
400000,482263.95977383276
520000,532223.4822992662
380000,411750.451971626
380000,422039.4356546936
420000,474578.9205343429
3000000,3445363.1631662645
540000,494263.587445691
1800000,1861482.9781070715
839000,908098.8885324915
2275000,2509579.221630621
2800000,2504984.1710337033
2160000,2193413.8705733246
1690000,1833412.9043998143
1460000,1393536.354935191
680000,689047.1995542317
310000,315894.5938468069
470000,420442.5486516197
260000,264935.54657660675
260000,259616.94217074505
570000,630404.9502548018
350000,352388.58026710135
720000,727063.7389229408
850000,768092.6583883578
455000,452051.5166343862
710000,759783.3572565721
1230000,1244601.6039577653
2650000,2752628.9455230925
990000,1030964.7724416369
1850000,2085760.5112740889
400000,479303.8255365414
1050000,1069519.7587470512
530000,527910.2116729204
650000,575882.326124952
450000,429559.9870407821
2090000,1819086.485876628
1285000,1338883.301407167
415000,440369.9309700618
450000,401980.6821790482
850000,805720.8795000524
610000,589763.5141147553
400000,471732.92854674044
7500000,6592172.800034855
6000000,5878581.211795156
6900000,6694032.4481859105
510000,513176.5792737916
525000,493937.0498106751
255000,250636.26245020062
1350000,1882636.8532395866
220000,289544.39862251276
760000,778575.1621976214
325000,411356.3875992093
415000,569012.3371259755
570000,577455.9796195939
6350000,6766782.093978831
7800000,10001791.421793595
3750000,3818253.9826426604
790000,779935.950818543
640000,596669.6937008848
600000,612788.9758394357
280000,319777.77775463136
850000,928260.345058137
420000,459588.36402082955
127000,112241.12215311785
1325000,1655326.1051401494
1150000,1069693.9697937965
465000,477849.0809097656
1485000,1541697.5837221628
1850000,1738127.0224970167
1980000,1837545.900757455
1670000,1844081.638046325
700000,1335261.382803026
850000,1046421.3477145903
1300000,1861985.8112857009
950000,1035925.8048477182
830000,898125.5390504166
400000,432011.55689302
1250000,1202918.2223900096
350000,351136.61416211625
1500000,2801634.7328449045
1100000,1208616.646397246
1300000,1340980.2309999547
430000,376091.6681625528
750000,779642.3498107413
440000,243176.0969992451
635000,463664.7029103804
345000,326495.9031162542
295000,310638.75364700035
530000,683894.530046353
300000,275298.43844290235
1150000,1094529.3810597952
825000,884739.7165967706
6300000,5318775.344715733
540000,592540.2524481503
755000,800460.750386879
960000,966456.0112511641
840000,828029.4950347554
850000,830072.6721512805
620000,633537.9264053764
495000,519044.7030564031
310000,318624.9907679993
695000,621842.5134751032
525000,488669.36308677675
800000,735583.2718230776
740000,822518.485464969
1770000,1677100.4458443255
2455000,2221850.169155298
965000,1008248.6236660855
2335000,2173721.787056801
760000,871101.0600514872
400000,449545.5514402344
380000,368545.80489100976
540000,579849.4435433507
7500000,6312718.244344595
1120000,1177695.7579870424
385000,394312.0131841638
670000,703262.0373890145
430000,319842.71574860456
875000,884174.334449459
1640000,1658366.9585134056
1410000,1197202.162248812
5200000,5398198.709864242
620000,680528.3547801919
850000,432464.7190082888
395000,397280.8801782249
590000,570387.276193303
5299000,5173042.884041525
5150000,5120646.448382587
625000,863859.7859768693
8500000,6685402.454477186
3300000,3193374.5194982705
3900000,3656711.441342022
250000,258919.47850017773
1800000,1742807.1461817597
1055000,1027649.1698943439
2500000,2324303.7475226116
1060000,1013714.185804291
980000,1024332.9403874066
1625000,1658231.7012996457
230000,225790.73171770148
1250000,1288213.6536417543
500000,495149.8053936039
1125000,1170416.9802789257
1120000,1242061.3818387054
765000,809339.9453039395
1400000,1187854.0118812309
420000,290958.7624887517
670000,659070.6755216179
390000,408000.1069071784
1275000,1090908.9756529045
2000000,1978677.9843951024
360000,340837.6726262918
8200000,9856246.834390776
625000,518937.4997622294
11000000,5381946.535844828
3300000,3524707.250929748
2670000,2816840.5552115496
2850000,2739261.984992456
650000,630501.3280372245
450000,452631.63828467485
480000,471109.12945007154
590000,546283.6984591852
680000,690128.738331853
1350000,1296882.4387316455
470000,545678.5166481188
1950000,2048620.4864200067
3550000,3497301.9432462156
1950000,2193279.9158201916
978000,1149909.5512903065
730000,776119.4299307797
1245000,1147940.7699702184
335000,375178.7577406531
1150000,807097.1993691224
2900000,3148253.022378277
465000,555757.5898018151
570000,585529.6322705889
660000,699915.4351081176
14700000,14996332.570619645
670000,712007.5665192031
470000,491441.7644835488
7750000,7368932.659862735
1365000,1452107.7457856592
985000,1016693.0194656055
1230000,1412429.353877527
595000,622021.1001805132
465000,463651.14986231277
520000,494702.0885105702
920000,838031.9931155412
530000,534870.2238880894
550000,546726.3700913641
290000,282635.8446891894
600000,510439.7369362636
13000000,12664778.76825421
950000,976807.6138404419
75000,79678.38525410379
2910000,3493522.5676589836
8700000,5592500.507738979
4400000,4640378.469482346
650000,688203.7670932601
11400000,10989241.73292833
945000,1027649.1698943439
1445000,1445675.4880410908
1680000,1570057.2724729266
1200000,1077742.3961135917
1120000,1301426.0144704652
10500000,9478646.863721358
380000,380858.82599168184
340000,334260.80346877873
350000,412210.54458649235
1050000,776449.1409906007
900000,919096.1191676335
550000,551129.02262236
720000,686707.524900779
400000,446849.98425860755
2000000,2026777.9781632947
1250000,1374268.9668862452
1680000,1605511.4945786805
6000000,5559484.516541239
800000,865683.52804088
7600000,7513842.741145286
2850000,2752628.9455230925
1055000,996513.4233969406
13700000,13182678.202157496
1600000,1643032.9294623516
3300000,2835534.0786807137
1100000,1078785.5984306068
345000,378004.0534723384
1550000,1496965.2960628753
3000000,2828277.0576920058
1650000,1402995.352367645
350000,303804.07727621496
860000,1287753.5531090242
910000,826442.7703656345
14750000,14547290.26454755
2000000,1934270.4927233304
370000,358255.06417889416
1450000,1533760.0341326487
1250000,1298752.1915693833
3000000,2686651.970097095
4150000,4293720.413382131
3050000,3279116.0558305853
13600000,15723802.663862169
7650000,9542128.500143105
5800000,5849962.020055205
9700000,7104120.986004479
350000,320753.2401835135
460000,535084.9572091172
3450000,3550509.840403678
1300000,1294738.3004852554
9900000,6095614.213565542
430000,419818.26074687357
2360000,2347907.530925259
2639000,2659419.920449622
2860000,2682242.938616735
2560000,2359732.022976741
960000,1047263.7806179198
2140000,2219332.958964119
675000,743091.9300266046
1029000,1011423.3826425425
3300000,3882512.847216583
480000,466224.17473503476
900000,647662.1667571367
1700000,1829948.1985398487
205000,218675.09367366403
970000,1002893.001667322
550000,470682.01151828223
440000,464776.8062236113
765000,732923.4057967315
600000,515098.44132791203
520000,385219.7466580011
700000,718286.9121838469
520000,580712.8666823137
1200000,1351433.321203427
1800000,2100500.4025619896
1380000,1300851.7826065263
1760000,1897219.5117367227
2040000,1960299.9212743295
2460000,2357589.7427905453
6450000,5713432.419380423
780000,778096.3289634915
875000,833846.654288949
600000,580372.1099796429
605000,579774.1717479081
450000,454089.94871408516
700000,692899.662795401
3900000,3426436.9735620474
1410000,1378880.0519451234
775000,794837.3292527932
1120000,1195418.617372907
230000,241532.74833040187
5200000,5236556.2090340145
2050000,1923234.0494106216
710000,678546.7828057667
2650000,2524927.2076024753
895000,958960.9768367474
1360000,1491842.311509176
995000,974980.1141012685
500000,551786.4947623104
1000000,559103.0948506302
350000,252574.76620666383
930000,946009.9084180931
520000,507424.1750019018
1350000,1560922.7737465065
5250000,4310610.236990811
1790000,1930400.965612422
3450000,4433497.458211923
3600000,3549738.8273072713
950000,953425.474071184
375000,474365.9558700725
200000,217865.56229222997
635000,592615.7466467163
340000,343406.13084135775
1100000,1076756.5606567503
5100000,4926166.765493887
2800000,2755134.39847241
565000,535150.8801691732
1155000,1254815.3921819923
5990000,5854425.200470801
560000,525963.3186572824
390000,349673.76990609436
590000,528759.5038491484
950000,825065.3262648614
340000,322153.8587917862
3950000,3279445.3004835285
3600000,3627386.8581853523
67000,67559.8652415762
240000,246388.72195928157
400000,420003.67879604804
980000,997784.0758579351
490000,537124.4825140107
350000,355434.32019712165
500000,444735.9398147417
4100000,3933519.3568603224
2995000,2844898.366283758
730000,765037.1225440413
8250000,5528814.3392381305
2250000,2622912.4469666933
3800000,3566175.7920251903
18200000,14497912.855542632
380000,435006.0030058432
390000,374894.82350604155
1600000,1622126.4611876914
670000,665327.8416430586
550000,515316.0971097772
1200000,1063380.241120511
750000,745937.497899106
570000,615942.5179274931
220000,236684.96196421405
770000,820538.505200453
5875000,5986627.016110861
625000,564532.57442998
520000,579526.3007799417
2550000,2121672.994519028
2600000,2799536.8284349306
370000,399080.4933597699
964000,939025.5833124196
865000,942946.0282670349
450000,544097.2220696586
1650000,1674131.8991490062
475000,577843.6964138069
450000,430739.5788066628
1200000,1377508.7233056223
330000,364469.36798592896
450000,357572.1420996922
1395000,1389405.509343365
950000,879505.7291285394
560000,567514.7331603512
1350000,1562562.05514065
1250000,1210018.7293522095
1550000,1417510.4450681007
1250000,1078587.9079164527
1250000,1027864.5174671009
1550000,1493641.2595804469
780000,774618.0530470887
1080000,1055120.7323692124
800000,810030.8979823587
2650000,2542894.309398455
1100000,1170635.8333222505
870000,878867.5184400857
1595000,1590638.749730235
1000000,1078132.7935601491
380000,413401.60198115936
850000,885450.0644617248
885000,812703.7033886444
360000,333670.7847451328
500000,664732.7006390266
400000,402551.4996906758
1700000,1275314.6818458245
650000,598171.7431198122
740000,694652.4775024186
790000,855270.9615021411
570000,619860.0226894114
1000000,1060671.3941549098
780000,831705.4657895433
3500000,3471901.7924172417
780000,396137.6859868308
4600000,3987144.1256423625
2150000,1349767.153002966
2250000,1897719.5333972054
8850000,7047871.012565155
2320000,2475552.3243159307
675000,706322.782304483
850000,804862.4027882665
810000,802029.5360043293
2950000,2762758.103928574
5875000,5753478.210102025
5460000,5367988.124599859
370000,385202.1254006164
465000,443445.68992929213
690000,697790.1509235939
230000,313781.4855675801
2335000,2355511.4087697878
320000,325407.4785948154
540000,561784.367013909
760000,742073.3313890955
700000,781200.9922852365
350000,512018.50094945286
725000,849218.5153186051
1200000,1160972.0868000002
1050000,1081746.7044662933
1100000,1214925.7704986439
1050000,1092215.1218436619
1899000,2090619.558133089
1790000,1847582.607215102
850000,933615.5421389857
1250000,1234288.475336637
1725000,1987689.3398150115
930000,1053750.2713317028
745000,772272.4048145723
1780000,2424220.5935487594
590000,612799.7621916898
630000,621718.685027463
495000,500144.23735038243
3600000,3996283.42467172
700000,536881.5161908364
1550000,1533650.5722659759
525000,570325.876910824
560000,562612.8611026373
500000,312782.23720724724
1150000,1114946.7084813311
925000,1056289.9647987445
1830000,1978030.0799339113
670000,919843.085212362
850000,1008573.9268750934
5150000,5777909.534032042
535000,624529.9938294037
730000,702835.1071625716
3550000,3605396.444776376
12750000,13586198.178222014
12700000,10007013.981687687
650000,652829.8187810153
600000,500412.057440689
1199999,1070539.4369208806
520000,463338.3733056922
990000,831469.4184461121
1120000,1057775.1878727432
690000,618598.6209124336
1000050,1020379.6417085282
1050000,979495.3120932447
600000,582935.9704238074
550000,512747.6075827324
560000,546817.8649759163
315000,290728.6909539946
450000,418823.88009428635
295000,294280.07784671016
410000,405848.9178091469
3350000,3076369.3755494407
450000,406396.40263602976
1900000,2014103.159432406
350000,288612.7372342419
410000,374726.46663131326
980000,1016571.0010096532
550000,580655.3838572849
1500000,1280090.0525825464
1990000,1316177.5931520574
620000,742711.2021462014
650000,708504.9695609043
1130000,962706.17669783
1250000,955020.552097676
730000,742431.7665470988
400000,375894.5858478792
700000,734676.2921741732
950000,997130.1392040693
2300000,2240758.65284759
1000000,839863.1903986456
1180000,1103655.4585759877
2700000,2091584.6593422052
895000,901332.2349662407
1550000,1321128.1649170073
3150000,3302044.6355380546
1780000,1822792.736902321
1300000,1211809.2618945693
3600000,3593868.9658048744
450000,478182.33801869745
720000,643701.3826062501
470000,471046.5188421075
875000,802198.3200439432
335000,283762.6291608104
5300000,4171227.644364284
750000,760223.8459271123
780000,895490.6240759849
230000,223588.67404112668
600000,496381.39232330554
680000,696393.0409123561
400000,366596.5575748752
395000,443027.9550982753
840000,741195.8912650505
720000,651684.8556835655
2050000,2224586.8168002362
3650000,3426436.9735620474
820000,801927.8754846395
780000,800580.7966934462
530000,563080.1742357281
750000,824755.945308279
650000,628728.206456444
1430000,1483979.390681012
3200000,3076978.203281677
820000,768580.9224501464
950000,1007891.2310698661
460000,446879.1287260742
740000,686162.7045301847
85000,78164.57118529838
580000,595251.2878603996
575000,508329.9419637394
700000,755010.4473023966
330000,369443.8566774346
460000,494058.25679670443
260000,218190.41872065014
3350000,2763471.619167954
850000,810533.475365581
390000,445982.60242284526
350000,372131.4031978722
1800000,1148780.6357183615
1000000,1096062.181263086
1000000,825281.6056539993
845000,734637.7062471947
360000,374724.3445582383
395000,499323.097420315
400000,386689.10409513675
9800000,8795736.1501731
5000000,4057794.742289792
1500000,1348350.9695821775
825000,707509.745326264
820000,835775.7496547085
11000000,8517302.483733125
550000,516685.577954928
490000,487104.8267153836
560001,520523.2611852999
850000,913741.6976398757
1000000,1001198.0850515976
700000,685610.938051885
810000,726281.0204289581
610000,505613.47387524217
580000,554169.1499917362
870000,979895.792865569
600000,548923.5764006674
1085000,1384739.8812562514
285000,308907.0721051484
400000,440521.9537980575
650000,615059.0239130826
11000000,908480.6574219647
990000,889126.1846869207
850000,654726.938957107
795000,712218.9292834621
455000,504755.1931990566
650000,632562.9960372952
380000,376275.1100875381
1480000,1655990.3560496399
320000,287690.2008292332
400000,387485.04700644134
850000,1006441.1093963
4500000,5161296.838682232
1329998,1212566.1459502827
1150000,1259568.7031056848
2600000,2885955.034686969
1400000,1346952.9143003116
1295000,1214590.748812714
360000,471508.48080545565
600000,560855.7253390423
450000,474902.7991177627
430000,437198.2300098824
460000,459591.1618796662
5350000,4168036.9763682256
1550000,1695126.853752409
2150000,1831846.8697578611
300000,310592.2373609271
470000,557709.8406179855
395000,407873.5736607196
620000,729191.5224216139
715000,801904.7598727393
490000,733216.0010732203
520000,538891.0275289665
355000,359303.3056449163
1200000,1155970.7311531834
560000,500826.59529968083
420000,311786.609696271
2000000,1769926.4076351742
1050000,987796.9616138303
385000,330490.658982576
500000,329513.62783448066
5850000,5431706.198174782
850000,849075.4326885269
700000,732907.9346971511
420000,438831.3830176143
575000,656388.3461034845
310000,383739.1974023137
530000,504615.4332603558
630000,687834.9892029731
820000,786677.0907873713
1000000,1030034.3591503897
3450000,3765525.3678611442
730000,737055.4270238372
850000,843838.400251402
1040000,1307883.5471173024
1300000,1240860.2891037965
1350000,1473505.6441580697
800000,592905.7508768111
650000,661174.9193421825
1100000,1038018.7360452842
650000,761839.241671771
900000,873143.9183043272
750000,722828.8704113959
790000,944670.7867036513
820000,789760.1366766865
760000,799310.2205816776
975000,888803.5166149441
1400000,1403499.728958345
600000,627973.8474770415
690000,680041.3739839201
350000,438782.19891881733
1070000,1333336.4755643194
430000,447591.7706518423
715000,701026.3755677354
330000,332467.8387333918
470000,545032.0843449882
1450000,1485622.3521294538
980000,975958.0014463916
850000,878587.9766828076
400000,423527.4864280195
2000000,1647116.3831701793
280000,287595.8525465796
700000,754758.8131559931
590000,628312.2365424983
350000,429918.34039141354
785000,909246.823661526
695000,791656.1607229589
575000,528493.8467638835
630000,874609.8903707353
1200000,949199.925842563
400000,341972.3405200315
380000,394917.582148964
800000,784295.7185356262
320000,201540.90172461714
1100000,2329754.5275694346
455000,468387.2737183481
290000,316613.57997604745
3000000,2982137.6907103397
670000,642288.5503527998
3950000,3922553.4887805893
950000,1109282.00184451
850000,925231.3339390343
3350000,3389838.197663635
2950000,1968927.444569567
400000,431338.79639883654
1500000,1389421.2644806236
3900000,3646437.9976612446
1100000,1145980.1374603524
340000,325668.5807866223
1000000,2916860.0638998253
1700000,1828113.4218424868
450000,386317.827559497
700000,599382.8875948358
1950000,1885735.3066372245
1030000,1179552.3249603515
3700000,3684236.941664115
370000,401364.7251774399
14500000,9764164.490485806
550000,486489.52916929446
750000,763027.8288174749
1120000,1091254.0347957304
910000,936532.3651354505
580000,612851.4049026078
3000000,3027485.452504263
3600000,3181792.9023817256
2425000,2386257.8426520475
930000,909730.6499147175
1800000,1592804.3243495263
550000,615993.7005689763
900000,1031286.9839339847
3150000,2796677.9875358753
340000,349497.76484131906
1000000,1136927.696918243
6600000,6500487.138705534
850000,822546.1840304635
450000,487094.7318926153
990000,1055602.349984939
1350000,1363537.6342100075
5900000,5091454.782847358
410000,418081.31167822867
325000,350920.9398482333
1700000,1907921.2117911726
1215000,1247419.0336881087
1215000,1321603.62939868
805000,769279.209174144
485000,435334.5147402989
2650000,2684475.405544271
550000,557261.1472224249
800000,759453.1324303546
785000,775405.0387554272
1700000,1258865.7483053943
1870000,1609846.0737424635
700000,762104.0810634599
2310000,2398474.5540080224
1250000,1027022.8836025973
800000,773482.5199011744
450000,384625.2653623125
2680000,2589704.4594700094
730000,625932.7061691965
590000,568959.4923085817
1000000,874979.2757104409
440000,451236.81024811784
550000,614707.4282854684
80000,78385.54971236864
950000,1081390.1949089684
6485000,5649481.131585914
850000,816918.8861824686
800000,770756.4889406734
500000,558273.2105144307
1000000,1028046.7035912176
550000,500474.8105068428
1000000,790289.7176625617
610000,614627.3238235521
5250000,5053218.621449554
1650000,1410498.468747686
2100000,1970981.7376000592
1450000,1327729.9593574114
1450000,1321943.7239594478
1700000,1438988.953286246
990000,998987.0539980279
680000,642398.4299998926
360000,265060.2285242928
630000,682350.4114611867
5295000,5580011.701864349
710000,663938.5337418047
380000,422702.1328577427
1575000,1605803.0965141982
450000,490843.2838860979
1725000,1504199.5119799234
930000,890110.0406054669
10500000,7957719.611687391
13000000,5261777.532473839
5300000,5551058.566570151
580000,549981.5444977975
3250000,3520674.92677325
1750000,1569040.9429196755
1100000,1098059.917180592
1680000,1946059.8771458194
820000,791080.8260399656
3900000,4298190.773253145
2860000,3498627.1980601544
3550000,3325302.519538831
2140000,4433497.458211923
6700000,7371915.015991806
6830000,7371915.015991806
5650000,5024636.202583023
3900000,4768428.292105715
7241000,9634401.855926504
6100000,7193673.362377141
4950000,4273784.51100009
9950000,6710798.893402694
7000000,7950685.912204774
9500000,7193673.362377141
1950000,3207404.0895077977
12450000,14600891.319587318
5500000,5477034.217378879
720000,905528.4746141626
5650000,4908737.075934753
5500000,4406152.711968572
11500000,9006818.977143593
4910000,6061114.568311769
4900000,6061114.568311769
3700000,4298190.773253145
9000000,7119436.521219437
9500000,9377406.694469336
5200000,7410239.450552522
2860000,3157194.64010867
840000,929393.9800052677
7370000,9667114.00969886
535000,585314.1393940367
10000000,6293874.987019052
5250000,4423903.749666005
645000,571111.8314302214
2470000,2355511.4087697878
865000,828826.9930875958
830000,748112.5087538908
370000,268495.3707529946
455000,490920.84921714704
340000,419288.536356442
320000,300715.8394722616
900000,832803.5991312372
595000,618728.2914793196
1400000,1254219.838688213
550000,508975.55237153324
2450000,2184445.2255513594
1650000,1538582.3650436667
470000,356105.53995773697
3790000,3633733.1846100413
1575000,1571452.4698290005
350000,377101.73564630526
1049000,1010998.135039075
350000,435462.78507543856
420000,429599.3947169746
750000,749171.5472387146
350000,429243.4414128361
900000,82397.2991111328
1300000,1338092.2065513777
655000,622559.9194205157
900000,840870.4354095655
780000,909119.4283351378
600000,609836.880082646
410000,292738.99599932786
200000,219171.51348572157
880000,971641.8962663164
875000,831750.6529794574
775000,703487.5782110402
1600000,1547966.7399140832
420000,377632.0446780686
680000,748831.8936986973
1900000,2017556.4891731117
750000,917895.2536336463
370000,409226.23359798064
570000,509294.22829545167
390000,412032.3418508924
810000,775563.0492152077
450000,456295.5323247496
360000,393600.4989229028
1600000,1651498.713220421
485000,410235.28116497287
720000,694006.2855099915
420000,447433.9314908264
620000,716356.7253274152
700000,747908.1241593976
630000,547097.1673185633
6800000,7536868.793863037
900000,790543.3295999123
380000,366895.19944762054
280000,274398.26856835897
2000000,1888038.6251707114
2275000,2218681.0086012254
470000,501248.4673286939
8300000,7211721.92552021
1200000,986940.1188844022
880000,905944.2828678528
4590000,4724948.177664613
1890000,1824703.5254140971
700000,704877.5085574853
1600000,1704290.3938041378
7380000,6552488.50195054
500000,540895.4721219259
700000,765242.8233167845
430000,444791.3638688707
4350000,4326902.672170404
1120000,1071112.4254376919
390000,328404.01798766945
5900000,5104200.405923717
700000,647250.2423968188
570000,591312.8714006576
950000,1002250.0748787043
355000,389189.3034796638
710000,693021.0299910093
800000,747267.3065052214
390000,575250.932265884
975000,875472.5652757431
620000,581587.8994129971
600000,590569.3529347186
650000,742163.9174844839
610000,716661.8728961116
440000,421216.5631333451
1240000,1211504.2785126877
1050000,936539.2009105267
2450000,2531732.0636245315
2650000,2801063.274907979
310000,304099.7009905777
740000,746045.1677833152
560000,498455.72851492395
285000,325062.13529341324
3300000,2666154.6792033347
1400000,1003362.6829070741
300000,270168.093263473
835000,748242.0576161167
385000,398509.77339522686
390000,417692.6465954428
2050000,2789965.0491528735
590000,699719.262865902
500000,2116397.7913898365
630000,570234.8373591553
1105000,1075994.8505820811
2315000,2173721.787056801
680000,645945.1911283742
350000,395602.8562787486
630000,612772.2606555275
800000,710929.3828205079
320000,298966.79576113855
500000,640337.0355717372
1600000,1570444.3236592743
2700000,2686516.869688731
1150000,1143092.1774439937
330000,303116.747126921
320000,377389.78972033766
750000,698184.6064625846
680000,622650.4847503236
825000,732696.8011998604
990000,1179073.4610205318
680000,602084.3402763807
630000,654144.9567020488
450000,443954.75882943225
850000,806196.0554421644
3600000,3799628.6778146997
440000,423439.72376340965
830000,933749.0740683022
430000,425854.2330558563
650000,524130.5539748836
720000,810031.2799470918
2045000,1990467.5981977785
635000,681633.7979585401
350000,331888.6695117931
540000,550698.4966565254
325000,311887.2157067627
2900000,3359495.3449363215
5775000,5542150.420321769
340000,392951.68446884694
1200000,1154402.2679573658
1500000,1369137.6845248714
860000,922673.3514820958
355000,430939.5029603871
270000,314894.7696552161
2100000,2087880.222641977
1800000,2044885.757015359
720000,724754.4005597117
795000,792738.3325018379
1350000,1212566.1459502827
1825000,1709737.9382900358
1320000,1302808.967675278
1040000,1065988.7506427735
320000,333717.2958597711
1550000,1304414.2832897808
820000,727884.5567911556
510000,494455.04957919224
560000,580485.2767811212
350000,351775.9710839773
500000,460320.6352183313
620000,599130.5235879915
640000,588611.925221018
1745000,1226657.3877059333
1110000,1075199.540358767
2660000,2660310.60536368
1690000,1623549.1281012378
500000,496181.04736330634
1150000,1172543.7830464488
360000,325579.51675720606
730000,725676.7446449371
550000,591927.0906566512
350000,276770.3118428866
340000,347536.06041313853
760000,818763.8672717055
2450000,2789965.0491528735
335000,343747.6673671268
880000,830790.2914156466
690000,720557.7383032851
455000,482367.7699007053
490000,470899.72489984625
530000,532395.4638126345
460000,408850.8693282314
950000,976082.3892734224
650000,714539.7060044676
1690000,1271522.6557407775
2500000,2542197.8140276726
420000,549994.7498168568
730000,839947.0688818019
730000,784095.8203403368
785000,802029.5360043293
6250000,5791675.454383091
1200000,1128800.5606551666
1350000,1431304.1990659384
1090000,1259838.8140891297
1320000,1408022.9200053376
650000,573502.6991440572
295000,311538.6358799077
885000,820891.7713727885
350000,346812.9989851772
380000,323100.2503451335
1450000,1326502.0387516636
1100000,1246994.3442248276
1350000,1585984.7178249683
675000,653301.3213522373
560000,594204.5633672825
760000,752083.8671049317
530000,536939.2598690566
2180000,1795200.667307053
820000,751836.3392869863
750000,704386.535288233
580000,523214.8567012632
900000,910131.87278483
980000,809998.0634676385
1200000,1181572.4384024143
2000000,2019126.6144790698
4600000,4827044.180483422
3250000,3092782.2653873614
1050000,1020612.5542038804
425000,429051.58503778634
765000,792684.1570034854
5400000,5792115.5865543205
1180000,1256875.6592218678
1200000,1074434.2517876178
3570000,3240531.761849361
3900000,8801909.592866143
700000,689073.5376770205
750000,793236.6995188425
460000,473272.7713424974
750000,781147.7526428851
240000,230757.92437317187
850000,823504.0837761374
850000,917243.3020900586
1000000,1213489.2916288052
2600000,2586696.9141522804
500000,682193.3368934554
860000,930771.1620227061
1150000,1232032.3944405578
1000000,905063.6669398162
4500000,4228461.758737721
1550000,1382206.8213277722
220000,270685.34854680026
2000000,2029328.256964512
3200000,3054241.753946917
460000,638381.3450970253
1055000,849461.6137915119
650000,511844.18001005455
1295000,1183197.824095732
1050000,949856.1876120921
520000,516170.9197961113
1000550,1566197.9497375616
660000,618653.0005689797
680000,795213.273867291
1850000,1866798.7665951243
6500000,6525763.520395006
530000,508643.79979411035
590000,547780.3825536967
3600000,2696611.1870522522
2330000,2301003.5034586336
1490000,1459687.68925951
1310000,1387253.5634044327
1270000,1255062.3436848272
600000,746861.475792684
1010000,1420796.0745115692
1050000,1051497.3105128754
360000,296355.86483924853
2850000,3275273.171190353
310000,275618.92112854257
1040000,1031587.1876801805
2450000,2494489.909194579
650000,567455.6607693866
1400000,1406134.0741187
600000,545082.0053136449
9500000,8842937.31287647
3850000,4148381.8933347953
270000,272257.9459529229
265000,262453.9900515815
1050000,942194.2318844043
1200000,1913620.724797906
550000,499324.53498918214
3820000,3921260.3646378457
850000,907275.3891801037
1110000,1094404.2298029186
1530000,1349797.82733316
1850000,1822711.6605947237
860000,759407.2884922337
1830000,1680675.4247753553
485000,511025.6962291847
980000,1080698.086769623
1880000,2671692.399579721
960000,785736.7241584896
1550000,1468681.3003670182
880000,943349.4858810266
1200000,1242723.7089022424
1120000,1094716.9888886537
320000,281006.0108234589
600000,599193.9474582036
1240000,1135829.5514182178
5250000,5422687.83783573
1000000,914668.4854193451
530000,553801.2024835004
400000,388758.98659193923
885000,853750.3896733731
435000,370956.3383225024
1150000,1025617.5935052416
850000,831855.9529903397
2460000,2285158.4399746642
1580000,1712563.0473024002
3700000,2963412.5599178774
480000,557579.541887011
585000,537106.6578708822
1600000,1574773.9178075485
160000,165811.0009963003
700000,692422.3550028133
250000,293334.505016171
385000,314100.4140519334
820000,761433.5518691848
2000000,2040251.0889935235
735000,745914.5537116993
1050000,991347.7784182816
430000,418841.34900827066
3390000,3041534.8464888623
320000,263080.5227360084
695000,669312.1578558134
550000,608405.0388479545
520000,491577.3040873824
260000,280836.5129757911
475000,560066.4477012298
660000,766922.5550357803
580000,609016.2695633234
1355000,1422638.588622636
770000,724443.5023731738
480000,454561.1450981972
680000,737654.3599015232
295000,335308.4623335669
530000,546154.5440018168
1980000,2272668.1839721287
800000,677660.7837798939
1550000,1560252.5772198571
2450000,2568558.5028967895
1100000,1143009.162303967
1100000,1189475.320114076
600000,636125.0923637041
16500000,1543843.7162463348
710000,629685.4021939998
1550000,1413415.92100887
790000,646355.2053406583
880000,856662.4715610573
1500000,1332434.0940790586
1280000,1313981.864672983
1350000,1352119.1436537458
1350000,1574720.0955413056
1450000,2255565.5897852588
2200000,1622574.2943562462
1600000,1415683.6366673002
700000,736275.4840197796
440000,407200.07920396887
695000,819332.7984652949
250000,239162.07866502245
725000,730917.5417801852
280000,381011.56951339904
340000,366721.0751227077
1790000,1857027.4994478733
2790000,2660310.60536368
650000,593402.0249807386
1000000,1923234.0494106216
1000000,679031.2632312396
800000,715085.5110512119
365000,337775.0210358467
470000,423211.85255362117
1250000,1207157.437797189
850000,819146.8741718781
600000,622635.69322382
730000,660166.0616680365
1220000,1435991.5906168239
2900000,2667409.435233679
1350000,1293306.0077701183
425000,425657.8830369872
770000,758754.139779929
1100000,1015643.8071120137
700000,583810.4230635549
1175000,1230019.5702542048
475000,336281.8081708772
880000,770182.11728059
840000,805564.5336299863
745000,755437.8992347269
1150000,971481.8806549603
1180000,580672.4103260725
1320000,1230954.7367532565
790000,691489.3723274226
650000,700515.0411516753
760000,805513.2155471812
950000,781652.9474822594
1090000,977811.0445658677
400000,397272.13186463946
10500000,8220441.945580233
6550000,7262238.238293978
715000,576716.6410764692
450000,333491.79253402905
55000,64835.252846530064
680000,702116.6267690496
1055000,1030197.173969377
3400000,3490044.4157811627
390000,384866.8411159886
580000,578277.9755706149
800000,817182.9616464477
1700000,1690708.38723014
2270000,2211113.1423383392
1975000,2010740.9583067438
2230000,2355511.4087697878
2250000,2215212.4214788508
1590000,1473479.5304848438
665000,650441.9351551159
8500000,4853979.246652318
775000,806864.8284660125
800000,911392.5120437298
640000,592923.3218736413
1600000,1754914.5393009735
1750000,1729771.1958201309
765000,771472.5234668435
1250000,1296243.250861015
280000,283331.1289583642
540000,591488.172280742
500000,507476.7361058846
2550000,2640722.962224781
620000,595416.6907939194
500000,456176.28854387876
1200000,1305501.0149871905
1050000,977629.5277374182
490000,568771.7357982552
660000,667490.2572756377
725000,563018.87204738
980000,925620.9614868313
450000,601833.7572449773
570000,645594.6924904112
2030000,1853253.1771143312
2400000,2454589.6315903384
275000,244315.5806025679
675000,619746.0442558643
570000,542850.3953670315
400000,343164.39118043135
1250000,1106847.779240066
480000,478670.4384843375
550000,440094.22863363207
610000,579056.8291724144
690000,694136.6167763951
260000,274275.75360439136
570000,605161.4149647444
305000,275765.3788986709
540000,565164.2379569481
680000,638437.8789666664
650000,645848.4244426345
1450000,1571591.658699964
2500000,2598395.8898208346
270000,2673467.888166353
1150000,1060731.7522781896
280000,281624.88769225776
1760000,1481970.3530205842
850000,671545.93305812
1200000,1205860.282387307
1900000,1972030.3044237362
380000,446597.94261111494
3200000,2182962.373006066
130000,106351.48088468588
1050000,1112036.4027498763
370000,508997.6346541994
850000,904635.4884621779
320000,276068.56877700496
1315000,1244556.4371316554
5250000,5352923.212358334
485000,504433.2463969032
4750000,3964948.2362684766
2120000,2180302.7161121187
5250000,5551058.566570151
8250000,9548124.07749457
2190000,2219332.958964119
535000,503294.07668994967
1230000,1350426.3700731373
650000,595862.1309409848
1075000,1219104.3068528308
2825000,3429658.7729043458
1230000,1162669.225313589
330000,320477.1013767071
450000,436116.2599551575
730000,671079.3850807404
1050000,1097167.8052087475
860000,918190.3685324144
985000,862311.5921438662
4280000,4326902.672170404
850000,730715.3017335644
590000,590058.1523269657
6100000,5979396.432775971
4150000,5119955.1568106115
2350000,2638902.3084342005
1490000,1391674.5953797926
670000,693284.6056412129
500000,538912.7321265142
960000,1243403.1499218699
750000,742029.3170203087
865000,951731.091825753
2100000,166254.12946227996
1295000,1070923.5129274654
670000,709894.5220625218
360000,367985.9805787488
360000,382178.3159117434
8700000,7990350.982677471
620000,590739.302246309
650000,648593.4009560352
270000,273509.1304939248
1095000,1205889.8471035578
550000,368164.73400270566
1245000,1143944.4544898341
1400000,1376571.848604973
2240000,2233193.792519743
2150000,2219332.958964119
2250000,2133418.3985512527
940000,1021499.1335724385
6450000,6811997.951550756
2400000,2311099.861721756
850000,828153.4384871299
1700000,1793904.0716242595
610000,664191.4424966365
630000,588673.6547861666
825000,802920.8968127976
475000,427991.58692517976
580000,551629.3441391956
350000,376513.36110722984
1350000,1328929.916077476
1000000,316638.8623502241
1200000,1199678.7708694513
880000,904883.6438593405
720000,721180.9525091485
900000,928724.3719697673
500000,465307.8589961729
700000,683792.0977775641
1080000,845169.7756669414
1300000,1456050.3027936476
350000,343351.8133797952
2599000,2666154.6792033347
1890000,2096867.147989806
2375000,2125132.9629751365
495000,506145.2952163505
880000,885136.4079689055
3000000,3087038.7521707383
3150000,3304867.5797089464
550000,545287.85746225
935000,956744.4922456898
880000,954696.098001369
1300000,1368730.6297748056
580000,568040.6919549495
550000,493517.9510877148
400000,473554.1481587242
1150000,1281850.755063781
410000,411429.64005473576
580000,581704.6934581703
80000,216900.05712170643
760000,734506.0619103138
1500000,1179253.5822106781
350000,424194.8522392848
1900000,2146768.0383654083
330000,304435.25247477705
790000,675455.1204369053
1200000,1049601.8264422345
500000,476139.6585921275
1600000,1738012.79612829
650000,589833.1464622912
250000,215717.78522519168
1300000,999224.1398445965
850000,975862.3462814111
3400000,3536808.05732121
940000,859776.5447638702
4100000,3858523.317805328
1200000,1094909.3739304445
2100000,1894519.955658167
1750000,1568898.404966993
2850000,2406208.598049292
850000,905721.6265898121
385000,381621.2879693763
65000,58437.770772569515
1575000,1431608.2418135875
800000,863539.9658669983
740000,766634.8574668758
600000,670290.7789097078
2100000,1999495.5484321371
9000000,6347299.800778535
770000,836012.6949413622
475000,569230.888578366
700000,627617.0494648692
275000,260077.27867670154
900000,1010064.1461102513
900000,824222.128660994
1100000,1167534.3581536412
710000,697370.7012129792
600000,589231.7132236
1950000,2587699.328938996
5850000,5693075.036027579
670000,662433.3171442121
5200000,4494906.619347747
3750000,3310100.306859687
850000,874927.9534682762
770000,791150.9395578279
2000000,2052078.0512766815
2000000,2109305.9879114293
1260000,1350738.1568050159
850000,775147.3988925386
4375000,4203358.344527075
4350000,5231279.136482445
1070000,1133901.1299895386
590000,678869.8560566438
610000,634918.1182954437
980000,973018.147694754
470000,518869.3961497276
635000,835337.6801854101
1075000,1085080.6817253516
900000,851666.8978415056
1100000,913907.853716412
1070000,1067112.4635555241
800000,829700.0935023207
685000,570141.273717522
1050000,958666.9190468485
10000000,14288597.665362896
16000000,12771080.292817315
12000000,7972824.192646683
1000000,838907.8946203435
5400000,3003562.249565235
2060000,2173721.787056801
1750000,1560922.7737465065
1080000,1005999.8470111314
320000,367479.86856297986
740000,713248.0779499369
510000,520691.4599878682
390000,474498.36368950893
930000,945734.5531181158
900000,1263612.9893785778
1600000,1868775.8145608352
1300000,1000326.7327453438
450000,453573.9801976176
380000,424076.26244604954
550000,519425.9066037759
250000,283880.0729324729
735000,651949.4883476492
520000,512222.2633474032
955000,949381.2935282071
900000,818040.0188636816
690000,685032.2133921396
650000,687609.909400566
1000000,919481.0452877796
435000,509890.3141459457
400000,377809.28400869714
2500000,2739261.984992456
790000,812739.2919693007
550000,543655.5599662234
440000,434758.295178676
950000,1131446.649345016
970000,1022640.9919960555
90000,79297.88297307272
1760000,1862099.7882279027
1480000,1568689.1996482925
1750000,1933372.8638978333
1740000,1710360.8130191911
800000,822615.6652862224
820000,882511.3016324525
620000,533995.030170194
350000,316396.7048736916
700000,725005.3757160174
2400000,2311910.34257841
625000,466443.72289900214
625000,650497.5618966424
450000,441192.08265254577
700000,604772.2433019282
5950000,5856365.366961057
1900000,1744052.9843316188
450000,411570.59935355163
9750000,9568356.808493424
600000,601120.507078134
970000,788054.1620318398
1205000,1300851.7826065263
1550000,1345308.6931738672
5800000,8999483.382031653
1900000,1682960.7628379343
460000,358762.02809363947
570000,364195.4248725251
510000,402495.20510339545
360000,381864.8813444011
690000,611549.1184431164
750000,791561.9857034687
1360000,1070923.5129274654
1450000,1384956.523511693
210000,232652.5859192013
470000,460168.6097836715
580000,614111.8520983765
1050000,1188602.0345715915
5700000,7119436.521219437
805000,796980.3341305251
860000,900547.9694977242
535000,577995.754044025
7000000,14907856.131675538
920000,889494.9155688664
1200000,937897.9753870426
570000,580258.5817970318
850000,620190.8232294616
5450000,5580011.701864349
650000,659516.1057895812
2350000,2168572.221031605
650000,694400.5700110259
400000,312091.1880359879
1000000,980225.7282847726
1100000,1230863.07697542
2200000,2236362.460798295
1250000,1276714.9800687258
510000,513303.28688369103
1560000,1491842.311509176
490000,433110.4280513786
2070000,1986364.04058412
1660000,1499535.6231845275
3300000,3348755.8814674593
235000,222895.273774776
140000,118135.14462231367
580000,590122.8641925905
700000,748402.3797887374
925000,901611.3165147268
1550000,1507240.1717640464
880000,853923.6655969553
700000,715498.5962924786
440000,417142.0711739919
750000,702514.736968252
475000,504824.33461975725
950000,976056.5695826182
880000,854362.8262256323
1250000,1082140.1186181807
185000,184174.72602139562
17700000,13045943.139089165
450000,549072.9661658723
350000,344238.6345241812
875000,896164.1919881232
1150000,1095304.9014790542
1100000,1255435.623374792
175000,270384.5767563114
2050000,1763388.426827537
1350000,1406492.2606057809
180000,196968.40439854524
1050000,1088710.4597001944
1500000,1383108.8576325534
3650000,3438907.7110443884
220000,219106.270970636
5950000,5608799.237231516
920000,899727.7714032162
1225000,1021579.1860050826
845000,968561.7038919835
760000,822509.5033623282
900000,862156.745347517
1300000,1459254.2305657757
320000,261579.6589363525
450000,410661.81950502424
370000,383979.0118878477
750000,658097.213901112
2230000,2277163.8826854997
1400000,1150895.7132407967
1850000,1626298.6729282385
850000,867821.948975881
1060000,1045436.9716566515
3350000,3547141.700350228
350000,295857.4787904023
570000,519473.8387065276
720000,664804.6132406171
640000,597081.2993840207
480000,368231.3651467316
850000,784335.0187365947
385000,417213.27399820864
865000,882642.0485621005
650000,678838.434084463
740000,674234.7969798214
700000,688549.1013486686
790000,754708.576054417
275000,282054.2984220533
480000,436718.26610551454
1280000,1359882.8608959983
2300000,2622912.4469666933
1550000,1582659.7640962065
690000,723984.6611802648
1150000,993251.7276565839
800000,840566.8567226508
1390000,1478605.7018748028
2250000,2282384.2994415932
19500000,13982425.535859235
970000,978587.6039268879
480000,458448.88231076836
700000,653204.982976662
700000,595431.9549356373
600000,584598.9491655973
325000,307567.86934807827
3850000,4633832.569144254
985000,1017346.288803562
495000,477273.3534215818
1070000,1012072.4786105223
685000,674776.8260609127
675000,739688.6171450088
970000,1069056.6326450736
425000,415539.31565968815
500000,473260.0345821346
2560000,2628656.0320920637
2350000,2238459.8621063693
680000,608478.8891245687
460000,591832.4363259727
650000,649569.5422351725
900000,1067331.1940308777
1450000,1441538.4080609013
3350000,3597741.4078383693
320000,304752.7715258873
245000,261162.0234135068
720000,784212.239868582
1000000,1020884.228730728
720000,734173.363701733
370000,378894.59326516197
495000,545803.3643232282
270000,308581.60041239695
400000,279306.6600474837
600000,578244.0801357299
650000,722766.102311948
780000,824519.5511519229
670000,661275.3540915131
700000,667344.6973457466
730000,737289.9231127398
560000,597690.4117359511
310000,315201.733841533
1000000,901692.0522316396
1200000,1227201.4636034279
620000,743604.9513485836
1730000,1995587.3092506656
750000,800823.912746552
1270000,1233167.7086399337
400000,405382.8762710841
3200000,3717092.8480991116
578000,614988.9701513535
730000,803833.5609281703
580000,614988.9701513535
360000,381922.04025171394
455000,446421.3313537531
3399998,3677547.5343097737
850000,733788.5504672622
450000,446566.5501404558
1025000,1238122.8301164827
1330000,1317732.1045009035
1100000,1175753.8191924929
350000,325201.1034230281
1050000,1272583.1255706053
3550000,2747976.0193299223
560000,521739.8459433476
1880000,1671869.20495163
1650000,1924582.66119375
5300000,5265159.440877612
1600000,1499568.654820472
450000,391996.5685127666
450000,575545.2118192739
550000,663284.005792923
480000,481441.08264879463
850000,799371.7520381309
730000,657529.8450846844
1300000,1271655.5192229548
380000,409076.1300907388
3050000,3076369.3755494407
2274990,2500069.8610106213
1155000,1330032.2090689503
999000,1235452.105693556
1365000,1197638.7639050689
790000,866901.7457424143
2399990,2266126.845165362
1150000,1215666.3826579712
1925000,1706658.1494155242
1499990,1604382.0993419841
2200000,2083123.0043554166
1039000,1167163.05934392
2550000,2736846.9444654654
760000,822518.485464969
1800000,2119691.8063017474
849900,905327.251403844
1674900,1719686.331533908
1429900,1445340.2054483911
930000,933899.1321673024
1550000,1811044.6478483086
333333,273076.38829004037
1195000,1281886.914442377
1119000,1351843.368314134
250000,260900.96968344113
1900000,2728597.6902959202
820000,842700.2892308903
1300000,1195917.8973999042
620000,608499.8887885452
1450000,1191253.8417119975
2350000,2179535.8404373857
620000,665525.6036783931
210000,194515.4279498509
535000,456686.4901784011
580000,560862.7629769724
1475000,1380926.0307387526
520000,533415.3793613211
590000,654536.92959742
900000,744805.2775946612
575000,586610.0471041773
5850000,5868553.005505402
1260000,1223120.3824156001
730000,686964.8650412345
2150000,1874866.290172771
540000,620256.8107714741
825000,676475.3735691265
2200000,2273360.9665675904
795000,680950.953723213
2150000,2396128.892674874
15700000,6427573.347751852
1380000,1355075.0838521786
790000,757696.8449628266
1605000,1608216.5494998877
370000,576403.594423564
540000,590265.1388726211
395000,609807.3523042258
320000,298010.6345080332
1200000,1427255.6050684745
600000,618787.1775933788
1900000,1589325.783263951
480000,529845.2688810858
560000,590735.0067051464
300000,287193.03905517096
1300000,1370356.8139570376
320000,344103.89108831657
2620000,2638414.9532732456
1150000,992919.635715377
575000,570080.2377089813
380000,324892.50442001945
175000,249031.38996700573
725000,729373.9572228161
450000,463172.8057948421
2000000,1922980.2307038226
1000000,1014898.349797576
2400000,1970723.979809475
1100000,860500.6052167441
1550000,1353903.5966182025
730000,741468.3317549633
1500050,1535280.1429756158
260000,268438.82205081754
750000,836562.9029508849
1100000,1102410.2938604916
1002000,1191701.1949657947
2900000,2700139.980331966
300000,298163.6415438299
820000,872150.7769005715
385000,350615.52726166334
330000,358040.9380550658
2900000,2569460.912027352
2700000,2917722.108300704
400000,450744.3505648455
930000,916053.7226934541
940000,929221.4708837876
540000,527869.781474329
1400000,1528687.941977341
2500000,2910747.9421731723
2599000,2494147.761185966
5800000,5545988.811888253
660000,609464.075439576
2920000,2663611.475455498
1040000,1115609.0823958116
1355000,1251372.3482623629
775000,741741.5940659628
1465000,1251372.3482623629
14750000,15005689.81005247
1000000,1009602.3033592794
590000,540866.0958558569
5950000,5545988.811888253
4100000,4246206.360068144
3600000,3376477.9782133894
2690000,3519507.6824502456
560000,566486.872479086
1380000,1558840.2140159
1400000,1391769.491354006
965000,1002452.5419702579
835000,821100.9425721366
460000,469611.5822964471
1550000,1525500.5836592861
840000,800244.8984535865
4600000,4023464.3820509445
1200000,1202413.3751147115
1215000,1260026.724648717
1430000,1391569.8689240015
1010000,1028272.5568476646
1420000,1243959.4896213056
600000,605390.6897882746
870000,811480.1069802762
4000000,3893718.6381362597
2730000,2422930.704227911
2700000,2658733.764574886
750000,674782.3881387169
860000,841182.7185025373
930000,970477.2340469874
480000,357864.4572792364
900000,747873.7626565321
825000,766292.421173268
720000,652532.2461424845
1385000,1320756.7227521609
800000,704471.9870689914
4280000,4309481.929996019
2030000,1995307.961101996
495000,656319.3633413004
1450000,1496062.7426177682
600000,525195.2804479493
810000,810476.7783461185
620000,594923.8363415394
4850000,4908679.183482669
470000,479502.38428248314
600000,599629.329761839
879000,1006117.1478907428
700000,689752.4216057864
760000,745874.8332331479
575000,518567.6333834146
3150000,3098420.6748875054
10750000,8029384.691843336
520000,552973.3506618591
600000,611854.677162071
7800000,7513842.741145286
1240000,1167011.0871048707
520000,506104.16312550247
760000,717544.2655551491
670000,673724.0090910805
190000,179622.0132693174
370000,413537.53305178473
515000,522261.36631272687
410000,408126.2630615992
450000,440226.6226709201
790000,831062.1987393035
330000,331685.867125585
820000,797949.2665941536
1500000,1489898.5136190546
1550000,1621389.6699428877
795000,719110.1105604996
310000,345206.85598847066
1680000,1487665.0401733103
480000,550794.554771384
1300000,1196203.3990622258
500000,504401.8997546822
2200000,2218322.5888381647
1400000,1244110.5316946034
265000,322020.2546723277
10450000,8435127.424941536
1475000,1366800.6614566222
2800000,2650538.510503844
720000,666366.86151178
3900000,3977213.3534414954
430000,572612.3636508548
120000,132674.87041347078
775000,755471.025603122
550000,523525.2797741929
2575000,2776668.302500701
3990000,3315693.085191922
720000,661197.2536713121
1270000,1230238.0817369032
530000,503037.86923989607
1250000,1116049.9085546143
980000,1158467.3471531973
525000,460892.5947342332
2335000,2598125.9535331805
330000,363573.3432762352
750000,705996.2406749965
225000,217123.61869575433
780000,809339.9453039395
3150000,3198248.323275662
15800000,15365085.529697755
20000000,14097808.524607016
480000,464655.81372647133
4100000,3908702.3146592793
730000,710923.3322801576
5825000,5849962.020055205
1280000,1568287.6098806497
4750000,4836142.564522177
630000,730049.5209708198
810000,823946.7005034197
5700000,4576663.28219339
1130000,1176237.1996217587
745000,784096.0956035934
1240000,1215263.7261675128
965000,951830.8145993609
550000,513778.2124154377
1265000,1220373.5928572044
6150000,6035622.093714823
590000,628806.3539709176
1300000,1395040.7996151515
2490000,2802691.349121743
340000,346626.7906231851
6300000,5849962.020055205
2020000,2205291.4841484036
3500000,3760143.7050193073
9250000,7795517.785862515
975000,1016675.1951530714
4400000,4325940.61808089
3350000,2778858.8614910464
265000,217706.375195088
2200000,2200496.30231496
5600000,5750682.239112352
450000,510249.56850131263
900000,1310672.1554919872
1360000,1330788.5927398587
650000,651317.7174597816
2025000,1924385.3228969441
730000,779319.3245223549
2150000,2352015.597632808
1600000,1675415.1972227602
950000,1118493.6251343382
985000,913927.270445931
1500000,1643680.591633363
6000000,6291188.787683081
15900000,4673067.290768643
480000,458038.0109523147
2000000,1819380.8972888067
720000,736523.824190233
1450000,1363589.97360665
570000,668057.677835016
1400000,1405037.2779406977
2200000,2256969.1375452634
1630000,1887716.4956952503
1250000,1147401.5477625371
590000,557650.9490734074
1400000,1276320.6767578856
375000,495663.115771825
750000,839201.0878406032
2035000,2010740.9583067438
2999999,2878943.5753040486
950000,865751.6140544472
980000,1010908.7112893156
410000,578728.7278771689
980000,772706.770409937
700000,584241.6935381434
225000,233986.82404684543
850000,918689.0578543467
330000,411516.20022048976
275000,208094.22097210647
610000,683611.2671571762
150000,175866.7944726711
1300000,1142253.9482021115
530000,542467.8223486684
1200000,898820.4760005157
225000,248627.7536994461
365000,307505.0231306942
310000,282809.20279197616
660000,669581.5934361545
400000,386740.25053610164
1750000,1620981.0203278589
820000,846115.8129138229
410000,383616.0378526879
3725000,3550509.840403678
750000,712656.5619035792
260000,243722.7757713353
630000,647353.3944803597
580000,484964.71730397886
480000,519907.66331796814
2700000,2639080.234388171
930000,1006750.0093136443
275000,289481.1368665792
650000,276514.349834986
137000,155771.5361590828
960000,931227.1006310544
695000,713728.1119542659
1300000,1314017.909250149
820000,829979.5848005766
1200000,1125420.5066682554
560000,539374.8331854052
740000,765510.4435589443
1080000,1038544.9385269335
1975000,1885284.3343756956
735000,738995.6959266722
2000000,1718664.8025253955
2200000,2120794.0199638447
1805000,1851061.123981818
400000,363962.77694726794
300000,319270.8639750649
820000,863242.5642601734
330000,308487.79287590686
300000,273087.3225242585
83000,75192.26912878478
900000,973768.924016014
2400000,2234545.7958028745
1425000,1475182.6277605311
2600000,2773988.9193288684
1120000,1018656.1591810286
1450000,1323488.0721959407
390000,602834.0818571538
620000,540963.8548180544
1600000,1521829.4845675405
1700000,1615688.7492556348
1750000,1757012.0916159586
950000,915212.535433987
650000,570936.7645586692
290000,291929.7027728382
620000,527953.4816597389
1350000,1246693.8592661205
780000,796561.718709985
450000,457617.5331752375
980000,1057214.5257590367
240000,277139.4392079926
6100000,6296876.251326846
3950000,4406731.91278285
1020000,1094577.3365554651
2975000,3373219.579543217
250000,232949.91046379152
1235000,1183197.824095732
3600000,4196898.791733898
400000,455644.621985882
1750000,1915139.258245633
2165000,2165101.8127912087
3495000,2877964.6049892767
790000,819620.0668033483
3950000,5112884.166002196
1200000,1175419.9439886082
6750000,8620700.629994528
2850000,3471341.9374327846
3650000,3599136.4276066152
500000,481981.52536443993
1000000,937014.2669265014
3890000,3938266.901582411
1120000,993128.6128424292
1380000,1396399.420972109
675000,674498.4088199906
2500000,2573172.468278767
775000,715039.7872669302
975000,1003560.8048519222
660000,682633.9367997586
1950000,1711773.4557479906
1760000,1845465.889838694
950000,1009555.7294133921
1115000,1242061.3818387054
600000,573803.1563074705
3000000,2878879.788485131
450000,475607.9552443971
775000,806345.4209382812
580000,607521.923977766
2999000,3000769.695430552
510000,489945.9485378638
1590000,1523847.6757843646
3590000,3318687.270484418
965000,947193.7724184647
240000,290305.7568479237
570000,494673.9966747875
160000,197074.83011323377
1400000,1351433.321203427
550000,510483.84598033054
6900000,7205059.758646416
330000,371883.8982523691
435000,421253.44253501843
4200000,3658920.217922846
829000,829590.5981163481
610000,600971.8506651386
950000,846333.9895811847
1000000,919852.1645516601
1280000,1157704.469329805
2850000,2702581.824907128
1500000,1391680.3362140318
1800000,1897219.5117367227
460000,427969.0049646538
1990000,1982266.610825338
5650000,5713738.7048843475
470000,475011.7017166179
2250000,2058273.4743545924
870000,795651.4335369337
2790000,2432104.8659054134
350000,307910.75408260676
1420000,1503001.6663490983
5200000,5794999.492667972
850000,955396.8978994525
635000,626836.8888579125
950000,938816.499789566
950000,826084.1766949393
815000,721784.5101299599
350000,288022.8498523127
1430000,1541444.8816040892
1250000,1338622.7720966672
855000,787271.6687651046
275000,270978.86137909064
2585000,2762758.103928574
580000,680337.2925499667
1870000,2000941.693875562
2000000,2016089.7167954703
470000,527336.1238447072
410000,331273.40251514385
690000,647689.4503695298
1600000,1715949.0728747537
750000,704071.0533882332
550000,607942.7621719823
890000,917185.6350270499
1350000,1142103.8368359616
2850000,2569460.912027352
1250000,1217193.5005711336
2180000,2296040.6765387403
3250000,3182722.647308674
480000,335174.1836927752
6200000,5530597.049382924
630000,569755.1365596066
180000,218059.22952454456
1350000,1296890.196385693
170000,488071.6485877064
120000,118127.00121082924
1170000,1102245.9398819578
250000,225425.42221065945
6550000,6272214.841256844
2450000,2708957.236599379
1400000,1511766.2333223298
520000,685131.8341502947
370000,342030.89647785475
190000,239973.09102760412
490000,510615.98350265314
410000,445871.08003590174
450000,471392.844782797
135000,130600.70377419426
260000,395982.23709011014
1150000,1145255.5518431
450000,442308.14648852946
210000,283758.18477007555
950000,986874.9057909865
875000,799508.7286637897
320000,339218.0144198486
420000,437070.0928248451
890000,1015899.0547663396
370000,369983.9821352313
780000,748836.8731032538
729000,771815.6676818395
255000,276468.7480484005
200000,227521.3724058634
215000,228391.8158944095
965000,958760.6574386408
470000,500898.5613344213
740000,716901.8007109376
985000,969361.6075246457
440000,398092.551598373
1380000,1299561.93322962
1995000,1996115.7170454292
275000,270585.29354353
375000,340813.11017141416
630000,497481.42031128437
350000,308700.6871487326
2100000,2432199.9995363057
2000000,1868858.8099845024
600000,579303.3158390492
385000,380634.90090085595
3800000,4780103.692896947
1130000,1216704.1024314845
3994000,3239613.1674009594
875000,841734.9120739357
385000,333634.45728892967
300000,365028.1420092733
1000000,1076769.408099761
400000,395857.3992699749
2800000,2737381.741128399
250000,257006.06224011377
1800000,1829151.139938714
280000,269011.92659633287
2100000,2041189.9933149288
520000,656722.5368714542
7200000,6592172.800034855
250000,240744.44531020802
695000,702100.9968857465
1220000,1215352.7904107154
2900000,2722784.3863594485
620000,642181.9580203493
1125000,1093085.9257142288
425000,364745.0317018587
680000,743993.6040702806
1790000,1591511.4594788875
1470000,1475827.4775589353
210000,263383.9590014754
780000,624595.0488650233
1450000,1521028.425745384
725000,722023.4172702642
200000,324777.00500636245
2130000,2015875.4649488183
930000,829225.531709038
450000,439168.41677025444
360000,379165.0410545251
1430000,1460162.2047932043
2675000,2638609.117926997
235000,204114.3975788844
570000,584928.3008250168
580000,602674.8003813066
6750000,6270231.98206007
1950000,1847644.9543687264
7500000,6544507.20688393
3550000,3148827.3024150226
1750000,1626854.8807220208
4400000,4087215.362761395
690000,723679.4146816508
320000,402274.5984269024
6150000,6418113.367709867
320000,271497.2690158296
200000,240659.39223142274
8100000,7626642.521790002
1180000,1022459.0246388816
1100000,924625.0897170152
825000,990603.2141325114
1450000,1587228.2223583693
2120000,2077285.5921917758
2100000,1977496.5093167487
1100000,1110104.380374605
3650000,3635463.045309778
750000,785281.0009340246
1550000,1289908.1115274632
1400000,1379314.4481696624
170000,191423.1228596527
250000,244436.01289215477
3650000,3521178.2723726965
1700000,1858270.3894674587
800000,851534.1641830835
375000,349150.5960249283
900000,943145.1281174901
760000,644868.5691941134
260000,260362.72511811872
3900000,3967563.9643048737
320000,301979.04100989096
700000,650191.5504003197
1300000,1011778.8055156224
4750000,4733755.246359568
2350000,2369969.4476823076
1000000,4892141.448238292
785000,777689.3333732606
3550000,3542689.1642048294
1200000,1212345.2573854567
690000,690103.6538770535
740000,700175.3676584106
2500000,2526528.6563859857
2080000,1887976.0463232682
630000,821548.7017795122
900000,975750.6001129197
3250000,2574536.8663664404
1130000,1102848.8071501283
1200000,1104955.132484466
3550000,3434417.608480659
2380000,2218131.4631005945
2000000,2727176.8282936485
3380000,5443548.301660968
2200000,2970513.7164044767
710000,715288.8268246849
400000,392573.441983206
8350000,8761536.471045574
6600000,6827845.760279287
7850000,759165.1170104948
300000,247908.99882387978
1326875,1350470.7740547566
1595000,1519978.7453007752
2099000,2219332.958964119
535000,525498.2901079248
570000,539071.7658014229
550000,601284.6326562032
1606000,1625255.2848494211
3740000,3473721.7373263664
2300000,2780565.1209644047
680000,702936.324527668
560000,569105.7151071833
1430000,1441884.0725244225
3150000,3374852.6995994626
1950000,1860380.2988766192
380000,339813.1723301351
415000,441735.0522576639
285000,300006.99954775214
650000,852904.40674544
145000,113206.22031283275
2200000,1812606.9840267794
450000,448237.6402615163
530000,535052.8837567943
415000,373102.2984114833
690000,597106.9878264129
640000,683606.376651119
1650000,1666508.1968518551
1650000,1660613.1742837187
1650000,1484398.1406980033
1495000,1396985.0623027806
1180000,1086762.4975720958
685000,709954.9929988973
450000,442136.25777085876
2370000,2949620.4098132057
560000,733808.9838984553
2200000,2928931.1198011255
3000000,3003076.7083078013
290000,295130.5652211908
625000,533995.030170194
550000,427805.13602257834
830000,848733.4907950351
600000,536363.3005712652
530000,573124.8896052027
680000,690673.8027414934
1120000,1156693.255104499
570000,564837.1011501207
230000,241256.28018943587
1000000,995298.8022636814
630000,688357.1253165569
835000,966874.7980409589
600000,899429.2253234361
1700000,1623784.5939184863
1250000,1083326.2274562991
305000,292970.48572546087
900000,872537.7395246592
4000000,3469517.6204086947
1000000,1136257.8924228307
510000,390496.45712898986
2000000,1779446.8693487726
4000000,4708628.44889054
1100000,1182239.600044855
2050000,1945974.7312348615
560000,596999.8887006548
1500000,1078162.7422912703
415000,403536.84894327616
620000,510480.43645670405
7000000,7822765.529371227
410000,387287.09327956947
2800000,2888717.2155702924
3500000,4067091.070451568
545000,564371.6285459809
950000,921736.0951574788
450000,453181.0689271561
365000,381476.0658591125
575000,538352.5469640339
675000,699399.8101233753
2150000,2230777.062530063
910000,976240.1722757899
520000,461428.22658715857
535000,545664.6300708246
1120000,1079600.022635739
1230000,1183197.824095732
1160000,1161002.6396004264
1500000,1378712.4066505693
1750000,1751911.171815027
1270000,1004741.734887365
1390000,1405553.7487359853
3150000,2751855.561857347
5950000,5278792.420132821
515000,528721.9111051665
725000,732165.7486695037
590000,542311.0754449961
385000,418200.0928885302
320000,326794.8130726588
625000,612726.1847230921
720000,716786.015675054
3450000,3453264.779583537
1385000,1384462.8136848728
750000,721551.5125550033
2040000,1996100.2077308826
8950000,8715539.301412689
420000,364926.66882153624
4000000,8955824.594712703
3500000,7829942.217225413
8750000,6918259.99699333
2750000,3707893.240917029
3750000,3363495.142922877
630000,625545.7808061093
420000,396402.7901868636
380000,357366.8861660289
2290000,2422730.349310977
850000,815272.1875288308
2220000,2229060.308443086
1100000,1008823.6644809295
1285000,1215263.7261675128
1150000,1106277.2824200934
650000,701247.5508674965
440000,462505.68064960564
125000,148717.73867182064
520000,502985.8044729665
620000,686837.4342575377
475000,525340.0867785066
290000,318820.8125111569
875000,904833.8370700295
630000,331411.7099187992
70000,114479.4144001587
790000,790747.9052357808
430000,432572.8147743065
285000,274276.6928820602
625000,653107.3807455526
105000,129880.45576484354
2190009,2219332.958964119
5200000,5082263.957523703
620000,668349.4608454636
1410000,1285993.8818544084
765000,786955.7209138834
250000,237820.93344903426
3750000,3740977.09204456
580000,604275.2502015457
1060000,1180817.6477611517
250000,215542.65161966198
1410000,1201643.4487055612
650000,660743.851581976
1150000,1307172.373568222
2000000,2017310.3493654483
270000,234634.2632533068
779000,763424.8522117031
800000,841496.4036462501
1395000,1412065.0473019145
2850000,2436197.9505001227
1700000,1442343.443499173
1935000,1821122.1588385648
780000,684227.8726806996
750000,652513.6989489782
1550000,1633184.9771954613
2590000,2817127.710685053
1500000,3825236.8457238805
340000,389892.90407447633
1800000,1899061.813631257
1680000,1329452.9067467554
1050000,863980.8779941713
550000,528539.0653859801
890000,870648.587328357
500000,539448.1468533755
3750000,3225731.5561505565
2900000,3342875.989830454
2575000,2084298.9896672904
785000,802399.564829004
460000,406172.82003230555
1260000,1394925.3576904905
2450000,2485732.065073546
825000,1068974.7478861585
665000,691354.035921223
760000,721110.1581579522
220000,237386.02587006788
4650000,4536226.17657723
85000,123525.44505297196
220000,263626.0981755203
140000,134669.26314768207
1310000,1333957.027331991
1850000,1597135.9922465957
320000,308087.7652885458
1320000,1146487.8811701054
175000,277590.0301843898
310000,332422.1013686234
170000,149455.95275559908
2950000,3102070.9352479754
1300000,1083807.8409081737
1320000,1250175.4150601462
295000,322657.9905752733
260000,212135.9756222095
645000,646218.7287879011
950000,1032035.4208963969
650000,626790.5228684389
650000,447036.9702749011
850000,785036.8644362955
1200000,1316218.5194307186
710000,723764.9107893183
1750000,1701392.0245195213
500000,527581.0443186251
200000,182615.36553615742
3550000,4095935.5878354153
970000,976559.6459720819
155000,121389.00877273074
3450000,3869987.1079743244
950000,749820.683746681
185000,214288.07278352493
530000,308012.0635483184
1890000,1655236.2818308377
450000,440384.5001225517
410000,477876.21215126914
650000,629188.4445425943
3300000,2925333.2122809705
2850000,3352298.052851856
1250000,1107677.3310604831
430000,426607.6369940951
2950000,2558275.0409539365
480000,535275.2471140951
790000,787559.8422235156
2050000,2119614.802836293
615000,608504.4405091528
950000,936743.3923905444
720000,690891.4454790605
200000,269206.75908961205
950000,986466.0521687781
250000,252890.06734650186
280000,240992.41197257224
1400000,1355469.506214175
1850000,1900604.4360706962
1800000,2254500.4844288686
2250000,2329989.6921876594
3300000,3206437.3127960106
380000,364503.72527654225
815000,830252.2643972381
2600000,2508241.594729526
950000,917544.4074739958
1500000,1553218.6412489563
1370000,1442142.4378979409
910000,1039542.3874746576
990000,1113117.8700278483
650000,632282.621500586
700000,651928.7565797904
485000,493497.20379376435
220000,268385.76701112365
160000,178359.215132166
2300000,2100621.073934723
720000,797394.7535565724
795000,855716.9357702978
670000,702002.4759985236
490000,562588.1581506458
1850000,1311353.3108709438
880000,849749.9270200671
650000,716923.3905273483
900000,933735.9706441729
880000,809628.8204839237
315000,352118.67390590615
450000,442069.4225073577
2000000,2240805.6163038593
1750000,1792980.5550596868
2200000,2182471.36097343
790000,794380.5240473659
650000,677723.2383887396
135000,157855.75166186332
720000,660268.1760963046
4300000,4342131.432150587
775000,959496.8096406347
790000,817738.9293106325
550000,602381.7547302116
540000,517772.4773196381
1220000,1072079.9372430583
745000,710106.8917250303
1450000,1344824.8196814442
255000,248450.75300097308
1160000,1014721.1801154972
580000,594548.2822871978
1040000,1002475.8441398153
425000,357376.7981781515
560000,593181.4017458397
4725000,4681003.450659789
1175000,1082349.7248537554
475000,477534.8251522111
2750000,2917722.108300704
730000,764894.0808577756
650000,393539.1888600956
670000,670156.6884142293
680000,749602.4630999615
3300000,3595965.4283923237
650000,602228.3496841496
1650000,1622949.3195107176
1050000,985461.8393008347
3350000,3233300.707658199
675000,778259.1690419493
500000,471266.3917378914
420000,327586.32369784394
760000,899679.1269476067
715000,555506.2257946
320000,316550.5771338995
560000,604990.6463303361
390000,393710.45743351505
455000,512081.916731154
450000,391569.1704959958
690000,610430.9158733276
780000,831270.5923684541
750000,823295.3607363664
690000,722706.6386503592
710000,594825.5931317266
950000,997687.8263512455
460000,409199.14572795294
700000,569923.4149360312
145000,148951.9537934233
150000,146586.00575012536
120000,65607.13347596934
725000,721085.4961851416
350000,320023.38517397066
315000,323857.6698036502
460000,447607.6744770739
450000,457289.5624426122
575000,457072.47026604164
850000,970865.3942876254
350000,329877.09151005
435000,413542.9656676094
320000,265217.57049886324
1300000,1395727.2846705872
260000,255353.93580857627
430000,516569.337809642
210000,140135.07273576537
1200000,1140987.696154838
1530000,1550669.5015546628
375000,348138.77876731753
410000,368808.0727530433
980000,1102767.4185637762
2600000,2572645.3719222685
1550000,1006500.6832161914
1600000,1414397.009462981
2100000,1065273.1583181238
530000,546006.7416563429
700000,615146.0820073797
275000,237032.63218309407
3350000,2758006.840737589
900000,834352.5817540106
160000,123744.01047023476
555000,581762.7334812228
160000,213789.09659740282
670000,561432.6337775006
750000,775970.5943869255
325000,319893.4836802955
350000,387712.95548066817
490000,495263.1621025134
105000,129081.38127698789
230000,228062.0545102158
580000,579460.9041313251
620000,803251.480332158
640000,611486.9894407261
480000,494413.02937879524
650000,634701.2248245067
690000,699636.9234507908
500000,486094.4586314028
270000,266138.4597329216
205000,445931.8151592872
70000,69277.89254775525
750000,707312.4578787524
690000,672727.0248550635
285000,346522.6955790011
560000,549264.7531410999
210000,237527.8986074478
900000,818085.2691212503
750000,659795.8433563667
330000,316953.3663538577
700000,676928.5256708848
600000,587579.6180515742
910000,1016805.1790942071
900000,973403.1377411044
650000,626829.2559011155
1180000,1072774.947788126
400000,402289.13945562043
2850000,2702922.9039518004
875000,853343.8331849985
760000,703114.1888310284
1370000,1284224.9147670558
745000,708372.9081897946
400000,426914.99897581054
900000,819656.1143911405
999999,919830.7310377196
700000,695807.4114090865
250000,208295.90153676583
260000,266035.77344399237
330000,315407.2903610154
780000,743048.7453174908
48000,64466.33198082847
930000,915196.7006311915
475000,474918.0107416541
2250000,2205157.269838171
135000,185217.9719397134
450000,435997.7376945474
2200000,2201133.398308153
695000,662179.5254767337
860000,837369.1757208139
2350000,2269621.6167632896
94000,111069.21386745128
470000,449617.94898174785
300000,318599.13313046173
175000,176694.82948777045
400000,387486.6141148458
200000,238734.20096827956
600000,598561.8353670116
1300000,1222017.5279450514
110000,110962.19624067665
1100000,858155.4840800558
750000,698919.6914236645
370000,470568.11297568737
500000,521667.52175834053
1550000,1454178.859913472
255000,207461.8890783095
700000,742803.1919125378
1800000,912083.7013583042
800000,606241.7048799933
575000,608434.7910644186
135000,99942.20382975864
1550000,1365216.5935035143
5250000,3901645.1897680033
1450000,1424484.4275991616
700000,718742.8754621597
2000500,2241619.4331666967
3900000,4271954.996094852
850000,754998.3992897862
950000,875625.5879601989
1775000,1527276.3881491357
830000,771951.3736480691
525000,577076.5427320708
250000,187826.96822425813
770000,856407.4769838683
650000,623585.5579530481
470000,549700.2767154386
350000,388732.01682145044
290000,355880.4990787465
650000,665143.5567479124
500000,490276.5063991294
320000,328685.6591649286
1535000,1416351.8241370257
350000,277626.89437578415
565000,679211.8022872376
470000,531082.6597102714
200000,217255.07050606416
580000,562946.9634067863
980000,995033.1343788343
780000,792332.5482978404
6600000,6293874.987019052
750000,699393.3285776088
530000,506786.4018214279
415000,477385.19104415365
700000,707013.6135280564
1500000,1510110.1341909152
760000,771446.6079445435
1350000,1337634.5532478758
360000,359691.85384393553
1570000,1723733.7541535827
890000,912329.5666838861
980000,1157940.1121026792
365000,332128.1237391097
1375000,1358704.3967176
1365000,1273973.5993235644
350000,354360.7804504844
500000,583872.2937163723
850000,841257.5573008701
570000,546129.3676657706
820000,788584.0214556056
900000,915212.535433987
3500000,2693860.613499693
680000,711497.6995871281
265000,256365.47048231354
350000,338603.32250367786
830000,738259.3327279784
250000,213200.36789591514
390000,412915.6112709351
575000,586223.0971790655
230000,201834.55385801295
800000,766489.6498266738
1450000,1459955.5269842844
230000,203955.7598872392
650000,641992.8369898414
330000,383269.5077042722
285000,350270.4346707665
995000,1099576.2183611456
450000,451668.4712343675
2100000,2024588.7278628317
5250000,4793099.806505265
2300000,2252168.926701316
900000,836877.717708631
680000,670448.3367267404
325000,331650.96148245805
1500000,1022480.1777315462
2070000,1985843.4432017496
2300000,1730880.0120465667
975000,916839.137027384
4650000,4690779.083940574
850000,830853.3589724351
770000,763891.6131106762
450000,467107.62073737197
1110000,1172082.5974435946
990000,951157.2578048402
1350000,1354064.6710750335
860000,873155.926925526
500000,500937.66084442055
550000,722318.318732326
900000,826596.6867884884
725000,716134.395986408
290000,303380.7811037406
590000,283133.24114311294
550000,620912.946749689
950000,1202189.8781588592
75000,74197.58689803148
760000,778410.627353211
225000,224653.45856366647
780000,688319.4819116561
680000,750945.4651344914
500000,449869.5881304313
525000,539227.4188611215
720000,742495.248506905
790000,787049.5077958797
8500000,7848004.195141918
190000,207705.57412410434
540000,572883.2417077705
450000,589513.6013997181
285000,292129.3043686305
250000,233424.5407894403
960000,1005085.9281354494
795000,716659.9674529061
290000,308293.6971366558
518000,596701.4565675276
510000,530211.9069791717
850000,819627.2967105872
900000,899349.5413330694
1850000,1518780.070930862
900000,1710399.7448100508
445000,362191.5520062047
670000,536235.3975241228
570000,633042.2234478345
700000,639191.9486559305
700000,661453.1112849332
330000,278437.28760545555
330000,294939.3592119221
635000,544864.5459807032
360000,424018.97296055965
4150000,4523510.33444808
300000,319388.16754773207
625000,645924.4256963655
550000,512045.2207054212
645000,694468.0036857197
200000,193908.00149873475
590000,612176.2469727581
350000,271089.5252260818
750000,744754.9626689658
485000,539100.3439056324
650000,614283.7447155628
700000,678559.9659918472
150000,181504.062445667
3800000,2814250.8130873954
270000,292771.8335657042
1150000,1036709.7831170652
360000,407999.74420162797
370000,333185.6044633192
85000,134876.9037411698
2225000,2127137.8383620777
425000,390615.9150552399
1200000,1090084.8748552136
850000,901047.2150075602
160000,141146.56419306452
5000000,5175951.165154998
1485000,1485037.3543044569
480000,491933.5739213348
3900000,3071504.031061283
320000,325006.7423947285
370000,415868.2350434973
1300000,1480174.9249644713
1400000,1340689.24023829
1980000,1585998.5401950176
900000,894309.1788401678
550000,520635.8350272483
989000,1073688.3826733252
800000,851095.0419558156
650000,690582.6801712061
400000,410917.078335056
255000,334832.68269176
430000,630283.942168543
1950000,2133307.566320764
399000,371504.5627706758
610000,591643.3164625923
520000,403191.19684938027
270000,289485.74458466284
270000,253790.71576075195
585000,675298.895361129
335000,247252.72697619436
215000,266287.5092129271
250000,238196.82392409162
255000,183468.75082582558
590000,583240.2872077847
880000,743495.5316681647
450000,500842.36118388333
1900000,1912942.6132441617
480000,455430.77416965115
630000,548748.7376659864
250000,235255.30955215302
740000,723707.8972510546
185000,189801.5077545155
1500000,1442419.6873745557
190000,194641.18943023513
350000,356084.1466090443
220000,304319.2840474509
570000,508240.52871874726
900000,875518.889233072
3500000,3789290.270111287
550000,457371.91614259075
425000,439264.1805865117
670000,642109.608009294
245000,232163.20039393278
260000,270114.03394752316
225000,237791.30573883865
1400000,950099.2447789449
650000,691897.5072171583
1700000,1819888.4713766263
820000,795374.1032019845
810000,802777.5569761139
585000,524851.2845295022
460000,488220.62139449833
320000,347892.7878454339
350000,222515.0458944148
395000,393081.7563411681
620000,552200.0385407632
135000,131425.1272861847
520000,533675.9429979438
520000,626806.1811963172
210000,200403.290562778
120000,170121.8477980264
770000,769966.1934014915
650000,739247.8612556458
2150000,1695382.0157090123
650000,647520.056090529
340000,401112.92090761143
155000,183891.77270063947
1000000,928388.4120796724
1900000,1984910.316462594
4800000,3096342.929960173
550000,563781.3097590606
1500000,1222536.1397787053
810000,790715.1106297375
1350000,1273794.233502048
1150000,1094823.4124129605
638000,688137.3983750917
2100000,2363937.2962243804
1390000,1446001.0883660046
1425000,1558386.0924329592
970000,894061.9740295659
260000,231666.65708249225
1430000,1612068.6332562522
520000,451349.24229848396
700000,720519.3137624117
530000,443891.3363941938
550000,588281.9272410109
360000,539411.4925715384
530000,553439.3665013559
200000,185423.8634609391
750000,764784.3503253405
250000,250262.79800275379
580000,575045.6019918278
1000000,232909.13455838722
505000,575182.5926604723
125000,110362.78615002465
850000,875302.7260437799
745000,716824.367805926
330000,262792.6341907804
475000,530215.3766518746
850000,823382.9138181035
1250000,1208940.6275037944
205000,191518.843796673
200000,257819.6020457173
550000,500210.8588871779
650000,474349.38723937265
390000,449253.7011782763
160000,165666.70975989057
340000,338854.78678461676
350000,346084.5623678289
1050000,1207704.350179334
870000,848693.6703570773
650000,641240.0791359039
1135000,1215263.7261675128
450000,432747.57501713873
175000,200451.05678485596
1200000,1152474.19714636
1150000,1173126.493250431
1600000,1505465.9981042868
800000,800514.6062048298
925000,1041970.0677687845
220000,235297.14442968564
1200000,1283097.747962798
420000,621434.8187006715
280000,248650.06763630413
690000,698942.6136982803
260000,247742.04816307465
860000,950219.2099358161
845000,982140.2766183945
430000,480334.9650958559
380000,347938.27358577494
240000,213943.32677568338
220000,267900.291966599
480000,466457.2499777082
360000,416381.97606144
1100000,1150796.033466499
720000,733212.2623693285
290000,296348.57663322124
600000,645131.3672354777
420000,413664.36160882504
380000,397739.88773296453
700000,760261.3546618288
190000,207083.34004649718
645000,508485.7962804102
370000,393140.6769370251
780000,764032.9395773681
350000,343720.86818703567
430000,412353.5078309378
550000,533948.1339841143
930000,914534.2314047718
190000,380955.7099072846
1765000,1802287.8395892892
850000,863025.3987527939
380000,352141.3342798446
1830000,1797940.1629797127
1390000,1077222.320581856
1250000,1207673.05007546
620000,647767.8573282022
2350000,2167934.3148920913
1300000,1081889.215863684
1250000,1222858.9532476154
2480000,3010140.698913615
1300000,1212115.942732193
3000000,2004777.5033375483
760000,821972.0942864958
480000,544749.4221374777
480000,573186.9314658472
440000,415169.2938347858
280000,304572.4455582994
430000,456724.07499282935
125000,112912.64156739769
280000,247291.83786495513
550000,469605.7595762964
1000000,1042164.5092371984
225000,240202.3307050725
220000,278727.9062742704
420000,455487.07413255505
1045000,1092280.3577627328
850000,781170.8430864579
370000,417713.6516583595
1200000,1008444.0291630032
1100000,1067028.309986364
5950000,5875430.514187215
300000,268328.96971717157
340000,359167.9033413681
1400000,1222990.949232578
150000,147972.79862131344
450000,392481.08080239943
395000,499423.7403229012
365000,291978.9469003746
550000,439918.8697248897
670000,676937.8783642595
310000,290851.38937730633
900000,1130029.6000096228
260000,251829.1271330745
600000,538670.6378759189
225000,318629.7210357598
552000,512673.01336601016
1290000,1347049.0110705546
370000,393269.3290601893
500000,428584.32822907524
280000,249840.57315920613
540000,530252.0122326837
565000,612818.5824571445
1100000,949871.79409499
570000,594096.589131591
725000,685204.9562547603
640000,699091.4404548793
875000,953150.5904862351
2700000,1293631.7765166285
315000,274816.4686666051
1870000,1416463.1200773914
1875000,1783605.9461960136
1400000,1363545.6769041836
800000,802936.0437827789
525000,538750.6207006525
220000,223277.3090643151
150000,146918.79436441773
190000,157325.91304737222
275000,281280.2832009635
220000,316284.6811897188
550000,495634.6125627601
290000,312290.5984694605
1000000,935225.4418470209
265000,284548.56252828374
950000,889944.59482488
440000,440372.69576846564
530000,522842.2366757633
850000,734495.7586201362
400000,415525.7798129756
485000,459847.7173948531
400000,417913.3263973429
580000,841525.2727696849
790000,793569.4453472272
250000,348921.19572544994
840000,828374.1264353641
650000,758883.775889946
1300000,1095574.1630914041
1200000,1238865.6418808359
900000,877863.2634416843
1680000,1851380.7793189767
920000,894905.0038386473
340000,342410.3512133744
850000,799661.6320301809
4400000,4051891.6259414423
720000,757074.9677932798
260000,492884.69281855377
4150000,3858523.317805328
3300000,3515899.974479255
2200000,2632139.0036030277
2000000,2073794.344552774
2660000,2586452.7661835314
200000,203734.2902730348
1050000,854576.8745133602
315000,347864.13064997597
550000,527826.5946288822
1100000,1015678.2153496025
1050000,1132676.088826099
230000,259932.3461506284
570000,579310.8600560601
240000,208185.95143556487
1280000,1220958.2161071962
930000,910903.2178972072
750000,741774.7765198057
680000,630283.2330183551
1270000,1077218.3141193567
740000,769545.8730471595
485000,443413.4659875862
450000,372199.80727469234
345000,310151.2598200227
800000,844051.3536074245
535000,581924.7387588145
95000,80686.70751064396
360000,337206.9129197197
700000,688160.3757193644
460000,530149.579094927
550000,498080.5475102132
4000000,3926685.7573911306
310000,305988.20039123786
535000,569209.8310946303
850000,863336.1596993493
1540000,1395649.0827358293
410000,403336.7030941713
670000,727866.4079325382
3750000,2060632.1824281798
1450000,1475077.437899701
450000,392977.3641558888
650000,575125.5140188378
2500000,2894641.1472688895
730000,917307.7548006698
155000,190968.0613532545
4250000,5148216.670881192
400000,305809.5341775697
620000,599147.4209989678
630000,602189.4901125515
525000,532598.0978622528
750000,558745.8625374899
370000,401495.04455743317
355000,352877.2076580985
365000,351599.35777826357
795000,930086.6010194129
85000,110752.29237909763
449000,678738.1609235667
630000,704896.4877140502
630000,504200.372435862
550000,625247.3639858202
570000,617897.1837545054
510000,526220.8218302164
1300000,1323816.5062791058
210000,190540.05808494217
1790000,1585351.0876098045
400000,392856.34017984784
900000,949070.8959574769
840000,883011.8271541082
1720000,1714072.7577200693
570000,588980.6154504674
730000,777146.7559399479
1180000,1149340.0441427932
1100000,1237619.0924332298
550000,593184.3886821355
2400000,2200908.3331524236
350000,351435.3347670922
2250000,2006070.9354363382
1550000,1508588.2659582973
1700000,1684369.7476131858
200000,171525.13491313191
590000,586106.9963930709
1420000,1370513.0530158898
730000,804690.8081805162
450000,516749.02886780276
740000,816702.6832755557
560000,544876.7476567493
2750000,3260352.5825968985
500000,517802.06160507107
3200000,3020464.3517579203
450000,560086.1232522312
6100000,6315454.477833491
1000000,320197.6799004216
1500000,1262236.5641586161
420000,432440.7793735465
2000000,1721377.6834170248
340000,346144.37106802
320000,428781.0563362429
895000,841697.7630758341
210000,239027.9596883019
400000,391369.9773664232
260000,268209.67786365
715000,755613.1421266553
1820000,1828873.005711144
625000,666880.6992284288
755000,755428.4863389108
500000,482829.4778031104
1000000,926919.1977693074
780000,760132.9539810062
950000,1084529.8940330804
390000,387125.16691697855
1600000,1477562.183313523
360000,334935.9951715165
950000,986567.6457486055
479999,487418.9731362082
360000,338627.80767203023
245000,227440.9830494621
415000,535513.8632075546
770000,760859.6099307439
240000,233875.44565851576
1575000,1482636.5117732359
300000,318102.00499214185
1900000,1850324.8170809937
1200000,1151609.2835437453
200000,786220.2689934747
1400000,1464018.8870855884
55000,60351.55433493127
210000,172051.17244193112
1150000,1146611.8136005192
1000000,972612.5687898651
950000,996316.8893603502
4950000,4038501.005778012
980000,926219.3153218889
1000000,939676.448655342
1150000,1013678.8524868739
4450000,4022400.8849786194
215000,233461.9252493203
450000,528213.0547842066
430000,421317.31977600977
485000,567886.1941269336
315000,313679.1312056986
385000,327532.99352130503
250000,243605.90538684648
2150000,1925817.0574574089
600000,602970.441945292
570000,534364.8147133393
900000,965263.7769753708
240000,258545.18409013934
580000,698053.3258835552
670000,687720.1284643937
369000,298406.4387108302
250000,275285.7869042322
375000,418777.17805511656
750000,681959.7490380225
500000,480243.33203512104
1235000,1252825.4978987756
1100000,1094601.9359596707
1180000,1189082.9416982164
875000,505348.43402476877
1300000,1340935.4706781963
320000,337322.9335819165
2600000,2143477.2013796647
200000,261497.01486796152
4600000,4481575.821989221
2920000,3365495.422199782
65000,135098.73957006878
140000,124679.65562524929
1850000,1534040.9976329368
2200000,1983641.151061621
4200000,4113269.8746781982
1450000,1331591.4516330215
4100000,4554567.176583403
1750000,1745783.77880884
900000,801827.998259294
990000,942920.9812213244
365000,280411.2894485703
200000,209488.82361417788
835000,839437.4023453593
700000,661078.7568059482
270000,277191.37473427074
325000,305758.87512784154
1200000,1124397.5181923935
850000,847176.2814677448
550000,478516.60469682555
1225000,1379582.8264900208
3450000,3813307.0217693048
1600000,1275371.8368767241
515000,641736.9447095216
230000,214456.52787112544
700000,837434.9094851692
1200000,1230160.5140542316
390000,460093.1391845541
250000,246124.5881589509
540000,573310.9279440339
1500000,1680105.2944657202
400000,396758.8173742988
460000,574961.8037651381
1000000,868444.379102484
620000,710825.8432776569
450000,410676.47752411896
950000,864852.1877964754
315000,272078.60211282066
330000,285445.0537478566
380000,459579.30629480106
860000,783662.1062073931
800000,711890.9069765089
1100000,1065244.5201890264
325000,395748.25387924473
600000,626970.2845224962
480000,437104.2271719346
670000,605971.2956282306
245000,247237.8219901928
650000,671127.5417984428
280000,368537.7105240422
285000,300492.2311941122
725000,718496.3343321657
950000,783431.7825112394
600000,598022.2914048107
205000,308443.3000449435
1580000,1461399.2185323057
560000,573489.3499492807
650000,705911.8550780978
300000,501405.7800730641
875000,988253.304437737
435000,403824.5126153161
550000,638769.6698037739
660000,648383.0300974913
1600000,1571727.2616215267
550000,514295.08917575615
1650000,1425556.6604792208
920000,954031.658128402
1530000,1572820.849699915
1700000,1571855.8562114504
1525000,1599586.2968683501
345000,608587.913843493
1600000,1519767.8532521424
1260000,1378112.3900055576
750000,477937.1535038627
800000,772529.2306953246
190000,236944.8366661734
400000,429325.4711788891
420000,633373.6854286169
250000,216374.00614341677
2000000,2058169.7156851778
2500000,2316035.886596361
195000,211769.8768168923
585000,527760.853448457
490000,533954.1897779675
375000,432761.24381431483
1178000,1184225.8776197091
350000,391091.6100282445
750000,775790.3111205483
395000,349015.0532308025
685000,670199.408655675
1250000,1364053.1100832955
650000,619797.0842971444
370000,377181.65379234974
990000,989411.1294780814
500000,492481.0616782221
750000,661021.9282359795
650000,627435.9279317311
825000,785301.8994051185
830000,1053048.5969666175
500000,509616.87362448085
2950000,3204148.098439525
770000,762129.1420515438
4500000,3765441.021404495
5500000,5928685.270146944
999999,952019.4060552751
700000,626327.933421706
380000,412730.1187747446
1625000,1591730.52894374
650000,597795.1709267308
300000,286353.0059678942
260000,235381.30657970172
5300000,4509659.162683524
900000,835758.8999409672
1600000,751972.3083997386
620000,692518.9595795955
320000,186066.35499187204
265000,237640.1893748671
460000,455389.6239521313
700000,580400.9390860402
390000,390221.4605218181
2050000,2127511.6812343514
275000,252122.5069568425
600000,580431.3665000098
200000,232928.0289895732
210000,222385.3175600562
750000,711140.6810565284
565000,643333.7515719136
750000,701641.9017580424
450000,526110.4107157133
1150000,1108565.7470797775
250000,241942.49830718976
970000,953204.5231169461
400000,526148.0709487564
790000,684323.8762055938
720000,747109.5938880326
480000,580715.0788539436
680000,713317.1755016232
699000,845018.5420453966
90000,117142.77980094551
2100000,1795170.3320825498
2450000,1410745.1677134177
1150000,1316634.2337236907
650000,823904.5150948513
1300000,1271485.2603939346
2600000,2381254.002928136
2650000,2971601.1487482577
660000,646914.9026803924
880000,794674.3257331036
7000000,7992731.083650005
8600000,6621958.198359368
2600000,2622771.9850519965
215000,228474.3514335182
210000,215068.2495383829
215000,281924.3874514344
600000,595880.2872611843
970000,986290.4526889636
650000,502465.6664631867
1375000,1394991.0405331955
1930000,1763077.2797887078
500000,517336.7106088402
470000,489596.29588410654
2460000,2955517.6526102847
365000,349259.97596847673
2200000,1967048.9067789644
1480000,1448808.0417248767
280000,261215.9475641525
520000,416134.77808380604
600000,652531.2424337358
690000,696017.7247412772
1650000,1453177.826033321
1700000,1680402.9598424055
700000,708728.2366354262
595000,603589.7496311038
1650000,1819051.9198724937
620000,647321.2022115748
570000,611614.0149977831
650000,737457.704623826
410000,363332.6740602588
1100000,1074111.7947032475
1140000,1127956.759942409
1100000,988496.2604621849
600000,606701.7750369629
890000,846265.0559693349
570000,551794.1183420713
690000,684065.563474819
700000,767595.2266973464
340000,329582.7673908396
400000,406239.5649631132
180000,176339.7201915
550000,540871.7436053123
1250000,1340590.8069254884
880000,929091.0168606942
450000,472858.6134242105
550000,520362.84495857166
850000,652109.1481371765
850000,820138.5800320467
700000,760411.3653396909
600000,573088.1437928933
380000,402530.26671464636
2200000,2090838.434340774
270000,277052.6863997012
475000,568168.4063258066
370000,461948.6831484055
450000,356145.78446014115
340000,372832.6293345081
440000,340803.61600912974
290000,307081.99018694484
235000,253919.00288075279
430000,395223.5710139583
185000,163479.59605702755
400000,426699.91395795444
550000,432822.5741470856
630000,612287.4745822086
145000,108822.09377045058
850000,744886.4793616596
115000,116102.14723173046
125000,118105.92315594337
4080000,4613411.249022382
1850000,1990888.6058102215
4500003,511440.5101295098
560000,624101.673631432
2000000,1955395.079903135
1200000,1571928.9996512493
650000,655176.3444852126
490000,413341.9859943929
1100000,1077042.7448555238
575000,445286.0635744615
500000,563750.8076257529
3250000,3402295.9147972553
1175000,1189436.984946013
1850000,1683817.6966090002
550000,505873.74942979653
1850000,1904927.770803777
985000,1120317.440540465
1350000,1396222.5765266856
930000,912290.7394567857
470000,459185.1622605698
850000,835654.1825194095
450000,518118.1405396608
1100000,1035569.3001207516
600000,598093.9310678816
490000,440043.75670864835
450000,486934.1626043433
1250000,1003367.2502414233
775000,754024.8730559564
230000,259827.52079051474
820000,879035.4098101818
370000,353157.8120413523
2200000,2160113.8349224855
2700000,2810045.7941122367
450000,576146.685113895
5200000,4333375.205468945
450000,450630.3764589106
210000,658532.0568892591
625000,546745.969029494
530000,523339.59185519407
1000000,820163.8763177424
240000,227600.4817130483
2000000,1759318.6442159615
580000,518898.62636084546
325000,461520.78770318325
400000,417217.36116163176
1500000,1802324.4218460678
550000,547898.0649366213
615000,621658.2494768489
1570000,1505288.4415829564
795000,715751.5520185648
1450000,1498170.074824855
650000,653389.8300687956
1670000,1719719.4843504727
580000,607278.7765981556
8649999,7404047.967003153
750000,782890.2129438824
1050000,1083911.3076399048
340000,332388.62466923654
270000,303489.7419894129
460000,503314.27204165794
5200000,4336959.973403635
1850000,1701565.4777625299
650000,571836.0275743434
400000,430006.5511399542
560000,596772.6273078964
560000,527895.6080302058
515000,484493.9767299215
655000,616794.6880139954
750000,889558.5404295673
210000,324742.03364476765
185000,233153.62620090888
510000,494372.7648552305
250000,258670.89382968418
300000,279917.93361430935
750000,799105.2921955395
800000,583380.1162007109
440000,427346.8461735643
1250000,967511.3742975505
2250000,2004366.8366753834
290000,298397.0954627047
1450000,1465963.381397652
2200000,1951415.2820349177
1250000,1189976.585423516
640000,653877.2909216088
1300000,1193158.5772000584
660000,708844.9571600673
1150000,1181508.64030104
900000,920834.5478346976
2400000,2193505.242994803
45000,54397.06164972104
550000,516306.6354999741
480000,619045.4519593447
1100000,1101106.715740846
1000000,842441.2830216717
2400000,2739121.511283741
1750000,1669524.4330719346
1450000,1382445.7335539937
5650000,5904124.660301549
2000000,2056228.8364996742
1690000,1680074.3864373125
1000000,902516.0484318746
500000,433404.28711953753
490000,446907.84340115206
380000,360576.56977341796
3950000,3860677.9280197714
510000,492848.3120299303
410000,399941.9759867307
780000,740112.716332392
380000,300270.2622209913
250000,198484.68843971373
560000,526577.5004638004
280000,241588.0505669148
770000,759493.3591838103
290000,239281.75497750877
440000,417394.9515092141
560000,537144.9131190162
715000,764183.0733550823
380000,552663.477968003
1285000,1222287.3178598143
1150000,1163809.545816582
620000,583157.0672294435
450000,451647.69438376673
1250000,1086717.7543000684
750000,654235.9998639937
650000,760498.2783789675
235000,228525.87531444934
340000,336626.1549621942
1275000,1245869.6659891016
225000,198226.8540180622
1050000,1058436.3551940548
500000,501143.6312441205
250000,297642.50547221117
800000,779038.0250574927
275000,366525.52548947395
2000000,1607443.312081899
70000,116474.09511695024
850000,800616.1630074225
830000,810324.517225503
555000,594744.557247413
580000,571839.0327171987
220000,272398.0832109728
1080000,1133482.0723324767
250000,250756.65616992218
345000,338929.5955109446
810000,725932.4384050551
1615000,1606389.7621826683
320000,378791.1276274871
3250000,3201450.2010378432
760000,714237.9011868513
270000,218114.2088419886
6000000,5722651.466165166
500000,586276.0922228497
620000,652366.6961777502
240000,242734.83970394245
495000,450337.60174588324
620000,622340.6568755583
480000,466935.302229272
370000,390707.2915989715
1250000,1183499.5399549112
460000,439222.1134827148
220000,217597.54645854604
1150000,1038427.7635718652
1100000,1101448.9079817694
1350000,1283529.3679449107
3250000,2610839.918837914
780000,796920.1722978605
900000,944023.5033909562
3450000,2840868.03229758
1000000,913190.7372513708
420000,375994.90023626597
680000,633834.8304168019
350000,303850.9765831389
335000,365643.4125376271
350000,270272.7886518368
510000,608319.5540936535
5300000,4878022.633691844
725000,783839.1335559646
550000,639718.7534534323
380000,383797.93397031236
270000,278304.0380221398
1450000,1304136.5846775707
950000,870599.5876482513
1650000,1580992.3789768398
580000,743076.2570203698
450000,347386.86397621164
100000,140000.94204639085
380000,397237.75679023366
585000,621978.39352272
250000,265418.98218612105
140000,152793.47022109825
660000,763762.4103653484
190000,229202.16157460838
810000,725563.6023822125
470000,427831.5927885374
640000,649683.5681705358
1450000,1501025.5923525274
1150000,1082640.1199630129
385000,395744.44066549005
650000,679227.9603137673
1850000,1920019.1885053462
1150000,1375480.129509621
2000000,2050636.6340412681
300000,324098.3272520632
795000,658666.9472440997
395000,393465.76043924224
130000,204071.7316565149
170000,194154.05733276947
600000,629518.0113619391
185000,219230.7331634028
650000,579577.9847608414
670000,705344.7077574489
525000,581771.8577602429
1500000,1332000.913604557
305000,284550.23855909606
1110000,1111086.984387151
450000,453983.0217088093
660000,677245.640618815
750000,890939.3815831976
1350000,1374723.2327049386
1880000,1777031.200738075
500000,441739.9984316504
350000,370825.8899096795
800000,776176.7578206816
790000,765411.8065269366
400000,370086.0321962811
530000,567560.0434676933
225000,230197.4407485547
250000,156116.91696780105
3720000,3343590.007113317
550000,493378.1435703521
700000,774890.7234811218
700000,714229.118638589
295000,296083.44466930587
3330000,2658129.469129797
245000,250256.52549102035
380000,420261.5141787151
400000,392358.5234442676
450000,450629.59170922346
420000,411158.1782047559
110000,135730.184979489
670000,643649.6646421324
280000,305003.44111351285
890000,914114.0792924685
89000,121646.79426071497
515000,473476.63315290806
2600000,2400043.910628472
925000,821442.0481843881
150000,147454.8898917877
3450000,3941957.7205946464
1150000,1193193.6915712666
1000050,766196.7842839482
580000,644362.358562163
2850000,2823927.4665426193
8600000,3563131.2685514386
249000,287809.33150601166
5600000,5841540.689323357
1420000,1358870.1461098238
1750000,1744896.7636219133
520000,454987.73558703734
525000,518351.8442964199
1520000,1247599.719288358
650000,688445.6671345673
1150000,1003713.0303045727
320000,355343.1204511158
1400000,1276098.0542451313
770000,851382.9234610327
480000,563555.7427330228
550000,532313.0075941248
1000000,838723.4037928093
850000,837091.6307135366
1280000,1170658.2796260638
600000,742032.773820692
580000,506261.27346186613
325000,345941.4219201744
1250000,1030727.0473507179
600000,562028.9263354538
325000,357479.82371774927
360000,480469.8813259769
1200000,1091597.6945676322
420000,299833.34837328433
350000,323960.344552878
420000,367932.1375829609
585000,660384.3476659232
555000,523800.86746535165
650000,653274.1146365891
750000,742188.8653631073
390000,424704.2797417625
650000,697634.4005283834
330000,348203.56482761155
350000,352372.33429456525
1200000,1102688.68079699
175000,246143.78435189213
1480000,1465361.9566924798
660000,630695.830200449
1450000,1420710.5552551097
415000,374573.84604448813
320000,254615.87462044077
490000,474567.39126279176
385000,359472.9599062491
150000,217427.2177716454
190000,193753.09713382664
455000,525614.1694694795
700000,675786.6871351148
520000,557934.1862110565
325000,311824.6440544747
1250000,1038625.3863129732
1500000,1221987.789914052
1600000,1557036.0558220919
600000,580055.5307260802
370000,455131.5480386983
1900000,1880573.1024934016
850000,795453.0250644825
640000,629541.7530962912
395000,330214.1519058706
430000,511860.3481251237
2250000,2514657.3749620044
220000,264236.40914890554
1000000,992280.2818254048
420000,457743.72532059846
420000,445961.7228695415
330000,350109.4792411774
340000,375022.6876851941
750000,675493.5835489336
320000,337076.3839427051
650000,578846.6650911247
700000,689728.3817432368
800000,806872.6815977864
450000,381487.63599307433
500000,663461.6692103837
360000,313673.05792395264
370000,498934.65905690996
400000,420103.0560466178
650000,591913.9457620751
750000,686157.6783227538
735000,765355.4470594212
200000,226166.33089329046
665000,676247.7315285163
3000000,2108417.978574353
2075000,1788179.39211916
780000,802444.2343145568
610000,553811.1064974417
550000,538039.5330869489
620000,618613.0365582865
1600000,1718398.740966504
2000000,1410619.8903541057
2950000,2949246.0180409825
200000,208039.06348885258
1800000,1435183.776203331
1330000,1112613.5339319264
270000,277308.40159188904
730000,750268.3328123883
770000,811998.4368968307
1480000,1491751.4299792503
330000,398362.72540214413
350000,391288.10050117
460000,485218.21355167544
600000,517414.95685963705
450000,375594.8778384707
620000,548728.3733476865
2150000,2154442.6467344067
250000,234324.37127894638
750000,801677.7551256976
300000,337063.93273979693
250000,238644.5329977413
425000,631033.0225211022
865000,913666.4071721955
500000,765419.0673243096
190000,230710.5223649197
985000,1152545.4285189963
243000,335072.5787676534
1100000,1106275.9401083014
700000,681670.7883871335
175000,212257.06092436682
750000,713522.3419553434
400000,292497.1148068993
600000,551002.2493945172
3150000,2791525.8482683073
1590000,1582433.332333035
475000,481979.64241242886
720000,657799.7145459973
1250000,1339238.488618201
680000,635399.1565339146
425000,464130.1962579522
740000,762881.4902148693
460000,483474.70192888175
330000,373080.40540972195
750000,867312.3364243204
2550000,2549983.830121121
660000,728826.021366802
1500000,1327415.6865202636
300000,289683.6718009419
1250000,1280479.463723099
900000,857501.430144511
4300000,3921231.370714245
1295000,1215625.8874374123
4700000,4227504.238982533
2000000,1890391.4224298734
1290000,1095195.8106557652
4500000,5686643.280800728
1320000,1266199.640929183
300000,304858.69164381357
1250000,1211833.4149660752
2200000,1709610.8392765138
1100000,1031692.8888233545
570000,573179.6448377937
650000,770771.6796711915
1280000,1434509.8327113397
340000,406380.49489571276
1350000,1229015.4167577515
640000,633554.0103230415
1550000,1038877.0546356925
385000,316677.96449486254
550000,533363.661857888
550000,592444.0374279451
700000,720047.8169401368
465000,432193.0949504286
2250000,2253880.337511229
470000,482689.50882461877
2450000,2384952.396201513
230000,245696.47876018393
205000,208059.12671171848
630000,572551.3698908477
280000,307965.21272215666
350000,434402.55688602827
470000,522998.2156789973
250000,274997.8254067117
419999,445058.5111882091
600000,598795.8111455728
360000,399382.3428675806
630000,610280.8324325621
850000,831977.6099046282
35000,62742.76123990745
495000,528872.0340378479
375000,326014.2081349945
1640000,1333146.675725104
1215000,1206043.2166770713
5500000,5307986.4319864325
350000,379685.8281843529
40000,49254.074785460754
2450000,2534023.0378656923
1875000,1871962.0073314633
660000,657765.2825740688
240000,273023.06285334507
635000,608049.193107181
850000,934001.8470997843
580000,546827.2056680194
700000,766351.1557110318
630000,726542.9486354506
590000,582295.3607709656
330000,400994.73703255755
1615000,1600701.696713609
2300000,2380682.1441273345
2680000,2682807.5018596756
850000,852256.8573552964
750000,816311.9824341445
540000,634334.4664611198
3100000,3498199.340099584
2350000,2342215.290525503
255000,257251.3620082681
700000,689372.7723100114
210000,228733.8293119556
2400000,2237664.147289426
330000,285735.6214071609
600000,657307.984038503
975000,929906.4702857796
640000,632305.0730927002
950000,954566.6407999707
1050000,956833.9959242332
500000,525940.4180496788
580000,555732.6071008822
550000,522809.0736576798
475000,535162.6898063156
620000,712997.4199823699
670000,684536.8921953575
635000,659498.6441914594
685000,646181.9806712156
365000,341471.1623794985
730000,730730.6812739294
1100000,950596.0394098114
950000,824697.5547904703
500000,597354.6216531759
530000,467809.9392543737
295000,252556.46083868598
380000,338563.9054239003
1100000,779000.7419045902
210000,170018.64747552114
350000,345899.5410799065
435000,433275.23552466073
340000,545243.8732915351
100000,109364.63033275669
680000,727820.5213780722
380000,388283.97187932313
140000,127289.91665772718
475000,602320.0207417303
375000,361994.5607126973
130000,131728.1829708289
280000,225570.75293178542
230000,355864.66493635165
480000,560121.8195236926
265000,297655.6007727048
550000,523503.6780590844
450000,448559.1523355669
1200000,1227193.283396138
340000,312796.69352883805
1900000,1659981.681046828
240000,294277.9650362488
420000,396183.34544502455
420000,414332.78354949417
650000,692952.561299342
360000,324470.34096017125
500000,507705.1755633801
560000,502221.78759491444
330000,415344.75888535386
250000,320125.5358806205
360000,386025.21954818186
290000,413415.94620774064
700000,674405.9868861339
290000,238818.42060707294
500000,497677.8168580069
2250000,1852967.6722558718
150000,210213.7544656083
1860000,1565917.9382070727
1450000,1374756.3506311288
455000,379919.4509983792
520000,493895.00089062366
600000,598135.0963585846
4950000,4882374.831965687
370000,376533.5928003534
800000,684150.358447205
1600000,1681790.8396259942
470000,608500.7551082952
1380000,1321457.5252023898
200000,187633.62071571534
220000,205882.42218642033
910000,946244.3916528508
930000,907228.3975275398
2050000,2216693.751907139
975000,1072686.7278821548
750000,749149.5324469681
1710000,1630308.3272103975
395000,353694.4532403435
230000,261586.02011296747
310000,250539.1017666644
780000,829430.4139544906
470000,461330.1580850242
1700000,1882118.3525539192
400000,406223.8551740479
570000,627540.5446427956
210000,225026.0374573261
2950000,3332806.4388623238
530000,591833.6397514376
3500000,3259196.704526536
370000,383440.7043606684
270000,233733.03571390433
530000,500599.05515252176
320000,347982.048139749
390000,464820.8597625092
1450000,1614216.0820117125
650000,695992.8893602518
1050000,995383.3661906817
450000,430996.01838096004
670000,637509.7434745635
1300000,1226363.2175522977
980000,922075.3651559086
900000,825234.1820315841
75000,69302.64968418347
825000,801410.0130419234
800000,652412.0733990343
210000,149021.142617122
850000,887522.8255841956
770000,825611.2970026722
650000,518231.5186436867
215000,212604.12404904494
710000,688389.8673909308
400000,469695.6515418983
1750000,1581887.1309348785
650000,631829.203518849
350000,401722.8535877782
350000,453412.8315753854
1300000,1090872.3567851435
320000,327932.9751668305
2460000,2469165.3031741823
1850000,2374396.7557266587
800000,779195.3564952054
2900000,2634335.2882891577
630000,650049.3326463477
470000,500928.9073262534
490000,479915.6182308297
810000,712380.4133532605
520000,495675.41355285037
500000,550312.3515544031
350000,278681.96108356694
660000,612277.5495326465
290000,366281.47030091163
240000,240441.16686746484
850000,814323.0850255331
2000000,1956621.303241615
300000,268653.85855912894
1780000,1505973.8785794093
295000,284121.5622450138
280000,259001.5672550206
670000,689608.8299105274
570000,562955.968789155
125000,156434.15249355536
510000,516400.3079370572
1410000,1413614.5456559793
1800000,1775517.1191329039
700000,729696.9944083816
300000,319330.0493565293
1000000,949633.2867786111
325000,297072.36564814596
4750000,4179939.569014633
760000,680725.1074108512
500000,372932.40610984026
115000,144378.0213907077
1850000,1782188.7157154817
350000,347541.1256377971
625000,640226.2885030883
2450000,2874700.0975935115
990000,1036387.8727466911
1450000,1451977.281717272
700000,683625.4991362602
560000,586071.0203919681
70000,61714.508805297766
750000,813167.6633422783
870000,768978.4182532346
560000,565644.040403802
450000,406239.26153405715
400000,388454.69077718625
485000,466476.6676537569
600000,592990.2523799253
560000,651896.0812009545
260000,214444.75613664748
630000,584829.1259495502
405000,459523.89566061174
1400000,1329038.2148294665
885000,801175.7226991227
260000,266665.682770562
2700000,2756717.6854592543
2200000,2100281.0948443674
870000,937149.4993174645
735000,751837.3395117661
680000,769595.3392556118
180000,256611.93123561394
1650000,1574497.1032470262
1800000,1525206.8481875067
1300000,1351113.2354565407
1050000,1032103.6242840496
1050000,898294.7558406987
160000,243322.07191247735
285000,283143.7561155576
375000,373525.9578826806
1220000,1243082.5969846663
150000,139127.8287971543
310000,310703.55412229866
1100000,1244310.5902174667
1250000,1318528.7978589088
270000,302413.8819630732
275000,251636.3742953511
170000,255452.759315282
500000,699226.0847381162
530000,513268.69523836765
400000,370265.0877803784
395000,364699.3712167142
770000,730624.2196728342
438000,483740.22834450885
35000,64463.31699735038
750000,723499.4367940496
520000,466767.3153083951
750000,757608.3250607601
980000,1070171.9978720064
600000,521340.0895952318
1150000,916749.015426808
1000020,1013372.5700522701
240000,201920.8349238087
250000,258938.31966428855
500000,522362.45267168543
920000,800929.0616613841
580000,611863.5594252697
290000,272169.3747922244
140000,141187.03363264195
870000,760646.8016088695
850000,1020772.7068721975
630000,610780.3339698401
785000,829143.5127402614
750000,839640.1622720322
570000,913965.8946573118
300000,312591.7211560044
240000,263037.3342330129
875000,840814.8663819276
500000,553264.8494467884
220000,220285.96409190283
550000,555287.6327002146
330000,294714.72426589136
680000,690531.6455180024
400000,466018.93795650144
460000,485952.1346884867
233000,217345.03884726937
55000,74388.22016058685
570000,597667.9271988213
760000,755428.4863389108
335000,315643.09157717344
850000,794254.1039252625
230000,203234.98824464323
450000,498573.1485679124
650000,767641.4052373617
320000,475217.74073143024
250000,307884.2102541075
125000,181930.7094310357
600000,603339.5883113398
1450000,1423046.982112815
550000,498604.0737015
250000,376678.91248742945
1500000,1655899.2783321168
280000,299393.1443442357
660000,718834.4982617728
1100000,1092550.1615477842
475000,716518.4230669299
1800000,1647068.538045429
750000,757976.061241823
750000,683961.4268806766
225000,212180.58313827973
450000,449287.09493638127
360000,286351.1242227979
1060000,1015698.5076463374
3850000,5370823.138129514
1200000,1190751.4596534243
1220000,1182084.3208982567
200000,166902.82249088373
325000,297977.5865992442
1800000,1829427.4611517643
420000,500885.47975262924
1550000,1458022.5941346888
1500000,835572.456518415
755000,780026.14475361
3000000,4565011.166455597
1050000,1086406.4976480072
690000,732442.6941548728
720000,629829.8028185681
520000,515694.6784912381
559000,497217.10357457836
550000,559832.4093581674
800000,644435.2586963085
385000,366682.2004309579
145000,151591.3661232876
800000,857532.5149941614
350000,363619.80588078446
1050000,1017755.863834797
520000,508280.90966200345
650000,654549.1065371071
520000,545321.5737726819
750000,678547.2473190879
570000,599894.6538608625
670000,652924.203531449
700000,727227.2566978378
600000,583160.9982245583
580000,582473.4519778411
950000,814554.6799759933
350000,359106.27271716204
1080000,1143124.2448113207
400000,445283.974217255
750000,711821.1015280264
530000,619262.1094129698
265000,298695.4681630367
850000,591647.6972306125
425000,295580.0583413365
210000,203708.86048119448
230000,224467.57749247312
600000,581884.9755324705
2260000,2239323.973016256
2450000,2316344.9736136114
3490000,3219735.278053456
900000,942574.3008903757
1300000,1173788.5543815878
890000,827891.6514806442
180000,183415.60635429554
1150000,1171335.6316470637
180000,196067.0122303388
550000,580606.7937163175
925000,830067.09667873
607000,596942.2923596317
750000,1053039.5809775058
1450000,1565023.3622099655
790000,805885.789447058
850000,979057.1588387245
750000,825768.7328910085
950000,968480.2066833056
250000,326020.37340238155
450000,379573.1776161834
1100000,886377.9218840888
1620000,1494396.6055651715
820000,779062.1196846345
350000,369864.43810483423
770000,687869.163318185
650000,731714.1329315937
530000,563172.6779413471
360000,311951.41401290416
680000,663552.895203242
430000,462139.275990972
110000,107616.36804938216
200000,193122.28150903177
785000,766230.9531795076
500000,489601.6245900339
650000,714675.7745868478
550000,583296.0619511846
290000,314179.11265539017
500000,510250.63850105007
1030000,874939.9124102228
265000,253306.0240609115
830000,835999.3676613269
800000,787273.040400391
200000,245233.01197135475
820000,791186.9623270859
735000,783143.8009930047
620000,646963.4927730211
210000,206418.8217970637
1650000,1390802.6622669017
410000,401351.64069647377
700000,736774.7769485489
530000,510450.4120339938
400000,333140.0662572442
335000,312501.97980173345
1200000,1077246.0647577674
820000,951581.3726244656
1600000,1893887.2687483055
1190000,1103840.6565390872
350000,363420.9822402717
750000,800314.2487053087
550000,832931.1211223829
780000,647543.4135518481
950000,919483.6730260586
3300000,2607891.031074737
900000,918763.6879008316
650000,773277.5439143201
750000,762464.0197397062
370000,418191.58029728546
980000,1056605.6888960465
320000,312972.37744009384
435000,493315.41455361503
699000,693249.3648085619
650000,656503.5175265969
520000,537712.0810712246
300000,456905.7653223908
320000,290904.1686701479
450000,425556.78106130206
750000,680271.9159412854
865000,838274.5018694524
800000,976620.0046008202
260000,323650.0128578521
350000,350822.73033267783
1700000,1622801.7069545547
700000,664254.0004359101
210000,216492.27688606267
180000,206387.35740626426
850000,845342.0732578455
1500000,1466587.1988985671
650000,662575.7601831806
330000,372485.13906539616
500000,633813.6710896698
485000,519041.4723932291
800000,848790.0842319832
580000,527399.0124914367
235000,228013.66458690618
400000,446434.6849114608
450000,546004.4068577231
550000,646733.9334013095
670000,669317.0468279175
220000,278638.2945937398
580000,479793.15701341466
310000,279782.0804712204
1850000,1583736.967932386
1200000,1033104.9308703309
250000,247354.76745492936
800000,693073.7491488804
1050000,964945.7492612528
2500000,1873308.9440040826
680000,649051.7331486926
220000,222295.1501192542
1250000,1404076.61752427
3250000,3878672.584353234
650000,617659.2184632825
390000,433602.65373794094
580000,573141.934952748
1000000,654031.9338557286
290000,320219.2224327042
1100000,1038868.8801844263
560000,510880.17429603345
900000,866942.8329835122
700000,603896.9357806528
210000,183427.67112305577
2000000,1931620.0860575377
340000,309518.9720908283
250000,216436.9088126947
575000,651805.4991268881
530000,495079.3988713979
800000,730846.7219234501
120000,106687.86605279738
430000,424102.0278978722
625000,607660.8003904539
520000,618749.9114636801
230000,254459.5600658482
230000,206659.05448521298
740000,786264.1356972773
880000,869561.3067401844
450000,523303.6600141417
2300000,1734861.6439678257
770000,801448.9205995187
1750000,1636602.5504648122
1200000,1096013.732333441
770000,1026101.5968631662
1300000,1323141.2071886344
850000,946123.8699411078
1325000,1287581.9611768825
1450000,1606488.0605017042
1400000,1374061.537448626
235000,235795.88608374965
575000,510578.20729389024
85000,108699.15655826678
1250000,1276298.9660071183
370000,421988.55423985684
1850000,1954253.1556419788
1400000,1044852.5269976495
840000,793657.6632827864
850000,930171.3374916042
1200000,1253524.7394277968
450000,400623.94325458
280000,188881.54835109253
800000,720078.7522831856
740000,688411.9749923847
370000,383997.48406986846
800000,937857.3644470623
295000,332753.83268781926
115000,197331.5234007781
210000,230317.8795823521
680000,593777.7251054535
535000,539227.4188611215
690000,938720.8921801284
1100000,1105056.8645835894
750000,731503.0430047453
705000,675090.8511430972
499999,482081.0642737915
720000,641042.0542855014
1000000,1007710.9819304644
530000,518096.4349404372
1200000,1192156.4403024085
790000,813423.713401026
800000,1154426.5589659966
760000,729516.0875775965
450000,450609.6810751199
530000,507892.3361245648
325000,282002.42257624277
510000,502404.20691766293
350000,281545.8101004704
910000,848352.7830835821
290000,191340.4281120783
780000,649389.2700889315
665000,649435.1776820802
760000,724927.3254761903
1900000,1960487.0105107338
410000,399779.24955440284
930000,873647.4595295069
200000,254238.73333008093
340000,276626.69593009335
1899000,1975697.9643405892
1330000,1130562.8446234316
1220000,1190676.9244852872
270000,240042.72094444625
930000,922781.6191598254
900000,822586.6938789936
1500000,1458391.2155449053
240000,228488.09019643633
685000,702389.6978216184
1250000,1447800.5405566297
460000,508686.6369053392
925000,897366.9483000919
580000,678504.2784746195
720000,767397.9394022678
380000,307728.21405262046
530000,504927.8410764515
620000,611057.7260871337
880000,779405.388020635
490000,497847.9795758157
925000,850540.006731476
590000,589716.3234280149
98000,162123.32322844214
240000,266592.6943572949
320000,267015.9673642394
770000,622296.6690333177
1680000,1633453.218288565
600000,542751.2511985751
1200000,1396985.2776218338
2000000,1869082.0328854632
825000,749996.7504425067
750000,512990.8689613757
1340000,1339016.981715124
3470000,3288833.2769375355
850000,528259.7020281502
1120000,1131900.9788890383
720000,718439.1061711325
620000,598655.6104205718
240000,248655.3174356065
600000,601911.7329634662
550000,523616.6599015149
200000,207844.94895983694
470000,487420.74753268535
130000,193299.43589037895
690000,672543.6703480805
875000,845207.6843705656
695000,674608.7955350258
1250000,1156184.8323236518
295000,326720.2861365713
770000,778894.3031982728
590000,560799.3924793464
510000,459253.07138946484
2250000,2159646.5798352547
4050000,4235061.982462929
385000,411760.73806189
440000,453424.72952415823
210000,313161.574578843
275000,301678.0739471226
490000,443861.8431180409
1975000,2275672.7310288297
450000,425033.10319403786
820000,785839.8304239657
300000,361235.892211437
425000,400802.53664672456
325000,309025.73144376324
430000,374894.5936300563
670000,771515.3800601008
320000,391882.28273163445
1280000,1136639.2626127657
2000000,2560992.7091351966
1020000,1088826.4268879453
750000,738870.6362224364
1600000,1428789.5706425644
567890,564712.5967194624
6200000,7261899.234377086
1350000,1378134.6717493588
265000,222656.26769528477
3300000,3023497.261768937
650000,754713.2080736111
850000,815934.831563337
330000,301755.4716231224
225000,237913.66964567773
1600000,1445676.1597019543
450000,464436.01915130275
120000,160177.14914279687
360000,371563.2090920638
640000,533906.3250905675
2450000,2280720.6912512747
595000,544760.9914160015
150000,104257.93455572205
450000,507913.25205271796
140000,165465.3708295324
555000,620853.3391509892
85000,70619.32789663834
350000,369598.9190752521
1000000,943727.0243222952
1280000,1268893.1871405356
680000,710260.3109338328
400000,264699.43377728265
420000,397101.73603549734
281000,343793.8961972084
4350000,4888426.714949167
870000,790258.0694433659
2250000,2442480.5140793794
2700000,2591936.157765835
2050000,2106983.868425332
690000,642547.426857348
390000,429846.502828218
270000,285195.7770912762
600000,590435.1166733542
280000,251774.56303635612
750000,790083.5942604623
380000,443452.2087549853
900000,811803.6554735554
275000,268028.10053570697
210000,239297.16734639907
670000,718335.2200646932
295000,287825.82344515476
870000,984617.7464471151
250000,280405.21806561295
950000,1002971.3544390913
560000,521183.10850166896
610000,671919.4665137787
140000,160349.73335735427
1930000,1954621.921245877
1550000,1381690.6183433
470000,484614.70761343936
2600000,2508216.6541050137
700000,723361.785554373
220000,214112.47695371124
735000,715916.6373500087
630000,766483.3670002526
550000,498350.573356771
570000,575205.1868038694
310000,342431.14341370447
640000,572803.142015876
950000,991088.6404295802
660000,628665.0365764165
750000,820286.3039837179
320000,371369.86322624906
230000,231187.4863957335
870000,823993.9429476765
195000,272550.5481192776
485000,508353.57235024014
800000,748451.7717289333
560000,645396.4510767027
300000,352800.618738025
385000,296330.683122502
770000,729383.996936164
7000000,2723221.175815838
1100000,997741.4962892465
440000,501731.54528716736
220000,216654.4704590364
780000,717054.4449398977
900000,853271.7116696764
650000,636536.1830038845
2225000,2081265.2887619268
400000,348660.6147437877
4000000,3545294.639839361
320000,223980.45774931743
1300000,1047597.9522486331
1500000,1568488.6924620825
650000,677468.5111473233
690000,640272.5737819833
1100000,889006.8830475443
2500000,2735681.9318484534
500000,415191.9530399812
520000,685853.9586991115
900000,753182.6418064348
2000000,2028977.420822211
850000,790695.3467626106
600000,604980.7481275315
550000,553197.8155027347
300000,215614.1428626727
315000,333984.3634263597
370000,365167.2446283236
385000,464004.94055968494
175000,271509.67297067895
550000,491409.020009003
220000,306768.47124565614
800000,761346.2344983409
390000,408285.9956917188
1920000,1971140.8118922443
550000,602150.71386603
360000,418911.5947511939
530000,492647.1767601528
260000,270739.06716959085
215000,245335.31208892164
415000,427300.1031360018
90000,176460.9244229186
770000,795925.8916064043
6100000,5406605.949452062
360000,317429.06145542284
650000,681030.361538119
290000,386913.1224134118
645000,672641.4560997986
200000,344617.0233198676
235000,265514.7190703104
1000000,1010215.7513305872
620000,655886.958674793
460000,482343.41088261845
380000,346242.7379296653
265000,265331.97336034785
550000,483206.0639538047
770000,743672.5727124774
380000,386265.4810307999
750000,789533.2456699286
200000,257972.4226016488
460000,511091.805252656
300000,314743.24642760213
830000,809636.8706195629
90000,110264.65344956268
780000,713078.8566754423
220000,198219.54464113933
540000,463234.4536234443
620000,580535.5347460395
700000,638462.8964905379
300000,314057.4393711127
420000,469650.1743284421
920000,1044770.5666749284
360000,228983.5869113247
680000,709917.5748964188
350000,376380.48146102176
600000,558882.7922384316
120000,132858.32833356402
235000,250733.37444295807
260000,232983.40829779292
900000,820166.9180174733
1400000,1306548.3648548657
600000,542545.149245791
1450000,1358144.7949069066
5500000,3774010.787573629
1200000,1194933.7308411761
1000000,920431.7889171445
770000,767477.1492895132
390000,328251.565489944
4900000,4706715.369600354
4800000,3831822.0692846105
1100000,978604.8623638205
1475000,1401528.7115056955
5650000,3078893.4164968985
850000,789607.5182632044
850000,832812.0131050565
1450000,1413230.9260305522
200000,184113.08014744293
1400000,1487340.6522117686
630000,712345.0807426963
290000,254809.8529586319
210000,252182.7129486762
160000,209316.51314054744
900000,832380.5946735969
370000,530029.2780585733
280000,297152.0194877528
250000,240936.9760677415
882000,774574.1793906102
410000,441291.3475498523
870000,766158.0433049356
660000,611354.8425594284
930000,981393.2697594272
420000,392618.4857914406
290000,289794.3528267386
210000,290108.88489266764
450000,460193.8941733139
4000000,3418547.1552859056
900000,902035.0173836435
480000,485959.2272532717
525000,585163.485567734
390000,766794.7061880751
270000,283147.5301559171
2850000,2663640.1432181243
620000,637794.5725157086
220000,224034.34773248297
560000,561545.7864190008
220000,285438.2240292295
180000,204620.32131828906
230000,253759.8565212678
3950000,3673025.5215190663
920000,916967.0222121407
960000,921596.4830471087
403000,446341.0909347027
430000,433712.3319516194
670000,661302.2109649208
440000,400272.6437603805
4300000,4265372.51662278
500000,452733.85950188566
560000,554183.747817971
340000,338758.1369892613
730000,708392.5953553962
185000,214031.69346285425
450000,460400.0367665147
1400000,1381699.7335867155
230000,260300.61964486886
1090000,1165266.491607507
550000,477113.5211429556
520000,523286.8103581127
800000,765143.9378734478
1650000,1905388.474114444
800000,876020.932145626
660000,616930.2325037122
300000,364178.95400171465
3200000,3207418.4625953003
350000,357145.10234975204
750000,652342.7731159464
270000,312184.1943992912
540000,534850.5981961788
280000,289798.283791025
335000,363272.2741180942
720000,690586.573996631
799999,945739.7708892624
270000,234614.38893535009
270000,358805.9857341093
590000,502747.64916563506
350000,354426.39983930025
980000,1030127.9585243337
1300000,1171771.091259288
790000,753123.0780928849
275000,368386.87118233106
560000,607413.6776387715
220000,146832.50756061423
400000,358220.73729070614
390000,410597.87582986266
575000,638452.2430703719
450000,419352.14819725056
300000,293109.0103843867
550000,538912.9651731863
295000,236106.94723513487
2550000,2386601.6660728506
500000,533982.372365275
670000,719008.6787054862
330000,288413.7667312003
65000,68345.03071650947
650000,646863.6320377114
470000,481224.21104581497
130000,146908.15284644545
180000,164672.89995851996
200000,241862.9035100947
570000,521497.41583518207
920000,965881.0133449434
275000,292590.08910040685
690000,686122.8960336522
700000,676205.1281537513
827000,825689.1348747936
260000,242099.58067462497
460000,364243.41983342764
250000,223984.65365101403
1150000,1127959.1193704633
525000,638963.0375418855
570000,599269.2315642496
475000,431522.660975119
475000,474231.77214640944
475000,652667.7337039693
370000,436241.9187296218
730000,789122.9273756956
90000,129680.16659685728
2875000,2825143.4841490607
950000,938793.3716625036
715000,769602.6574164864
790000,701842.3545803253
650000,612864.3979098189
580000,557294.2384503997
600000,710379.097534291
145000,160021.41445756142
500000,487619.45317286253
620000,721621.0934588524
550000,649254.08144995
320000,277211.8017340601
650000,646513.9181892296
155000,124426.63966961803
230000,241701.20480622334
290000,381781.2344467262
360000,371247.25863623334
550000,526150.2614359887
550000,668960.8093515474
205000,173142.52807341467
600000,587610.9776062019
560000,493201.1682306472
900000,917482.9724190709
700000,681249.183277941
375000,388110.19047108054
3750000,3947711.834259688
270000,243755.1218260211
3250000,3147956.803785989
745000,725126.7878374911
550000,492543.3542151505
2250000,1839621.3577881514
245000,356530.10232060624
2100000,1131791.7451482061
4250000,8498977.637793144
680000,717603.227174897
220000,197589.70093470698
420000,382583.8577620911
210000,240129.33149557645
120000,152603.48483885723
520000,496255.61916854663
450000,551323.3540581085
180000,220114.23079666012
470000,484179.7438884075
280000,260353.47248752523
800000,582879.1127668261
285000,358958.92001646355
320000,307468.81137414864
690000,648171.7260317912
815000,814296.3474814772
750000,757895.2784651966
200000,190269.5428206397
320000,297425.5344156379
1750000,1760498.0812610688
125000,124493.37031622829
570000,580616.4754046702
660000,524605.9320202695
750000,636914.977699504
450000,539309.5372411661
550000,475741.18681916024
600000,583275.4192956605
520000,515245.3545407969
445000,489111.93580106396
575000,601563.1342813466
530000,529953.319522667
380000,366978.6536612284
1200000,1137578.3857983889
1400000,1321240.953175915
650000,687390.7308487395
1150000,813610.3116515769
570000,751719.0209429259
347300,298926.9170840413
200000,313899.94063737383
350000,384862.7478967377
720000,478004.598088949
445000,443408.4241949675
450000,415011.9584673142
320000,270803.31418305717
135000,137620.76052165657
800000,891527.7728009429
625000,523780.66444000456
155000,186710.39513519855
475000,434452.92607473186
320000,324915.63359363424
675000,631575.722566175
265000,232838.62400457673
465000,462336.3420802715
1110000,987117.5914820033
580000,519266.77634357836
545000,462901.00469406723
810000,769126.5482338156
370000,367634.4628347463
350000,287714.94721688627
700000,710434.9036626121
720000,828440.6639569122
760000,750689.0941002541
4800000,4746829.807393875
2600000,2455333.4941587867
790000,671493.401555833
2100000,2282764.1789522553
1800000,1707107.185841194
1490000,1279636.9511220588
750000,679291.1996529319
3350000,3694364.0952074644
840000,957785.4326279326
5400000,4010503.671556639
560000,542057.9082498559
60000,143714.86751917272
185000,199203.58337128253
735000,664792.5336257213
195000,230092.6064333658
495000,441230.54558803746
590000,609766.4306456661
770000,706801.5217436436
180000,304676.85026564397
120000,122081.4443226244
110000,127911.09339769403
1500000,1544724.9860864296
475000,418805.5291747545
1180000,1094641.7174842511
560000,579263.4740845825
600000,602357.4544818855
3720000,3455922.968115088
1250000,1266414.9899318602
1900000,1967754.8437276136
800000,698430.6041966707
2750000,2318951.0453096023
950000,1179112.4741483873
1900000,1367520.2314699995
300000,279519.5747906246
230000,271773.5249904391
770000,581280.636890254
600000,611408.8675928107
1250000,1536091.1130949475
250000,276497.65963722253
780000,740962.4686854194
350000,281622.17240953725
510000,501762.5099469662
670000,667237.816441114
435000,427546.51400961983
1120000,1150945.8752860466
335000,330197.3654708425
175000,157867.2257907339
800000,831370.7166559256
480000,390850.2940356678
550000,584947.6183081218
400000,373441.39537553326
1850000,1826568.0548125554
820000,806870.9685496367
290000,302890.985164311
1150000,1036427.4221226431
680000,754941.1741288559
550000,320325.63045480143
60000,99684.2579402832
270000,289893.0297800209
5200000,3836995.743789319
790000,805370.3712356236
850000,850491.3699851899
560000,557181.1704048887
15000000,15005689.81005247
450000,379989.68019907665
450000,427624.2815818063
220000,239060.37552133077
2850000,2800650.8277856084
750000,639281.0105504264
200000,244369.37068934078
2250000,2212693.5451640324
1150000,918495.7925061606
3700000,3464172.1306086765
970000,998583.7151830706
1600000,1537661.851621201
1250000,1208649.1109353392
1100000,1045973.1733367307
185000,259812.55030929696
1350000,1211753.3157608244
750000,799849.5929819846
1220000,1236198.5975287869
17750000,15486581.815305198
1200000,1405891.193250541
1090000,1131892.2557566746
650000,623875.7559496711
180000,182253.01320942832
230000,224967.25754707406
715000,862713.6248010843
1000000,800215.8452874441
540000,562385.7141579033
470000,443430.6908741603
730000,678815.9919488283
340000,345439.96198073775
3700000,3926521.959276812
370000,442815.3255897749
550000,569156.9019677734
200000,215715.12532106857
450000,494027.62088748976
650000,628569.0100702915
160000,215224.05546984117
850000,731136.2036176365
300000,294492.0279667969
550000,463313.65716340434
370000,438461.3292084721
1850000,1940059.9949399144
200000,248999.55654951325
340000,360165.93633188814
300000,284379.6151340821
450000,465460.38455192395
2050000,2038480.9020005155
4500000,3860677.9280197714
50000,3594574.357724492
650000,627083.2736252289
900000,944683.4801929771
1350000,1206325.4489988443
1650000,1566264.7552742537
800000,662869.6952535878
570000,596839.0800931478
430000,445918.0880394286
440000,468257.06800484867
520000,588837.641178904
525000,506700.04790507024
110000,159100.8599065641
650000,628534.107198334
2750000,2834834.288037223
810000,781373.4971112988
735000,717333.9958116189
900000,730449.3061152596
525000,521414.17627838213
650000,606356.2158175929
750000,754405.155939108
310000,273908.85259362985
2000000,2025305.6494066364
700000,724524.8398831793
850000,740007.1286311141
400000,440335.93874339055
400000,387261.74651452986
340000,301669.6042759417
225000,201500.18724887533
750000,738424.050305926
950000,993530.0337275416
1100000,772554.9961137814
140000,136629.28432708117
260000,259391.76130789978
270000,327594.71843684325
1875000,1915301.932491637
1385000,1178364.5538166445
895000,799995.7156909148
1250000,968391.1091271576
500000,472281.6021711619
990000,1082511.7531932686
310000,269165.764411687
320000,335099.90254268056
880000,848899.8409034945
175000,215295.69882725037
245000,237873.12238781873
290000,258917.00164442701
440000,447449.72066829546
1580000,1617826.040332106
1350000,1072737.5474958757
210000,516156.8601007759
4050000,4085967.1036023423
425000,459363.695564574
1450000,1181993.500245658
1620000,1610465.5009238843
440000,413867.07478387916
370000,401146.57320972846
600000,609897.7594807884
520000,517427.6961023741
230000,255372.7419443914
975000,980066.8550907889
160000,143005.49990782302
500000,601079.8911750756
360000,358239.79058682895
1100000,1077602.1891447005
2000000,1858674.3688682353
500000,489467.93582861853
1600000,1230013.4911422024
750000,852634.4107296364
260000,272092.1911212879
320000,288679.91531246033
700000,652750.0960809916
1500000,1475040.2606146308
1350000,1219941.7405782433
1100000,1178908.513336559
700000,742402.3247175637
1250000,1226315.8242417704
1150000,1116645.9911529294
540000,427911.17157562973
450000,439988.91809450445
1200000,1066912.088127644
330000,327445.03740596847
730000,641138.1532431879
785000,753133.8951659602
600000,666974.7645243182
880000,839919.8781504652
2300000,2221852.0136028877
2799999,2753804.070417961
700000,2504373.2744443067
485000,427693.80956523924
400000,467381.0567053643
820000,776148.8067748006
450000,443772.9624194721
455000,427857.7701024269
780000,755009.2662184037
2300000,2123616.6418032954
400000,437798.3132574079
450000,499847.447613245
3100000,2730822.226862175
700000,647220.5127814704
1250000,1294476.012934274
4500000,4122411.0387155763
1300000,1186191.4990755778
1900000,1888337.172004708
730000,784380.5910085668
760000,601950.6505404144
285000,285627.363250476
205000,235652.87642666465
250000,243328.7086332539
900000,975776.9610416384
460000,456595.7357421463
330000,323094.2595914384
590000,523139.3651005204
875000,897428.5292211428
260000,238265.28535923694
1250000,1062380.1262872694
4250000,4283611.345177871
850000,852168.236212054
570000,568114.418286311
265000,296656.96271681774
670000,614659.8285150271
390000,348657.5572860606
525000,570115.1825279811
430000,489296.3283354366
870000,900608.1272207549
1870000,1806644.3922966884
650000,650794.5056423447
650000,663377.9004489589
950000,726267.3079855503
230000,267823.0475566399
690000,880026.5097737235
380000,351376.7051690431
840000,850919.8006845977
305000,321818.5490093753
375000,391063.3749169457
150000,146981.8251275889
1555000,1478039.9561413121
380000,373856.37480189966
820000,891941.6101922548
1590000,1889459.1307821157
300000,297800.9634802784
270000,240753.49804793025
575000,679169.1384693589
1000000,972821.8165803269
440000,280198.16426744004
50000,80636.44053054081
46000,55856.43682547152
790000,809890.6411258683
525000,576001.5524045451
550000,589240.4558562989
800000,892078.5322898858
1700000,1538750.9799179705
1080000,1114520.0673980876
3300000,3292273.213514622
1400000,1670493.3797914712
550000,557958.2913177849
1350000,1288180.2509228722
250000,274513.8728535533
260000,229580.79819317284
1950000,1915723.9948172905
700000,649637.4609916934
465000,455706.8880724409
450000,456644.5748167498
280000,357882.2048186898
510000,556626.9495205733
175000,199308.85973366007
200000,201184.49627176565
170000,209284.0636100691
1000000,995420.7769142692
1777777,1627935.124589143
460000,572493.0583548897
300000,289774.07819317124
550000,473637.0763065608
400000,335793.4140055312
700000,680964.1875169536
780000,677528.2587062344
350000,318680.95617166086
600000,498122.1901186435
225000,242820.36871699925
565000,597041.9036971504
490000,575091.5369414191
780000,929612.137048586
415000,426321.12356509105
1850000,1686312.2563702636
200000,184086.98125255166
270000,288585.307583718
670000,606665.9323808884
600000,519592.5668884221
1800000,2038347.2031175024
750000,757451.6041658076
470000,375462.5205681307
350000,303390.131894438
70000,78593.15041414817
540000,620102.3944169949
270000,299151.35629088397
280000,283123.5131797701
570000,591891.9241935099
435000,418613.80019916804
700000,758162.9168852182
1000000,966453.0991127937
185000,173438.1943241709
900000,929656.2467448511
320000,316698.6476008348
680000,664745.611020229
150000,212214.32300436345
650000,428450.4065145483
265000,234599.49837709471
700000,750837.3336676734
230000,264070.1839228577
300000,244188.03692604046
7500000,5128614.882594915
250000,256564.04626584478
1390000,1232934.2847753775
1580000,1485476.435573084
380000,453696.4814444711
700000,750683.0720217731
780000,814226.1524448522
560000,506958.26049347274
420000,350356.9093941227
4300000,4254859.997387712
6650000,5699638.567706735
570000,466579.1175846875
310000,289941.5677624442
860000,868771.6440085933
550000,592558.6410597776
850000,1019081.5429108655
325000,273445.795017891
520000,525765.3382031226
485000,477078.0047401484
625000,613694.6580866696
390000,373801.9817473676
170000,198606.45536595923
400000,475213.96089127165
600000,633551.0101107534
800000,577697.2952028447
1100000,1298750.0545097252
280000,301194.9477578599
830000,811657.7718960656
840000,809627.6942190424
250000,279676.2769039487
340000,349386.48105347034
810000,811657.7718960656
1900000,1716648.2066206033
600000,568312.3554582292
1300000,1124474.7840610344
220000,227612.43065607577
250000,240778.59076176587
650000,634141.402073904
270000,256982.56972500967
1100000,1117724.415758346
1925000,1915860.805903677
160000,195926.50673664254
900000,738705.7362233792
510000,567754.9724221313
970000,984278.0615701352
580000,590845.2066815866
575000,635671.6868924414
470000,415632.4180105648
200000,240022.37000659603
9000000,8561916.625451759
130000,152829.10839360172
550000,554504.6779986378
85000,90298.19147652944
370000,343249.7768820873
450000,482924.7527053339
9200000,4818644.317616624
610000,599136.6964832591
450000,511790.5852223127
1600000,1502918.6561049586
350000,352894.103274307
1650000,1707450.4486330005
260000,236792.37497756336
360000,355441.930833084
2100000,2069155.0020280653
2300000,2633967.6704725996
655000,606548.1757138066
225000,357076.42018401413
1900000,1814809.3275844688
600000,545284.1930831287
580000,583541.9864053687
390000,459293.4305743959
980000,895578.939836353
890000,957040.8128820141
230000,224329.292163262
780000,772396.6829541923
425000,454520.75990204414
510000,471236.3909986505
350000,314304.5520023081
3200000,2364695.9911978594
800000,784951.1767816605
1250000,1172284.386478609
845000,823639.4369737488
950000,1005612.5869015537
520000,629943.584624459
450000,462480.84043495485
450000,524495.946219482
540000,522628.6563093989
270000,307704.39839048503
150000,185061.02100906594
780000,758604.8312209649
2850000,2376978.2267102865
1150000,999374.0160341221
1540000,1494668.217065427
400000,443610.2702930768
650000,606803.888104191
570000,636755.5652717301
980000,1064684.0585737408
3750000,3169481.860098047
300000,288068.1800437446
680000,672643.2947621654
1000000,1032836.5146588689
450000,426226.9868920192
335000,324276.48773360095
340000,383796.88680095033
160000,144506.25693417536
250000,225224.98526847447
350000,343698.6485256467
170000,215260.96647173248
380000,440056.36834729026
790000,771559.1755595499
695000,717498.4027088889
980000,1013983.5729156263
320000,302061.032611671
965000,809661.2211880229
2000000,1893738.4585665786
190000,239240.92137058772
620000,611390.49761483
130000,137705.76034949283
500000,551715.1965901941
560000,553126.1060103899
399999,627848.7145113029
490000,495822.440197449
2650000,2436245.921132377
850000,738534.9952505603
680000,695278.4536445584
195000,206134.62741367985
350000,302956.69924276596
500000,517919.72782803484
580000,552835.1334179674
775000,778862.0875195131
145000,181942.60083700006
395000,311495.09668620117
1450000,1531936.9729343464
750000,727202.0174815888
2100000,3257038.547280134
420000,405149.53969382605
1150000,1243657.8566193378
280000,256260.1965053417
570000,459434.29916863196
700000,677224.0588019289
230000,251637.1788686806
350000,360255.08640695346
620000,633270.5157418313
2700000,2157712.817585204
1900000,2000450.829930671
440000,535542.5580376036
2100000,2224517.020016094
700000,662477.6148346433
970000,1031956.1781997781
250000,311617.30459260475
600000,653361.3435323598
300000,327152.4556734015
285000,314589.09437739896
800000,751039.9151066159
700000,743735.1354941207
180000,175037.60306212117
260000,238443.78476639104
330000,369185.2411949458
455000,482377.121436494
480000,382198.19905777095
5150000,5191287.633482783
920000,1015161.9508515961
350000,340409.0617493018
1270000,1208853.1208050058
900000,944845.4458734551
425000,383649.92226913763
690000,748040.9990034167
650000,621051.1409892892
2350000,2431702.5285709198
850000,714534.4926624806
350000,335355.9460972511
410000,408746.1382292584
1200000,1221640.8846853003
295000,326234.7913237238
720000,733001.8610422628
520000,546543.0310442068
850000,1003876.1053115993
570000,611345.5741964913
580000,566525.6808116591
2690000,2675304.838581752
260000,278489.3703572331
335000,322427.56933468004
1550000,1470044.1600006314
230000,231247.04481934555
435000,449970.4595255442
1370000,1255015.9531596007
4200000,495847.4440395028
4000000,3863923.593961497
325000,315920.28889038996
650000,847652.6229210553
650000,658995.959184841
2750000,2521724.565767763
350000,317793.5471254192
600000,576974.9181680061
630000,697579.6152868186
325000,346776.08536844596
1070000,1112518.7837501348
220000,235109.07632343692
930000,814072.9236709232
730000,798418.5430791245
720000,768196.7371708334
340000,308302.15852296987
470000,365107.8067624652
210000,234020.07301691186
430000,445308.6461846785
350000,284737.387785918
550000,529546.143223598
200000,223408.10304495203
185000,209387.46948613116
530000,520629.48895626934
690000,642326.5470182319
720000,790230.1503072911
700000,665525.8766381369
160000,187923.47425619146
4550000,5327543.839821127
1020000,1014198.9481073852
3400000,2500471.567451059
230000,245844.11161455233
39000,70327.39491533136
1350000,1372453.841948428
580000,594104.5679446327
4200000,3449582.470267824
1700000,1614836.2590310418
1050000,999590.1948310055
370000,390841.98229459586
275000,336436.15746055485
620000,588520.7727319436
950000,1019166.2326415465
650000,568544.8162414909
420000,482266.6202024868
725000,800548.6246460744
580000,623200.1322542878
400000,407370.3597543767
470000,535167.7414244792
770000,764545.8978606843
150000,162298.31574200734
80000,87176.4550410823
950000,907219.597205858
500000,620783.7475593463
790000,682642.1996513851
730000,643626.7501776279
1850000,1867184.202429478
580000,486802.4702068007
510000,553738.8569582545
980000,987356.5414799936
2650000,2597892.1060736505
525000,466003.0655039312
1200000,1376180.79764716
2000000,2017847.006703022
380000,389611.2400119714
620000,613706.2452209856
670000,739960.1254544666
1580000,1521470.0067482814
420000,433912.1544761007
300000,288200.53445357736
2200000,2022080.9521515945
1175000,1100184.9556439396
1500000,1544347.158748873
550000,478663.5133295527
1490000,1596398.1893088154
320000,290621.3697761138
2700000,2557907.8279986647
1150000,1028475.4927132501
720000,710952.231723913
170000,170536.6036790124
750000,612595.7091871288
1000000,845644.5752909118
700000,711320.7669120624
400000,445026.7817102053
720000,820585.5766610382
185000,202692.2114201161
250000,293185.3097289245
2500000,2597821.268886806
625000,818368.4442288509
725000,892103.3663676768
690000,642048.3884295126
320000,300506.4148557035
320000,258995.02878347103
285000,299030.27736685384
430000,383296.57801806193
850000,750099.0585381556
380000,381715.06094512943
1300000,1229148.6746973784
400000,391436.9568750674
450000,395459.0976674005
500000,517422.2415695279
2500000,2398536.145099081
315000,250150.8789918601
550000,484004.10343493137
650000,555809.5944885376
700000,743000.7220643559
360000,367725.2276976659
640000,551665.0643641637
365000,432995.8596401639
270000,223113.08993555862
510000,540884.8652204543
300000,328093.07613049494
575000,656313.6981576344
1215000,1216298.4458378828
1070000,1029106.6871359444
180000,223638.16179543574
800000,750154.5275429889
420000,522719.3343019042
1400000,1461250.1854886548
2000000,1851511.889256313
450000,404813.1917590032
2500000,2656099.746824924
450000,540193.5701347545
400000,231589.28542477454
3000000,3386154.3112906422
730000,750694.7151271567
2150000,1712182.8055136842
550000,597467.9759822749
730000,819028.5183150312
2500000,2551670.6342904903
245000,275436.69367500104
1750000,2000605.1747019105
300000,304986.4076616754
150000,139782.02751873896
710000,638466.6885318005
275000,283341.83179446956
660000,684482.210824971
2000000,2074513.9793260777
1590000,1307044.7415345318
530000,454569.99201899045
200000,217322.21049517143
385000,361552.0797845113
280000,316084.81034763274
5750000,4868798.7060364075
340000,307816.5304042667
55000,81788.73847095636
380000,292094.83602403145
2600000,2382093.250645323
420000,421611.091899025
725000,862278.443260031
1120000,1243149.1776258536
200000,247518.4386824007
210000,208570.19959241414
735000,608397.8442881076
2250000,2098749.9576795716
1350000,1378006.0624807156
380000,390069.01072126057
660000,640696.8401938587
1300000,1508661.4988337392
230000,225986.44444154573
450000,511259.92798310035
1250000,1065839.3824041334
1750000,1730429.3285832761
1150000,1185829.95825191
680000,695317.3839375685
650000,739139.9937263879
350000,264920.7478628334
550000,543419.9489163744
700000,740294.9034145247
585000,570570.9763887371
130000,102894.4524935177
400000,347937.2034726974
650000,745860.2098975766
680000,670103.4133867834
1300000,1401764.8756534928
650000,598640.9725278142
350000,223061.74219577294
205000,207456.81641890111
1320000,1107698.915596602
410000,456211.7073715929
560000,549655.3925369832
1050000,914041.9648640659
400000,336007.18774507387
530000,498108.96696898405
600000,597874.696770867
480000,407549.13264295465
650000,632615.2253401265
1400000,1674759.2661754896
500000,551875.5495197143
495000,449147.7181800255
3750000,4330820.246578894
1480000,1314659.7586202982
115000,101156.92220498601
280000,291089.71381262544
1350000,1172595.4304476555
280000,347969.58243249933
1050000,1041388.6728396806
750000,708182.5996863942
3250000,2764235.4818944787
780000,718424.3930992599
750000,692450.9874042573
260000,193470.9645610048
800000,913022.7851768589
570000,546512.9065600964
660000,647145.6697825253
1050000,1252188.3280467223
380000,511802.4999934349
410000,392684.1585172077
610000,537131.3942258303
900000,752146.58045509
400000,478030.0174908938
850000,887535.7416170521
1900000,2067601.3744157348
400000,400220.29480209865
925000,989169.2339280349
590000,577659.0213412386
620000,707844.7796870767
2000000,1912700.9840745104
790000,803919.6235371595
225000,206598.01921486974
350000,462212.4738046854
2500000,2312553.6156162852
730000,732960.3757710592
750000,720539.4397996012
1330000,1154622.3695376606
400000,405151.64964652853
620000,578037.5709538867
520000,530211.9069791717
280000,260303.17092218102
1200000,1042924.1848338428
850000,760078.1960554215
1050000,927200.675168389
350000,377915.991577089
580000,618369.7304539471
370000,355739.6505626951
800000,729207.0834760487
820000,728241.6923291966
3000000,2880659.874310896
375000,373784.52541644004
550000,506176.06607632013
620000,696625.54683189
690000,668562.2839406872
719999,639838.3111642728
2400000,2467624.0542031475
600000,631798.6538455867
390000,358269.97287176433
1250000,1051719.8597151607
490000,466715.3372064625
340000,330197.3654708425
585000,615241.1829658947
575000,530234.8899547445
250000,258506.64406959843
80000,73560.6784714725
300000,284715.1824459462
180000,207766.19641344828
535000,547751.7082152682
750000,815077.1821866569
530000,509753.8396107398
260000,345644.48236591474
775000,737950.5464474057
680000,765261.385810413
820000,794424.2333227347
285000,311654.6481628708
525000,583535.2129658263
640000,671566.5857836497
600000,540574.8201814074
360000,303533.5692823903
1250000,1012405.7388740004
390000,430317.8240609697
140000,154208.30663604656
1150000,1063028.502419675
630000,537967.9210276665
2950000,2326730.1996850283
4500000,4429468.169413279
2700000,2619275.6910323477
725000,718505.8716075228
770000,741857.3710092547
125000,188411.1647336292
300000,268958.2089016563
600000,562663.8277082406
870000,688229.1151337969
400000,512296.1405639504
290000,339250.6627392312
630000,788795.4386230898
355000,364607.4588801854
3575000,3785433.5737541434
490000,505728.25514680013
210000,258167.24907961252
70000,68659.25399012142
135000,99416.92696246234
750000,690916.8444824052
1150000,1193340.4036043636
950000,967954.6310769577
125000,143589.9386683195
490000,545178.0868914936
310000,280298.7349580192
270000,293372.7989423124
700000,597295.2261075401
1250000,1292838.921527133
495000,532185.3270439823
2750000,2720239.8640709976
255000,269937.85090405203
320000,367193.2234354555
245000,278382.1017685684
660000,662782.5050165602
225000,307808.3898356986
575000,598019.1183693976
1100000,1281669.6964721752
810000,885760.5399839733
660000,717785.9128162916
1800000,1711955.7617948926
800000,708693.0521351785
2950000,3466944.946581769
1350000,1452317.8981995487
270000,238954.67679604221
450000,551055.074238503
450000,422059.25146918226
370000,329636.3867434303
490000,486815.4880471876
900000,813296.9974917803
160000,165497.98901669143
520000,561154.3777679984
1250000,1356956.0630921302
350000,388510.76364837994
800000,837480.6058871717
480000,446608.00194946834
1690000,1754743.821356003
590000,641769.6878399284
300000,290806.4429941725
380000,456094.2674976577
285000,227300.08189082533
275000,337109.67800669174
1550000,1444756.275020386
230000,273746.8973818899
1050000,1048743.0057629268
540000,562636.1061163387
650000,486869.59188825765
1250000,1437138.1940827572
350000,358020.0345061913
940000,1094572.4310423036
450000,364409.8010419509
775000,803803.2461219464
995000,927281.3515691567
950000,915754.3402067183
285000,338273.53941471723
620000,560883.5840188474
360000,313761.9553979154
65000,114258.21788618392
65000,64555.83170492868
375000,311807.11178201245
450000,459264.56635032897
600000,645766.2585337274
400000,385884.7805958611
300000,259080.82477306854
6749980,7351402.988167669
1150000,999230.8052218285
2000000,2058552.0374815112
340000,326704.88133005885
650000,657169.7281530022
550000,563728.7957356093
900000,941068.6420570828
900000,799853.8509664393
680000,624596.348196259
1050000,1117575.9412864393
230000,295532.122370857
1500000,1516521.0216591149
800000,836857.6565859093
220000,280834.73957194266
290000,258577.17320406556
500000,497914.0606907012
355000,428090.0983574653
260000,289699.397290787
650000,634636.178332558
642000,665150.9909043412
100000,161721.05144530727
4900000,4261387.9855320435
200000,272438.3811569453
5000000,4576242.137107386
2650000,2598384.80632828
1000000,706040.7262768154
4500000,4380111.635754419
700000,711756.4202004551
450000,505646.16458150913
470000,510172.6574316904
920000,757582.5412731572
500000,542090.2197642755
200000,230440.7184386708
65000,61020.24718750884
2550000,2552325.4638514067
1250000,1187170.2677198276
460000,541908.872599305
470000,420101.8549778831
450000,364751.5496689004
360000,356790.39448320155
1350000,1388806.1409663458
1200000,926525.766927552
2250000,2090142.8290211223
3200000,2544453.1030168068
415000,416198.2177291168
295000,291459.0663354637
560000,598985.2037610692
240000,233663.16590968997
125000,117001.96057570481
1350000,1570618.5612774827
4250000,4311458.618408522
4100000,7714128.91190281
245000,244656.20728149646
4000000,3484845.3314896883
547000,546606.5423637982
1350000,1554652.9643831963
310000,326315.28404517734
500000,387809.1723728175
300000,381157.4082242341
900000,908118.8277942418
240000,199085.4842138678
660000,631192.5307060349
840000,849857.3435987836
2400000,2148939.9586733603
480000,682442.4698527512
3000000,3312038.7901213714
850000,864471.2087072486
12250000,11508503.364772879
680000,676451.8247482711
420000,446642.64570829243
2600000,2529871.326574604
950000,1044003.7143190026
400000,485482.1620228929
240000,250657.16656089085
3200000,3284584.4289025483
250000,295580.5389438721
1500000,1548498.8286611817
620000,601057.1072650483
1200000,955116.491938529
750000,869040.7846103869
810000,901131.0908628467
520000,520600.1503356245
285000,289116.0794348123
700000,760627.970646884
640000,671310.2119997337
400000,901629.8033570488
900000,1083980.0425606365
770000,854815.2734376225
1050000,961367.436745104
850000,891086.9576597766
400000,1052474.885921745
950000,1073128.2362402661
225000,261344.23006310192
270000,274537.764216254
1000000,996388.6163521654
300000,305898.3340772093
155000,123126.82017129229
250000,336708.2354870857
950000,904516.3785219113
720000,745676.6200819932
1100000,1119708.447521688
1500000,1814374.60825291
1350000,1213213.2972505905
120000,143605.92299210007
320000,321856.17358775967
570000,552322.6617740655
1600000,1544563.4172305337
400000,422238.20086108055
2100000,2101220.9368951963
550000,566425.2092660932
1400000,1224986.280769499
395000,394920.71854715835
2150000,2861981.000967829
3600000,3355432.361442104
125000,119854.77689697106
230000,235233.0988952728
2000000,2065704.8601594
135000,163984.01995469496
560000,568856.0907539001
149900,143712.6647122341
90000,145414.17603187123
650000,675314.2763153636
700000,750837.1777573267
200000,237689.78238501537
430000,486387.73730447976
85000,75586.17497765379
950000,1012543.4227436236
690000,726677.8168419205
1500000,1896294.2930729112
1250000,1315154.185884848
450000,452761.7376746623
350000,300956.10070243524
1000000,1162271.3486041264
1570000,1608787.653122948
1100000,991991.0583580998
850000,782925.6914146596
650000,659473.3754018359
860000,977994.7550754676
520000,511710.26886658836
255000,257460.0679685459
190000,223532.9352688952
1300000,735717.1131990686
5500000,4757153.714040532
1300000,1143396.4839943713
345000,343806.7086872328
580000,610634.6721396082
700000,681943.1560552666
1300000,1028346.820249105
470000,522059.8055136106
750000,522085.1396593355
600000,690079.2275937966
56000,54439.13011764853
210000,272351.8097884586
3600000,3478009.9985135878
950000,1040745.729191114
235000,222709.2630013324
450000,407969.2594221434
320000,288013.9660105371
89000,158475.74792544203
870000,950332.0699918611
375000,372685.8772927512
760000,801004.1847294571
3125000,3417765.704580762
700000,768721.3266076167
325000,332764.4891814991
530000,584087.8204667496
230000,193887.1242720247
1300000,1055418.9109903367
260000,243027.37630301068
600000,624436.6553401127
1650000,1623345.983918048
1499000,1650034.701342127
470000,528475.0285629913
550000,556231.8544704737
600000,640806.43868803
1200000,1125958.8120192115
550000,873528.7634595913
900000,939901.3444969442
3700000,2248557.1654236903
500000,530303.3130951669
725000,844002.0984067838
260000,228288.2213433544
190000,321579.6641136121
875000,907452.6080999795
720000,792515.9570239894
1790000,1885208.585662629
630000,633016.3018101585
100000,144492.61087517612
320000,283915.56703649403
1200000,1314299.840666203
570000,536962.6616470843
600000,660454.7172454058
1150000,1040214.1494270145
290000,262004.91540309653
330000,474173.65891812294
400000,439731.5986559201
250000,260049.184442039
620000,565588.6850196533
300000,392262.38834257424
2600000,2810464.307043619
3900000,4069297.5282636755
720000,835401.6827010625
300000,339656.6782982021
710000,732980.695261681
235000,305404.3821799668
350000,323180.258412737
610000,670780.7419570283
450000,480771.9254412236
285000,291579.1915782133
630000,619832.9315986426
200000,231125.6680609733
230000,255659.11048941003
1760000,2054209.963687019
220000,253975.01562837925
260000,189002.50899307936
780000,881342.2831414399
150000,152249.38737700085
320000,347362.0788748756
300000,325742.52670835267
1200000,816842.5894653628
300000,273251.7576379719
290000,264797.9367844741
1000000,1164590.9991807772
565000,617453.8522702339
325000,365715.9711641012
480000,478527.8683434262
630000,623216.6319917913
2850000,3486944.092819612
285000,380124.3668976896
550000,543975.526504527
400000,369944.1133819049
1150000,1174909.7680609173
145000,122621.10189054166
875000,1025658.0219972675
185000,298038.35445784795
2800000,2526454.719592946
740000,780617.2377210547
350000,380606.33654967294
2800000,2501211.9581774594
375000,374023.4923017874
450000,551513.7002575075
350000,371259.2382488937
1700000,1705991.6357464662
2500000,1255579.7404101281
420000,451162.2977997029
3800000,4198495.382793141
700000,486831.24150029
1390000,1663183.1421969177
230000,233267.5699311955
1000000,1156130.8591244514
175000,195128.97458097135
230000,214529.36418557548
75000,73405.72200732773
675000,791951.6529691803
615000,679045.3697127238
380000,356393.71999273624
775000,785959.427109768
600000,520445.0612529591
350000,396215.94959305984
2550000,2372440.944284348
150000,131930.9376366862
415000,420835.7442091407
2650000,2666154.6792033347
465000,484734.34833776316
320000,302257.9399023997
3900000,3917506.0317780897
925000,912062.6043114157
215000,350425.3968717544
450000,351654.9303589347
610000,611176.8636052716
255000,306481.28754150815
260000,273851.725445048
400000,411316.98466422356
670000,635326.0200529887
750000,859929.2554647706
650000,624268.7083113622
275000,249096.34761127384
365000,334674.44295751624
675000,566357.0146808847
430000,477615.4504907954
2500000,1882529.8050717153
430000,464964.42891798867
1600000,1890649.1869042306
1400000,1479947.5582178344
110000,116676.05772943741
4000000,3868575.2244828306
800000,625130.7921799999
4300000,3679391.1375453393
1270000,1253087.1999942504
500000,460552.1260653823
720000,723640.7709908767
1100000,1026924.8401033403
995000,1196564.7880889096
430000,448718.9291797058
1000000,803307.3581484297
520000,514333.2551136068
335000,379745.82318590186
640000,730190.931669371
540000,520886.8242868028
1100000,1076063.7250755648
1000000,914802.6420740219
400000,374634.33786979265
300000,369228.99727089127
750000,724653.3314278385
455000,432637.4610312709
320000,367366.5635669191
690000,590831.2463243598
1780008,1940567.9821594118
320000,294664.39800349745
675000,748016.1306913069
260000,262435.8756812002
6200000,5526185.399932059
180000,99983.63340352065
170000,222504.82756809483
775000,799182.5680390126
150000,154925.00859419125
3500000,3219150.0671180957
680000,673564.9001157255
4350000,4348716.70097526
630000,660822.661571903
240000,243193.26751680943
690000,701592.0835879481
280000,318604.9685397942
620000,580524.1881402459
650000,583062.2713085053
470000,444494.1632678529
800000,888731.5973743642
500000,806804.5525820756
700000,799137.8022218604
490000,412644.1283798433
2600000,2437939.692400051
1950000,1944436.1098476937
850000,862236.2992478826
1950000,2067165.9318781046
2700000,3485572.763221448
2600000,2799785.3731796816
2700000,2589422.1438352615
2200000,2055906.7718280363
230000,240931.23981170988
370000,370785.8231805176
550000,518722.7890586029
530000,507282.4204127157
1420000,1222457.7179083528
385000,330763.9722047299
380000,350008.40217197035
315000,289428.5446761924
385000,643976.3597360357
860000,971520.7254020132
1900000,2385388.4173650187
300000,254766.00353994596
310000,376808.65960131434
360000,363597.3573206542
580000,571392.6257541638
260000,252559.2423002538
450000,439504.13846431853
230000,295299.3507358986
1850000,1592679.1245912844
655000,709064.4718163757
350000,385421.3111792404
500000,546090.6278575311
220000,260958.23818069889
4000000,3109160.893372525
300000,285601.3902891201
1000000,911865.5968909953
700000,522787.3324055634
440000,396981.78494848707
155000,153850.57660314077
185000,225832.77929449416
400000,405795.12783911
160000,141246.18447379372
4200000,3700864.2990463264
4100000,4187657.979143697
960000,1200594.7094710213
1290000,1276087.4090603176
400000,384816.1940275888
49000,46130.58709981731
170000,238367.44360475673
300000,312247.18812887155
420000,416934.016302889
1130000,995804.7723836603
270000,264670.6580754849
550000,588981.371084967
580000,956914.5692724866
2100000,2057740.2716212657
690000,645463.0470344239
150000,142901.08477233988
1900000,1810946.3927187985
1100000,1034951.7704092314
1375000,1915515.5933312273
670000,798678.734806178
550000,610786.227132013
1850000,2220827.6753524607
2800000,3188988.8816017387
975000,973573.3482052268
790000,894573.293281996
970000,1006960.3864947116
325000,320419.3966574293
1590000,1542642.3184039802
1530000,1616819.8968489238
970000,1351433.321203427
780000,910245.3794939098
8000000,6376737.4409576915
830000,811087.0991416353
7000000,7355575.157912428
1480000,1434788.3720931667
1650000,1922310.4728856
730000,671025.3504682296
2510000,3129223.7087817267
1460000,1357799.554193357
450000,407701.1128689007
420000,469574.7101187049
2300000,2057554.0602122594
1500000,1646280.6423578775
950000,826411.8203959563
690000,665620.9197787588
1200000,1518735.969576993
5750000,5659162.821553191
3100000,3323385.2325640414
4350000,4275483.8938133
5450000,5173042.884041525
4300000,3783035.6401565867
3100000,2628412.4648904894
3350000,3046948.1174883307
5600000,5235169.103659114
4200000,4014173.9275271446
5750000,5580011.701864349
3800000,4107114.4658744843
2100000,2035094.2826413696
2275000,2279263.6668725484
745000,767648.7463317183
1125000,1238868.6417861693
5000000,4598924.098706963
5200000,5114447.0233989805
600000,585412.0954140261
8000000,8557310.882885775
650000,603047.2557305119
200000,237522.4865273924
450000,378229.91585163056
200000,237928.16161858416
205000,245616.4571294241
700000,664574.2042981106
3700000,4129365.862522155
900000,999981.2857977384
530000,554566.4932931002
445000,389725.06867702835
1650000,1448387.4284711704
1100000,1292859.407304319
340000,346169.00294320646
