price_egp,oof_pred_egp
1350000,1348136.9087880272
2190000,1921293.9011542138
3100000,2693536.164015882
4400000,5234136.115719594
690000,699420.9651991158
4100000,4751239.461702925
1500000,1521762.0772332412
2750000,2653158.4743552795
3300000,3539487.0295408755
2225000,2611514.30348217
2950000,3507608.5271998695
7500000,7409455.723759971
920000,956388.5613381125
1010000,1017451.7392029483
1600000,1558448.619334373
1900000,1813265.1140721473
1525000,1341137.1782944258
1350000,1479423.9015992742
2025000,1958858.9703099069
5750000,5043140.060360523
3000000,2766639.8635076946
2850000,2526711.40901185
9000000,8141436.443973287
1740000,1534269.3071360013
710000,753831.409965186
795000,809995.0711508691
3000000,3423893.733382477
3900000,3927254.9399724463
1220000,1237861.1299780763
1300000,1213372.400465398
2350000,2355561.4751483686
600000,738652.3400685235
220000,220710.60000457306
750000,823814.0210968328
670000,556835.7225772336
400000,439646.2100848072
3000000,3152052.5444927732
245000,241498.07353864983
3400000,3132509.4923660182
650000,617662.2529565123
430000,368116.2019732649
520000,604742.3649797691
300000,352875.6526170826
210000,241697.84123504077
1155000,1328601.472905831
1000000,1253811.507324412
1800000,2213777.654102376
1160000,1197421.9756228388
620000,552842.6888766957
3500000,3028019.519521343
3050000,3409221.9232392814
915000,966748.9556490778
3800000,3665779.5840131165
8750000,8374812.118131326
9950000,13889239.686599415
3250000,3057669.2077260776
1400000,1290873.8873207634
13200000,13182545.263196012
1030000,992659.5976318886
830000,770775.7857702174
735000,686705.9772109549
7600000,7044147.67623403
910000,818595.3942521617
285000,276091.9771443603
1600000,2853756.4039356746
1325000,1295047.6337933983
760000,752706.3037293855
3950000,3654131.1794607053
725000,580457.1897556416
350000,274945.32429265964
950000,746511.8483079167
470000,498383.56626740075
600000,643157.9570027224
1700000,1593491.1662011587
1150000,958215.2615125661
535000,561808.8781981067
215000,290003.9151860218
620000,593030.8918417398
1580000,1514400.766258081
1300000,1334166.371380654
250000,344112.91975174815
660000,663114.4097073968
1300000,1225927.921880499
650000,681748.7958298195
12500000,11724134.669562945
485000,468099.1320389807
1485000,1314431.567096598
780000,725783.7055326626
1510000,1384371.0217365227
835000,891232.2984928167
1395000,1490925.0308987566
1525000,1569312.0761048086
1590000,1316182.4703829605
1050000,1130208.675096617
1100000,1119120.023644379
5200000,5019096.5045307
960000,1146017.32953736
1200000,1211315.5384753973
560000,563173.4655900944
650000,675784.8911703071
650000,693427.4818901395
300000,503079.61662730336
875000,913703.2568728239
435000,380757.5583279316
775000,699960.0552493175
530000,615061.7704573629
660000,646587.3515578633
1300000,1198366.6389810254
470000,509349.2092071556
530000,525309.9529076727
625000,612252.1103034668
700000,743555.0081647014
230000,291021.04496363417
650000,675393.7418134786
765000,756842.7058773573
3800000,3964102.1648618532
5300000,3218524.000431159
5950000,6083819.027250728
4000000,3845632.7354401443
2100000,2305857.029438647
1300000,1235241.8498110436
935000,1057550.4185943303
1600000,1571366.4256489195
4500000,4650811.155247831
380000,372944.9082704665
7450000,7000349.742441865
800000,712149.0067631135
1530000,1482390.8437425485
1370000,1367103.3673786214
250000,321393.92203824053
1600000,1571115.3551014548
550000,511143.825378096
4150000,4081275.386624122
1650000,1422072.5604780219
1530000,1637794.3365153088
3150000,3170896.873536632
950000,911293.0670680092
1000050,1115469.5292390094
750000,671972.4861503033
260000,268794.379215923
1580000,1417733.9243245756
2725000,2673789.419487964
1700000,1592666.2194437182
830000,838755.2458928827
5000000,4730224.720224335
2550000,2287109.5996730346
2850000,2752526.885492747
1560000,1615271.1046910156
4750000,4605489.690007097
14500000,10763799.503263995
720000,779906.4134794195
2450000,2378699.8603371815
800000,766130.0923275306
2080000,2035668.7683457213
2600000,2651848.5398068526
2370000,2389590.0646764236
1175000,1389780.4685130832
1090000,1012074.4441587989
850000,783715.5460618978
2650000,2967130.294691115
1175000,1225927.921880499
1450000,1435172.0252254829
750000,704349.4137558661
2850000,3017482.8680893723
345000,594517.2869775253
770000,885947.8898632578
670000,597049.0162897224
1600000,1613704.6187401817
2670000,3140017.0734363426
1470000,1455957.472541593
750000,793482.0894039163
360000,374075.1419418053
1600000,1581471.1056348616
1260000,1284110.2879367373
1250000,1321326.0254378547
650000,729089.9963295207
700000,738757.6764032865
750000,495541.35703665204
1300000,1594134.0770544666
2250000,2614911.4164094278
3500000,3845632.7354401443
3700000,3648251.211760074
1465000,1305329.0548885684
2275000,2325866.872979035
2100000,2096929.3217061183
1650000,1341207.9012159095
1030000,1036639.517012786
2900000,2220803.1794387363
1945000,1971709.0495627653
2500000,2275702.1982907658
1400000,1230735.654860517
4250000,4641109.643563642
1450000,1246785.31907229
3500000,3510031.758547182
4150000,4300220.736598387
850000,816097.3011613071
3300000,3661487.167323464
190000,239370.74422664728
335000,342292.9332780353
815000,807609.4005376659
445000,434747.87043803977
2000000,2891523.2362523656
480000,515349.289841491
620000,638951.7445357988
515000,455087.2458798846
430000,442146.96926008636
560000,629068.9605636286
2350000,2561732.941314481
250000,235766.112728735
685000,699983.061864817
3500000,3735575.1302308748
1750000,1964407.4976582257
5400000,5423817.094454209
2150000,2003997.9671563285
750000,837764.2983804597
1650000,1589383.222204286
1800000,1638989.5038399033
1675000,1631854.0007713868
1425000,1336547.1196999038
1600000,1635743.3478545041
1000000,909309.5152454416
2600000,1501783.1122201732
1200000,1244745.5828749563
1520000,1553606.3331797363
1070000,1048356.7180552011
585000,528467.180788625
3400000,3480566.7248089984
1880000,1917695.0711136002
650000,688936.3007180679
1050000,1177597.9576849972
4350000,3949197.714585577
195000,208966.90477876944
5850000,6117829.747174961
2000000,2265800.9276151503
3700000,3414510.9560629115
950000,957336.4924241238
2000000,1707832.782640163
850000,917154.4518925331
650000,636965.2085317638
3650000,3095756.6363067967
6250000,5713923.095132495
480000,549155.883513789
2680000,2688890.9654258783
2700000,3040554.5293706967
3650000,3728588.8260450945
2190000,2421458.19761248
2250000,1801050.940255634
770000,644916.1280760572
1350000,1161511.189620919
6250000,4129623.556883092
1500000,1473730.5754960754
3000000,2796470.4362674495
4700000,4627640.936282325
1000000,1043255.8469046336
3950000,3564696.48073518
1060000,1240874.147531403
950000,1035341.9056643657
690000,741125.3817006677
1430000,1558173.4812560044
510000,515337.31755225465
500000,518063.8001386559
730000,624271.1469830498
175000,182307.29582939274
670000,723683.3377776054
1350000,1484478.409044108
900000,848603.0086369489
530000,501700.6927020855
375000,410541.062043412
1820000,1861293.511387574
1178000,1224336.0587986815
650000,646740.6651039273
850000,780301.6206896276
830000,792448.5647598819
890000,996516.696508713
420000,391416.9924105978
750000,754594.4754530106
670000,667164.8409395647
420000,344990.7738158084
6350000,6834438.687539108
1875000,1789763.2786573377
425000,499414.538074513
3150000,2841777.8011398357
15250000,12698422.991692536
1900000,2064305.875648453
650000,678617.1977704905
750000,814758.9272739886
745000,779033.1559379948
5800000,5804598.272653362
1320000,1407394.187725757
3150000,4566877.722588615
5990000,5822066.244073294
1985000,1971709.0495627653
4350000,3257786.3226050655
4400000,4238684.504288404
1830000,1921791.9791590916
1060000,802593.474754248
500000,558568.1903094457
9000000,6870056.987748472
3000000,3295563.534859261
685000,647845.0900873252
650000,635052.6813327266
630000,531067.0987273274
2520000,2446013.9114700896
570000,559910.2397670457
2300000,2121165.647396518
730000,776481.9308282074
2350000,2200791.7218997935
235000,304039.7413791533
400000,455249.4723511151
1100000,1347136.1683349872
970000,1000716.355396027
1150000,1179885.5001073
400000,359378.21376183326
10200000,8313980.748324168
5850000,5681111.856291341
13700000,12832636.149810709
1500000,1433282.3808872532
2690000,2592327.839077624
4900000,5364637.8432087
1600000,1542325.650178273
9500000,7709069.418914155
875000,931944.3706575768
1620000,1659481.4526517598
2850000,3297519.0963576417
1460000,1439271.8595723815
770000,777340.2211151668
1400000,1516460.577916541
3750000,3689420.7931283866
390000,314435.48534955643
1350000,1405219.4395686158
5249000,4987690.959996205
2299000,2184740.042256116
730000,744333.9212768455
990000,1053760.73510175
500000,475166.8711113278
75000,80489.9686511009
240000,249486.09653604173
150000,209721.21613233746
5500000,5464104.3845200185
3700000,3965516.0576155474
10700000,8735968.257514214
555000,619883.6499487159
650000,632739.4852581081
1540000,1431028.995131108
685000,636343.3300470765
825000,822983.2805375343
740000,678467.4064687438
6200000,6440725.852715002
4750000,4661184.98992183
5850000,6086233.576802725
5500000,4993202.1712912945
290000,291945.2561272938
2450000,2580098.785915448
530000,557591.3456263852
580000,510708.40273525123
155000,185502.0459305054
4000000,4351198.475741436
3450000,3483223.143055092
2850000,2574651.861691709
5850000,6555958.532122927
4800000,4675828.905481724
890000,853663.8332570381
650000,750314.6834519224
850000,909901.3584326571
1350000,1386764.3159630815
250000,229646.2146095207
120000,51533.89272037001
415000,344672.8698818208
690000,723874.9668316962
830000,971395.2538789847
1150000,937819.4192865094
500000,485590.0792235958
2900000,3154621.162298968
770000,659437.5002295058
5500000,6149054.930118442
999999,916460.4507967148
700000,614774.6302447356
380000,416977.4448942385
1625000,1622073.92539907
600000,490263.71897898027
2750000,3204355.1363545586
5500000,4413429.329153857
450000,303361.15242528275
675000,673641.4410169182
4180000,4211834.024625422
2250000,1903567.6047404786
1350000,1189429.551828876
3500000,3704371.565034141
750000,721935.5448306208
5700000,5609380.178437869
3900000,3964745.132816053
2700000,2359991.6314734844
3000000,2718148.0749003636
3550000,3145890.670819026
320000,395999.6359157201
725000,692288.8946806978
460000,477956.10230213444
565000,670697.1240478284
1120000,1040807.051645084
2400000,2635595.1522990484
2150000,1994385.8839098
1250000,1162306.7749428255
3600000,3447208.2184572895
3300000,3081498.76131275
500000,441145.24114199093
1300000,1007305.0953254765
3350000,3324790.2380640735
650000,589196.6399170754
260000,256421.85261517926
18300000,14787593.25911815
7150000,5917836.267435051
5100000,5153965.25927252
490000,461619.8849436161
3050000,2883961.760553558
5850000,8320694.725159948
3000000,3149676.7225333303
680000,646557.1787355558
1500000,1680840.3653609883
1600000,1628184.8874004656
3820000,3868546.1010225555
1350000,1326545.677695483
2800000,2768996.574492052
3500000,3640322.150274678
7500000,3935839.737536921
5600000,5351678.513002687
300000,298370.7272766977
340000,348012.18647923874
1250000,1263529.1558679552
552000,499580.9457265162
630000,706135.7782427443
1270000,1174745.7035563812
350000,425194.0089188602
900000,876115.1213232756
570000,594319.713425523
800000,780220.3882757213
540000,588294.7240355568
265000,218303.59351096305
460000,433518.8131264673
2450000,2331448.271532693
1150000,1004462.0985166708
760000,805790.2255551991
160000,205001.2523869857
3300000,2922276.0101226033
4800000,4691739.12010712
12000000,13014135.09286555
2770000,2746099.4347536894
497000,559132.1043601034
365000,363332.0663240011
765000,787334.358263401
880000,772666.5479433804
7200000,6746412.472592145
4800000,3876667.125297046
1475000,1271359.7044756147
6500000,5807611.712983415
4300000,4211834.024625422
6500000,6561488.134616433
3200000,2743158.4777649036
1910000,1910733.510619699
19500000,13900301.386130111
345000,324353.31173070107
2000000,2240671.260066224
925000,838574.5117301493
275000,272187.5088211175
600000,552760.032582307
3450000,3222674.1832410474
820000,804235.3906464736
1000000,1040381.6750531677
200000,235184.13385692227
210000,237114.448275372
260000,389005.0241185393
820000,845720.5819681429
750000,811102.056414344
2950000,2838295.4530020854
1570000,1609826.948129884
3450000,2866304.8949695765
1140000,1243220.6793963264
11000000,6083826.555780385
6300000,6879716.833792503
1175000,1239670.2226849487
1600000,1616792.660031406
3800000,3800844.415870449
1460000,1377205.8935322159
2360000,2340581.2327474384
2260000,2336810.9723847206
2890000,2220803.1794387363
1610000,1650399.754842752
1790000,1862619.2500729125
1310000,1298901.8722991778
1960000,2016692.8411329307
1440000,1412721.041072032
680000,952288.2070546808
750000,692404.1949719351
1300000,1203136.13153147
4500000,4621625.404209343
750000,740482.1327067915
5550000,6155119.710424965
2850000,2852845.9156304295
970000,1176752.9136371175
670000,676890.0655911276
295000,363716.260353124
500000,509764.7928482336
1170000,1756074.8292906922
950000,805388.1339753832
1150000,1218635.4125964784
250000,221652.3876862798
430000,462732.48198471346
3300000,3423895.6867168816
2190000,1822779.9864878873
7000000,6559441.226766011
3700000,3824184.8407618147
7400000,7594508.322457052
1500000,1661800.952076682
1440000,1377205.8935322159
2250000,2089461.9784445984
260000,243872.64396356224
1385000,1236215.670633932
3400000,2742150.5608270243
1110000,1051471.4024431957
150000,194771.1176099258
775000,735729.7301020402
1440000,1348153.469050771
1620000,1599438.0566164735
5150000,4642079.137567836
1600000,670531.9888858501
5700000,5697217.2429605005
970000,946256.6094434215
259000,278560.1354884921
320000,333603.08813192835
600000,606093.7433938703
205000,353866.76738440106
400000,463624.93829935236
235000,204648.70810144965
2000000,1893569.3426871721
800000,751716.494040305
450000,405979.82188100985
650000,573684.5001621101
740000,706493.0207319201
1390000,1484070.2683083192
500000,563486.9964194577
680000,697867.2849471042
530000,561721.2160428107
3700000,3562423.300601382
12500000,14206915.348026996
2575000,2328283.086269153
3600000,3492685.526897083
5250000,5169200.736006844
6350000,5716396.726067375
1130000,1114081.5950881352
1025000,1091198.7643246572
1580000,1233370.014549099
3700000,2957611.3669793927
2075000,2321714.99021641
320000,232910.75579436694
1700000,1695558.5819739639
2150000,2172580.145085967
890000,831889.0418371693
1550000,1551399.5702522483
1150000,1028271.248733659
2150000,2762373.6030861633
2200000,2156556.0798409986
515000,468941.3167619824
350000,412191.4806399851
2900000,3111152.6239401265
680000,656373.7685010898
1800000,1824879.8571302963
699000,827834.1384819698
795000,800527.922674085
1250000,1185262.892902307
2100000,1886088.5806532279
6000600,1494026.7515214903
1150000,1322703.2606717045
1300000,1307049.4719522805
320000,294875.11591107544
2100000,1968907.2535221025
3450000,3653197.011847827
5350000,4955565.312387803
2075000,2094567.7534582876
2250000,1991144.0996715794
1525000,1271093.2840644533
2190000,1831175.8875419097
1225000,1210541.3178915665
1230000,1484082.5776449717
390000,375019.5761868275
230000,219636.12121283085
890000,970683.5556496383
1880000,1693101.2157024883
3450000,5072329.723097495
18500000,14497540.401355278
285000,284861.99552807113
600000,567387.2072441067
565000,641967.3242719825
3850000,3900165.9448877936
1350000,1280384.4539597225
2600000,2367467.2799604554
2650000,3259561.284866229
660000,612148.2557072736
880000,791474.7214033174
7000000,7589258.295180494
8600000,6717300.313866806
2600000,2653307.6403346937
500000,493277.9672440541
215000,208464.5293915717
210000,221621.44243965295
910000,930793.1147637829
215000,279131.724500208
600000,626101.5145343196
970000,878772.606035051
650000,540663.727418884
1400000,1459693.806101873
3740000,3889554.638130003
2020000,1679361.160105403
7550000,7456312.577894678
5500000,4981074.9339262955
1300000,1209886.1046990505
1050000,966577.8684539482
1850000,1873160.758347945
285000,275164.9286918955
540000,517072.1627776049
1335000,1440838.2802257652
6150000,5904359.986826825
790000,645271.3096300228
1970000,2221596.4947746843
500000,975908.0390368731
1200000,1082280.3896690079
1930000,1818667.4945633325
500000,478621.73715987627
1700000,1676944.0217869005
470000,488475.4200628863
2460000,2871815.2807770614
450000,521667.5033328061
370000,384685.45536439994
290000,273698.37965293066
1480000,1511470.4006106022
310000,300348.26571815665
280000,241527.055101415
520000,406840.5723030729
6600000,6994232.817933428
1140000,1100523.639784164
5350000,7236691.175998746
270000,236858.97313209582
2299000,2529333.8063387233
800000,884193.1083252417
6200000,6275552.535420226
1250000,1106249.3453393017
495000,477525.4105932508
3950000,4354621.01649403
4250000,4286563.289651489
5300000,5253031.5078770835
5150000,5239245.289147846
2350000,2143782.0874910285
1370000,1543247.7084106153
2890000,3111152.6239401265
1045000,907066.2345522613
460000,574696.7643940847
3350000,3075442.2300250335
900000,733876.0769340766
690000,679134.0629910269
2690000,2791239.095977365
790000,1175384.4196683445
650000,626287.2897489596
620000,573078.5899038084
850000,1001134.6796842754
2150000,2176509.985112966
2300000,3042405.0292412844
1020000,1037961.6666006303
3200000,2906393.1147857695
1700000,1835660.3908865731
4500000,4479861.827646211
700000,716440.6510284011
2200000,2178387.1420620326
2950000,3245704.7835177244
2200000,1896495.6952664154
330000,351068.9166338277
600000,717738.0856741754
1665000,2298999.8921846445
1350000,1688409.4196739541
2375000,2343373.4377157656
1280000,1284136.0032577529
3150000,3050089.6560593634
5100000,4534753.864711519
5850000,6213916.197923222
790000,710214.8377133219
270000,284981.93454642757
1570000,1773969.0934380942
450000,483989.30137223215
600000,659707.3361162378
315000,275444.8012555023
2000000,1762585.373097681
690000,684433.7685376687
700000,718236.3608871842
1600000,1416434.9515422294
1650000,1408261.074075701
560000,552223.950270576
2320000,2347668.1709506228
850000,853570.2354087488
340000,343789.32219109265
5450000,4481404.340320913
6150000,6298070.912567665
4950000,4444366.213711468
1435000,1501110.6575393053
1960000,2174420.8529029563
640000,612016.433518511
2175000,2298999.8921846445
970000,1410296.4916876515
2475000,3296194.730777086
3000000,2920574.4306980595
1470000,1266231.8310420339
3500000,3292817.6944527244
845000,800934.1615084598
1450000,1656989.8275892772
780000,644405.8314215908
1700000,1623204.4361873108
650000,590051.8197038033
425000,523266.59191835544
310000,344989.2174843495
720000,656508.1552688353
595000,600143.6771106127
1590000,1410266.008047305
1650000,1747937.2181733504
2100000,2689485.62159533
2000000,3091932.0038807807
720000,723248.2370968633
600000,594203.2420012588
270000,362270.22239164537
255000,249413.11816768744
1050000,977344.2372256339
1000000,927808.3836934179
2790000,2770392.6503074025
265000,235007.13578213152
2300000,4960302.785507364
2850000,12387748.535080181
4750000,4789088.205620691
2850000,2464929.172749494
350000,382887.34585333837
1600000,2431037.142935342
3500000,3199317.6331091034
1999999,1982594.8931716473
1325000,1392163.5460918944
1030000,936016.5869858122
5900000,5989168.364359323
3650000,3547127.199961836
4050000,4045113.4991765814
1110000,1035527.9930614361
860000,783716.910164038
2750000,2848585.9389457363
620000,654967.3551002751
570000,607707.4909532088
750000,728440.8089649116
650000,727498.0583618524
410000,343086.9689068743
1200000,1225401.7904332036
1100000,1048926.1786031974
430000,390646.99082852295
280000,286177.8845969143
2625000,2594025.157901069
1100000,1154673.8991437901
680000,802090.3881649646
1100000,1091693.6374430726
880000,955946.6839588117
305000,267801.42300874874
3350000,4297648.2638809765
2300000,3210529.078406021
6500000,6530136.610627291
5250000,4253791.406869749
3350000,2912055.0629798127
3600000,3256818.226492533
920000,1055724.4324728898
1285000,1188868.2547916311
1550000,1612447.4016903413
4900000,4299880.613748832
1550000,1413778.1300175348
1150000,1386964.9051910334
1950000,1610170.7989814775
3250000,3405877.869301979
4200000,2300334.15932578
665000,650633.3883604055
1540000,1266768.555348996
450000,473090.5781735374
485000,530700.1748240553
400000,405835.54779383517
1950000,2054244.1474077054
180000,191654.68133258837
550000,516902.7426588285
725000,766571.4103871911
520000,622264.3944694778
1200000,1181583.8625310764
4300000,3785705.136544007
11300000,9086016.833647246
600000,676084.3380263703
3225000,3355255.250309865
680000,706169.5405619027
650000,636843.9911301018
880000,881499.6912758171
835000,813236.1593212511
1060000,1141898.5132490045
5050000,4630379.152626665
200000,178664.2244984049
1880000,1852336.4035613022
4300000,4501604.045237373
3150000,2883865.3955243244
2850000,3103900.6335846134
4890000,4312688.274272769
525000,509345.97384658054
3150000,2844578.398222778
1475000,1380965.891125999
3800000,1894150.848065885
4900000,4160662.1342253136
4350000,4323618.705241808
1500000,1616792.660031406
2650000,2639766.890658107
2400000,2273661.6311278217
1140000,1120602.06028753
2950000,2982559.5350331543
460000,433539.1178762431
620000,572520.3999314969
1250000,1416509.6657831415
295000,333100.22867934394
550000,354979.99779768876
450000,470986.97410699265
550000,504352.8422680677
5100000,5065179.971473468
675000,620123.9141120735
1390000,1426676.673813829
1670000,1510233.2709635533
850000,609453.4519733283
3250000,3154857.978032618
875000,899852.8809052651
1175000,1172757.2750267263
975000,939531.001684781
1300000,1323814.632519499
840000,802748.5141431866
895000,909692.1543539856
2950000,2866254.3758212854
1400000,1369749.7067829978
1850000,2220306.3730294434
2880000,2802923.207764559
1350000,1497128.1408330188
2040000,1946109.486338434
2600000,3269248.6342346417
1050000,1011984.9159055268
860000,748426.7540608014
670000,683491.24944275
1100000,973358.0786032059
1890000,1368133.862131811
1190000,1287953.538460838
1350000,1310326.6531717777
1800000,2175318.5083441604
600000,614946.3964877232
890000,789278.3441304079
570000,534160.6420502432
690000,674612.2362555177
700000,721502.4442513996
1300000,1266184.5510207722
930000,823652.3998357505
1130000,1045012.8480405983
790000,749009.8317107252
4250000,4101060.1067260173
3650000,3500726.756186983
2350000,2798238.975439606
850000,789572.7859127221
3650000,2669727.270188268
11900000,10243714.83012753
195000,204763.96283283172
2200000,2298074.4093682882
4450000,4253552.940906893
5500000,5664546.704392044
3700000,3834964.102838322
8250000,7287146.161191728
2150000,2187332.2033150434
340000,327171.3805698953
1825000,1879161.8392149236
7495000,7456312.577894678
3195000,3665624.3413100024
3150000,3500726.756186983
7350000,7559423.42012879
3850000,3713757.2597907702
6295000,6798427.034429951
3695000,3649199.3910816163
2350000,2611514.30348217
5295000,5379115.839593664
550000,534448.0812500231
2400000,2348257.5219609514
1760000,1654353.022923819
550000,537063.4653735862
1450000,1554796.0790732156
700000,672949.0159539892
5600000,5777818.799124506
4800000,4848317.958235158
1350000,1055657.580544741
565000,561226.7675653124
560000,553662.0980207819
610000,660706.5476929869
280000,337471.99561465177
600000,562951.1919520033
1580000,1647480.0080859934
710000,644849.4980713981
560000,673918.6543099008
7800000,6880745.018563477
995000,958575.1404718121
1150000,912541.7987551813
990000,1127242.564068892
1700000,1767409.9388790051
1020000,990974.4820793924
1075000,1191145.696262401
870000,955319.8135021771
1900000,1755018.4041881058
1390000,1393167.6057821717
800000,796532.484033078
630000,715499.3142194642
380000,407354.43692595436
2200000,2329074.2192406966
990000,1178845.8708487966
1010000,945100.2485974027
3999000,3779767.4666705052
280000,278449.60156244104
475000,519789.01015564334
405000,403824.47403686115
370000,459023.2520595201
3750000,2428274.64615419
465000,462354.5351250126
450000,365834.51181681483
4100000,3888711.7284935545
1825000,1726813.9034102524
1750000,1715504.9411891229
875000,813648.6736084891
425000,424401.5534076568
1600000,1526594.0563201758
2570000,2631322.3424715335
1725000,1658585.626100765
1775000,1523280.4748238751
1300000,1123243.3334972213
1000000,922647.291690762
4750000,3021014.633825473
1150000,1162807.2519423736
1750000,1835693.2115050433
1640000,1610701.4543375012
2670000,2651848.5398068526
2550000,2625535.404363837
370000,334292.46150461974
440000,368486.8833450628
339000,419597.82822780794
3150000,3251692.9673649706
2350000,2545405.5372999534
290000,300382.1068327605
235000,250720.82845123517
530000,412107.92927953973
1350000,1394109.1860296912
380000,263926.35877455154
450000,416845.2821334848
185000,161053.71863098044
1760000,1774784.3001336283
1515000,1629113.3087496336
7500000,6508701.182771064
825000,746057.6964798864
3000000,3213186.385310823
4250000,4075606.0704018674
5550000,5379156.280129392
650000,673392.3009210504
1160000,1170657.5399166176
2850000,2864975.118999878
4900000,4698461.010254772
4300000,7438002.371212746
2950000,3094855.5368259805
975000,879302.8492496792
635000,681765.1428884465
1390000,1381583.1538270987
610000,635634.8091206532
4100000,4185567.1249780497
7500000,8673965.121562261
870000,770758.1915952504
1150000,1162735.0000032939
615000,643106.3246862838
220000,246117.39605226458
750000,777669.3862892586
400000,413013.43351854396
3850000,3485570.850523695
710000,619020.7964015565
970000,868884.2290710987
550000,416521.4715042408
650000,682170.6202605938
630000,613215.7851346007
750000,791590.23229967
145000,124237.62279553988
1300000,1564148.6361887774
750000,783760.4670726731
7250000,4431985.509832757
3300000,2894279.866307399
1625000,1930822.4712753177
885000,1031597.3806238011
1675000,1559634.2100843776
530000,602923.2803782503
3300000,2887939.5626884997
2350000,2720111.5719595924
2050000,1962155.315459518
2675000,2698463.2619448067
2930000,2309995.4764624713
1080000,1028987.1539400143
7750000,7484151.121647593
950000,1124596.9882328396
1250000,1208608.2765257773
850000,711393.7233200608
400000,509573.889103022
820000,752764.5708421512
640000,575739.5078744538
375000,332528.40394252515
115000,129355.93907914474
860000,780973.0170036498
125000,141608.44896277168
300000,279073.8330320422
4080000,4775906.034368387
2350000,1776486.6645504483
1850000,1846649.417826208
325000,291466.61107150634
4500003,479283.5153340104
560000,645352.1943682522
1675000,1930822.4712753177
2650000,3014721.5602721465
3350000,3282879.1674158936
5000000,9114549.079876592
2000000,2391897.3137412784
1195000,1184475.7581840167
6500000,7727207.094934899
689000,753241.9610364172
1550000,1476294.5135710265
4050000,3939179.352819692
1625000,1623671.6131539664
6600000,5310209.547635476
2950000,3238666.52151892
2850000,3363898.360733427
1325000,1256640.64394578
2370000,2459793.872066017
6000000,5882011.6956207715
2300000,2489014.4085011845
3850000,3467903.470776112
2000000,1980390.9949060983
1200000,1446100.616136792
650000,639653.9062892062
980000,943231.8229836227
490000,434033.04489662306
1250000,1413924.5641807728
1100000,1116075.0076267184
575000,430892.07951444126
500000,588658.6578725396
450000,340984.86909300264
3250000,3320584.4998299344
1175000,1185945.2089506492
1850000,1649432.6867652803
599000,562383.6333383743
550000,506899.4289312632
1970000,2250674.6071857945
950000,1005352.7375205059
3550000,3545269.8672013134
2100000,2150350.429049768
3300000,3692171.9530767566
3900000,3945280.2656937754
1020000,1009046.1383584143
1620000,1494854.6289312656
1170000,1265871.2586960893
3200000,2696248.8067546175
2370000,2142984.7722583646
1775000,1468763.0248336243
1850000,1851839.7426097929
985000,1181792.0086191844
1350000,1370326.9965483279
250000,239313.63745542913
930000,940522.2617572785
470000,431959.00141773955
810000,787334.358263401
495000,488824.6085337323
850000,827553.5988109981
250000,237212.43133668145
290000,270269.7203036679
2050000,1844911.5451764308
2200000,2246175.3207259704
450000,449961.6217764521
475000,507354.4381016111
5600000,5718703.036207185
1000000,1037241.6704464909
4250000,4373529.332964176
9250000,8285720.534581538
2250000,2270204.7648693295
2540000,2533784.679644937
2950000,3395145.6508630295
3750000,3959416.476639693
850000,815705.2167496473
1200000,1402447.795749509
3150000,3208470.923338959
530000,466921.3066747834
850000,712201.7370715187
13500000,12996686.486623773
1100000,955232.252685983
600000,569348.8799503177
490000,455007.0542884999
385000,358563.11459479725
190000,220336.20962715743
450000,485685.4846796068
1250000,1054914.8467841337
2250000,2053654.8281329477
2975000,3331532.4194315174
1250000,1208807.5066999984
325000,364080.94779274036
2400000,2199169.7520174175
1160000,1158042.985842949
250000,288143.3112850634
785000,848596.8076474323
1350000,1273063.359234542
14500000,12698422.991692536
14000000,12549735.045693547
1520000,1598058.4025373477
13250000,12876368.877590146
1690000,1673633.6491903905
3825000,3826022.330702305
1670000,1675758.6381455306
5850000,6001898.731212668
3300000,2853600.5886783903
5950000,5819411.412181497
595000,581964.1209377629
775000,753001.7382328307
200000,214449.6682341439
1100000,1180981.1910720698
820000,814967.4620393574
890000,781549.1499712777
3600000,2181305.822001645
350000,557204.6565258197
1600000,1270322.255777537
280000,285757.7500364306
350000,411741.03106997884
1390000,1251700.309554861
2400000,2199264.9248193456
750000,757445.9450693005
930000,962326.240328293
4150000,4191074.718401535
6400000,6249254.642458461
5250000,4761595.166385202
7100000,5118467.837817289
12800000,11632854.69586006
1350000,1426998.1698761657
1330000,1271093.2840644533
6900000,6679430.579219187
1625000,1526822.3545791558
730000,656916.7525447478
1225000,1197017.681439781
710000,676465.8677899626
5950000,5967208.225287839
7000000,6506411.094840959
1570000,1711094.3973473029
13000000,12510500.339759491
1375000,1423878.5082522957
1060000,1026875.0213445207
1650000,1630726.345543327
800000,865722.7107001967
230000,239918.69275063847
375000,414661.6875293509
950000,820300.6015812869
2000000,1942193.837562982
450000,435367.3122080692
950000,980763.7439244641
8500000,6969354.341220002
670000,552761.4657744652
900000,925983.6027138567
520000,519892.6508036193
5250000,5774596.853916768
5550000,5751132.427131109
4600000,4320443.358588367
3200000,2937236.411867943
5100000,4799197.024312382
10100000,9441773.814965902
1975000,2024105.9141921366
2270000,2269082.7035449655
730000,980892.8823891055
1295000,1414810.0660115653
3300000,3586138.639267697
370000,329052.19950654445
800000,855731.1866066641
2349000,2351947.885488752
1425000,1481781.8389480268
1620000,1615119.1243632224
1280000,1279904.7305096327
1800000,1910266.176356647
825000,807099.8408144312
650000,637405.5641335769
220000,246824.34553119683
240000,238580.40184221027
780000,906022.8334091295
400000,404234.38329848077
2000000,1871461.378887877
750000,738700.9494457919
2100000,2079949.9764072138
2170000,2087111.0592851744
730000,768126.3128064215
19000000,13382123.972428054
2825000,3087336.671238564
2100000,2393615.0718086446
3800000,3823252.4177953606
610000,678804.6416431188
2700000,2651500.4922790644
960000,877637.2304427152
2350000,3069535.1291729086
1830000,1715350.6187781843
5200000,4578601.36199842
1410000,1233930.7212883693
3950000,3859810.162753869
620000,685980.3514485672
890000,849032.9548167047
1030000,949669.830130173
1100000,1274773.6650248836
4050000,3964102.1648618532
580000,499961.9166497995
1770000,1726510.0153909894
325000,460939.71510852413
1000000,757670.0911623505
2350000,2279630.1486164685
160000,237726.64377189623
750000,825399.6980348371
400000,391930.22533407557
1500000,1704721.5426441927
260000,281994.1284145588
1750000,1885707.9076171217
350000,301244.2468614507
810000,723796.6763402857
575000,528706.8615933715
1450000,1517365.3933182312
615000,614977.683499012
990000,1091198.7643246572
10500000,3796829.5464483206
1200000,1153094.4167307017
1295000,1187474.4835681864
5950000,5637980.44482577
4250000,4831286.395119997
3800000,3399051.893907164
3250000,3500726.756186983
1820000,1840631.2594331037
1150000,997818.6250467343
3450000,3421438.5371953724
230000,242098.28783070383
2200000,1788931.8490735453
2950000,3566325.232482145
4500000,4440089.868548635
1100000,884775.0032560289
780000,828891.9644887456
975000,1106632.8338950987
750000,744869.7052714999
630000,529126.7043163099
8000000,7128725.482477119
14500000,13298921.626265116
1170000,1261166.3953659732
1550000,1335464.9309653803
1775000,1753848.8516535305
450000,445355.1340558565
795000,727212.3348621984
1575000,1424255.6891868361
865000,699216.8343394549
560000,571422.5344159045
685000,655274.7858118266
1200000,1263418.0097057754
2750000,2771194.730399693
2335000,2277224.443524533
6000000,5670710.490724379
2595000,3408885.5027468903
1490000,1532957.6936193006
675000,700784.9165611013
8150000,5625969.421613012
3590000,3422039.268807573
3150000,4469400.34160157
5450000,5692774.626647225
2250000,2070869.0870517315
2500000,2284349.234990369
1420000,1435172.0252254829
5850000,5261789.26924536
950000,1130313.5801685874
3500000,3435781.5685245804
399999,531021.4462466202
2200000,2129212.7863210626
550000,560663.1842013565
430000,565213.1378039288
2750000,2833485.3835322773
4300000,4728780.7749504605
750000,766132.5565464433
500000,491081.87135138264
1500000,1467747.858862036
3250000,2965304.5463161794
1675000,1651055.7884563569
1485000,1251958.6386481805
370000,389417.7854078836
305000,287739.94068987016
1999000,1499750.2156914074
1100000,1203031.5572660915
1675000,1641748.5809114594
400000,446978.74625780317
1745000,1924365.6045045345
1900000,1847032.449845497
4500000,4287428.847484333
940000,957322.2702583865
1300000,1269993.0952040958
790000,819368.6921507134
870000,782134.3606290781
1390000,1390148.926620334
4000000,3877677.951722221
1670000,1567671.3254316314
325000,351834.5288813778
7400000,7142604.66933443
370000,380541.6606699362
580000,613761.0025707267
650000,763486.7089479665
2400000,2166151.822062962
1450000,1235879.938353704
670000,486451.89279706194
535000,608623.8936853298
425000,395654.16119378817
750000,744699.3955040538
6400000,6506411.094840959
2590000,3045208.747335521
2750000,2700101.2694490864
2650000,2653801.123234865
11400000,5888739.629298346
790000,829471.6013293617
3150000,3151856.1717685917
1250000,1130210.2238410837
2350000,1923445.096623725
19900000,12657909.873354781
1220000,1243788.851335784
925000,928340.5049531399
5000000,4374925.712008117
950000,1136255.5180346456
415000,447699.27643972356
295000,298348.3355774304
340000,337020.98540666385
420000,496270.4656593383
300000,333867.06294048356
270000,332385.628962014
460000,484711.8964814994
5200000,4308785.064758331
425000,361957.59301350446
950000,1098451.1022666036
720000,771719.8526072256
1730000,1682101.7584758217
1330000,1417895.726034978
1500000,1371481.88029983
3190000,3496560.154505463
1875000,1911165.2169047343
1570000,1572630.2237701886
260000,239017.41099864393
1075000,1041111.38501988
1475000,1275303.056831632
5050000,4685947.940028733
3000000,3467903.470776112
5500000,5440325.168344133
750000,585279.2607127377
560000,567101.3234513513
385000,394163.19535188697
265000,227444.16636083042
5500000,4720817.778051506
4950000,3767772.7667773697
520000,567822.9850060847
320000,337571.04715737054
110000,175297.04150238362
950000,926935.0375358152
400000,391705.54062512686
580000,577626.0222910459
3750000,3242833.4171511857
560000,529315.7044957202
515000,531079.9895921396
655000,606857.8300178513
750000,859273.2005465521
640000,633658.2968653315
1095000,1251473.9548727213
1050000,1225401.7904332036
1490000,1367139.9062571514
2700000,2673789.419487964
6200000,5561979.778410354
245000,259069.23608647124
477000,485818.4735103101
630000,604059.22062274
1150000,1355096.1970710263
900000,855177.4024708691
780000,764649.6713892936
3900000,3750017.955351072
3500000,3341272.602808769
620000,585533.5929679888
8900000,8157557.4098644825
1140000,1075782.0214181386
210000,321644.33623125346
230000,260901.06529974373
720000,765718.1887203592
280000,278184.28307464306
385000,427551.6421261523
185000,213337.5199187158
510000,490576.7356579395
1250000,1124894.2788027672
250000,259966.32434931136
480000,480140.3083937555
300000,300251.32338333514
2350000,2035785.675762508
750000,790705.9000615305
900000,1044746.386602929
1500000,1671637.9654077135
5850000,5819411.412181497
525000,535250.5596229756
1350000,1561668.5939246372
1370000,1334777.5197191245
525000,453931.2805372391
690000,701302.8864361106
2150000,2134942.2828756482
1750000,4670776.450513991
1100000,1008334.8177089544
1225000,1228490.5492886172
3150000,3144393.529774553
440000,485274.7020670984
290000,301652.523456431
920000,1077277.7419216267
5850000,5040112.199455557
800000,606555.0084299706
440000,421828.7016683526
150000,147662.60635494176
550000,617677.350244796
410000,437335.3706229617
5850000,6069979.404414086
3850000,3763460.337466394
250000,219451.72616590597
1270000,1266735.2771628345
430000,437373.0240661194
3100000,3649199.3910816163
15250000,10487791.34492149
2100000,2076754.9052679276
4850000,5684124.386428048
1250000,1037689.0495484954
1150000,1175154.134072608
4950000,4308864.927977127
1850000,1529927.0874359275
2790000,2802912.3761659167
380000,396288.19348152535
3190000,3174616.6744180764
1950000,2046184.7684761977
1450000,1336511.3983527771
4100000,3802598.22732143
4800000,5306253.7042664625
290000,299096.94747253356
1450000,1408416.9627511958
2200000,1921473.6666395473
395000,386397.57554780575
1250000,1035036.6963091835
640000,663226.8273281805
940000,862929.3771308308
1550000,1519894.2662811188
900000,844104.7311015697
350000,535377.5929398409
1300000,1174158.140514144
660000,674760.8952529284
1150000,1092245.8393025987
4800000,4587171.824408396
900000,939608.7950458607
3800000,3467903.470776112
2490000,2051667.6615957853
1600000,1430835.6403993513
1990000,1946420.346882095
3940000,3909358.7941050134
630000,618793.7811893355
3750000,3865053.666524963
9600000,7963120.319429959
15500000,14883327.415440567
1500000,1364429.2682380083
2250000,2115735.9399864622
1500000,1536129.3183911722
5000000,4665495.322585272
2400000,2218282.815351824
1300000,1288692.545772902
45000,45301.290455429225
550000,499044.23714622966
480000,583139.1387361806
1100000,1150295.5872638782
880000,901867.2120292891
1000000,870885.9908352795
2400000,2755863.421892689
750000,717514.9880291722
1750000,1652456.1570932984
1500000,1380161.0492170723
5650000,5713923.095132495
2000000,2059048.8237005328
4300000,4142688.1897541424
1550000,1595392.0931575864
1750000,1522522.5491112932
1025000,897528.1528925927
950000,974385.769045027
825000,832611.0791619573
850000,873383.9778593164
790000,759928.1492857138
4450000,4522644.615278602
1250000,948786.9768607909
2450000,2388149.1070880108
1850000,1616601.1172821182
950000,891221.5472368544
610000,656160.6741688666
1880000,1734244.8180392997
1400000,1312203.8944905063
2800000,3209930.460630752
7750000,6823186.201984941
1400000,1439315.131815202
1750000,1657388.8477048576
500000,422778.14323981054
800000,870682.8096049585
490000,463072.08834309876
1050000,1079094.1685354512
1040000,845495.4917107356
1450000,1192406.903806874
5400000,4836087.121805723
3100000,3277262.1046271976
1000000,967901.5552994895
7750000,5198987.159593124
1450000,1265123.9948625488
1050000,820569.9805625667
730000,761092.5036322983
3900000,3880047.1268310593
1690000,1677482.0426487904
1600000,1611261.9936658107
2950000,3146478.1138403625
800000,773199.5917859899
1200000,1288469.5425639811
2790000,2736277.697263125
1050000,990492.8330271746
750000,782648.050678885
575000,612291.7972861246
1700000,1721658.8021196374
380000,330032.49802318827
395000,438740.570498184
500000,561773.9429988706
1050000,1159985.0432008067
575000,603541.6351045965
910000,1050003.9828648542
950000,1030520.3553530516
330000,355345.61106519785
3200000,2774006.846885
900000,943622.5763842461
410000,390525.89674030564
620000,644945.3841738483
800000,743684.8777455448
1030000,1007937.3788230385
1050000,1056782.3573321537
590000,581669.7117392897
3950000,4059056.318607284
1350000,1386645.1841957353
450000,448630.3678804179
570000,645043.0935591543
3975000,4066717.538361162
12300000,11333659.132108958
17500000,14655132.350005768
2650000,2363182.2546731117
1260000,1209499.4806208326
755000,732267.2282337167
780000,734222.6204741315
380000,439333.33373338403
275000,263580.9477221602
400000,436121.12741288403
380000,300751.9118163181
360000,440877.458788188
485000,421407.37516574585
1750000,1486504.0973313728
250000,159348.52493981103
1330000,1116426.2546366607
1380000,1304737.203234795
470000,488065.4242939104
430000,434057.20092472725
1615000,1659481.4526517598
840000,858529.5634326956
560000,523487.47664751194
780000,865957.7508094992
1990000,1905874.2585259676
2500000,2640001.7574087675
4000000,3559491.620898275
3850000,5174691.525889224
3300000,3344982.689071301
600000,688234.7780373766
190000,181313.78614080357
1850000,2129077.3345643687
1250000,1225561.7948635768
4100000,3801183.6867670324
360000,465727.7187321341
325000,431701.6850643243
940000,920217.0677939613
280000,287099.3456961756
580000,550422.2009396452
630000,582215.359022879
585000,471929.3818996464
1420000,1360624.5412780948
780000,747501.1636630701
2100000,2211034.6533086314
450000,615732.0303223617
290000,240418.8678033638
460000,481618.45771433157
640000,594363.8367801149
970000,922715.1136633846
660000,612195.7041146273
2079000,2277224.443524533
1675000,1797349.2955008002
2080000,1961541.7887293699
12000000,11664518.309100205
5650000,5501507.24422436
11300000,12657909.873354781
7850000,8836524.322670255
13600000,13908756.784542792
1200000,1044995.841804495
215000,237282.15832991473
440000,412027.19982975523
550000,521976.8474962897
1200000,1313934.1988014062
715000,713161.3142894898
3250000,3523421.539265063
3950000,4552190.681448055
1990000,2016692.8411329307
3000000,4185567.1249780497
1100000,945041.978215358
440000,619155.4926363167
860000,918166.9193593579
1285000,1199235.1501487475
1150000,1102359.032342855
650000,582850.1054497866
3000000,3268697.0692880545
2450000,2697296.943890356
900000,982333.1815092707
880000,1057015.757089853
6400000,6483029.319405244
1405000,1311945.7427386986
5100000,4760533.9579566885
2250000,2387123.201031404
1850000,1826814.3743800682
295000,319568.1175857686
550000,526291.8244910517
3100000,2932096.405699189
1225000,1268406.6477152167
2590000,2545405.5372999534
11000000,5806075.353459491
365000,415085.7561505934
620000,589362.881024905
1600000,1694559.8034043694
1480000,1667622.5276481803
640000,607493.1907157105
400000,405589.2573780948
775000,685523.3654412292
890000,870998.0457994859
450000,391737.7106620561
1250000,1105226.1668868344
1300000,1262402.6302377395
460000,419760.6908497429
3000000,3296242.150967869
790000,721503.995122095
980000,1028271.248733659
8350000,7384698.3830517605
6800000,6744610.737932367
7600000,5703108.352666468
4500000,4216162.31585296
4200000,3892245.81005667
2500000,2931119.827482403
845000,801429.0308777199
1275000,1218794.8590333292
13750000,4297272.620959958
395000,437413.32945939124
675000,710890.1703361992
750000,671078.6127916947
650000,727510.9491869764
1425000,1417565.6099746707
235000,209822.2740353508
340000,353845.1682935075
1350000,1342663.1783730749
3950000,3504993.4352859063
650000,718733.501270404
380000,360602.0049978454
220000,209544.72840917084
450000,479121.221821244
1325000,1122370.0372998335
500000,591650.8952591406
1275000,1257779.2350767364
225000,184601.7231900141
790000,779033.1559379948
820000,779033.1559379948
1225000,1262360.378211107
1040000,1043441.2115506452
1100000,1011343.9861026763
1710000,1609179.9127593332
4000000,3908119.6705915816
1590000,1482862.2384516154
1080000,1044746.386602929
1550000,1556225.5760559465
1050000,981533.8582402387
2700000,3247898.6083574886
2365000,2385222.4080051463
500000,471277.216141989
2190000,2480249.0765390564
450000,524683.9297602321
475000,468721.5052527741
250000,249853.2457185861
800000,796502.1515348332
2250000,2092002.0753954728
275000,345527.63970563095
185000,136647.80266566065
1465000,1582696.266929
585000,562032.1870527929
2000000,1641147.6667323185
3200000,3721445.2529535447
1350000,1281075.4425063464
1230000,1260441.1010169368
2980000,2885723.094799362
1100000,1063093.3940201
2900000,3467903.470776112
1575000,1605361.786722251
6200000,5907135.996597243
1950000,2016692.8411329307
1430000,1374397.5463746784
1015000,1041732.887490301
965000,1098451.1022666036
1260000,1230735.654860517
690000,711215.327119029
250000,270724.7146217858
850000,778282.8385455407
355000,339992.93452773633
830000,700470.2852796747
1000000,1015125.2241939441
1300000,1007260.6648069734
775000,739376.6577178868
1100000,1071427.238719705
555000,553120.8386558722
300000,349606.3365067644
640000,619787.9315720102
845000,723804.7303764713
1050000,964184.2392918508
4100000,3938902.3759843367
1990000,1731843.5512703834
7550008,7614384.421403472
1025000,1096973.530404604
840000,809268.6753902715
1275000,1191989.688323656
4800000,4423949.553506603
250000,293988.06672090135
400000,376261.6430732999
4500000,4645062.922547959
6100000,6281495.135373327
1285000,1203031.5572660915
6250000,5904359.986826825
1590000,1900534.4678418853
1695000,1712966.4989429829
1890000,1959465.125673966
250000,247042.80772205102
580000,612170.6162766332
220000,269404.8438612946
1080000,1085205.3869443021
1350000,1297766.9215497908
250000,230862.76468033617
500000,522745.48093944084
630000,606179.3409182
810000,753903.8306046306
725000,548194.374153994
520000,508482.5652374698
320000,337359.0045978388
650000,619005.790302183
195000,261703.2490793873
2250000,2181696.632995327
5300000,5539476.899569667
675000,638273.0820900431
4050000,3439217.7623394066
7400000,7409455.723759971
1160000,1106831.364142844
1710000,1768483.0802760273
2500000,2385610.7259455933
1265000,1225632.6458445813
760000,724199.2440532154
270000,210665.01927984864
815000,772318.8616663908
445000,474956.5549981081
450000,407431.93613991496
610000,653504.4241908938
1175000,1155432.5266639641
1675000,1740046.390469333
735000,761474.4638881555
500000,575215.8703075956
620000,628202.908382851
1000000,1017624.4466340232
350000,371675.0018936426
495000,476258.0114237122
660000,632536.2827387681
480000,407690.35783413355
350000,419008.2382728659
720000,781168.7950975172
370000,360999.96390587644
840000,963515.1400959642
1120000,1144069.174270721
735000,648377.4185710561
2170000,2189200.4639434363
2700000,2478119.5997249302
1615000,1655678.819354334
3250000,3032884.365329632
6000000,6052380.374014682
590000,645423.6869419244
240000,211545.87472498466
1450000,1211147.6111838287
880000,738882.8032534638
620000,624569.1473290814
3250000,3221876.733463395
3450000,3409221.9232392814
450000,399958.3838104812
550000,558474.5491867983
520000,555435.4281457183
400000,379383.0829297735
460000,386234.96548820985
340000,470797.16645600443
330000,433375.5319875605
500000,395344.34246599214
220000,276937.3491232311
220000,208815.41368402817
2900000,3396999.608645883
780000,745751.6694521345
1150000,946426.6856136734
1100000,1125540.544042413
280000,372888.0578434791
580000,582862.5096151613
1350000,1231549.0343028682
2525000,2529532.366099577
3200000,3195265.392625303
5400000,5476364.061301178
9250000,7196898.130094713
3600000,3451467.6555992016
760000,698271.2439161496
4750000,5006481.387091496
1270000,1154262.77621048
1375000,1163150.0356571393
260000,230687.74915890166
900000,932740.0922457624
2000000,2122483.4516357444
850000,855694.67535865
3250000,2436104.312691029
750000,654009.4823251107
1010000,1078279.5259526272
780000,797707.8704006299
900000,920952.5770914833
3450000,2215255.554971464
10450000,8243691.777122861
1000000,910888.9147714471
495000,485595.1299839133
190000,152213.67117135588
420000,375275.0826859166
680000,663029.2405751559
350000,308224.01313516975
1700000,1504546.1868661274
920000,954600.3544391231
650000,648498.1333971289
3150000,3321222.3385864794
1250000,1228073.736086749
3250000,3334858.1720453845
435000,450571.87413911574
1100000,1207395.083893511
1580000,1200921.2714688124
1330000,1365181.8572416087
8700000,6595232.062755907
3200000,3158126.317447754
7200000,7134929.872711824
9900000,7588324.345127837
1735000,1690399.1153436361
910000,950681.5608301046
925000,1007364.0661429767
610000,701255.8778673512
335000,345853.1577771866
875000,939140.6954893683
350000,289613.22975450265
1150000,1102821.8905129118
1600000,1637252.209260612
530000,578065.0613734149
980000,1040469.2737602908
1750000,1938863.5983014065
990000,954278.4319044948
1650000,1459602.8939503944
1100000,1009315.6659720775
4475000,4211834.024625422
985000,1079544.889375733
1200000,1173814.9122113665
570000,603510.6342785895
2950000,2978500.788839451
990000,1032788.033820983
270000,325582.66596842837
650000,649691.9440505684
735000,777340.2211151668
675000,776515.5622792239
1330000,1372304.7553495066
805000,786206.7483725789
1100000,1200995.6737125528
1075000,1058866.1854689787
250000,211526.0306393747
5300000,4516767.317686294
2150000,1945737.9100706023
725000,899995.908699155
620000,640269.5951262164
1070000,1164941.3351164528
720000,834545.7182803649
1300000,1440390.1707975252
110000,89865.5667643013
380000,366718.86361160653
400000,402986.4815848628
345000,392228.51778641576
435000,406154.1535916629
465000,449327.54862950224
4700000,4451618.197288643
2700000,2577255.2332705664
725000,741891.9343709504
3300000,3970242.8955885293
3550000,3705455.566741714
1295000,1166515.8415687983
995000,1051471.4024431957
1350000,1207972.8744996416
2650000,2673789.419487964
3450000,2840023.949067463
340000,340765.69509673555
1290000,1439682.0958260326
8200000,6535818.2850376535
500000,521621.27296500234
1590000,1495528.7081507104
1460000,1850168.1847795437
1450000,1392736.2420444342
950000,861272.7123313654
1900000,1758040.3952576783
1050000,975397.4858490095
685000,695450.2229005249
1650000,1619251.2516366993
250000,241742.2616291782
580000,708619.7784542171
450000,360444.94870584115
100000,129308.48304228051
380000,381374.9530104569
1630000,1988444.2115674997
595000,593558.8599030918
590000,644743.7833247747
4750000,5355266.885557523
2950000,3187313.0079849195
3950000,3802598.22732143
470000,410356.5161239938
650000,674409.8803670581
2300000,2372025.5506077018
10800000,9431590.673060585
6850000,6572716.226609551
5700000,5645519.436179281
650000,646728.1404615681
650000,557303.9070007731
585000,582064.8686263429
250000,244490.93949744376
140000,163521.13923070277
1400000,1250811.4354300261
660000,744511.0232926985
2980000,2616411.10456046
470000,478515.89151697746
1150000,1162350.1106323297
635000,708777.4107368125
680000,595865.9789478708
2950000,3239808.6328571965
190000,211830.04295499582
810000,721219.7008873717
2500000,2592727.7213418665
640000,659620.2465637526
13500000,12078943.20240004
9600000,8329143.642134498
5700000,5288467.534237186
3000000,2982291.88593935
3900000,4114218.4694229183
1850000,2075494.4418302488
1875000,2018826.4371936028
1180000,1116220.1461837078
1330000,1282450.6398911285
3900000,3879626.4734148397
2050000,1971954.949578768
1450000,1475788.211145715
185000,230970.2558575402
470000,461667.84247702255
950000,883834.574791711
1250000,1035814.5092845128
11700000,9733264.508653164
650000,690942.4305410683
990000,949965.3077375839
153000,178605.9171380332
2570000,2613156.924377124
2550000,2582745.7076918976
275000,313326.99627867976
1150000,1349168.6579425756
860000,837182.7671008952
720000,661285.7691576201
3600000,3716958.5793623663
2830000,2802923.207764559
550000,555446.0141315685
1110000,1114081.5950881352
4200000,3909007.651548171
2100000,1510746.5192646729
2000000,2036758.298274232
670000,705111.1786545408
1150000,1142974.2459934233
1250000,1139931.6069337267
175000,192505.00695376488
9300000,12195449.404007541
1315000,1340806.8909935844
300000,291479.926127281
864998,640786.697017819
410000,401696.2404349436
1400000,1253348.1922676822
750000,896788.5390457656
330000,274208.86570302537
5250000,4894154.094662026
170000,180984.31064929534
390000,359873.84304947464
4900000,5489765.107968956
600000,581321.6769100074
185000,239273.56056278627
1650000,1603019.6820272142
5500000,5476721.226207478
2135000,1816470.3015719603
2900000,2859490.0889315438
4500000,5037146.7428627005
2100000,2087111.0592851744
2450000,2698773.3449946456
2400000,1866523.0479257952
1220000,1408757.9432369499
2150000,2302421.5665964354
85000,151394.3809201666
3720000,2945075.6673048805
980000,928407.1111446627
330000,314160.94549451844
6200000,6108516.556716399
750000,750765.3653533894
2425000,3402935.887193951
1670000,1620915.491674789
3450000,3964102.1648618532
380000,398693.19236804877
180000,209977.99318587678
650000,567607.0698094345
670000,702754.4480072957
630000,721756.225168941
550000,520264.0714216679
675000,682082.5955958943
1500000,1307164.9423281273
1050000,792028.4230694523
850000,726975.5753640394
5250000,5158639.240625678
5550000,6117829.747174961
850000,727821.6424745868
3100000,3388899.6969389147
2450000,2273661.6311278217
2850000,2870647.106647717
2000000,1787922.9006250375
810000,848596.8076474323
1200000,961179.4660971928
2250000,1866193.4846763841
1760000,1353785.1401822597
365000,352123.406389017
485000,438659.1346993703
380000,369193.7078518789
305000,289329.6810238261
950000,837341.5447077404
1110000,1136304.3469226689
640000,654737.2855657078
195000,223461.6878764856
450000,419375.7986527636
700000,665343.9686453445
445000,445110.15925329
2850000,2520382.358126479
910000,926958.5720842378
630000,616579.9713106196
240000,272425.63905011734
2100000,1970114.6372353681
625000,766213.669631005
320000,264441.268266431
3700000,3755352.3846778967
770000,778729.7403049883
1500000,1684341.9962461418
1325000,1573204.9162583193
750000,882661.7603920896
1350000,1258871.041673969
465000,388183.6748365168
380000,448125.3084718986
1880000,1754806.3494222811
500000,446195.2325661026
4490000,4173284.453417794
350000,422505.0477397605
800000,830902.5321532027
830000,725622.488373657
430000,444708.5485052902
400000,373423.8557347406
725000,776463.3196439405
530000,566319.3664807538
225000,243276.07850992316
330000,449316.60826639034
800000,865406.1207103839
890000,871870.0848724715
1250000,977237.4207349026
1350000,1317091.3310080732
345000,351573.0686195285
1625000,2145012.1975047956
290000,232011.91377078078
2850000,2893607.0911769643
420000,415176.00602873147
320000,312975.00981441134
595000,597538.1288445705
659000,712323.5510015796
550000,549440.1076151894
385000,389352.8355332127
700000,731733.5528654638
700000,706362.7476228953
295000,316589.0866121224
420000,493372.9973253548
245000,214570.23323285728
700000,712858.4790517533
380000,411537.6774229645
400000,376208.48699470534
410000,431561.7461988869
420000,394067.39830460417
110000,138256.9251671312
2425000,2379189.030847934
6600000,6195013.924727838
350000,325752.5431377852
5300000,5074526.475750935
3300000,3665624.3413100024
1630000,1640385.9055862888
2000000,1966027.0080955457
3300000,3407479.060701942
3600000,3552408.2656052
6000000,5949670.695014224
670000,644462.1143362857
890000,887727.786199112
1400000,1369479.2775767606
760000,761566.6745448522
3250000,3395252.6672953824
630000,600760.840672066
515000,448194.38178263244
560000,548891.4190204621
2600000,2451042.5547606745
925000,804541.134315305
280000,371272.42656062136
1080000,1889003.717837352
150000,167477.9552219855
3450000,3958060.5374170425
1150000,1135657.4024319674
1000050,768887.0272135263
2590000,2670329.7680396126
1550000,1587279.908904805
8000000,6292712.717158115
4100000,3911523.191346967
7000000,6730930.621121563
555000,496996.91138546047
1360000,1367414.3583434743
1570000,1504830.4978828211
5050000,4706940.993197177
3800000,3730202.401391766
630000,647867.8437267431
580000,594765.9789166512
2900000,3077873.9856356825
2300000,2139765.704007553
8600000,3582827.022169301
249000,297900.8415474899
5600000,5940670.997026437
1420000,1361346.797234004
1750000,1818362.1668697405
520000,455909.2370292717
2350000,3290930.388161695
400000,416254.6985132876
525000,541108.1888803703
330000,398395.265162271
1520000,1211978.7136096712
700000,670883.7459932652
1210000,1333587.2154283333
1380000,2922190.67220226
6500000,6032356.746323548
2850000,4041636.437112084
2650000,4297648.2638809765
6500000,6109110.840293806
7000000,5803615.515975345
3600000,3838055.414078707
720000,737708.6494569186
2550000,2798472.421037221
3750000,3666627.062767488
1950000,1912160.3278706558
3850000,4783244.08268628
10150000,9975894.298875995
2750000,3065064.136481122
1150000,816839.8390357776
320000,340768.00137521327
725000,710040.9612176304
1400000,1282709.271343555
550000,917155.5220639936
770000,822054.9123746625
520000,637158.3034122497
400000,429184.6066190679
420000,431969.7141480414
480000,562277.7411305057
550000,513098.2783928163
1800000,1831612.1482052426
1000000,826655.1731723476
850000,753842.5211035643
800000,786206.7483725789
1680000,1696559.015517532
1300000,1368410.5981963475
3050000,2918224.4828526904
5200000,4838037.247753569
2850000,2839180.054256288
3375000,3250116.4060407514
2525000,2183513.1669530384
1250000,1069992.4501667607
950000,859286.3046554159
350000,314736.9488678513
1100000,1043320.9910594191
1900000,1882332.215447994
495000,536080.2695482196
515000,507133.45156709244
2250000,2434746.5944359563
1100000,1554986.4641319532
720000,726981.8900055881
180000,213820.67501434093
660000,700160.5881647635
220000,233911.01123216728
1280000,1280998.297506681
600000,771767.4976974268
580000,504940.90846206
325000,351226.26570758276
275000,229781.34992949458
690000,748371.2346377809
325000,344545.61786365707
880000,926843.7848667157
6300000,5989168.364359323
6550000,5948623.447702467
5250000,4370285.172628411
13500000,5878070.665306684
420000,460255.52457664977
1200000,1226652.7774317649
4350000,5112696.0952132465
1600000,1466459.3205221263
7450000,7559423.42012879
3250000,3620755.9695566287
490000,532803.0158874943
360000,437474.2376751727
990000,1114640.8922956747
575000,551702.433710045
1050000,967890.499519157
1250000,1132133.9748482916
420000,292160.1338366653
480000,482462.3493198008
3850000,3819798.4442563853
275000,218161.99786320142
4000000,3506531.807166849
1600000,1430787.0788043358
435000,450399.378447777
675000,539858.0710129668
1375000,1320188.1274188333
550000,596795.3818598248
12900000,12504485.528429901
2200000,2300216.705013377
3200000,3273677.6135349004
820000,712718.1759592313
5400000,4867569.615810384
600000,711500.7719787223
4350000,4166560.215570239
6750000,7230102.077666191
420000,365297.2333262024
465000,486546.82037436415
1180000,1253811.507324412
585000,687537.3824182037
710000,691800.9685245203
680000,698959.0081719924
650000,659857.3334108782
550000,529471.4806006212
1030000,878052.9489498284
750000,680395.2707390726
1650000,1510936.9867575043
1150000,1055888.7481908351
1350000,1250271.2954665008
390000,424207.8616993057
650000,663554.7867991513
250000,273974.16717680387
1480000,1485385.7982178228
550000,534048.5115375462
9350000,8229539.767517797
915000,1491973.47508217
1150000,1065225.4865683436
3250000,3149676.7225333303
1150000,1153869.7931191192
6400000,5549399.2729409
6650000,6679430.579219187
1200000,1239651.2843308975
1030000,1035072.6848642976
1055000,1053391.6056465898
350000,326618.5452522641
1625000,1675271.3486282078
350000,357340.67568314355
1200000,1059423.112962039
150000,356858.1329215503
1050000,993795.7963654576
175000,226475.402101607
1480000,1324018.051860681
1450000,1479387.9372385254
650000,564490.8473010669
415000,367303.3697226385
1050000,1465162.8153002004
320000,249191.92734047497
585000,576860.4017345327
230000,229802.67863230244
490000,442916.506993543
2390000,2340978.772436247
680000,652883.8608395811
1630000,1629290.5725943933
2150000,2298148.4035753645
2300000,2614911.4164094278
740000,805299.8684165749
300000,347561.88973623054
375000,335376.5992133416
1480000,1343342.8926240446
1950000,1989197.3746791398
9500000,7264785.41767731
1120000,1110129.2850068347
940000,866667.2730920394
2100000,2078337.0119419957
385000,357001.3938786217
680000,636830.4533254273
150000,216705.4583793627
220000,203834.9711566724
2000000,1873532.081873424
430000,393315.36479243386
1000000,1046719.6281330745
300000,266527.77673250326
455000,476861.41259264626
600000,656888.2839392229
520000,539665.5862461576
560000,531814.2586930643
325000,287711.9521089878
1500000,1173603.0540642824
460000,433538.3258724059
930000,875043.0759304132
2250000,2444615.2711099056
820000,778898.3792985211
3100000,2922190.67220226
5700000,5475555.646680729
1430000,1498236.0833778626
1195000,1112060.2176182813
985000,1263694.5574724276
1600000,1553497.4053056252
600000,591404.8197286151
490000,517833.93348772964
8400000,9374835.33295929
370000,416304.64600292215
825000,842926.1856744923
80000,99612.35484517219
850000,766396.1689299748
640000,623476.9777711928
395000,364190.4572966423
520000,535392.5618066064
1195000,1073409.009306699
485000,499225.00892865675
3200000,3050145.303846685
750000,695812.7265264182
1260000,1353437.6473338641
925000,966183.6403392552
7100000,6798131.957413192
1050000,1177863.0517949867
990000,1014532.5839189339
4050000,4192934.5331475264
3650000,3964102.1648618532
5650000,5904359.986826825
3150000,3102918.8253334304
1625000,1435973.4378465714
1170000,1070349.0541778128
920000,1010633.044808943
430000,550453.7273157866
535000,527872.8391169374
1475000,1409219.9402187415
490000,466682.51860189525
220000,246160.76059904043
850000,851055.1992863669
1000000,1010026.2714047431
1190000,1205953.830043879
650000,679068.6429436115
750000,664397.9045714727
780000,688175.9067747559
435000,434809.4313418987
330000,323971.47242202377
1320000,1366248.0364535323
3100000,3733048.7809015107
5150000,5744081.680004583
3675000,3432797.562706938
2500000,3012038.22102895
6500000,5741543.313685398
4600000,4628524.79486835
1565000,1407522.3346980147
4950000,4776842.636436643
3980000,3951206.2348988713
890000,1491973.47508217
245000,146329.29895609673
340000,344323.0740041538
620000,560787.1738081628
750000,683220.2169424578
650000,568002.2936415995
700000,703560.0656722358
1375000,1302759.840579852
865000,792141.224892414
1475000,1606931.6379420657
570000,641195.6551379827
700000,664170.8505910347
800000,840538.3862450573
450000,360809.23103205557
320000,310328.10247252026
780000,873665.5622166073
600000,670828.790752862
340000,316124.20735645434
8550000,7560687.277980972
425000,423947.844194962
1950000,1943448.2608343107
3700000,3889554.638130003
2750000,2730084.5516266716
1920000,1759974.8614076083
5250000,5508979.766498941
2950000,2955601.8254908808
2600000,2972035.3750393074
4850000,3868546.1010225555
680000,712044.4560249855
3200000,2853600.5886783903
370000,460027.2385874864
400000,399095.5732268122
750000,868129.1302881988
450000,420439.1478580206
650000,638374.6538701465
920000,960269.6887749932
750000,698514.5185847231
735000,811186.1826319653
2050000,2109758.2283913274
560000,610393.1489391512
200000,238045.80999096288
665000,657039.8985186075
618000,606955.5834162113
3000000,1921068.6068587862
550000,575646.9647173815
850000,873838.0650817645
2075000,1864591.0629182379
780000,754177.7798761174
365000,387510.5087134454
610000,571452.0931852144
3900000,4137867.3955798363
3550000,3339484.2170142466
4400000,4173706.538762126
2350000,2053090.3765473308
2240000,2270698.339317827
1750000,1696581.622304053
1250000,1170710.2826804756
550000,516039.95720172854
620000,621265.3236106951
340000,290172.7699028276
1600000,1672697.5946987884
2000000,1399021.427743719
2950000,2880705.1600863384
200000,208043.14984204317
4100000,3782000.7833912643
1800000,1268880.819722137
1330000,1044135.2061245462
270000,297362.50528431626
730000,723620.3239887351
4900000,5058086.021073499
330000,448357.0147783524
560000,577054.8064499252
1850000,1575655.4638311395
795000,792525.3846695056
620000,723790.9779272621
2300000,1831742.2151950537
15700000,7396397.019457478
2550000,2496245.0470772604
1730000,1812401.2964511584
1950000,1822365.5867325424
1700000,1300987.6744000502
1350000,1241458.6385459811
1000000,982707.1724052178
7100000,6135801.752249591
680000,613256.1704443252
230000,242679.6791926478
370000,415614.2632743652
2875000,2101899.6149878385
775000,905388.7389868465
460000,457225.9361215662
850000,857848.6956048975
2950000,2788030.87658883
450000,363377.8248142693
600000,582502.429891749
1300000,1270977.468518126
620000,554487.4173461231
2150000,2329020.8663554355
740000,684998.181092347
1070000,936122.478108007
250000,251948.7772462756
980000,1011553.6330180368
900000,839600.427099616
1700000,1844373.8372632028
2450000,2300594.195454349
880000,938804.1094039344
1475000,1424339.0294059976
660000,704564.4733816052
1500000,1605872.3299662385
1500000,1508500.421498409
1280000,1382769.1253174571
1075000,1104158.4479148623
2850000,3067066.8799445815
2910000,2220803.1794387363
1400000,1319853.3147589173
4500000,4343968.421855397
750000,767986.5827005943
250000,232454.42476136124
510000,617206.6201926892
865000,918680.4170723378
300000,315007.0795733308
530000,510235.426627319
500000,752203.8328570958
190000,212294.6377843491
370000,392214.7543235295
6300000,6661761.027087067
243000,300268.2089461095
350000,310262.71226708184
1100000,1080383.70757927
245000,247235.70373969132
700000,645119.9216619388
2150000,2025241.22389262
1170000,1240774.8074105051
1200000,1150512.2928636037
2200000,2189041.7114269664
1020000,1070684.0404338238
1030000,1051434.4881897313
5300000,5740737.567700479
3450000,3451216.315322386
3550000,3976940.0396156525
850000,783984.6772579987
880000,869829.0695429592
1240000,1227805.5178611164
800000,1021777.0745186586
175000,189390.1259091599
1050000,1000386.2357473667
7500000,6189759.628194456
750000,707742.9319289282
400000,286264.18998349074
600000,575965.6836075691
265000,239750.11943542576
380000,340662.0953166617
1910000,1902901.353458537
530000,559515.6422471713
800000,785308.6293559656
4350000,4455471.112876752
2720000,2688890.9654258783
2500000,2311939.4106116984
1065000,1070537.7801344781
1300000,1340288.6624111487
1280000,1294509.6110497103
1150000,1140642.1606034304
1850000,2137175.650526017
540000,568715.0158391036
175000,177095.30695314167
799000,1110175.8462109512
470000,480318.35929713957
2450000,2451708.159927574
2200000,2388161.503162863
1590000,1607353.8772754841
720000,795585.0663309272
475000,518039.32345827285
5000000,4584462.508025297
920000,785857.8394705501
340000,301333.6372192572
720000,649017.0173180971
250000,280980.64239924535
1250000,1381674.3464234464
695000,777081.3933936582
8500000,5949031.81865572
3350000,4013609.6254910934
680000,615811.174258437
6350000,7744702.382175406
425000,459124.1857965111
750000,716695.0119472408
300000,336691.1205422745
929000,1059642.6038144084
1640000,1383883.7262002516
1215000,1241441.4046730504
570000,501068.32271444635
1490000,1503534.7706339383
1615000,1637411.1624657293
1100000,1023714.9053086045
1000000,933616.333410893
2800000,2404369.4328243425
2100000,1993627.7504691866
740000,765500.2463359591
460000,524493.4532990721
650000,691129.1815025785
330000,356597.09970440774
730000,781339.1580052607
170000,197263.2268332055
300000,310580.0890059602
790000,814988.3455735339
2280000,2277111.856286409
1575000,1708226.3507305123
1200000,1228926.8753611734
1730000,1577024.7873361087
910000,891972.9719260307
2300000,2397439.487199727
2680000,2801234.5329953246
700000,593901.0343558006
1560000,1219314.8911890234
710000,785872.2276362932
330000,275755.50142119883
2400000,1662195.3200282336
410000,422749.48623064364
1000000,915704.731913328
820000,685520.6186252908
475000,630279.9637973971
1780000,1796602.0466102334
330000,435766.3230578088
670000,668744.9943425156
2950000,2966855.4472119547
4200000,3992469.3299547904
870000,1021187.7144117224
1250000,1219165.9786492493
1450000,1160131.856851559
1050000,905042.8693312841
690000,728557.1536803393
900000,930735.7388124639
900000,842705.5047576545
1350000,1452439.3395229648
4300000,4034262.1646154756
350000,365291.4841625494
1350000,1202052.8496872867
4700000,4241050.719577626
2000000,1925669.3759724495
2200000,2183684.7134799617
1290000,1128317.8239414382
910000,870942.6234737579
1800000,1529174.5969263546
300000,231398.29339822862
3500000,3240647.353514096
380000,331552.67068746506
360000,313917.6313987021
1450000,1579851.8385199928
1100000,956164.2280774002
1300000,1162970.0496933204
1750000,1855505.7893745676
850000,778852.581014889
515000,560851.5807648769
690000,926858.008450224
4500000,5712455.044330572
1320000,1217527.8902458034
1250000,1158786.5382915975
2200000,1923346.5216878944
1100000,1013137.848964992
1900000,1826892.339985292
540000,590010.2334819065
185000,189178.1245362408
650000,756648.0118979455
340000,399592.1323803579
650000,552255.8503748674
240000,228729.82584880575
2000000,1879910.5862529927
1410000,1415358.0880032599
1800000,1866747.4276837672
760000,720461.8282716265
4750000,4411649.661907612
760000,608389.8243433943
985000,833960.5250070794
1890000,1885734.4081161923
1850000,1852753.2572531844
1490000,1581982.7423280396
675000,741371.4755400257
700000,664137.3380175269
450000,502444.95193968527
1350000,1228905.6133754395
240000,331112.9438574186
200000,197967.41435101858
800000,768177.0458934628
650000,688463.8859932211
3000000,2996038.2933893004
2500000,3057771.2866569646
1500000,1519232.5950890165
750000,710525.2647341258
1330000,1399917.276446675
640000,553191.6451522486
1775000,1881016.040017274
3200000,3676404.4759892826
235000,254872.56346399075
1420000,1439967.764772754
750000,748474.5843029686
405000,446253.94147500425
2700000,2734220.492695289
2200000,2141929.0867400216
850000,786206.7483725789
810000,793077.6096763466
795000,738078.268712888
6750000,5742279.934395956
1250000,1044746.386602929
1550000,1192036.3549884195
500000,452457.1081940876
1025000,952999.9461631271
2650000,3133609.8473363128
385000,297181.1474642619
1450000,1603608.6591528263
320000,312474.5369336937
550000,522834.3802022131
550000,623167.4302770265
700000,711521.2593975317
465000,404487.5864608789
435000,438278.2557778795
2250000,2146401.628892756
295000,302984.3602500314
230000,229929.3002365045
1330000,1244229.9181605207
205000,206782.2441429382
450000,386236.9315570159
650000,653571.4097756327
725000,886886.0168123699
1200000,1206869.8973766535
11700000,9807110.048641535
1050000,1202226.6037587547
1100000,1274417.694865074
1050000,1072521.2094114237
1899000,2074352.7172774028
1790000,1820136.442612466
850000,846346.5391751662
1250000,1175283.32120525
1725000,1978095.977219529
930000,1051915.9401346748
5350000,5632434.929932314
410000,463372.7185269544
1650000,1872612.3152373894
770000,891967.4708303728
630000,555610.1905660805
1175000,1097805.4178873426
6850000,6531735.924422116
1650000,1592053.7860855071
3200000,2964276.8493239763
3600000,3141846.772511207
280000,302407.24159683235
750000,622297.2870062942
600000,447384.51054243575
380000,374773.00922237075
350000,423738.39348818356
120000,156481.5744463787
470000,526292.1189556619
3650000,3171401.1039403807
3650000,4018700.1912718117
825000,1464188.72006568
1780000,2380884.265454787
925000,1022761.126304075
1830000,2058620.3249490936
670000,940715.9836288376
850000,974846.8972951854
535000,601420.254156962
742350,796577.9255537707
3700000,4055365.416106533
730000,695399.9836360249
3550000,3542923.705164329
12750000,13013023.859332083
2650000,1950124.3720429118
2600000,2140711.4569900753
2570000,2235537.205249372
3475000,2828302.3420700436
980000,990126.8688177096
3300000,3213291.4546687007
4200000,4034946.576472979
1875000,1932570.956386511
680000,702583.6898297011
250000,253311.53323752596
4450000,4683270.399644636
700000,638581.5814507989
420000,432171.9950941115
435000,397415.9104666394
600000,561067.7302371662
1150000,1196490.100924678
3300000,3133402.366675078
5400000,5804598.272653362
360000,383408.6483959426
2600000,2406349.078610665
2600000,2499052.7616105755
8500000,4453887.957096039
8600000,5246962.599380653
5500000,7327615.218404096
4250000,4825368.575067707
630000,571489.9894513364
850000,813270.6935053549
35000,57290.02397283323
495000,539152.4755774103
3950000,3974067.147227539
540000,488241.12774399214
580000,608782.1589266997
520000,484267.764034337
2250000,2694146.479469461
460000,515030.12154457753
1120000,1080141.9192426424
1120000,1101951.3501591883
480000,494138.7769112206
4150000,4762229.092983313
5200000,5278851.457897527
3900000,3500726.756186983
3900000,4321590.967340089
210000,197102.19053309518
375000,327138.91476905096
5300000,4767887.9279579185
480000,473091.7258192239
850000,1025791.1064011231
980000,1057740.8337724463
900000,1110819.1681703767
3390000,4796567.276458156
2580000,3794193.253140036
1280000,1337573.832674821
740000,816097.3011613071
1725000,1434942.4437154836
1250000,1316853.372569418
4600000,4764145.820609139
3600000,3566325.232482145
350000,356260.81121498975
4750000,4973215.644368127
1255000,1262360.378211107
1215000,1236277.3672720531
650000,684034.6935937679
1115000,1048356.7180552011
850000,814073.7394517433
1250000,1367139.9062571514
1875000,1379228.6640568676
900000,949828.8259906581
795000,881135.26799656
1950000,2263423.779073834
730000,648354.8258178311
2025000,1974753.5689144207
900000,920308.5720444478
965000,1070800.381493505
1125000,1225408.9707304563
1225000,1286782.1568481873
3500000,3220947.6212894917
40000,57141.47135394272
305000,329975.47274493385
2450000,2587587.894302085
890000,901916.7638734803
3750000,5430651.559514498
1875000,1900634.9489421765
2200000,1940818.754705919
680000,689297.4809569849
660000,594739.951549883
660000,699825.7467312984
330000,283534.10297141486
420000,438159.8025423499
240000,256723.8746327309
7500000,6447015.339575706
910000,929631.7506383491
2700000,2853368.0259645786
2150000,1908968.9243396225
1550000,1391490.4372715845
4400000,4756012.138807784
3050000,3266197.1834762855
635000,621519.143490558
220000,197542.2988472606
1600000,1283283.4399764494
265000,223026.2907353773
3150000,2908115.6471388564
735000,845718.8821234256
6200000,6010142.914152025
1925000,1940818.754705919
4150000,3890957.3129713517
995000,1017451.7392029483
1100000,945497.0224481126
580000,547657.0930245542
320000,211799.65379869338
700000,791426.279586985
580000,584992.7544755131
1075000,1012074.4441587989
11000000,6836625.111001051
975000,979287.0400669954
980000,1025660.508689833
630000,707297.6291760236
800000,769037.9828566378
8500000,11847229.724543558
1550000,1586987.5226132793
2300000,1978639.7277196606
815000,918496.5118043338
5000000,4433191.850492994
2000000,1439261.731402113
4000000,4748325.919651591
4550000,5053639.36056145
2800000,2841217.3854462337
1190000,850537.3777578318
395000,448004.7394370027
590000,628396.216461967
2450000,2793235.1063941284
4250000,5379115.839593664
7600000,6811582.98107424
3450000,2656884.5274136835
5900000,5944027.053885029
145000,136448.86577714366
330000,340897.7921673861
680000,588130.3751585297
6650000,6671871.427517383
825000,768848.5067693875
1505000,1506699.9885432322
950000,970703.925924924
760000,826687.0320949425
2800000,3027828.2470216714
1060000,1111334.1238690314
1550000,1659481.4526517598
1220000,1253348.1922676822
1825000,1954102.7552076427
1040000,1133754.415269088
1990000,2083516.3442464056
10900000,6839566.17134065
850000,874999.8175288759
4050000,4317571.869894345
5250000,7077878.436359996
750000,776344.3322762633
695000,752582.6984393172
693000,726850.2397494405
2900000,2903465.506783318
420000,389675.45926299103
3225000,3462492.948596725
650000,653221.5434145753
540000,568628.5174193447
3100000,3243388.3501566006
3700000,3914244.672638846
2350000,2292696.107516373
255000,261183.54062593158
5200000,4469410.084839052
1350000,1211925.1358917619
3400000,3256581.1431949157
1120000,924656.000646967
550000,556034.7521289232
1700000,1630676.3259112816
500000,499528.2250910902
5000000,5202139.237960428
1200000,1117745.2254245442
1600000,1674365.5457216552
1410000,1253811.507324412
905000,799422.0678087756
420000,449623.18434207456
620000,696481.982573928
1210000,1251473.9548727213
830000,906599.9688545229
3300000,2984746.1081310306
1550000,1345049.3599586273
1135000,1170657.5399166176
4280000,5853229.4015777465
11000000,4170409.5472849044
2850000,2506310.861137845
1150000,1053909.338238318
2425000,2263423.779073834
1850000,1978842.690127779
975000,1037238.56768875
980000,1101580.6601646247
6150000,5837223.120960569
1785000,1851743.6522970956
9000000,8744901.401254766
3350000,3636550.2458405686
1250000,1323116.539756349
1760000,1829527.0960604087
1860000,1632372.235031533
2560000,2328283.086269153
1670000,1713860.2178593152
1250000,1286782.1568481873
1150000,1210541.3178915665
1375000,1243220.6793963264
4000000,2860475.4804696613
1810000,1419850.0458772695
2750000,2651848.5398068526
1950000,1863923.1801676827
1600000,1488157.1379528672
680000,674224.6725059524
3550000,3168768.358575321
1750000,1469084.476365142
1190000,1208604.1786621672
700000,691623.4707744964
600000,645085.6409537788
210000,223178.04666171546
615000,525818.5453524992
125000,141514.1357791776
340000,369752.3567103432
410000,436650.893066021
790000,816153.2779946267
600000,702464.9349886825
975000,914227.0755437574
640000,622869.6975035974
950000,997165.3740758735
1050000,869184.0828340857
570000,534284.6031893183
475000,507070.7852273039
220000,226580.33881456906
385000,406259.3383737625
200000,199452.49664219702
500000,509794.6827231968
580000,553688.963965445
550000,497768.55146526964
480000,534403.7297956882
550000,524615.9888507458
255000,250595.53524156357
800000,818401.9807021226
140000,154162.41483198255
620000,669481.4000988343
680000,664792.4294257708
635000,637267.208412983
685000,659076.2332502628
2250000,1765609.4326069397
975000,906530.5196492284
460000,556620.596674674
1750000,2130256.166675045
1275000,1255608.7387581118
245000,285406.3669234096
365000,344237.25294092833
3550000,3453637.7750483295
730000,747355.618052348
1100000,932403.9749577924
950000,914762.0406065558
500000,611675.8994427257
600000,463423.6124592866
610000,644920.452437722
550000,545807.3608705238
295000,266110.5991134677
380000,320743.26348261867
1100000,754517.2709552367
210000,142588.63837648713
350000,359052.7014088754
435000,415146.24433218484
650000,612923.1353183857
750000,803468.7595922964
340000,531900.406860847
100000,127936.76619166986
680000,739918.3614344393
950000,1184673.234719255
2300000,2379237.799261949
700000,768946.5213962496
390000,379789.49893296906
3250000,3250574.875478884
3250000,3358046.814649726
2090000,2069440.2220328753
5800000,4862647.395032705
1200000,1229804.2678020708
525000,516217.1464824862
375000,362783.15720929235
130000,151777.96302359874
3550000,3301838.82233595
660000,612230.6433811894
1200000,1267701.4248065858
3100000,3291356.6037323396
280000,236939.4084758184
230000,324233.08819893154
265000,292539.2746577565
550000,495577.0469355482
450000,403563.2422530294
1200000,1148438.0206212793
340000,311839.79709631804
1900000,1764348.7307695113
240000,277191.4558260615
420000,390110.0404847363
685000,687629.142288562
2200000,2315517.114443392
365000,381539.7585645674
420000,397438.2999767087
510000,469290.53415805846
650000,673591.2039359479
360000,343731.09439669
6300000,6640431.039274298
5300000,5059802.711124824
4850000,4767887.9279579185
3200000,3570490.8187749973
550000,543903.6450474105
5800000,5842899.374516579
3100000,3163329.7344657136
2285000,2381662.5584276556
3975000,3887757.6522375415
3400000,2955043.097019133
500000,446366.9086881958
2380000,2711292.0942655755
3750000,3525486.77707304
3100000,2364452.196945954
3050000,2964448.6243736427
3200000,2802008.3816642687
5320000,4717550.908033565
2300000,2235673.468288535
1350000,1197701.7840689218
1600000,1702881.9412669342
3575000,3471313.701350973
3350000,3292896.7140490212
4250000,3467903.470776112
1200000,1301942.1908766571
2000000,1932915.6887616932
885000,873993.3639609673
1435000,1482541.8911296742
950000,938013.2147124172
1384000,1295527.8627956975
1720000,1616792.660031406
920000,910436.2538796825
3750000,3975410.4353300463
420000,401565.3599835405
1090000,1091198.7643246572
1740000,2093477.756117724
730000,709651.7201552525
560000,456540.89265745593
6500000,4531664.0880402755
680000,620071.0725705422
500000,524304.2675179444
220000,177521.11096437342
250000,275448.28085762134
230000,258120.1716352488
290000,389683.3064742435
320000,402011.6657135983
700000,680880.1812522326
290000,243307.17209788688
520000,524187.46853608463
2250000,1952338.8187052351
610000,687150.284416317
150000,215936.47154301827
1860000,1530337.0169518657
1450000,1398331.8995872282
600000,703224.7358528952
455000,375481.0050822242
650000,663093.1588553111
520000,499759.73050359247
600000,571343.4724041317
4950000,5090738.523517461
370000,389146.7091892809
470000,568378.3203120544
800000,663973.484209869
1600000,1740197.7511016123
460000,452992.8210020574
470000,607671.6747782328
1520000,1483604.1478995923
2540000,2389590.0646764236
1100000,1269778.713840832
370000,328951.8352576134
1850000,1368133.862131811
600000,780405.5131624037
1380000,1248347.9127876642
1199900,1203728.238423649
200000,183400.44739011172
1555000,1528992.0522855294
1600000,1687783.9799432484
1260000,1035142.7349188518
1390000,1238045.0530490566
890000,922229.1393402303
3200000,3165493.8887077295
3200000,3630181.15981384
1880000,1738313.124543908
1980000,2129720.661674861
1150000,1031146.8464681609
220000,225385.07300297348
270000,300534.1825541615
5100000,4978376.9576047575
2950000,2782617.2932791705
4400000,4218811.855251785
1425000,1360624.5412780948
2400000,2367667.5933680595
495000,455467.3766963776
1530000,1470227.1514238736
2200000,2100294.720626234
930000,883960.9526400736
1520000,1541070.577422529
11000000,12312211.544049036
860000,802365.8320095142
2050000,2231689.0733471
1350000,1225779.5047815423
3550000,3328552.0503470288
669000,726344.9664656264
1240000,961044.9043837172
750000,746801.5069286021
3775000,3630388.5616336195
1950000,1813410.21277692
560000,583440.7096428684
410000,351577.73168290977
230000,271503.3108669065
450000,485764.36067365925
6450000,6740730.296090057
790000,819789.1014792498
310000,234131.43676559703
750000,812074.8308799234
13000000,10184751.832758924
250000,377738.6417930037
3700000,3121282.078946339
2950000,1595999.7608701193
12000000,9860880.147226986
5850000,6959176.593806898
1540000,1395574.3704470724
225000,244382.22125180607
470000,448540.78641019453
310000,323331.71111285477
1700000,1754948.6855936695
315000,427838.75648099213
400000,391374.2597323285
570000,571397.1008101917
210000,210605.58756142334
3300000,3483223.143055092
280000,297928.8745065225
1850000,1808974.2897307184
1850000,1714356.3037030082
3200000,3093478.275044662
2100000,2234236.4251134153
660000,686488.5198459795
580000,578520.6526392957
350000,339371.5597211517
670000,665171.9833133352
920000,785396.5501087775
530000,581896.4167966078
820000,900673.9791820768
725000,779738.7093508178
1255000,1152814.284021166
270000,215067.03128218593
990000,1048872.911908131
805000,773945.4634318936
805000,845718.8821234256
1675000,1973472.5066395716
530000,494546.3521049702
1215000,1312172.7779179062
2250000,2249992.4773254264
5800000,5886321.922112187
515000,582683.1190317607
350000,403648.4133535135
250000,297537.8271103661
650000,675511.4546174216
310000,359312.2285347293
1020000,1000887.9186150196
1120000,1000887.9186150196
2100000,1850805.0515605852
2300000,2429805.6609546263
450000,427630.04786971165
660000,635045.3366606629
625000,571778.9216194517
1000000,1111167.6819261617
3600000,3152676.374921642
3500000,3743396.3342652633
1750000,1705885.2265923128
1620000,1471543.4523796816
900000,812330.8900463044
1850000,1857939.182710017
2750000,2621677.8993072486
75000,69233.5269210595
320000,320915.6651650174
825000,848759.9884532014
580000,593733.9619265683
170000,220760.66833345866
1090000,962750.9242527926
2300000,2205989.8042254746
1060000,1169483.6377377445
1230000,1184977.9848385158
800000,698764.0246480966
580000,620570.8511203671
210000,138996.59717986363
3950000,4069024.202114315
1750000,1676456.0038878967
1550000,1551622.5237797399
445000,473618.30909546383
770000,776488.1275329299
650000,495115.94174249866
500000,498974.0507975004
3350000,2939089.172103892
390000,355343.3737248611
7500000,7357412.646142266
5700000,6186693.113372265
3200000,2123338.5100154225
300000,282940.53993384953
330000,255862.29125391753
1100000,1071457.5009499155
420000,481348.7315988098
2220000,2159242.5825503054
1775000,1940818.754705919
650000,688916.2048787179
215000,201134.88256220706
710000,731694.0777983329
320000,308531.61484584503
430000,380308.1363063911
750000,1072092.4426509077
400000,458280.10561535857
1400000,1176790.0737257674
85000,131096.44983700887
1750000,1683025.8172621157
650000,589132.4565015236
350000,412202.40514587826
350000,459546.53716401884
1300000,1012543.7810048755
320000,334050.40197484393
2500000,2436474.1840248182
1850000,2487613.2932917257
800000,726912.4383596936
2900000,2741072.2621636125
1190000,1114725.3179674016
925000,832982.6129732407
700000,619845.8455428142
630000,664471.897532376
960000,1070800.381493505
450000,450176.09353139007
470000,481843.295448664
1050000,1043441.2115506452
490000,451406.74203333346
2900000,1960405.524335925
1500000,1495024.0159164523
810000,748693.4351175878
350000,378532.20602680306
9700000,7456481.681641422
675000,645439.8965328092
9250000,4727833.28186906
450000,420377.2198032087
520000,486262.4968570524
620000,539973.9814729796
2725000,2313708.4981931495
485000,487072.5831623103
420000,652997.0628194208
1300000,1266445.736409994
9500000,10724843.383968618
1760000,1617930.0257282623
1690000,1551753.324046548
490000,521073.687471872
400000,278610.5780547696
1770000,1636066.868127547
575000,613742.4296207835
4700000,4967376.500847419
1650000,2134321.083194486
660000,629137.6039041674
380000,442598.89972800395
565000,588659.6530403742
290000,360519.4461234265
5800000,6083819.027250728
3600000,3499610.021123038
3200000,3706656.4009443214
5900000,5640939.133950695
1750000,1364096.982950623
3125000,3118901.3647728735
800000,803730.3008402634
1575000,1346731.1075734082
3500000,3780456.002324619
735000,795296.1078379822
3350000,2993561.736883022
3180000,2972035.3750393074
675000,725713.2401088048
850000,786686.2872722723
975000,976052.08394816
490000,480906.6506266549
620000,564094.1640933967
665000,679111.9683225716
3250000,3611139.018520358
920000,763076.4601016017
780000,695714.6101346987
5850000,5879514.75408899
360000,431794.54633861344
300000,245435.7758981511
9500000,6591649.409427874
500000,479765.3019153635
1780000,1492924.980407473
3350000,3091028.5872537247
4600000,4640458.993284231
2300000,2123478.0572502217
750000,861806.9368840572
3495000,2899583.1833664724
2950000,2922190.67220226
320000,308698.3942006649
2600000,2487635.9666195814
2390000,2237376.5014608526
2700000,2719011.322176523
280000,241621.1850490596
3800000,3310435.2896181415
1390000,1430069.5406220402
1575000,1632429.6965869912
750000,669005.3157795818
6250000,4780709.301519233
780000,760131.1718787987
2450000,2599158.797324693
1120000,1328786.5869151119
1100000,940952.2617252168
599000,537323.7255021797
2650000,2469071.429765182
920000,971321.8761412859
365000,351615.5072795921
850000,893238.7055199343
680000,712143.7983241254
510000,491960.6489050493
2170000,2155200.7778337975
2950000,3068777.3642854765
4600000,4722864.523659505
1175000,1202766.9595666868
4700000,4982792.336889851
1650000,1977933.7973040368
4100000,4142728.389369313
475000,509313.81825463846
2300000,2119231.569288462
7100000,4619853.063903994
7200000,5620319.303866093
4000000,3243910.750562135
700000,674001.1422006701
1795000,1926581.6593474813
3800000,4024591.3165563447
4850000,4618320.816927179
1900000,2807938.711965717
4890000,4348531.146387364
300000,353310.0068150414
4400000,3168025.9469148945
1000000,959546.7397454347
4950000,5562128.1670014635
380000,285965.43849247834
1430000,1245046.6672457492
4200000,3941239.5854995786
750000,696669.7111423257
7700000,7306278.027796545
5100000,4493868.319931559
930000,936685.3963730525
7200000,6876762.854128414
2850000,2829652.3586743013
4650000,5828440.773132476
600000,584224.3418063204
115000,143132.00296365292
850000,803163.647656197
1435000,1399874.3549275259
3500000,2992916.1701668096
3200000,2844578.398222778
250000,254139.64968801665
3300000,3429209.2533008303
3100000,2585812.9488566727
5500000,8523768.935805932
350000,306459.5311243344
1050000,1068948.65902535
485000,516708.33703934343
1500000,2599800.572823503
800000,820496.5430896683
1780000,1839144.6003683761
4350000,4828919.854620897
625000,608913.9240893224
660000,658647.2802077399
2500000,2488214.687172073
185000,314683.9483240888
990000,1008550.13466223
370000,335018.237271443
700000,678142.326069019
560000,565209.1121700077
70000,59854.161243878865
9400000,9763899.060357498
7600000,7202314.146819216
870000,730772.8761484277
560000,533103.8681851671
485000,466334.8370308404
450000,430918.2866135265
400000,380266.13565189356
2800000,3020737.716567043
1520000,1377565.1063370835
440000,489511.6640270913
485000,452675.96375008166
395000,335083.5491037166
750000,717183.4332156003
600000,587982.7172615498
560000,613725.3480752143
260000,206749.79039888232
630000,576547.1620562659
450000,459481.6731858265
1400000,1360545.2465092896
885000,785629.9073027399
680000,666056.6806571401
260000,272445.74531033577
450000,509435.9844018191
2025000,1994853.8119012525
1635000,1635248.8634241002
870000,1027959.3775079304
330000,310291.1178200862
8500000,6443584.731870753
4700000,4654670.350272695
1490000,1770918.8132390229
1500000,1366933.1661274561
1900000,2059016.9251373378
1200000,1129261.3154464422
3920000,4002932.1727594854
735000,736527.1276468661
680000,731560.3463838433
195000,268507.7415301119
1650000,1595858.2811657037
840000,800212.7170515684
2270000,2273661.6311278217
1800000,1588608.028446381
700000,688527.9005969553
1195000,1165178.266669432
755000,892452.0510018222
1550000,1824720.6222326858
1300000,1322032.7384343217
1700000,1427135.0970428481
1050000,964232.1860587331
1050000,897590.9501890352
160000,233625.49407095872
285000,275410.87430807285
800000,901013.716802727
800000,709336.3316660655
375000,343192.9335132908
1220000,1158451.0869585199
550000,472461.6460285369
150000,161172.7516379378
310000,301635.9688506559
1100000,1219241.0092056396
1250000,1372727.7534053714
930000,965434.8436180637
3050000,3496560.154505463
400000,329436.8825496496
890000,835788.247528802
1950000,1861788.04983572
950000,1161573.937287555
270000,301413.12569395336
1390000,1613599.6748671923
275000,212906.94670886674
170000,225127.33693994363
1175000,1185035.0587746443
1850000,1556217.062792196
2350000,2719738.2747688503
330000,387414.3627821843
2695000,2702995.435255732
700000,686765.4908723504
450000,645732.3003893617
530000,502579.5162634319
8500000,4683219.596657791
13500000,12154755.467684746
2450000,2317980.6868134555
4475000,4362073.409934871
1450000,1505995.4757101573
4500000,4571331.722790444
400000,349937.04580957023
710000,688332.0928269792
470000,511935.95570407814
3190000,3776922.7495457972
395000,355801.9160379445
1365000,1252096.296150315
2290000,2275938.3638447532
900000,955106.2832717263
195000,246635.25079349295
9000000,7837061.809884004
3850000,4247992.787020534
13800000,8991010.108119685
3700000,4321590.967340089
625000,646257.5209508367
2060000,3357867.504729042
2130000,3423441.440652887
4500000,4990045.9502794845
3710000,3959127.163791165
4900000,5105475.450003255
4910000,5105475.450003255
770000,661009.5240470566
11500000,9282040.046926796
438000,453648.9572084643
3775000,3304216.634255209
5500000,4748325.919651591
5650000,5078720.271331947
12450000,13758767.674766831
5500000,4927388.834388371
1335000,1314231.9673900232
1950000,3087969.851518485
9500000,6921054.213454057
4000000,4887922.81602324
7000000,8216111.7507659625
2000000,2991638.220215818
3250000,5194789.581955035
4000000,5683899.3439199915
7230000,8736413.35786352
350000,390337.16555046407
35000,50397.850794916216
980000,993261.6904190967
6200000,8318528.750526289
4950000,3066788.567848168
975000,1296511.063599214
839000,898544.4032391207
790000,874667.9344615975
1429900,1551753.324046548
6100000,8012657.28948916
2800000,5209177.821863628
1674900,1668537.2493086874
1950000,2142984.7722583646
2750000,4729619.769656798
4700000,5499070.744616143
849900,868774.4180392971
7241000,10724843.383968618
1800000,2524360.067931284
4500000,5051754.20850478
3900000,4796180.412037843
5650000,4984748.97419194
1095000,1041732.887490301
3350000,3075998.2441041367
4999999,4283038.208693091
4600000,4585063.52684146
2600000,2989239.6623555
250000,285113.16331343626
280000,290436.6583560711
4600000,8405448.41521833
445000,410256.11913530325
3070000,3892594.2655657497
990000,1133754.415269088
1200000,1215674.244512041
820000,821813.1354799496
895000,849804.6406764917
210000,236373.7515322459
1805000,1968673.7988508402
1900000,2009737.893456107
520000,510334.22437835234
1250000,1192783.6379911327
1320000,1350170.6254557606
730000,746748.4436436399
190000,198476.3872354713
2460000,4648699.36770017
6830000,6705309.90851518
1050000,1001716.716168776
2970000,4797687.406736768
6700000,6705309.90851518
3900000,5033839.696677188
4600000,6867552.974196049
4450000,4472783.221200541
560000,558787.5185291625
750000,742223.6658040396
1650000,1598176.1509487831
2000000,2095061.7544411232
5800000,5481453.201794657
260000,248556.747201948
1150000,1138931.1834316032
580000,560479.3334653891
720000,736149.9101110687
7700000,7484151.121647593
395000,435652.3404592268
685000,686139.6849327129
1020000,1058391.1976239444
1115000,1106469.8843106453
320000,276783.9581762835
3150000,2985111.5994219887
2920000,2220803.1794387363
4400000,4963880.386172109
1000000,1032071.5687451976
600000,496856.68810630275
5300000,5119983.711152862
860000,916782.9747170744
1150000,997429.2105255548
325000,299041.3053510784
400000,345141.76721906743
1000025,988582.4678618995
3270000,2927045.8969199313
465000,505917.3734889684
240000,218591.1629488114
675000,703261.3156968054
725000,775891.8995906851
1490000,1543927.719821604
450000,457209.7321638223
2530000,2260310.306802594
250000,258325.60696968765
300000,284004.7506967487
500000,477838.2664114684
920000,814398.2595428961
1500000,2169903.797808299
2730000,2579609.062307871
580000,587520.4886249495
760000,747708.2044910952
740000,757969.4363424679
310000,304414.8505363189
2600000,3121282.078946339
1385000,1350837.635117036
140000,148975.19074639425
4100000,3868546.1010225555
7900000,8506330.470085265
3000000,3062120.150569416
1390000,1311272.7818885583
2730000,2660361.329150617
1785000,1612447.4016903413
2450000,2482868.9378823433
980000,1024836.9695629765
870000,781852.6564177606
630000,671810.7701135073
785000,748054.1137186387
1180000,1153862.109584882
3490000,3547414.858058214
3825000,3865053.666524963
3725000,3665624.3413100024
305000,344696.7329465671
550000,563495.7283748207
1310000,1323116.539756349
1970000,1993727.587040397
2170000,2143855.081162728
1040000,1034610.6179183384
755000,800359.015784059
2700000,2774609.4707062594
1280000,1390080.4941359872
540000,548124.623093124
495000,520608.2579304668
3650000,3777633.142408069
1650000,1575786.1210057845
750000,877839.1142166678
570000,975367.7487925137
820000,767984.817877066
2390000,2381328.1374912327
620000,577974.8500258264
2200000,1824574.5514093265
3690000,3039037.3449373553
2790000,2761570.4845401756
2650000,2729602.159290948
5400000,4097735.902220756
2250000,1998359.1992349192
300000,317538.200567461
585000,557290.9613148815
1300000,1137052.0712432035
240000,267984.267088154
875000,809681.858408148
500000,521564.8119505516
450000,439899.36010357767
220000,171368.83397661167
550000,547468.5667255122
330000,293172.04867123114
680000,690113.5753824067
460000,409897.7520469172
400000,481897.36466115684
460000,469292.9430059474
380000,407294.05729844316
233000,228381.0154214448
675000,667618.7236527433
250000,220211.12272884467
535000,494631.47182918293
1850000,1885972.0267758155
2500000,2413462.275394423
3750000,3647412.2477476853
55000,73434.77127702466
480000,458911.4103352211
570000,614547.1340384636
1995000,1996257.0415805264
1520000,1160473.977699235
1320000,1028602.6747608996
2600000,2608726.495933025
760000,714162.1708929992
4225000,4352814.651845487
11000000,9521128.49891776
125000,135593.13190073517
335000,334799.38546419336
900000,731861.6378262932
230000,212710.90129253757
450000,502998.41244293633
650000,688464.2766617555
320000,392832.3307927537
250000,307482.1971417203
125000,189055.23638324277
600000,623878.7114474014
400000,393784.3158156412
1450000,1355220.3128735602
570000,550823.4014132721
200000,196940.32738816718
550000,512667.3721578024
11500000,1000068.1192422014
250000,383689.98160216695
1000000,1210729.163501973
1550000,1664760.6569014606
660000,705161.4174154018
570000,672293.8392861853
1100000,977720.7019122753
170000,146629.43469763763
1120000,1061877.4666455265
1800000,1651248.3978090747
2300000,2321045.949668471
750000,706623.0531127081
680000,723360.123327873
3650000,3304770.539187771
750000,669217.1300637745
5800000,7318815.195080177
595000,649982.8689157893
225000,203986.3906963609
450000,433923.1728288406
5800000,4901174.283937299
360000,299208.33281111496
1035000,1037256.465646192
4200000,5255799.568701757
1200000,1189159.8004341675
1220000,1217986.0254358447
200000,177145.47454708844
610000,576390.9298242057
325000,298622.5948107355
470000,425117.4937659736
1800000,1859330.4512588417
420000,470544.94586733845
1550000,1539686.8087618584
1500000,830742.9478424756
1900000,2131047.4713762975
755000,761781.8996563667
3000000,4128538.5501178443
1050000,1052256.5718644692
490000,433877.29821850406
690000,715561.4548592059
720000,633002.89989539
520000,472574.6489548049
550000,640199.4747686698
1800000,1619658.1501637814
3500000,3524817.015817673
1850000,1733092.640696462
1350000,1547271.438669541
2600000,2189598.846201727
8250000,8397556.217482416
550000,556090.2201331705
800000,670460.0824205927
385000,350105.13275470596
3800000,3888110.3271985254
590000,633385.5191764649
1890000,1954840.404533911
2650000,2774733.1123703714
1250000,1126770.8498350775
650000,773281.4137179063
4150000,3952067.506732086
1460000,1474469.7956273744
890000,984547.5459713471
3100000,3208620.456051108
300000,356608.2961876454
825000,785865.214001149
145000,158087.07625638656
900000,865411.7552838769
2300000,2176375.1100977007
350000,356921.1990738937
1720000,1844887.5425107146
2200000,2311118.9549726793
650000,631498.2895141443
9250000,8108767.479398166
1050000,921467.1323303656
520000,512624.3779205595
870000,931944.3706575768
650000,682139.4310814821
450000,450774.3213770136
7100000,8901542.521415867
6350000,5807611.712983415
1550000,1584599.5532076673
210000,179351.48946726916
2700000,2764805.358477358
530000,519717.7830760176
820000,667421.4030548047
2250000,2026630.7561287351
3800000,3903010.461890977
3300000,3158291.185008254
1340000,1315865.8662722502
825000,801868.9882027591
620000,624752.6915060924
650000,668824.5813769266
6050000,5944027.053885029
520000,520389.3616959052
200000,195054.29807611177
750000,621673.4217965011
570000,584017.5220166265
550000,606986.0881264043
670000,662800.9056228538
700000,673205.4523036036
400000,514059.8608702147
600000,600296.8682497039
16000000,13865814.984509857
1130000,1145680.5858843743
570000,537343.7834649343
385000,400953.7907482649
825000,948431.9983435466
1525000,1336547.1196999038
170000,156974.27271709777
2275000,2298074.4093682882
580000,585572.4554657581
950000,822037.0860054003
350000,362045.58310930873
1080000,1163709.568089416
790000,786700.1050125146
400000,449333.4586849928
2950000,3071477.5932492507
1600000,1660217.669469521
3000000,2636654.995748039
750000,656338.3243397932
585000,578660.8842878871
14700000,13345388.002957502
530000,594737.5356525108
270000,288359.9863444023
315000,274926.9034461048
650000,677575.0478688753
590000,513850.1725764714
900000,773306.3997094764
425000,250938.9996800839
2625000,2957807.440562619
210000,213740.13132450738
600000,581393.6726059737
650000,626781.909710662
2260000,2309077.007183985
1150000,1330720.770916373
6300000,5898674.38938248
2450000,2291600.2809152855
3490000,3380460.0659891306
765000,819602.8808134941
1670000,1616836.3820999153
650000,655428.6923660024
900000,865319.0866523602
1300000,1046587.9358205104
4200000,4192934.5331475264
260000,249389.65521683855
890000,693373.3038253055
180000,171759.97398429958
5300000,5200102.179901158
8000000,7928615.687587669
1150000,1052389.4348772313
2550000,2428366.954636846
7500000,11552380.679453034
9900000,7697436.235747273
900000,946370.9139605834
15000000,13991868.137057004
180000,200241.9094199902
11000000,14628123.40793163
4000000,6083819.027250728
550000,520640.54012925195
5450000,5929459.36672296
925000,829260.153888183
3450000,4192934.5331475264
1150000,872744.1455750572
900000,966888.4941689874
420000,389511.2021769537
5350000,5270472.354140433
607000,610639.5650221863
750000,1075387.8282303372
1450000,1524028.4940354049
790000,812476.1306807916
505000,521509.9384123337
850000,1008786.4112566934
750000,790748.8443563365
600000,686589.0781715045
950000,928715.5447231411
250000,321629.5803339901
1300000,1070048.5156011232
450000,382340.7387827445
2800000,2212593.746555655
525000,479612.4010741181
2550000,2500044.9582795748
400000,416529.38199166395
250000,272465.00476721587
1600000,1456374.767414186
820000,803725.1582723678
770000,703733.6260129026
650000,677234.3741106236
360000,318159.0565199142
700000,654373.2237293494
430000,435078.3244279962
360000,301349.29117816495
110000,120531.4276023733
200000,204087.83849709312
1750000,1646733.203562192
785000,757978.440067958
500000,500534.4537692906
5950000,4763165.474472798
7950000,6649097.924781793
200000,251240.47029588508
2150000,2559612.646737271
650000,689899.6012042328
550000,589144.5262750969
290000,320790.77600364835
890000,820986.2795020988
500000,514105.17909923446
600000,623135.7236197087
500000,478456.30845267285
765000,764937.9914692778
1030000,868774.4180392971
360000,392804.4748114514
265000,260779.2354146749
6850000,5966843.579549338
830000,881510.052361505
800000,865539.4383683745
800000,787457.057526248
200000,247042.80772205102
820000,801940.6346622402
410000,370869.9693259327
775000,843649.4429635808
620000,620786.4487751412
550000,549192.6213425418
210000,220306.71768551494
295000,287953.87618177675
1650000,1296131.08409912
4700000,3941404.7465976123
8200000,8202005.797621923
6850000,6056935.497541538
410000,346272.26998484164
12050000,11770194.892254077
670000,655787.8464656258
700000,691190.0163730682
1690000,1666571.4914463111
530000,512553.45116795454
640000,623591.387678135
755000,1001170.2723832058
1270000,1219355.821848977
485000,437600.94510592055
925000,1101717.543267672
1400000,1784761.3752333599
740000,720018.8287009944
210000,347793.5865051949
400000,337639.63932958
1400000,1525964.8678931494
740000,805669.6219702647
850000,972206.3054311823
1690000,1473854.976973805
1550000,1493583.536815655
335000,301769.48006261606
1200000,1123461.357045032
820000,900112.9305359918
1600000,1591948.120521993
1190000,1130423.3836769136
350000,360225.61840448895
750000,802322.3337151207
550000,845848.9143680098
780000,647271.1312986276
1630000,1618911.6848020372
950000,841400.1548436625
3300000,2689331.55319896
900000,969265.9714701094
1400000,1739695.989323347
650000,734196.3310336662
750000,707345.3654445687
370000,389339.49852507265
980000,970489.2945012198
1600000,1843124.612576731
500000,499134.4383442501
320000,314484.05241351435
435000,506993.3880890087
1300000,1324665.5589225078
699000,617544.3624528621
680000,2270698.339317827
500000,521909.0622144079
230000,230546.31243696169
650000,685494.8787000265
560000,455902.41930620355
340000,395106.83919333084
300000,439073.46971938474
320000,298324.489960838
335000,316600.8087090453
160000,147950.080437762
570000,614890.2355176427
5250000,5029204.857476769
555000,506065.597293932
1350000,1296036.3404283724
6800000,5131072.4975374965
1250000,1190064.7538126283
2750000,2914034.7721002605
2100000,2070364.2789650476
660000,642029.5325962364
950000,1027918.7337415001
5650000,5355266.885557523
450000,406975.0663770146
750000,717700.2215149062
37000,47279.42397840699
865000,821433.7472391399
3700000,4100561.0864852755
2270000,2315202.9217404923
340000,344668.1975490777
3500000,3190893.6602431796
1870000,1955104.3874359685
930000,966470.7431480165
5800000,4958306.225836307
3600000,3477636.6687251194
800000,1040245.2499188123
5200000,3780526.327833036
3300000,3666387.728242138
600000,485090.7039863684
260000,302198.7511424699
2900000,3036142.248864071
360000,339841.40049519594
3300000,3112496.316370304
350000,352270.32640874444
1700000,1768508.0654173412
700000,634408.2480844359
765000,750678.4895760767
2060000,2017681.0505109632
2080000,2016692.8411329307
590000,577663.9357287654
550000,510013.388365652
600000,615803.2192689358
130000,151045.19132308202
1850000,1813406.0861256195
210000,210623.92061093455
180000,196514.10663603907
850000,772355.5435089323
4500000,4514678.731742959
1350000,1525455.9456982284
1500000,1530503.914082989
2250000,2155491.848235807
1350000,1203031.5572660915
6450000,5931199.845076302
880000,855291.4196202164
820000,806494.3106646244
750000,666638.75592997
475000,465500.48882239027
2200000,1954915.0154196485
1770000,1631474.9168129177
1650000,1678916.4563334975
1890000,1691743.436764721
2380000,2381648.3999977475
1610000,1495168.1734932829
1955000,2016692.8411329307
440000,484772.12462109805
12500000,12711011.598790534
330000,359609.947563209
500000,582603.0217473955
485000,485745.0210351307
1040000,1112315.7233929592
900000,837913.9089521257
580000,515781.9394167388
235000,227563.50968804918
1890000,1926732.6491684476
850000,879108.7684586145
450000,507538.49334796687
690000,743769.1259600804
400000,393501.30312065745
1450000,1439271.8595723815
4175000,4185567.1249780497
550000,637601.5472949422
670000,707925.4136377912
2900000,2740151.555695368
220000,296799.1143457459
550000,491579.27678949793
580000,466019.1191383745
1050000,1122329.3694751016
1150000,1029916.5063919665
310000,298618.5835982339
1850000,1528458.462921346
2200000,2668613.4254239895
750000,623580.8776955171
1200000,990937.932582764
750000,715795.9390332677
790000,772724.172810856
1230000,1081448.616467661
250000,237120.74723960934
4700000,4856644.144155953
650000,600840.3235312431
495000,533247.6228162709
749000,810760.4117300897
1050000,1097284.2185052927
4500000,4256350.699288129
6600000,6740730.296090057
6850000,6508701.182771064
1300000,1316853.372569418
725000,711386.393256457
2700000,2979741.1093594125
2500000,2074242.8074581353
680000,726911.8201196808
1590000,1416465.4923772614
220000,279491.4442517285
720000,669638.7065807035
1250000,1367148.165114712
3250000,3818820.465067328
3950000,3178388.3295623534
5350000,6669273.088687302
650000,617055.4274721534
420000,446552.0077498113
1370000,1281075.4425063464
580000,541717.37267862
1000000,612182.4004917674
290000,307628.04656591755
1100000,1021902.9820565592
775000,788461.0894702564
765000,737438.6013132957
985000,989361.9353540546
5350000,5765877.424252422
560000,503721.01863884745
2100000,1755781.0734741902
900000,784396.1118980133
210000,207622.5657787399
2000000,1790175.0707272128
300000,288471.96482618083
920000,879272.4786608217
1100000,944041.6670343681
1820000,1455728.868942723
340000,292154.7783727194
280000,297708.04831242195
630000,654549.3875890675
250000,244236.90905648208
1420000,1420379.8642316284
1930000,1948648.94155304
720000,640797.2979480764
575000,649064.7817209539
5550000,5757015.517783598
1460000,1400465.7131999417
470000,484684.8849577133
800000,725328.4102975319
120000,67679.55247580228
1000000,1012701.95499313
430000,414570.44305164256
625000,579144.7137180922
520000,566752.9052462821
230000,271635.6439360869
230000,219542.4391421725
430000,364213.3885540001
1290000,1427270.2683993245
430000,422691.19484496396
790000,798097.7451382676
140000,159602.72967203255
880000,864378.7446657534
450000,523227.855140716
2300000,1811646.0518287905
870000,830831.5306967238
1750000,1700884.4783498265
1200000,998807.7607172463
420000,424678.04210845195
770000,1005720.7675773045
215000,219101.52498845122
1300000,1379644.6202408995
850000,831637.3597476296
1325000,1263863.7148455468
1400000,1423490.004729356
880000,926536.8746939973
1450000,1537619.8410722644
1400000,1299836.17615354
235000,237322.7399035909
575000,528461.0309975083
85000,130388.53532908975
370000,408478.4235115842
1850000,1896112.174525741
1400000,1051530.441375006
1680000,1615169.599005416
840000,745831.4141557872
850000,881109.8359000039
1200000,1200879.1920232405
450000,400530.72194475285
585000,652936.4798147132
280000,221420.7724044285
800000,716079.8762560921
300000,356483.05776785343
740000,667250.6565958748
730000,813522.8305793832
370000,406851.47945916
400000,366195.79567634873
800000,874221.224410598
1820000,1761699.4896849575
450000,396560.8031708654
325000,345372.94994850655
250000,248022.14596789723
1350000,1385877.9508499515
380000,389627.29347485525
115000,215815.6590577277
210000,220970.3818645158
2950000,3175174.7161418097
1175000,1214991.025983497
4950000,5253031.5078770835
3750000,3310435.2896181415
1435000,1283283.4399764494
7800000,7167850.186090449
335000,344891.5415783358
680000,623640.3992852367
535000,529735.6378846812
1700000,1773489.9358219313
2700000,2149528.857128441
940000,898534.6943184775
175000,157742.39159517875
1400000,1284844.5482786028
2260000,2156689.4983358565
95000,125455.28705652474
6350000,6452452.327947296
4800000,4979768.418309168
3350000,3229779.209881272
1250000,1214748.9474627597
630000,592956.8722617927
13000000,10386957.80951493
680000,969242.1812015276
3300000,2866304.8949695765
4000000,3455643.3368965476
1100000,1189610.6832060614
880000,915823.0437949724
750000,668475.5059434953
2800000,3250113.3629568247
705000,663398.7930970803
6200000,4974072.148777246
2700000,3038208.573333125
760000,757325.7611785518
660000,639988.7216246545
2750000,3087744.103945559
5880000,5949670.695014224
3300000,3180452.4387524454
1050000,1058300.59312301
105000,139305.18394434507
1870000,1824055.2563138776
1980000,1977393.2261932828
2800000,3664753.8356066714
610000,594259.6261217403
8750000,8659634.561939325
1580000,1617840.9814919624
6500000,6556375.282918488
1539000,1645182.6348355154
5750000,5819411.412181497
1250000,1266768.555348996
995000,1111334.1238690314
525000,515727.6115910654
720000,593790.4725832131
1000000,996782.1527198813
530000,531937.4451185799
1200000,1012405.8037955622
1200000,1136215.4022880811
790000,763738.2969053676
860000,816162.5135201047
935000,1344450.0845410347
1280000,1311532.7583171935
2650000,2550740.5867774957
1830000,1910733.510619699
1000000,928683.1220936503
1200000,1476971.7407251012
310000,306372.32069023635
1320000,1347684.6367469858
3650000,3638512.511688663
800000,1133179.012488675
495000,427571.21752847533
2400000,2616685.697622493
760000,720949.513866218
450000,444897.429763544
650000,624203.3974523114
530000,460918.7637692182
1550000,1712373.5079098898
2900000,2941581.6638285066
325000,288379.50502478617
3650000,2999568.9576034504
5550000,5349880.450027864
510000,507602.9432396709
350000,297132.6526645247
910000,771212.2373777592
1190000,1159890.4399793122
290000,211244.07586537523
450000,422307.7087414883
8750000,9412709.657224055
825000,700967.0221408677
665000,650072.3986077541
585000,586373.5255801148
760000,717856.5375306134
1900000,1907353.088712131
410000,406394.87598484167
930000,904180.7134524083
6600000,5334194.863912348
580000,547089.8522440868
6850000,6879031.311159629
1350000,1495510.6164983301
6200000,5737414.8521898175
2650000,1932405.9158195357
2750000,2529084.823934113
2300000,2132937.2151805414
200000,246408.50026730698
445000,476874.3580878675
340000,281460.61999065336
2575000,2494188.19033998
1899000,1879608.303806549
4400000,4825944.373296845
2150000,2073292.8265175933
2150000,2439841.271722038
2850000,2719340.090399729
450000,467052.731744116
2900000,2819593.2546110027
3300000,3351373.028308692
1330000,1051952.431098408
1220000,1199502.591359274
3900000,3514284.0700708446
3200000,3270052.421945029
5400000,5178989.613663859
280000,208012.8392741073
1699000,1904386.3656363832
2480000,1973211.5368512562
930000,926377.3762863288
900000,850036.549239104
4900000,2507344.0066004577
680000,663295.7447836141
700000,779557.8548057803
1500000,1369351.1070335356
240000,226632.41070063924
685000,666607.3722138149
1450000,1384711.0667183355
1050000,1101997.6640086242
460000,484934.75873187045
750000,654809.8779144809
750000,705624.7897864042
950000,867289.5111579336
975000,882042.0168266465
580000,704508.7897759854
260000,233011.18873704495
950000,1112904.7789034478
720000,749387.495294247
345000,373127.1795937283
30000,52750.3745325914
2400000,3239341.5010004207
2680000,2864138.060956696
380000,282793.1833268732
3400000,4088295.137620203
530000,509528.01295160333
620000,611760.087353909
1600000,1633178.7301141198
925000,1444030.1464781305
1250000,1241429.69533668
1300000,1335446.0255294144
3100000,3200641.374649069
600000,609284.2633245756
5650000,4965236.970819077
530000,508909.9817277752
400000,371138.3988182325
880000,842410.2715601969
305000,372768.5805963569
935000,980156.6810907943
935000,887136.1244809127
180000,231560.7937837123
500000,346550.18887225346
580000,539924.0493201319
1150000,754328.8269009411
490000,471689.30691742426
845000,679137.7586160637
925000,851314.6917047861
2650000,2974786.2811115775
590000,587688.4022317394
750000,775324.5083287717
695000,643471.9484981527
469999,426944.16396662564
4250000,4403024.4712036885
2350000,2014047.4745059796
98000,147708.97053156502
1230000,1113729.6537877694
240000,265761.1294670702
320000,277111.74481254607
850000,829932.33839368
635000,556548.1451123849
4250000,4145838.3565009236
2900000,3248703.2267385535
5200000,5569120.054310362
9250000,6692118.704467224
550000,673324.1935045011
770000,611313.1093005141
3000000,3527211.8812213535
1680000,1640803.8279135684
600000,549614.4772076792
1200000,1354168.8511447606
1600000,1383426.3486085334
1800000,1281190.1717795061
2000000,1922326.9251608897
825000,771334.4361736963
750000,533568.5839089606
1340000,1299657.5077395355
3470000,3114470.987879809
850000,468123.8445392852
1120000,1130650.780289866
2100000,1881395.7177274672
390000,384839.18598889903
720000,714829.3051682296
620000,610110.7834205327
240000,255908.28302080225
2950000,2614697.007345902
1400000,1187558.5154328484
600000,565262.3439221313
550000,520894.9568595376
200000,207607.31758713364
5200000,5018629.072499639
2350000,2582664.0549384616
675000,727646.7121261226
470000,455158.1049123967
2800000,3215742.297937995
210000,233970.78540645892
690000,638438.4108600907
1800000,2038354.1107649829
875000,847537.5160195142
800000,838907.8689966776
900000,976508.3531569291
2180000,1997999.823958109
695000,664756.475445535
5000000,4386417.807931191
1250000,1054050.205975869
2650000,2773147.7026077616
6000000,5779557.232479903
1750000,1577892.809642077
3900000,3786147.216835426
3200000,3088736.6895796233
2400000,2016596.3735456741
3800000,3496560.154505463
2200000,2225663.241346515
4750000,4659400.596172627
460000,477742.57087261276
4250000,4198168.555543833
295000,321304.5140218049
1630000,1584411.6702902834
1460000,1780163.601729303
770000,749165.4217183058
590000,587625.1195911561
2060000,1994853.8119012525
590000,612353.1461198258
1470000,1412721.041072032
1300000,1441024.2127061342
500000,447076.4920792982
1095000,1207395.083893511
3025000,3348590.6264109593
2300000,2195975.124302299
940000,856727.3734383612
2250000,2061198.89267926
2600000,3097666.4022535356
120000,136365.75030440412
4700000,4591247.730435111
2550000,2546740.6084110755
5800000,5205557.970625529
2200000,1849121.3009215866
1800000,2064543.6864691288
1300000,1074083.5114644165
4050000,4173187.893402604
1800000,1636066.868127547
3650000,3917114.140345182
1850000,1901090.822756822
760000,793437.0628227415
360000,382658.6384535139
1700000,1612447.4016903413
440000,443090.05276038835
1039000,1160889.6294829717
850000,1015621.2920857425
2200000,2368254.582350272
275000,322198.8441517637
2350000,2416507.3538745963
3250000,3259534.4956024117
1825000,1862619.2500729125
490000,470512.17713659274
485000,448648.9978677427
1975000,2229021.7153897113
1720000,1463273.1348616916
3800000,3852213.50423624
1370000,1358243.472429706
1890000,1909306.954164657
1550000,1390080.4941359872
640000,611760.1554006248
3200000,2993660.819582908
450000,410022.68882829923
2150000,2189123.203273869
625000,1039311.5408646909
3850000,4667168.886631839
820000,732623.9832081265
6500000,6749700.739383521
1120000,1163893.0917640296
940000,936837.3649372023
1200000,1276550.0015991558
5250000,2669727.270188268
2270000,2318862.0549111995
390000,397685.8233254774
225000,222614.2098709998
425000,401292.674900146
325000,340005.22304879257
620000,645621.6971782976
1150000,1117942.2791850765
700000,793547.5247090966
850000,795082.5130394737
1200000,1190488.1245200348
325000,346180.6650231015
1500000,1347534.452479342
175000,229908.84817098922
750000,847502.3225075152
2150000,1936101.9970187314
2850000,2947579.836800662
1220000,1319118.414648603
840000,792358.9159315889
430000,369673.3062655867
2350000,1276887.6426143276
380000,335998.44312484463
450000,411806.82564064505
770000,746583.036401069
320000,381868.1922382391
1670000,1939346.345093605
1280000,1056172.9978071714
2000000,2480708.007179268
900000,1060249.1554454055
1040000,1062013.5288368787
750000,701937.8734276291
750000,737859.1696936422
1600000,1454818.3465255797
567890,582312.9113200959
6200000,5963758.127363563
1350000,1347405.3119523984
775000,843249.6918699119
2450000,2353060.6158616226
265000,240147.82388487385
650000,741032.9495469074
850000,831285.8837782929
1380000,1257300.7100475389
1425000,1387131.2249037442
330000,324413.3405861412
225000,242996.3768059104
1490000,1612200.7944574172
3950000,3734086.665017819
1600000,1469886.3517361463
450000,472544.0525075806
4500000,5433933.306505228
285000,373429.5165085316
120000,269478.70669226436
360000,335124.16898654506
1850000,1724407.32722572
5700000,5252630.395520569
360000,367477.6907593978
1930000,1727422.8206568686
640000,488290.8838533424
2450000,2207671.150262447
595000,553137.7678545972
150000,104391.4464230977
450000,490842.34150029393
270000,271928.3696721802
9650000,8047788.0620225
5950000,4884935.780155202
9900000,8349326.014622529
277000,346436.9741227309
640000,767548.6466259427
220000,240061.6713577402
2100000,1907511.3162827983
1680000,1726122.2688805102
1099000,1046844.5978491066
555000,589855.1069277232
780000,827409.0389005725
920000,817013.695168308
950000,813436.1380335094
85000,78916.61222560954
350000,348868.74105002824
665000,689173.4680248155
1000000,843156.37253504
700000,847745.6034202579
680000,697946.3922303085
400000,300001.163889902
420000,383506.2235414245
2500000,2245905.5875727255
290000,304239.3490744154
281000,310054.32642128563
4350000,4655239.8897108035
870000,822680.5252468287
2250000,2445801.882461874
2700000,2886981.921454761
3850000,4275148.792034038
2050000,1989805.1221570962
220000,265041.03215762216
1225000,1031459.8358812834
600000,642228.7082329205
1900000,1850114.3683316498
850000,785561.9642323653
725000,635066.88010519
3200000,3202326.1974691544
2850000,2977730.0843169997
1605000,1643538.851421794
300000,299031.63994142436
1365000,1223290.1934884395
1150000,1207395.083893511
1290000,1308148.9144869114
390000,453621.95642049704
790000,778854.5986274054
3100000,3265778.0774513544
235000,277241.3240775082
635000,675575.5934087349
600000,597614.1271218664
5650000,5638651.306833029
2600000,2819816.054252155
1850000,1761846.9701731533
1240000,1153460.401196208
530000,505922.59716441715
2800000,4540307.103931498
2080000,1871923.3268371748
5250000,4734680.6879017325
790000,761493.6865596812
190000,136472.15296067344
4100000,4374360.517387546
1250000,1124429.693947788
280000,254476.98314242045
1610000,1569689.4765759031
750000,674953.1613403087
450000,454353.5401330028
400000,455522.62635129027
900000,795476.8230631759
650000,585528.5744886104
2150000,1979343.5108214451
275000,248868.56659970307
210000,240966.68932685527
1670000,1805022.1153730156
1400000,1553653.5278890522
585000,599330.7090862492
670000,679906.4854468605
295000,264657.6235629138
870000,975559.9249944793
250000,270085.2713050871
2200000,2143855.081162728
900000,855597.3563451899
1000000,1665647.354450904
600000,604689.7721287382
950000,953640.8327345899
1300000,1842288.5445844405
560000,508844.51153812447
1100000,1086186.712405482
1050000,1129771.8716119372
900000,1034669.1741317926
350000,333328.75384791347
4800000,4894300.132917172
1290000,1148719.878231358
1250000,1261267.248054019
890000,739170.73125377
580000,597837.6799530956
750000,674889.6354863137
780000,655813.5739409153
770000,904902.9565961127
610000,653271.3189050816
140000,144607.82157530982
2950000,2567755.5491707665
870000,777242.741441605
550000,467445.150088261
680000,610532.8804465703
450000,360883.26180541667
1050000,907720.2789569978
800000,761143.2040182903
350000,317574.5559365935
1800000,1645331.384059933
1870000,1945257.5822265216
1550000,1449522.1460849775
4150000,3865053.666524963
6250000,5443541.236114932
750000,640920.4214907042
470000,499708.75208212604
2600000,2632076.1106891218
700000,673443.9181741604
2950000,2353831.7920487463
520000,470947.5950037356
220000,211024.66085337973
1200000,1244497.331560787
770000,880770.7107418325
735000,716017.3861772988
630000,747653.9680890754
10200000,9114549.079876592
2700000,3248468.1654982488
825000,825780.0507526401
550000,494826.55665612407
1150000,804672.5172778927
5200000,5198920.262247951
4400000,3856028.1418315084
570000,562040.6841644774
310000,364347.09157246986
640000,619298.4119320175
58000,46233.15017833564
950000,1018216.8066899561
660000,637643.0662443028
815000,821813.1354799496
5200000,7545266.815879422
4600000,4523580.506974852
640000,593285.70573869
420000,360214.77095957135
700000,761217.5605031591
760000,792785.4436916035
1650000,1640385.9055862888
1850000,1928357.7957885107
750000,775018.8972519771
320000,343540.4572656636
450000,462675.5243460201
230000,238109.50768858942
1650000,1377273.0766726974
2080000,1928088.308329499
1380000,1318297.2742103236
1110000,1118493.3410274528
835000,831014.5751011723
1580000,1530349.6571035231
1730000,1400573.0628663006
350000,339752.4957861277
870000,811865.1117537793
1069000,1011559.1498544873
4700000,6565842.50686212
195000,289034.8212409399
1680000,1584623.5291004425
500000,518186.8424153417
800000,751622.34845549
560000,566645.0932065459
1100000,988195.1017296792
1075000,911635.3763009802
385000,307587.6259831513
6500000,6056324.79207212
1200000,921293.5854840593
3600000,3322969.9600078147
770000,766925.603178628
7000000,2710940.241001519
495000,533813.2073060245
3800000,3778969.607935978
620000,606490.3478206032
305000,302408.2436430483
1290000,1148037.7716048344
440000,465564.48050506983
4100000,4273858.523147329
220000,245212.75798252653
8150000,6602095.845416479
570000,566302.6024071816
780000,692904.7942839566
900000,867706.7921386831
855000,937257.1009057517
635000,613734.8592807726
620000,690250.3859799327
2225000,2225921.742690613
400000,320135.61928711686
4000000,3655861.0426592133
320000,195276.3082710304
1300000,1071052.05998754
1500000,1577247.1835054497
690000,647940.9487564765
2500000,2775466.8121906645
500000,393660.7013568537
520000,647011.1113844789
900000,801623.7717345051
2000000,1982705.3711083985
850000,776746.2607259878
600000,567594.2535468757
550000,523084.79358390655
300000,230238.19665461383
315000,337941.76360572496
565000,581077.5857836837
390000,358574.8067349115
750000,797912.8483460582
490000,461071.7659572916
385000,405770.6815795978
1525000,1579344.82363714
800000,761908.024707738
1860000,1731420.4255849307
670000,548420.670288823
1600000,1931272.896536151
3500000,3111454.5968359066
940000,1040894.2533774439
1150000,1174403.6241320488
935000,1021436.3878899944
175000,296195.9832842533
550000,464865.21107684216
800000,755283.1464056566
2790000,2653353.0265908325
220000,278666.11661182746
2899000,3143797.352080229
800000,715791.4471813848
4950000,4156042.6850134134
2000000,3040717.7148165144
390000,382734.68448838225
1920000,1937329.3865832505
620000,806980.9143262474
430000,364886.5953540118
490000,471684.7669016984
520000,580059.5050397876
720000,742688.4592658611
550000,582877.6882118995
580000,594713.3239759079
360000,368987.7924118217
530000,481284.98262373457
260000,272737.98287478474
620000,743471.4499096478
215000,261151.19805576844
230000,177642.83763449072
575000,525356.6878200968
415000,435089.59375544597
685000,799485.2608760616
780000,786265.386186755
600000,595146.0984887618
905000,901853.5534652786
160000,151735.92120623932
590000,524058.8219397232
770000,774945.0498248173
6100000,4359204.114798282
360000,339898.34589182877
735000,766682.6364234883
650000,673631.8656062793
290000,343716.21237846074
710000,677261.8022646471
645000,716192.722107838
235000,254484.7326066062
2950000,2861072.416559589
4250000,4330972.860442484
1750000,1750207.7133574195
4650000,4297330.95858418
3200000,2781360.7491423534
1000000,936568.9431963456
480000,430118.79614719644
8900000,7178125.956211627
620000,655186.6232876901
700000,704549.7703267514
460000,496766.3013479412
380000,327071.8845847122
265000,234826.54440270687
550000,506334.967918475
770000,757229.1128760221
380000,363966.14582222025
750000,761776.2813309075
200000,250391.52824385386
460000,507418.7401494417
300000,315672.0878635355
830000,802857.7366852177
90000,122920.36770607789
780000,752596.5561676291
220000,191485.80272088663
540000,435525.0061076211
165000,197408.1446799943
620000,562066.6541713122
1825000,1836669.079984773
750000,609711.3117143211
300000,344842.8306339809
420000,470345.6561132815
920000,997198.0091354856
360000,234500.55006934356
680000,680467.9996082996
350000,333118.7299544445
600000,513706.20674184954
120000,148487.28144800727
235000,247951.24967657882
395000,418608.1468475573
260000,216512.18250246427
480000,640359.827414911
900000,806736.6851359638
670000,621080.1161790125
2550000,2446013.442818123
1120000,970117.3685285307
700000,645677.6836104372
1400000,1260482.4013525127
600000,538169.7435990423
1450000,1240075.101129835
5500000,3809497.2641458735
1200000,1207035.7069068921
1000000,836085.2447257701
770000,729453.5743006961
390000,324251.17776464624
4900000,4433577.963569776
4800000,3601050.661705248
1475000,1174446.0049524473
5650000,4134026.4640119527
850000,772631.5794631622
470000,669592.5134536586
1550000,1468561.4226938116
850000,833740.7984835932
1450000,1198807.213096348
200000,226240.52630387153
415000,455532.9320083817
1999000,2176520.05611875
735000,719456.7996241014
1600000,1753799.5591772632
1400000,1428619.6625559244
1450000,1353955.3677818896
565000,698222.832982999
630000,705232.5868330208
290000,265505.0701883595
985000,972092.9975874492
1450000,1571173.8215416041
560000,523594.7305577082
210000,241742.76727076218
780000,961253.4157181188
490000,574804.3386672791
1080000,1076999.0767130211
2025000,1906744.231411708
9250000,10653940.767517213
160000,196460.9537071503
900000,851013.3258901634
625000,635768.8171046481
805000,783715.5460618978
4200000,4330393.53875398
2250000,1497294.9785378992
670000,697093.0610418252
685000,525869.2280554797
370000,487891.4561842583
280000,304490.3562929366
250000,207081.7055935142
1830000,1877546.6838723714
1675000,1639107.6701506034
15900000,7963257.779294826
1150000,1187101.0955049007
882000,818324.1611605014
410000,430814.19551270443
2275000,1829950.2766910512
870000,765885.9078316699
3600000,3603356.40036768
2400000,2089138.1335738897
220000,194149.44519761062
4200000,3906697.743473216
4050000,3682776.1105798245
1330000,1288082.388362987
180000,250254.52584829088
780000,679291.5358787823
1200000,898812.9219453862
630000,682135.7442670476
10000000,573173.7502431037
660000,600995.5251486469
930000,933001.4094487908
860000,858611.7562660166
1400000,1179131.8424960403
960000,956386.0000271449
1700000,1796744.4570084496
800000,768958.3734062808
600000,619856.6863571252
290000,277366.1148196121
420000,384243.7318740336
1500000,1631173.2309401485
1500000,1394705.4826171414
290000,287535.0093346276
210000,291613.7215478995
1150000,990858.8060386422
340000,309913.207905915
3900000,4185567.1249780497
450000,429412.03454502847
2650000,2818946.2977272887
4000000,3468551.3573941616
950000,1195578.4774793389
620000,653783.0421647431
2100000,1861788.04983572
900000,865884.724031708
480000,454962.86295717803
1050000,1069992.4501667607
525000,614697.8214337934
1850000,1946615.168401358
1600000,1781372.451372649
3000000,2982279.0083423504
350000,397986.0082399681
330000,280287.99862338905
4150000,4162194.631716917
2850000,2772177.693732172
620000,633776.0787615447
2250000,2099801.7924129805
220000,220996.44329244737
9200000,7535295.2006918555
830000,651998.4078097403
560000,545686.8496035525
975000,919747.4120363487
735000,778291.5615934615
1450000,1399916.8440075344
1010000,1186458.9423251287
1980000,1953693.5427338565
395000,401603.4903026791
2650000,2799420.469531828
230000,259157.91896388406
1900000,1361611.9181815553
3950000,3655836.617208413
920000,937482.588304145
1600000,1929720.5218667826
960000,946667.4235457423
403000,442502.5850263551
195000,121104.53983298448
460000,426647.66460927814
2000000,2093633.1784856871
625000,547616.7503939803
1220000,1194160.667474684
670000,654474.4556336714
440000,408221.328994913
4300000,4422223.289487306
675000,671732.8726506829
500000,428950.7628370397
800000,926744.9211655634
650000,759542.7940743781
590000,572703.4354401886
425000,365032.59258638776
460000,502383.4213408466
1500000,1262314.9955934107
1300000,1210380.2821785752
730000,734685.8313560268
2100000,2385610.7259455933
2120000,2034992.0107094275
185000,267956.87146667857
875000,849430.9397483049
1300000,1360676.5908059285
450000,459229.7463147635
1500000,1342441.6313099598
230000,262841.9853898681
1090000,1118446.4392728093
550000,479016.9418687963
430000,410977.2195449419
520000,500379.8402845624
800000,737026.6708214586
1650000,1841341.2716753648
650000,833733.1576815202
660000,637215.6966288813
300000,361942.9200093312
350000,326536.8614441273
800000,643683.0675060496
270000,319183.2796027113
540000,478442.69905329606
580000,685670.4115890459
280000,287912.7382933759
370000,368035.4933096269
335000,361102.2655891768
720000,680713.048093977
3100000,2892717.13124463
3750000,3767803.87885384
635000,637086.394049505
1250000,1330988.9563993136
2350000,2011812.4501805808
350000,338576.3668420112
685000,696947.8152707323
6000000,6080031.5454432005
820000,733795.2059942917
15500000,11911019.25013086
1900000,1774555.480793365
799999,970993.3899486973
885000,841893.9813826093
1040000,1113546.4075674512
270000,239347.42332596678
270000,350195.500221402
590000,494744.32312019053
980000,952115.1614603918
1300000,1115055.49399995
790000,706826.8968505616
2470000,2385610.7259455933
3350000,3325337.1134122172
520000,494019.28736184235
275000,382898.4943384615
1250000,1044368.7173989629
560000,543390.869888346
1570000,1566880.449523559
220000,159610.8018562275
400000,379905.80416885315
2650000,2495176.073953963
1800000,1753731.2928195188
530000,509216.9349551903
535000,527848.0209794202
850000,726210.065887139
775000,778227.5898573815
945000,837267.451250362
935000,895211.7084073693
390000,381845.55916084617
2500000,3511837.0210027485
1150000,1174390.8052077952
1650000,1687797.2635625226
2300000,2277111.856286409
575000,639759.0617910995
1950000,2089228.7276388525
950000,988556.1956756411
47000,55868.06955296212
180000,282373.6724298329
685000,703946.9471361402
450000,424679.80506601493
2090000,1981318.036498985
300000,315725.0460296717
1150000,1156443.6118658509
1370000,1251545.3752866478
190000,189147.66280746894
320000,306186.69860853144
2350000,2499945.93750695
550000,529908.6696092203
660000,829550.6827906522
295000,230316.86945804814
1450000,1389820.446836871
620000,626860.4523308096
13500000,12927845.576922316
2600000,2514139.214314691
2275000,2540035.6339762257
2900000,2718148.0749003636
2600000,2441204.723347705
500000,507843.99394002534
670000,719130.8957683274
330000,301121.31181868026
1500000,1732590.6770815304
230000,226961.35943625163
65000,69796.99009719238
1700000,1828561.0013075753
650000,632325.8698709927
470000,486563.82019413577
1590000,1708686.884254349
1950000,1599923.7557955252
460000,479868.4818627159
2950008,2752529.3898031064
535000,626722.9863959592
130000,156074.91104669406
180000,179415.123954529
200000,198537.794859182
1900000,1866978.4272904512
2150000,1003905.3286820782
3100000,3209728.578163911
570000,532583.6249644648
920000,846652.5049220858
2900000,3147672.333121477
1620000,1839144.6003683761
415000,467128.801159353
3850000,3651191.3671291787
810000,644104.6818294751
6300000,6786600.765106316
1650000,1682638.2435662495
280000,309242.1037681225
535000,710212.3968385713
690000,679134.2633862318
700000,689360.9969763152
827000,824273.752742682
325000,336518.35120098334
260000,233790.75070461154
590000,596926.0042229919
735000,710093.68917869
460000,427326.7004212735
250000,216261.51117691834
1175000,1125960.8357480248
525000,608695.8719347632
570000,588841.9188445926
475000,414401.2941594308
475000,471485.0730637352
475000,646043.7169668501
4150000,4004692.687504152
370000,393624.76274987665
5000000,4435877.320103473
4000000,3585503.650845301
90000,137169.99545587003
2875000,2922702.143588642
950000,1007426.6779919579
850000,800832.1811336578
4100000,4283353.042306049
715000,714786.237174194
12500000,9668769.036812887
220000,193567.7046877322
790000,696718.6733496448
650000,602876.4975505593
580000,531210.2488518304
630000,534909.8522104027
5750000,6131690.811746559
6150000,7109015.760559343
12000000,14045630.57399557
5800000,5833906.408906122
600000,700312.3102868111
629000,710688.6875907701
479000,554768.9245279462
145000,153563.5144576447
500000,462987.1627025842
620000,740133.0258229414
550000,687954.2945443102
650000,623221.3751996204
670000,670687.7424631624
230000,223735.71537043958
850000,810483.0683634082
2850000,2922559.1008305894
290000,447274.14269185346
2300000,2405050.4782033167
439000,585594.7913184777
549000,578441.2190438571
360000,367443.620837368
550000,500572.68437791616
550000,642640.2322865451
205000,205931.9469136558
600000,581077.5857836837
560000,517312.5989680105
3100000,3156504.572698093
490000,339076.3015022401
520000,541131.14309249
710000,886506.4234938087
595000,570824.0438381551
900000,902849.1520685623
625000,657234.2313396964
1150000,1292481.5373646766
999000,1258202.4888609021
2890000,2871745.938145967
6700000,6041821.305457997
1480000,1358636.5735422764
2550000,2726663.983612675
989000,1012519.9688804542
1365000,1224969.726579641
1110000,1327108.369890165
1170000,1124593.370100144
1499990,1591736.0022399328
2274990,2349221.2577373367
4200000,3409221.9232392814
975000,1429697.5434364786
1000000,1234846.095476173
3050000,2993561.736883022
6275000,5853189.11030287
3790000,3431018.016929399
955000,1113669.4602316248
1675000,1627414.4569585775
1349900,1577661.6049154128
2850000,2804390.960652002
3549900,2905472.4687646325
1035000,982682.6754327867
2200000,2093854.9499917272
1949000,1997197.598161901
2600000,2643626.6266349773
1339000,1375736.6121844861
1200000,1096906.171543291
1599000,1610059.353182716
1119000,1386769.7322503787
1750000,1257057.8530845458
1849000,1917552.3503007758
789900,815757.118941691
620000,626111.2073451697
2150000,2099525.4643839356
700000,652402.2039155848
280000,242882.95363378292
375000,379951.6477581442
3750000,3882995.802209921
3650000,3369490.0895003164
270000,243696.40650252457
3250000,3227512.990163074
745000,757855.350899514
550000,479098.8991244329
2250000,1672121.9994988372
245000,374525.9287735534
2100000,1322786.4104189815
4250000,9354861.984247513
680000,689651.5986663911
220000,189949.41107238014
725000,711284.6286612925
420000,424176.6471485242
210000,239906.1320294794
120000,167941.92282236123
520000,464125.3148228855
450000,616580.2662684177
1510000,1335562.667177798
190000,219696.52949770144
540000,553900.8212620598
470000,463481.1253238885
280000,240213.50165199424
510000,529266.1186640237
150000,199122.05202905924
800000,586676.51091695
285000,317461.3859730848
350000,260752.6986527039
690000,640541.7050879538
815000,797995.3870178366
1850000,2056642.1202944852
750000,701421.8197857399
320000,295698.77261723066
670000,737730.7365241676
1750000,1611277.9783567463
125000,118177.42789810467
570000,567051.927651614
620000,692416.8338813575
265000,337645.9929942445
660000,486891.7489676442
750000,643040.9426905935
630000,672041.0967538056
550000,476844.41298167116
600000,559436.2201502727
1350000,1236701.9417912902
520000,524992.8703056686
445000,463275.4059490135
2575000,2875066.7081314316
575000,562104.3804478296
530000,533061.9441301324
380000,353500.97847578337
1200000,1081759.1031153058
1400000,1510177.0087730775
650000,635926.9821279339
1150000,807692.3884583119
570000,714885.3190857511
298500,307978.0782769063
325000,397235.10226793523
200000,310742.25297595636
350000,348245.1125586348
295000,319984.9354144101
720000,451712.17808570084
339000,376249.0285877716
619000,768899.6111985118
9500000,9808094.92145095
1160000,1091198.7643246572
830000,872991.5189534153
1250000,1274925.0304403421
3000000,2962830.276197479
2350000,2294391.1495365626
7100000,6399579.0390885025
4050000,3358530.717889542
7000000,6302700.3578733755
770000,782019.2049209151
2750000,3076682.234880935
3200000,3065858.143908781
6200000,6338706.225989489
1730000,1647716.0111062562
1860000,1915912.798900327
5600000,5262157.4682929795
2900000,2367512.5962679437
9400000,5986578.748429503
1400000,1525244.558697798
3050000,2981609.213285085
3100000,3146070.303051971
2925000,3019651.918458478
3490000,3577540.7298957882
360000,346847.83015042054
960000,1376040.2278971418
1800000,1767204.7682545325
1600000,1482862.2384516154
1700000,1835606.9370438375
4350000,3869031.344092666
1150000,1004944.0629066804
1530000,1556225.5760559465
550000,746796.757080583
4800000,5911254.260568817
3750000,4277363.482259493
600000,630730.5617524734
12100000,11817216.998361666
1375000,1346731.1075734082
1280000,1612699.6394789664
245000,261849.2463735131
570000,440716.06458245195
270000,271716.7943198612
445000,415356.54348543484
450000,384023.4814359262
320000,257471.65559988678
1150000,1075494.2762758036
135000,147777.02634943032
899999,879076.193701951
555000,522325.80252649676
800000,983036.974091468
625000,536146.2799113132
400000,408296.8280814127
155000,217530.94276432705
475000,443903.11469503655
320000,304576.29455809976
575000,511998.44139309396
675000,640746.9246233295
265000,250948.74564875563
465000,480820.6009890058
1110000,965755.2137670581
500000,489136.4101078854
580000,541784.8452614228
525000,440281.06148386816
810000,766826.8919468621
395000,380121.0928752329
350000,328962.7641703792
3450000,3447710.163569568
450000,438485.4297446855
700000,717279.8052191469
720000,727247.734765765
760000,728988.6121717814
4800000,4735979.145577948
2600000,2273830.0505270157
790000,699242.2663647189
560000,583486.4039649727
1800000,1739293.2442876091
1490000,1324393.162687879
750000,625911.5723700135
3350000,3352589.111053769
840000,978016.1411504829
5400000,3529857.2984261406
560000,521234.29531995225
4750000,4668895.547952755
60000,157324.95007999014
185000,239436.7926559138
880000,943192.0945347105
735000,632979.758053356
195000,221669.1906887689
495000,425020.7282225394
650000,626015.9812466807
590000,630989.8852094223
770000,673496.4023656803
700000,667072.6683215246
840000,760234.6136605317
180000,296897.85501957394
120000,128022.60135369067
485000,508827.60092443135
230000,321116.58217410475
8950000,6340580.872754229
1299000,1295271.794674895
110000,126312.63059254299
7250000,6421738.006626399
6100000,5929459.36672296
17000000,13975001.630733423
6050000,5853189.11030287
3700000,3800844.415870449
785000,704399.9985140245
355000,359757.42112346285
4500000,5289755.015610223
550000,567082.2230199212
4700000,4986412.922428409
530000,512938.26285931683
199999,180865.44909702297
4500000,4198418.487404877
4300000,4140085.542359395
475000,428664.9829465646
1180000,1107629.628464492
400000,489877.23471450666
1650000,1696666.2505385296
2400000,2348850.0983164296
2900000,2662355.5684960936
375000,361993.20335432654
2250000,2229797.991675336
500000,582296.8361050311
1700000,1648964.9264896465
400000,466689.33626010065
950000,912837.9573875619
1200000,1108308.449563967
600000,590382.4616536112
3720000,3550031.3416497153
1250000,1291919.951505743
4250000,4028736.695631012
1720000,1665611.1138106475
3100000,3225864.3823344936
800000,761593.95642995
5400000,4862965.589834735
295000,214836.99261335869
2750000,2326671.0354604195
7000000,6345723.840509392
1650000,1451989.1129586701
1750000,1876803.4152760685
769900,815757.118941691
1950000,2042419.9081941324
950000,1244308.3483573613
550000,540595.9795144175
4000000,4384607.4979564855
4900000,5267962.5352153685
3750000,4128840.87964049
1900000,1314497.211753493
300000,265629.27841970685
4600000,4723829.156918388
1840000,2074593.7769529768
1150000,1116866.9658531593
670000,663041.2612608444
565000,561903.6640200272
1250000,968025.6057227942
3700000,3476789.7807762567
725000,710981.013138276
1100000,1063761.33644739
2250000,2570691.8065797146
1180000,1238899.799954794
230000,236250.26383116058
2600000,2609398.86012918
770000,567048.6139060138
155000,150902.81242484014
600000,523571.5915992492
425000,346906.0572372949
850000,769715.4914208865
600000,533404.0938112324
1300000,1508406.4583135452
700000,602107.7657223184
1580000,1568384.9357302368
1500000,1474905.8444645586
860000,740135.142832489
600000,636520.6773767102
1250000,1442935.8141964022
250000,253816.02064222636
780000,723092.2016812604
2650000,2420719.9586134795
350000,295543.7022661374
510000,498470.1879586306
670000,660767.7224587506
250000,250356.2519828425
3250000,2894279.866307399
435000,417761.10568547336
1120000,1101542.495334952
850000,899983.7510547217
335000,320808.1070113327
175000,162647.24666532196
800000,814541.8795819496
480000,371526.8279429905
1000000,859444.801499938
1250000,1099599.9547172438
1600000,1421507.0903259462
1200000,1133276.9656892167
155000,199710.14623625524
4250000,3887200.775421831
2950000,3168037.067129816
550000,522114.8623884508
1830000,1556248.8568290034
2000000,2940231.0532655525
1345000,1374712.8101123772
3350000,3167393.8503016
1570000,1636663.4345145007
400000,375680.2965897498
2500000,3141846.772511207
980000,977549.2219037596
1285000,1257994.6016952929
1150000,1429063.9796070692
820000,776181.4992873704
1850000,1837415.1114150763
1550000,1561432.9213516118
820000,763072.3183913634
2950000,2956825.5020067235
310000,305997.9139012607
1150000,1117488.4343438987
680000,701950.9777153882
925000,868266.1011463093
2450000,4749049.54499988
550000,379145.45149467106
2550000,4780125.943604494
4800000,4726195.704307209
850000,843940.5581277934
340000,312616.6859611195
5450000,4537935.940294199
3550000,3467903.470776112
2000000,3242489.437045199
3450000,3470373.201348301
1800000,2743902.7241503745
2140000,3277262.1046271976
845000,782364.8467340228
2000000,2670742.5258559254
825000,798118.1819890135
3100000,3275073.0610709214
1050000,976834.1419119554
2150000,1735530.6788171565
940000,1035072.6848642976
1499000,1682051.5391488813
3700000,3928131.8244330776
2300000,2467998.5979219005
235000,224929.84631720438
1305000,1146814.5336569445
270000,288945.4366647242
1450000,1485478.6411238492
5200000,3127243.902573212
850000,747565.646340917
560000,515945.40913156903
15000000,12701388.791257005
2120000,2144997.42139863
450000,373729.4015533511
450000,415216.76585308503
220000,227280.24986455878
2800000,2855757.453575376
750000,639537.4149253634
220000,244882.4961199578
1150000,883085.43050382
460000,441096.4051067234
1580000,1469677.441887999
2100000,2584394.977730509
545000,518922.4913803658
2570000,2321714.99021641
560000,511509.09171550255
820000,877739.5684331082
2800000,3105905.175120602
3700000,3959264.54972865
7500000,9653361.545543846
1030000,1058603.7526128944
970000,984254.2719637626
350000,341602.5557078122
830000,770262.1343698968
860000,906118.4800010095
495000,491333.6220866693
765000,747088.9143330206
1600000,1481152.195844447
3350000,3967787.4661598727
1399000,1349110.2223965959
400000,389684.69718409213
4300000,3828075.582928148
4200000,3474069.769697629
740000,822309.4808815123
1000000,981286.2563976892
1250000,1196164.36142676
1100000,1112745.6995509432
1100000,798023.7964436613
700000,529097.4977614768
1100000,1082777.1927281306
240000,286145.2288724532
595000,529716.2347213259
4500000,4796205.87558759
1350000,1075925.0033066208
649900,652883.8608395811
1000000,983637.6731137718
800000,788987.4316829378
750000,795380.0896819864
1380000,1339402.7444803405
1850000,2110768.7857644428
680000,635217.7925824845
2349000,2381975.4071931047
3350000,3275751.1819324316
1475000,1422462.4901500256
800000,800264.0084519007
1220000,1223353.935511609
1115000,1110129.2850068347
8500000,7530002.200807694
6800000,6623911.389515149
1799900,2227967.5591632947
2399990,2283082.284213085
930000,819683.8091095638
2130000,1942682.40204681
1450000,1342958.6374860518
325000,355686.93681920134
5550000,5155375.72650376
4600000,4644588.6937959995
615000,570573.5783413581
575000,531722.5785755122
1950000,3195600.31001801
17750000,14016745.118919713
370000,386308.14699687966
550000,596936.9082275941
450000,423703.6948780452
1200000,1442402.964973517
8500000,8090383.979141139
3350000,1950083.6638934813
1370000,1312172.7779179062
3840000,3909802.864932369
1010000,1038422.8092496322
1375000,1564222.9005328366
1080000,1045416.0157030578
1090000,1111373.0315286762
650000,656180.679544439
180000,181675.3853870264
2199990,2191089.4382385295
3800000,3632771.2480297685
230000,234780.91503818272
360000,378340.7399324058
715000,775195.8493638578
1000000,820191.5879716268
540000,570323.2233716827
470000,435329.68663814996
730000,705226.586881275
340000,307872.3568647199
3700000,3901270.3701961907
370000,424975.0728776853
550000,507547.1492046936
550000,545058.6800292385
200000,217299.4267319905
980000,921427.3322937181
1300000,1877966.4935595186
650000,684460.7125107581
695000,654756.8820212369
550000,451623.8410222399
1780000,1816209.9331624229
450000,464405.40468722204
650000,722777.5914040745
980000,939568.6595198124
160000,387569.4142136929
850000,726048.5179405238
695000,717869.6503669383
4900000,7488349.821851881
750000,706574.4452627517
650000,713988.3891690873
2050000,2020975.663308897
12500000,11641497.41442416
850000,810358.6467548923
720000,714665.5624242896
300000,326925.1074058729
550000,451198.1828703133
370000,418066.15617539204
1850000,2050033.2181827512
200000,282768.93621300283
17500000,15023838.647821372
340000,397681.5643972759
925000,865319.5445041733
3750000,3642613.092682337
430000,440425.7415760105
495000,502477.95008529397
450000,452364.57163965574
2050000,2117099.074089398
4500000,3991122.3352443753
50000,3532277.0276873796
650000,646115.0822952989
700000,666062.3408848274
900000,887956.6185401473
1350000,1234054.5306394484
1650000,1498319.4340433616
350000,366265.6006275173
135000,206424.75667804462
800000,686378.6121495793
570000,556140.8493096028
430000,444950.88951989205
835000,775653.3181784957
440000,443222.76499342284
2400000,2510235.24152582
250000,302024.31743903673
1750000,1626094.9408561303
235000,224690.15444345918
520000,568021.8163085798
525000,523324.86100997747
100000,149475.59902138167
650000,645729.924073351
2750000,2935341.2523365063
3500000,3476789.7807762567
5000000,4447604.971261642
810000,784440.4976863996
450000,461109.8556843159
3900000,6219305.542023354
960000,581880.6713195838
1200000,1078854.9659753358
1220000,1397718.3888459762
1600000,1881834.045374112
1825000,1400153.844773057
735000,672541.9797888291
1350000,1505227.0496373696
2350000,2140207.276317785
4350000,4878916.647359897
1340000,1448452.6392792198
2600000,1956194.939861477
900000,741258.2360481299
525000,521211.8969777092
1340000,1360624.5412780948
280000,336170.89970595273
2750000,2626686.362594645
650000,612842.8270391426
750000,745530.6679492106
310000,273381.8823084435
4450000,4374320.07569513
2300000,2039060.6855392673
750000,660704.5210500301
7880000,7501354.722396747
835000,846387.5314540408
6950000,6455292.499754474
600000,669298.9493789641
2000000,2014212.291328233
800000,1381031.7778275732
6200000,5962820.859824789
9700000,10835493.49258286
700000,667583.5791721212
3700000,3340588.3456379417
850000,718682.2717141937
2250000,3208704.6699032784
1050000,946793.6503198219
550000,522138.179655424
400000,431346.70950954757
2330000,2418590.1758144847
2550000,2377700.5384255345
430000,434991.0697955744
550000,526127.2422828767
400000,352125.18759369716
340000,294154.31505903613
1550000,1182147.4655236744
2000000,1914100.1307440747
250000,222264.6495357267
750000,728450.66053283
6450000,6103147.762157051
950000,1065628.5795680443
800000,1112023.6965728856
1000000,2220146.703826089
950000,1369778.001233302
1300000,1222172.3370113673
1599000,1278416.856566992
11000000,10592646.925142158
3700000,3533945.1891792538
3850000,2485888.507209789
1950000,2236880.6796331294
5200000,5623815.896457357
980000,824992.773563965
2200000,1929755.0224592425
2350000,1773208.6001977636
1850000,1626178.3297083818
2900000,2939649.4040248822
1650000,1567537.629477228
1175000,1112023.6965728856
1400000,1527950.9497171524
775000,831879.1775362592
4450000,4495684.505559002
1100000,766317.7412861804
140000,129277.24426487426
260000,272150.4478279122
4000000,4814789.439003636
1150000,1264291.9018398568
750000,872006.5451629825
3850000,3786147.216835426
300000,295671.96161592205
540000,506888.59509499976
450000,472034.9633327367
4800000,4109258.2465970693
700000,738259.261842598
270000,305846.22506663826
495000,495711.7076261859
3500000,2500871.922768585
1875000,1915989.438457204
1385000,1203622.73404098
895000,799159.2687515862
1250000,1039942.0077191603
385000,284278.7017096587
12800000,12176544.070925314
2490000,2109093.7546534003
790000,813987.9361396127
630000,675686.5757219701
500000,460533.1705277697
990000,1069038.6617750288
1190000,1128496.65208582
310000,268167.14935627114
870000,897082.3237325329
880000,781662.4653282269
800000,809837.7414205173
2250000,2020896.9655405402
185000,216742.66897625205
580000,604490.5931881753
245000,211667.79787481987
290000,264866.5612224179
440000,436535.75609861786
3150000,3369312.220315248
1100000,928669.7535950849
585000,761236.6436029436
1580000,1515820.671086136
350000,302944.7572891738
1350000,1053393.1782162136
210000,473923.5787726836
4050000,4006876.3979065605
425000,447133.1323726941
570000,621253.8974955686
1620000,1730686.5704969391
440000,417666.55728542927
580000,555321.7811697682
370000,380111.7530319241
600000,626479.9755019778
520000,529353.7756081008
230000,236634.3860484997
975000,948242.8291490527
1480000,1302259.2463116834
185000,347317.84086253616
160000,137250.6286505606
1400000,1789791.8717248873
3350000,3548587.8068775153
885000,801429.0308777199
2860000,3665624.3413100024
2750000,3689420.7931283866
875000,917041.8524700912
2600000,2637205.7872841717
330000,374269.69398592477
550000,571341.8668464752
1100000,1007803.1960484167
710000,664757.3314337742
1880000,1882458.6523946591
720000,757705.1347574851
2250000,2608260.2835485595
500000,490385.38414693624
1600000,1168625.4132007158
750000,857878.3803152258
260000,272124.69927531725
705000,660284.4947283613
1950000,1973473.9646216703
320000,287203.8121115839
1550000,1750133.1520843753
750000,706146.7446524258
1590000,1826175.1946858752
6150000,6226881.231342718
800000,769816.532928513
6250000,7484151.121647593
3250000,3547127.199961836
1100000,1200892.2789353018
2180000,2063798.3712584872
7500000,9130106.45847138
8600000,6486320.57644476
1265000,1288170.6150052939
7500000,8391920.530721188
1215000,1282085.8556914253
3750000,2945814.3850314305
700000,602825.2706412317
4750000,5309850.651166745
500000,605131.7546218289
1575000,1612447.4016903413
6250000,6364123.246515749
485000,493629.7592102979
2090000,2074593.7769529768
1550000,1424519.6295267022
550000,549806.214375571
1500000,1411616.7130006205
2180000,2341089.3339165323
690000,658114.3692815049
835000,793077.6096763466
1550000,1982499.6106760069
3750000,3095756.6363067967
485000,438265.11663422285
1100000,1144388.0393306294
700000,721765.6214345145
1250000,1153062.1645079807
880000,1031722.7904852356
1150000,1159605.191835125
350000,333606.87662067096
3550000,3316403.353084867
4600000,5582711.452487077
460000,448491.9861138689
400000,405946.4653874079
540000,462385.6039200483
1690000,1759549.0623852732
825000,741174.0521197217
1650000,1967174.7289608933
8500000,8054366.022485029
450000,454222.9164964112
1200000,1046552.9774532435
1500000,1472074.645546416
1050000,1057356.687913489
305000,312695.0581469031
990000,916680.2579547709
4250000,3657929.547583572
840000,920817.2912631686
4250000,4384607.4979564855
510000,542729.2027150439
4000000,3256581.1431949157
785000,737768.2137997554
600000,716101.4138027502
770000,754160.3304001028
2300000,2286394.6032855683
1695000,1638483.3906709605
3400000,2837199.630869748
195000,235182.3694191486
650000,854284.5459124432
700000,2610688.093685492
485000,414419.0555742055
400000,420691.0053940837
820000,784266.5270944283
750000,749033.6179836193
580000,551735.9197048491
9750000,8845863.794135204
450000,415190.41187500587
3000000,3191741.0050461465
1390000,990865.7114000676
3400000,2874183.6708215093
860000,889065.9107016018
460000,500101.21480683546
6500000,6250535.62713073
780000,759300.7862505958
3700000,3546147.715907812
1950000,2363201.1535027544
1180000,1267039.7253456174
1950000,1999691.9652280537
2300000,2124573.7332306653
435000,475498.18921399047
400000,418133.49270699784
450000,495032.82720535196
1500000,1382755.9979433264
3100000,2606403.2207116266
700000,635763.0504785603
1250000,1236457.844377403
4500000,4411012.218938077
1300000,1097431.034392633
1740000,1736903.0467451282
1900000,1812537.791432082
730000,757096.7413485353
3275000,3476789.7807762567
760000,659070.2941523674
1220000,1145536.4848863226
285000,288650.5169074718
850000,853202.7277822746
205000,199684.88628626656
250000,237012.55457919266
1650000,1712290.138474887
1520000,1566016.3505569072
750000,833035.3331552387
570000,646307.1242041346
900000,1092695.0756447506
7850000,7456312.577894678
1200000,1135102.1035592807
460000,493194.04268125835
1100000,1020254.7446880124
1550000,1373014.1894383628
1290000,1472067.511524958
330000,327339.2340209799
3190000,3174569.5412426046
3690000,3893927.383978753
590000,521329.22121980827
110000,115240.15875356978
8400000,7423480.579163869
875000,817337.9106032924
5500000,5213718.612735732
3250000,2984290.023879494
260000,254128.24251868465
2350000,2950929.062739827
460000,324177.0597851237
1650000,1733581.0008156637
640000,677998.4393848196
1880000,1703410.1641862842
4000000,3730263.3908169107
1250000,1087435.341374196
565000,498219.60811008385
4250000,4257981.485185977
915000,925299.0471487172
1100000,1064378.8693670868
850000,805449.0257055822
1430000,1191815.3205079113
500000,567792.4896573822
670000,737151.3068630182
730000,724598.7034664274
800000,910908.1882782357
580000,578212.0642651254
2900000,3272551.184680447
265000,292619.101536399
1200000,1308625.775834998
750000,727230.2433670511
1320000,1343956.5970311787
670000,613744.2883683672
990000,941145.3359997256
325000,343298.76927749196
390000,335484.6855697594
999000,1307907.5570826444
525000,588779.6645114362
1090000,1122987.615947343
2600000,3165493.8887077295
430000,488165.5874148047
1200000,1390080.4941359872
990000,900985.3484163887
830000,781455.7103394725
580000,691672.8617385963
465000,541590.6021472058
125000,175067.04596314495
2400000,2958275.9652100946
870000,850377.8872811511
1725000,1688812.2962585117
1650000,1688485.6952942226
975000,1020650.4260861473
1870000,1773168.2686063042
650000,640070.5570624659
650000,651131.8113727382
3900000,3806823.1625565016
1680000,1276322.8567092977
395000,347889.88663133595
245000,246459.83747813493
1315000,1204910.0728843077
950000,759393.6906236367
1150000,1235165.9632611317
770000,743095.8784688535
790000,742901.7491108917
1680000,1571144.0907386155
1070000,942928.3069685923
1080000,1097443.209236364
1230000,1035157.5193650352
970000,937592.8422057317
230000,276555.50045083417
690000,807694.4765637012
2950000,2830100.3681384344
380000,344600.5870403734
840000,808357.6588105402
275000,212470.870973972
305000,360188.8968021227
375000,410960.1586962799
1555000,1438753.625728057
135000,165214.26792101646
380000,394082.0424843112
550000,579904.6637961094
820000,834431.6399950803
1590000,1688875.52246342
2800000,3667418.8524469067
1925000,1823016.920248933
700000,649583.5236522745
300000,289242.1713245569
520000,497398.463601569
270000,237750.65032956985
575000,738285.5363726649
3000000,3640520.7492951043
5850000,4844158.456828615
1000000,908142.9740773292
440000,295894.14990115486
1980000,1884622.8941225947
46000,49738.12469251723
790000,733276.3055789458
525000,581142.5915443464
550000,600908.4310540353
800000,815695.9832826566
1700000,1515834.5072185625
1080000,1049837.4647186478
3300000,3368274.713196132
1400000,1672201.2411494525
550000,528400.7500395337
1350000,1178879.68096697
250000,273745.9684332353
260000,210238.0988597376
1300000,1331423.1384799536
700000,636985.7104250842
680000,628827.4462372713
650000,773566.0796255058
465000,453613.13071985845
600000,610955.5012210673
1300000,1302066.7843478662
460000,522500.8186378947
760000,762394.5959399462
450000,430908.27787549613
1000000,1092022.8969422777
910000,956388.5613381125
650000,399314.9951402072
425000,435329.03298238956
490000,420399.27655948483
400000,376331.0169064273
1230000,1281493.4452231135
2550000,2506221.38936605
280000,342026.7246381365
510000,547597.5882472267
175000,211358.74080893502
4790000,7788820.329968751
2000000,3071645.0421280633
580000,545453.809190408
170000,217886.53033595372
2750000,2616611.4477305356
1000000,909957.5275029202
1800000,1559264.8310500993
1075000,918496.5118043338
8000000,7484645.979315408
1050000,1332542.509805468
1580000,1711094.3973473029
1720000,1642663.816484701
460000,590542.8418365449
2490000,2311939.4106116984
300000,289111.3837569791
550000,463456.95069138124
185000,252717.70600495514
1800000,1773558.2083607356
400000,348245.2104419775
700000,652312.8179418745
6800000,6819837.423861558
850000,692145.0033846633
2650000,2400871.816814004
1100000,1202226.6037587547
350000,312303.17095920315
1350000,1135977.955774561
370000,412438.90315947856
600000,493375.75235617463
225000,241132.36927079066
565000,625214.6234513375
490000,558554.3888781208
780000,1022737.1382820004
415000,425073.93161035085
1875000,1727684.1900615038
200000,216045.7820231231
1390000,1265215.87854594
270000,267749.8440151311
5500000,5064493.591835217
670000,595171.0108326955
850000,1073472.5888559672
600000,524416.9266909248
1800000,1966468.6720375258
650000,641787.8195446512
750000,730260.2722864975
1000000,1026701.1872573335
1150000,1128460.3599675193
470000,345671.107285099
5700000,5215592.577858052
530000,511578.372036594
350000,309140.5090568223
70000,65942.65038650081
540000,597808.5854627568
270000,307975.8928943494
830000,852606.7709037748
280000,302775.0879304149
570000,618685.0874004368
1525000,1436786.4932073837
435000,417326.36537619116
700000,823787.324200636
250000,294146.7757880572
975000,1346536.925644438
240000,290770.03490615234
3350000,3364884.5564326984
1000000,876691.130011367
185000,189272.20686781043
900000,780074.2991252703
320000,324768.86215556174
680000,647287.2634711254
150000,190158.27383252967
650000,427347.511664622
265000,221535.0365410179
700000,782892.5476111124
230000,266190.9866526691
300000,243779.46971937988
7500000,4943914.54199566
250000,254683.48557193033
1450000,1169261.941664433
1580000,1482675.1533910441
380000,433189.54875307606
700000,725188.9733553266
780000,742608.4333157684
570000,545695.5180096386
560000,474030.7081913979
420000,339717.18968398386
4300000,4078722.622931026
4200000,4429613.697160634
6650000,5193790.3859785255
570000,511227.6902810766
310000,297271.72823954973
860000,860155.1649442521
350000,371868.2851232934
550000,505826.87453352666
850000,1037302.3114988529
1050000,953533.8817247087
6600000,6103147.762157051
325000,270440.3722094552
520000,520543.66065415426
485000,453974.37239010545
3500000,3301838.82233595
625000,612548.6989192086
1250000,1084113.3253764783
390000,387342.24647517136
890000,888757.7649984952
835000,749908.5749547173
465000,462530.0750420537
1750000,1303393.1978081143
1485000,1310441.255082184
3100000,3111152.6239401265
5750000,6664326.73765974
230000,196518.91146608384
2500000,2533475.3898420273
400000,415712.84540181706
1340000,1296842.3267341556
2340000,2697782.169258118
5350000,5710710.049581955
360000,360559.4090617628
600000,585021.1641969277
800000,571945.1191287782
480000,436902.82191282377
2375000,3243759.1506559136
1220000,1180438.0502346253
14900000,12891435.76132424
2300000,2191980.0392591883
590000,498831.60204577446
450000,400857.49005634384
1450000,1207004.164139901
1350000,1130807.85800351
280000,335972.1328467841
700000,743372.1018609325
830000,809850.2482611095
3400000,3312725.6028292286
840000,821151.3011208718
250000,342597.3142930651
340000,332854.8250751625
810000,829923.2409921554
1900000,1720693.5731784848
485000,463701.36275109166
3500000,3358287.393874308
520000,508077.5699071833
1500000,1421546.0263530242
600000,495055.5184688943
1300000,1127429.6104745623
1375000,1599250.4296680235
1750000,1622405.0491241799
220000,237101.26540574024
250000,226062.0783638474
650000,628086.6628026465
1790000,1914604.0612261125
270000,271255.53414606536
1200000,1060806.8164702693
1925000,1996125.2952658238
450000,477088.40376759093
160000,184831.34146969073
900000,736645.1008872159
510000,556340.2429345165
970000,992796.6923024422
480000,453028.87592542823
590000,595328.9742617586
1925000,1746424.7300458425
575000,649535.0332849892
470000,412808.4381872421
780000,879076.193701951
690000,1175378.569535292
950000,908831.3433222539
1380000,1249662.5868788427
1350000,1420077.9209202386
200000,224839.95431433083
9000000,8486460.529939927
130000,137998.44067783194
630000,630750.0636875436
4000000,2984043.987482422
5200000,4436236.312727355
1050000,1166569.7947445258
525000,533594.43383207
2200000,2161807.629942316
1270000,1180183.7389513233
550000,564123.2263163985
5700000,4314303.524999557
1900000,1687293.44661019
370000,295218.56594529236
450000,461012.6900907278
9200000,5396250.186973084
610000,602309.987826835
450000,466651.58385610377
1600000,1579513.3544409852
350000,364587.4272416315
1650000,1611946.4634781429
260000,226387.97186817834
360000,361293.3114546451
2100000,2004205.6214714583
2300000,2663805.0019543567
655000,563925.2717078818
225000,301448.5495507683
4250000,4890806.581126582
1290000,1251599.1193966845
2375000,2378991.589502859
645000,583808.7089862351
500000,446663.97520226863
1490000,1605033.6520529334
1900000,1772792.6563693786
2250000,2163011.854064418
600000,574928.4240883219
7600000,6786600.765106316
580000,583832.8665797001
390000,552553.0826656241
1850000,1879634.7119171997
3950000,3844448.4072358487
295000,266527.77673250326
725000,825382.2874096765
6800000,5951486.090839792
980000,852691.9691762229
890000,903660.736116346
580000,608500.4805798685
260000,291392.7365861081
1000000,721301.1391272838
1240000,1224394.472639492
595000,620626.8626318307
615000,677889.4668666987
950000,929184.3795162056
5250000,3914083.622667035
4100000,4009413.441675981
1400000,1166312.9606638034
1400000,1329709.8631301292
1940000,1871662.9259264516
1920000,2266775.344652925
2500000,2412647.284586037
370000,405469.0422406929
990000,1072099.1071014944
1900000,2075720.9903074554
240000,279930.24503273383
450000,412714.1727578251
230000,232172.52659372857
1065000,1246042.9029854003
1530000,1603472.1732216438
2300000,2354172.5542593957
620000,514928.8006226537
1250000,1224287.0487827926
675000,649625.4722572344
1500000,1431692.8336762327
2570000,2587001.306429503
1000000,895765.537641477
2600000,2097071.7955539627
390000,523633.0876455725
600000,569849.1004326986
780000,797598.0738406546
730000,580628.593103612
2700000,2485266.7237199936
1550000,1472393.2301548366
2850000,2641200.8061145996
2250000,2037468.9689789116
950000,967478.4582952628
3200000,1994475.7814727728
2750000,2818946.2977272887
1595000,1558224.4213578023
2200000,1971019.0045087165
910000,866030.4516781928
425000,437704.9511051168
510000,469332.4977233476
350000,277619.87355798844
1075000,878052.9489498284
3200000,2292070.33229514
470000,555389.9199090381
800000,795875.3879997464
1250000,1086944.4603915063
845000,901686.9261914112
520000,596442.8581065872
450000,433478.43608836393
379000,899355.1322071602
450000,498591.9219045061
540000,526594.0026896658
270000,308355.64358252235
150000,188999.1896870528
3800000,3060159.873817028
580000,690623.4328983737
3000000,2808979.2998006637
780000,783045.9961378883
2850000,2556394.143392514
75000,66664.99894869942
1150000,1021693.9402334483
1100000,1069285.7399621257
890000,877826.7775280639
400000,452278.2666601313
1950000,1774097.5112279872
650000,610869.38280999
1515000,1346731.1075734082
570000,620689.9102479169
980000,1043753.8195749348
3750000,2832835.773531538
300000,252683.64734126913
1200000,1188881.3935788332
5250000,5317526.525757672
215000,212682.05737898636
675000,824836.9515169512
1650000,1647284.6897009949
480000,516488.4160579286
5000000,7045180.301645678
270000,310871.4495619396
600000,587318.4248184535
2850000,3094509.06074987
680000,718659.6439895807
800000,880393.7166012916
1000000,1108227.5820329005
1550000,1457143.6430136992
1250000,1180334.4613623486
480000,477335.3825286765
2750000,2702832.7023664135
450000,434184.8226346783
850000,790235.4015104207
2350000,2323615.952695133
6250000,5925582.402559336
1250000,1213261.74269521
2250000,1715270.1639377896
490000,533368.515252513
790000,785228.8504802181
1300000,1158512.3660055324
780000,683181.836453999
335000,331622.60704662773
1325000,1236277.3672720531
140000,147523.55207663245
450000,485218.6651438868
980000,1067224.9878790516
2125000,1924365.6045045345
5825000,5943687.731013976
730000,761217.5605031591
810000,742397.4882719872
850000,742397.4882719872
340000,357121.0760752526
160000,145122.08700081453
2350000,2509477.917212062
250000,246158.07172682835
1160000,1253458.5141157813
2400000,2532168.334677334
1440000,1238835.6486515084
350000,375770.27346497605
1500000,1874638.9751163141
550000,568187.3158572806
550000,502232.91754912265
2340000,2256614.3033388657
875000,837764.2983804597
950000,981321.6410887758
1650000,1708686.884254349
959000,922435.5789337152
1050000,1096973.530404604
1100000,1008076.7619337282
11500000,12067776.161565663
780000,936722.573235645
410000,445280.13171009166
1650000,1563117.5525973032
2350000,2186636.6163906986
1555000,1266768.555348996
950000,848649.7123711043
790000,755783.1608749226
975000,1045796.0095219531
2850000,2914776.117530781
790000,825709.6341554056
3200000,2568758.1720367954
3000000,3297089.138036438
695000,700058.3746296547
1150000,1143121.1121441713
980000,1044615.8476114665
150000,114061.75337204135
2500000,1638509.6920043041
320000,296639.7731666518
5600000,5940488.00332693
965000,839294.932146817
775000,742492.1851790694
3750000,3502233.9694615966
875000,846346.5391751662
190000,235824.04427115936
1000000,882722.6414561946
1760000,1639274.914374665
5250000,5571356.542791958
2050000,1856316.3775488313
620000,612049.3761796545
130000,153601.64502315753
500000,547322.3546411555
560000,549234.2557781179
2100000,2412366.706089009
1800000,1384266.970979498
490000,461978.8880819382
2650000,2572764.4430227336
850000,702832.3789805246
680000,650586.1526927266
640000,675817.5055994133
1350000,1356826.1307126319
2100000,2011929.3156146547
1400000,1234118.9246893353
195000,218264.06660136807
1195000,1292930.83181536
350000,302736.4629149481
180000,221771.37623645953
1190000,1215128.2902756808
1890000,1793340.4988763058
500000,492617.17933403497
580000,613210.3145497404
775000,729908.8543882373
145000,177653.01312780855
395000,312165.67387582146
1450000,1537361.4777979464
255000,245268.6228883653
750000,704558.9143849964
2100000,3105811.7222252972
420000,372472.9482992394
1150000,1166155.9695526646
280000,243786.32601439167
570000,461612.71953235194
700000,679178.3299814367
230000,245720.26946585637
370000,356156.6388425155
620000,595890.6286677249
2700000,2326195.3447782984
1900000,2000675.2787221284
440000,502628.4415149138
2100000,2052763.381959888
3280000,7782290.641408504
1230000,1178527.7502907016
700000,746340.4944979765
590000,604904.3550840686
700000,634790.1479625973
4400000,8855703.857951032
12950000,12698422.991692536
970000,1009080.0985070963
1440000,1401617.8068444596
250000,290780.17914754566
600000,660575.0074001319
2950000,2853825.674686882
880000,978461.6291962933
300000,315544.1572250985
285000,258244.27875876002
800000,747170.7433457306
725000,622767.6463655815
4700000,5068354.865004555
6500000,5777857.578933061
700000,730191.2274593746
180000,183093.09623281407
3000000,2753995.388377812
4750000,5363518.817965379
670000,646819.1879082157
730000,950870.4208800887
920000,1016496.8815552627
690000,674957.3652997119
1100000,1212271.2214722345
260000,225425.65570337587
690000,679610.0506918535
7200000,6506411.094840959
4400000,4881159.557158865
780000,872467.0822455611
1400000,1571332.2443755292
1500000,1611316.6737866509
2500000,2562745.0072995177
1550000,1491649.523097758
550000,546793.9285712794
3850000,3905228.618035164
330000,352609.3313793912
15000000,14410151.394633371
1420000,1413897.799428054
510000,519318.9577764296
1550000,1644492.8417130865
455000,459927.1050529342
1500000,1278243.9443612401
3700000,2855221.0498226946
3300000,2962397.0339343017
5399000,4866772.272164971
480000,412297.31180110615
5150000,5231444.765357306
920000,981698.4351580105
1550000,1665459.1038187933
1900000,1715641.9505832505
460000,1045109.8542551879
1350000,901544.0187523623
350000,318829.0139931729
1600000,1338667.3607148065
2200000,2518759.144241528
3350000,3196016.6452223575
1200000,1091009.6473745292
1270000,1157759.0712922236
900000,937849.4673247478
2500000,2128600.5916296635
425000,318263.61082512327
1230000,1187427.87681582
340000,343015.410747244
690000,695233.4350587531
630000,643811.4937978557
970000,971961.6701172135
470000,522175.0276071987
650000,663934.9345390217
1650000,1548447.404724912
6900000,6500439.751475123
1550000,1418251.6255496498
1700000,1135349.526132918
3850000,3963740.827549023
2600000,2544880.837665105
4750000,5423351.353694357
3150000,2989369.648987648
1550000,1571021.2047470857
9200000,10348724.711743096
3700000,3976026.8618064667
420000,641471.7408599003
19750000,5198987.159593124
2725000,3345049.886157078
3750000,3373527.715247336
1650000,1497075.9086816541
5200000,5216514.5909535
1750000,1827957.1845413267
2200000,2569485.416050117
80000,79337.9929100057
2350000,2492462.850536711
1800000,1789368.9136747757
1980000,2138191.2598641906
1000000,678289.7756491129
500000,500499.46353964374
410000,378101.96096443123
1200000,1101324.1249773325
295000,325743.9361667995
720000,690241.0789731505
520000,468780.3985136195
850000,1075118.4382354897
700000,694827.4413954947
580000,589223.1122558053
260000,297568.2357586217
335000,307681.57794257504
1550000,1415856.3826405255
230000,231860.10466433092
620000,618883.7810244953
430000,456076.8911794439
600000,568606.2836773752
1370000,1234082.0158034852
4000000,3351294.3650950952
1400000,1516245.9330428776
325000,302669.60074274935
650000,861906.3574936572
415000,422934.5430823395
650000,673592.8791589446
230000,212742.22337761748
500000,566453.6026272426
350000,340041.77854794083
2750000,2621909.848677348
350000,322522.24335678335
600000,567774.6676070136
630000,719434.8748501816
325000,338759.5920844209
1070000,1088125.3658928587
220000,252317.3838849001
1590000,1431998.1295720942
930000,810839.4259438807
730000,744698.9912261221
720000,752624.2666014339
1275000,1062501.8665576503
340000,322996.3389595426
400000,414111.2789667534
460000,358680.29120296385
210000,215656.48359709306
450000,424286.8688979232
350000,293275.52956112154
550000,488805.88555644435
1890000,2440644.0728046936
200000,195062.66851337688
185000,225577.33323038055
500000,575681.865376542
530000,518948.8292530469
690000,665755.7776760233
720000,751631.1791709677
700000,644278.663233066
160000,186513.07264111243
4550000,5303906.461957559
1020000,934618.4414185219
3400000,2620273.378721111
230000,239286.99998925818
39000,64290.737162968755
1350000,1465285.0944772635
500000,532990.9075866282
580000,550644.0450304708
4200000,3199615.7863506502
1700000,1979085.5071284277
1050000,927964.3129784781
370000,451926.8144086763
275000,333834.784474519
620000,569864.09400334
3000000,3260437.0150264823
600000,596251.6860661102
620000,632738.6985073035
950000,997713.5880282364
650000,564890.3895561552
470000,495185.3606288595
420000,534048.1598438225
725000,808836.3473344685
580000,626462.6213064612
400000,392481.01786589145
470000,521970.0016872858
560000,556254.7506510661
770000,770223.2766255394
150000,137029.6446957503
950000,950753.9689835309
450000,499078.961177275
500000,720366.6149198881
790000,673286.4364392512
730000,643158.3353836418
1850000,1707294.3423891875
475000,484541.93683803827
580000,525912.9980269605
510000,577335.7888859435
980000,1047518.3466670347
2650000,2572585.056442927
525000,468773.07186002843
1200000,1406362.8587599327
2000000,1828434.2861399164
490000,536930.1300376154
400000,460525.26664350776
380000,354937.7739747531
620000,594423.809240318
390000,372785.8681378136
470000,532637.2036097894
670000,680533.8139437408
1580000,1587207.6077371011
420000,406706.774512262
300000,334888.02090966585
2200000,2001206.8254268037
1175000,1079466.3577462416
1500000,1554305.2768767667
550000,520692.7923518728
1490000,1564707.5515352723
320000,283981.0225293407
2700000,2481920.1100616
250000,294546.71947879944
720000,668431.476744664
170000,160457.94207541776
750000,625765.3769011801
1000000,822887.2891228815
700000,671177.3015524407
400000,450407.3509810817
900000,1002921.0901516133
720000,741832.3718548021
185000,181083.10909486204
250000,288725.6583235787
2500000,2461425.764520415
625000,776177.350531464
530000,502224.9411418428
725000,793333.644535007
350000,347103.8560680306
690000,590791.5788819427
320000,295451.13432107127
320000,306714.62410587457
285000,298413.56242232095
430000,393244.3676650893
850000,745850.2836491208
380000,366987.4746681359
1300000,1163555.1051932797
400000,377854.1848956927
500000,466284.26886393706
2500000,2398125.651204995
315000,230173.0114657578
550000,495194.09101583326
675000,654321.0773706422
650000,579496.057707649
700000,734791.7974702853
360000,379749.89196717995
640000,548726.2426878047
325000,320873.2383494102
365000,392004.8636136432
270000,188563.69097417663
470000,434316.0061351561
510000,571958.7348560026
1700000,1915831.7871440942
300000,342116.690784317
575000,623986.4448295098
1215000,1190328.8093381992
380000,320825.32382975816
370000,424114.4339990419
1070000,998211.3911379363
1690000,1640870.7380017329
200000,226254.86960934254
800000,743266.7549947425
420000,520087.28452034073
980000,1211665.8629530608
2000000,1942553.57676901
450000,342022.53525725455
2700000,2786769.434513887
2500000,2661967.1614638614
450000,473149.86480787257
400000,236590.31456414238
3000000,3589924.5074485843
730000,780120.2528734574
2300000,1567403.26049159
550000,559434.1274324994
730000,826005.5443190889
2500000,2566335.2422992857
245000,278156.64371301385
1780000,1929892.84611941
300000,302350.07940327603
710000,644874.3619735675
460000,426733.60126459535
275000,286761.5534002004
660000,632270.1206481374
2000000,2171223.219316495
730000,758774.9667458875
1590000,1279865.6582394722
530000,424694.281528875
200000,274674.00485227286
280000,279984.9908578722
5750000,4808050.924430894
340000,327798.5632485747
380000,293839.33692154475
2600000,2099847.408061121
430000,398614.4594146068
83000,135611.83208710013
420000,440118.9227861135
725000,858200.0299954535
1120000,1254562.8597985446
620000,684551.9851889055
210000,206021.3327411043
400000,387919.3971020105
735000,616940.8958578547
2250000,2141342.408091635
270000,301448.5495507683
1350000,1331947.789985297
380000,386035.10256158176
660000,622716.6667414035
1300000,1433731.9240026763
230000,220671.23999234545
540000,551760.9398946214
450000,498287.39624414913
780000,714148.8683277421
765000,993145.7526794296
1250000,944812.179257061
1750000,1726004.2537247716
1150000,1251467.1098049888
680000,646768.7776324463
410000,414971.75475636753
650000,725763.2161195098
550000,489261.1609593163
350000,269447.74182790244
550000,557838.7387913914
700000,670205.6482543495
585000,568324.6580932065
130000,121437.3277030577
400000,313243.95482897904
650000,734270.1359025869
680000,611653.4762963237
1300000,1316927.873026251
650000,589571.039252827
350000,242169.26150134517
205000,205054.6135604025
263000,270163.0064018026
1320000,1088330.0527878539
410000,442433.58821703616
560000,554812.9214337436
1050000,882589.3389018632
400000,335298.2558455301
620000,555219.2745860906
650000,669070.6354036869
1400000,1585552.0075648017
495000,446677.68325595494
1480000,1357074.1729009664
280000,271596.4939400599
440000,426675.4717596571
1350000,1165577.684765248
280000,325727.05027435167
1050000,872639.8399997399
750000,718650.1388929221
3250000,2384321.2200354477
780000,708357.0594505701
750000,654347.3232883969
260000,206938.5600298047
800000,938569.1977148468
570000,530417.1268847997
360000,386156.5085633921
650000,705052.8137576728
350000,404305.6886115148
660000,625566.4037855627
1050000,1180061.6320736536
285000,278375.32987905364
380000,487636.8158937888
410000,397040.4606432811
610000,529148.8010254304
310000,368674.28887355945
900000,755425.7928303463
400000,456827.2709500642
850000,925891.1964548808
1900000,2032058.0951580254
400000,394999.0360267618
925000,993692.2800664498
590000,582636.988720767
530000,588813.57242722
2000000,1695438.0689022106
480000,466981.6088413999
790000,783322.6937375587
225000,214814.81590494752
480000,497749.066191515
350000,467996.2335997641
2400000,2065669.7876533035
2500000,2319823.9734943183
730000,691304.4948020917
750000,691315.7603257245
1330000,1106183.260628675
400000,367006.10488420655
400000,381896.8393714078
520000,522230.7352067888
280000,235585.62908935864
1200000,1049009.9823273453
850000,861574.0423270225
1065000,1108324.267440326
1050000,837156.5735163128
350000,353055.59188433876
580000,588500.794688949
370000,364431.003507875
285000,317184.562235759
665000,690556.2647955855
290000,409122.68013331573
800000,671681.3062915875
820000,680882.387662943
3000000,2711273.4291828917
620000,657518.9922602338
375000,368092.6287347093
550000,522387.1858245103
620000,654859.7343046217
380000,529030.3803002606
690000,713757.2674574369
719999,610430.2859861483
2400000,2502451.7014749027
600000,623289.3333697303
390000,356706.7790708879
1250000,1073612.4646935358
490000,444897.39422609046
950000,858592.784042367
250000,254102.08470119684
340000,316257.71692647977
450000,436313.74052341626
585000,644847.7440993782
575000,531504.5057975054
235000,274045.9992464604
80000,73511.91246786997
300000,311996.7986885333
180000,211000.58765825388
535000,502754.16153024393
750000,787728.1928018627
530000,473655.59853814525
260000,328087.6836733276
1350000,1205476.822417851
1950000,1950707.3219230047
775000,725746.5708953192
680000,762062.3422880373
350000,372440.42659784836
820000,751419.0448391613
285000,287773.8174806969
360000,349188.0085943136
525000,573169.2881300711
640000,586924.4867991891
310000,418036.91665721947
630000,550485.5126540387
360000,281565.49244932237
1250000,955576.4471642412
390000,392284.9441245938
140000,161557.64824545974
400000,472583.9860270423
1150000,1005280.3727344262
630000,525352.264386341
2950000,2599872.121733237
4500000,4398258.8588896105
2700000,2865398.1178042768
725000,724496.8563191462
3200000,2034664.1199371656
770000,718591.7874821639
125000,241786.76238071168
790000,794867.5231244416
600000,569581.2511961734
770000,787568.9235241264
870000,658099.1434550775
400000,487168.7139807628
440000,432501.3559616844
290000,326717.8167007455
600000,746565.953456158
355000,379469.2486379632
380000,393660.7013568537
3575000,3980517.0365474494
490000,474214.53686232737
210000,271112.8822121013
70000,63768.91531987383
190000,222386.74765186236
135000,101367.50259620465
750000,689984.0295962592
1150000,1221150.1283737533
950000,995535.9190365003
850000,760828.7214137075
125000,141477.48786503906
250000,249213.00799588027
490000,542011.9142391657
310000,269790.7494177143
270000,277964.23407247505
700000,622126.9807121827
95000,137782.10575967687
250000,260163.46553333243
1250000,1264993.539162626
495000,525727.2483741412
525000,478013.3294980993
2750000,2766034.3199087423
250000,308390.654085953
320000,353465.64838492236
800000,784897.0722678163
245000,289348.2413193145
660000,665455.954818661
225000,293359.33449470095
575000,581501.5824202207
1100000,1223789.032854624
440000,467555.6457589188
810000,855920.9571270316
660000,691780.064014242
800000,659460.7239254072
2950000,3641503.88237225
1350000,1358603.9011199416
270000,246208.0860942342
450000,520348.1691338286
450000,430999.67642858846
370000,292122.8514253741
490000,457121.1124145223
900000,826462.2102624649
160000,160416.91243007063
520000,551318.3621752287
1250000,1295127.8601926593
350000,376709.3817535295
800000,783546.9811511271
480000,449351.843283241
360000,420541.29293948505
1890000,1789507.8444219627
590000,641189.4385667363
300000,262363.8148047336
380000,432347.1342137946
285000,237522.90495722942
275000,340134.13803195924
1550000,1551188.45948815
230000,252521.37554958693
1050000,972135.4624879116
540000,537369.8785548011
650000,502940.6365637813
1250000,1377680.563818101
350000,347579.7483633946
680000,698696.6627546145
940000,1185688.4298671335
450000,365277.3446520336
775000,856576.0407477374
995000,895518.6740502205
780000,815384.7672085126
600000,624515.7111232332
950000,915178.1585346528
285000,323747.3931435534
620000,594160.0579216435
360000,324980.23778998794
375000,311366.3513213161
600000,667480.9773796784
400000,342776.23546640796
300000,236897.2834252252
6749980,8097100.849189454
1150000,1060397.0420454508
2000000,2072177.9927712744
340000,318514.7663749099
650000,793460.7674755146
465000,421016.3363321905
550000,543167.4778093339
900000,1089531.520584053
600000,608861.386876722
550000,597185.4038715845
900000,797505.0608586407
680000,611726.1265815368
1050000,1157060.5243184343
230000,286695.61751092516
1500000,1632635.9862780075
800000,811550.35208462
220000,281370.5639864593
950000,884689.8674109278
2900000,3296376.152661079
290000,272040.69338538777
500000,564705.4865807411
355000,413469.9210975863
260000,278837.6412705027
650000,648182.7376850123
500000,850969.5833696544
642000,614227.4964796052
450000,492644.9456221902
370000,394252.3470358558
100000,139252.17814873497
4900000,4154322.1935163755
200000,279677.4845854541
5000000,5086227.946257931
2650000,2558584.703496982
1000000,703612.1429166984
4500000,4019383.849944096
700000,692126.903670293
450000,486762.2713766935
1400000,1327347.2506203314
470000,470386.63594845566
920000,775653.3297731243
1420000,1181723.9151557605
500000,541181.4356883704
200000,216583.05692355853
65000,53328.37792170821
1250000,1241642.3387792353
460000,562141.8615646701
470000,400117.60778953444
700000,582885.1301812165
450000,353054.5989738069
1250000,1184984.6223605608
360000,360630.53951675206
1350000,1464687.2550786273
1200000,916971.3022464098
2250000,2076912.8385730362
1050000,917108.8193225345
630000,780157.6306005907
3200000,2808979.2998006637
415000,408183.5376932036
800000,786047.2283034234
295000,296181.0397281598
560000,662195.2532305998
210000,243278.3301227213
240000,213416.6370724079
125000,121551.60606378912
4100000,8869443.163720133
245000,223742.92994933005
4000000,3525696.0361757907
547000,514072.54058603005
1350000,1488895.6510416828
310000,321651.30717701965
500000,370287.57471190573
430000,444070.3157743527
900000,975275.9223482461
240000,215967.9928526223
700000,766341.359887199
660000,601290.1337831609
520000,630441.9712698581
840000,817618.6147488494
480000,680116.6233510578
3000000,3231114.440501401
850000,864208.8904339069
12250000,10887071.733450884
680000,588164.0997797218
420000,419100.95271584316
2600000,2295255.7882800936
950000,1006349.1933988676
1150000,856694.7689446117
400000,474566.8676977915
240000,229093.6429786434
3200000,3240087.6078829854
1500000,1411838.6010868363
250000,285564.82360581256
1500000,1426459.4756833022
620000,627325.8637732108
1200000,1012029.2015319593
750000,803311.9475603511
810000,794350.6700106242
240000,275835.1870977132
520000,503296.21050748805
280000,284419.9737040142
700000,688223.2601102435
640000,696851.5762335766
280000,352023.9969048504
400000,902795.9075223195
900000,1099549.2790746156
170000,179984.26674713034
220000,233020.52228027862
770000,800000.536803715
740000,784194.3464946031
1050000,983507.0704786149
850000,850349.2719467031
400000,1035483.241347956
950000,1019768.7392352145
225000,185894.0599670985
1150000,1038807.6614823702
270000,265742.825874708
1000000,944550.0774465804
1100000,1133653.8571470862
320000,321119.0406828761
155000,114308.4484137956
250000,320786.2961326501
950000,849576.6146617738
720000,724121.6040852026
1100000,1093058.990473988
1500000,1770477.6463250811
120000,149463.26023070872
1350000,1249900.0721700597
120000,154890.6620528371
320000,327679.67913190386
570000,589900.6109378769
1600000,1636875.185537364
400000,410334.32439977414
2100000,2083720.4887048872
550000,531927.3204844033
1400000,1279364.8338247754
395000,393987.2778004841
2150000,2736406.2354467213
3600000,3360631.8847571663
125000,136039.09039847844
230000,223227.57693364588
2000000,2127692.461863973
135000,134341.87930858185
1750000,1641303.8700101378
560000,514589.79272102594
149900,143669.13396642377
90000,154918.19790178476
650000,705319.2509881787
700000,728779.6842031461
200000,253722.506077841
430000,487045.89098165266
1200000,1369719.125761179
950000,974410.1876091675
690000,725207.5985831644
1500000,1953891.8009628388
520000,603843.6919623242
1250000,1356975.1296675478
450000,447302.6324571535
350000,267724.62146623904
1000000,1110515.585041891
1570000,1629202.9349239436
500000,457918.84629377327
1100000,1090011.0542856643
620000,639922.0304179117
800000,975954.5447164759
850000,782786.1325081638
650000,584204.3528460384
860000,1013985.9324340933
255000,221247.9223428853
190000,238078.43625559268
1300000,738974.350858011
5500000,4733435.476503893
1300000,1105084.6898798128
390000,324511.477437612
580000,612239.5363177689
210000,273243.1652205153
700000,671311.1925737784
490000,436554.82477230177
540000,534918.2579029142
750000,519410.67397421895
600000,620298.1359224558
56000,54810.86868734371
210000,283859.43972516333
3600000,3539457.7998022065
950000,1006048.0212339418
235000,216219.26435517595
450000,386875.06350496673
320000,295009.44017196534
89000,180764.22067186332
350000,460957.05968715483
870000,851389.3866621748
640000,659442.7250200849
375000,356943.4153990911
760000,797127.603608641
3125000,3359843.828758701
700000,754288.2111034854
550000,641529.5486214485
325000,330543.808175298
530000,572191.3824104293
230000,201943.3896061206
1300000,1116128.008067091
260000,211436.78451888924
600000,608385.6028670227
1650000,1474304.4993851008
1499000,1540666.006339818
470000,484362.5359702412
500000,517184.2824029416
620000,595824.1076593385
550000,558665.992829971
630000,641989.6596540053
600000,609685.3502166995
1200000,1077444.4290717347
550000,771780.3338596161
900000,1027919.2040343445
3700000,2504349.893940125
500000,539662.417208152
725000,804848.0336671167
260000,220143.88242418627
190000,306595.1524534579
875000,847527.6859156586
600000,606066.5738780702
1790000,1896478.219047543
630000,643658.8767553412
100000,125359.5359481048
370000,414311.7025039945
320000,288122.030500711
640000,866031.9693143776
1300000,1373439.0632800376
1200000,1303524.0868309299
365000,306010.7290649531
690000,764698.0436590281
1125000,1171671.3312826334
640000,559045.928752698
600000,590462.3880265359
1150000,1047185.0032362378
290000,266436.12779069284
480000,539355.9057822293
400000,419226.92392914364
750000,786454.1418674698
250000,254804.8039195531
620000,560075.0458880895
300000,368607.1610388716
2600000,2762541.022741154
3900000,3944979.9128863034
950000,941796.9776083168
720000,773497.978754213
300000,279828.7168539353
710000,681152.9058865104
235000,309420.3264969016
350000,338756.9937954616
610000,642790.8988181716
450000,453613.0797026994
285000,285062.0780113096
630000,645589.5316733575
200000,235090.4799836344
200000,241352.35432565713
230000,251970.25478013913
1760000,2008886.6202230495
220000,249498.277491494
260000,209532.29565095814
780000,788868.578737642
150000,200894.95138955364
320000,336964.5092367945
865000,785868.7224785077
300000,339334.85165963386
365000,358517.65274829994
1200000,800605.321657815
300000,253999.6591428703
290000,283258.673853333
1000000,1108368.3797704775
565000,561114.6151554709
325000,378650.5306675263
60000,182847.94624314707
480000,475957.59199344716
630000,609095.2090836463
285000,421040.0927703554
550000,593387.4227713052
400000,389208.6450034906
1150000,1109232.079864123
145000,142386.4142005128
875000,985078.4376639446
450000,521962.815162959
185000,355848.07871326024
2800000,2223809.4686048715
740000,857497.9032445014
350000,355096.3537203729
2750000,2600485.98702739
400000,340652.42132469354
450000,534677.1247932956
350000,368606.1134967212
1600000,1772668.8419928784
2500000,1463736.1007643458
420000,454708.64501352864
3800000,4294691.197782841
700000,494974.4354661976
1390000,1763120.032606285
230000,249920.19885808043
1000000,1070418.0673255478
175000,204194.8160863289
230000,220254.30123633854
700000,679942.7515790046
75000,76282.63026307145
675000,740763.488245813
615000,707185.3867964774
380000,348373.4902278219
775000,747365.8384552889
600000,508234.7644701841
350000,383400.9995555034
2550000,2256366.029177231
210000,244772.95493918812
150000,125898.0455155551
710000,648732.9969784186
175000,269039.0927838138
1200000,1103248.6203904268
790000,824452.0448781064
465000,485666.5655217841
850000,908630.7145329843
310000,312726.296182029
3900000,4460397.335785979
925000,891436.2461293343
215000,332903.71601338196
360000,342409.30857557507
450000,356494.34920404566
330000,322145.7873447212
610000,568410.0937930107
255000,272289.68078711024
260000,272589.4672563736
400000,390257.3093245996
670000,599832.542525023
750000,832343.8175961389
650000,691191.2959417677
275000,265377.91199936566
365000,312520.5397956051
675000,588654.0793979963
430000,439865.19521439343
2500000,1762824.3896234988
430000,447664.1495224201
1600000,2028090.6423391374
1400000,1458938.9243638415
4000000,3858473.873528925
800000,707686.4058016075
1300000,1296866.4284524424
4300000,4450053.565325346
1270000,1266930.4710841018
720000,676854.7702228226
1100000,1021856.3595706335
995000,1193736.808205843
430000,463761.45061378105
850000,792575.3886090335
1000000,805206.3005641019
1800000,1638100.4589626084
520000,521277.5105935542
335000,324761.46112879924
640000,719967.444780468
345000,354702.2698220047
540000,544535.6422966487
450000,549103.6471420126
1100000,1019036.8734816514
1000000,951455.6110716363
400000,375652.7343987714
300000,371196.16787861835
750000,726242.5458620631
455000,415561.59045585786
320000,349818.71777795977
690000,653713.2126258239
560000,572442.3606172941
1780008,1923704.2577374089
320000,316660.8203531728
675000,710326.1768960024
230000,229122.1777148415
260000,257954.93701986136
6200000,5375768.398243764
180000,118384.71247351539
170000,234914.94246205056
635000,771651.3793167023
775000,812008.5119027316
1280000,1219019.7032873363
150000,210453.10358381754
3500000,3397817.0380610446
680000,663958.6589296436
4350000,4426823.579458947
550000,587656.493448339
630000,641925.2593023652
255000,252251.85273312853
240000,237742.6114518396
750000,749123.280661475
690000,650420.3993965879
280000,347151.84621120046
620000,589233.761122697
900000,804849.8946826772
650000,608361.1274407539
570000,588088.187770436
470000,420166.7993036069
500000,742321.9600796568
700000,748679.566113153
690000,662278.5934585325
510000,434804.94476479356
720000,646345.2612440913
2600000,2482989.326885492
1950000,2009667.7090672168
3000000,2905436.480444316
850000,849069.5510378759
1950000,1938169.4900935413
2700000,3478779.399400089
2600000,2841508.7604879946
2700000,2583104.202016033
2200000,2275515.918215763
230000,231570.50727408545
370000,355191.4192816207
550000,530883.4038646475
750000,699236.2524773609
530000,508877.8449598405
1420000,1185478.561153305
385000,334623.313024633
380000,385172.4941488988
315000,290945.76445376046
385000,608461.8257837076
860000,971111.8406757794
1900000,2226593.7023163103
300000,240293.08997034671
360000,364522.4757658098
580000,571065.9732795617
260000,255052.28359592482
1120000,1044929.6208829405
450000,433523.65050677146
230000,300866.3054823572
1850000,1443626.002703323
655000,603571.0149378255
350000,363781.6891029211
220000,246466.86241072867
4000000,3074885.1186148413
300000,276820.21251710685
735000,760255.6642609464
340000,366539.7560472915
1836000,2180370.3674208615
1000000,888261.7230122316
900000,948330.3445649593
700000,520358.10823887575
440000,380099.0407316492
790000,801355.4871668221
2000000,1931959.346963557
155000,139469.47342098906
220000,254989.1231540603
185000,225137.23572743247
400000,374315.44267093216
1350000,1325447.2579480982
160000,141529.72617767364
4200000,3657929.547583572
4100000,4138702.024800579
500000,671855.4913231047
280000,322873.01088717737
960000,1228308.8409515864
1290000,1347891.7340409032
900000,824179.1088046355
49000,42665.92242777533
770000,894574.282288829
170000,243425.7586401827
300000,311372.42104301555
370000,375745.9880504009
580000,563158.985722074
450000,511421.7963815341
420000,399271.74254852784
1130000,1054876.5472022623
270000,255526.11970045936
380000,414263.1291775347
550000,573925.5823401879
580000,822245.3158104593
2100000,1978763.0744321588
690000,590544.6192756618
150000,136449.73333011343
1900000,1784759.253153193
1100000,943745.0998402307
500000,563728.3707625344
475000,565169.2350825627
1650000,1291908.3481253758
600000,522400.3801299332
350000,456578.93855682114
480000,450203.81370259286
650000,641914.7731249236
500000,470698.119954014
445000,468007.26591497177
350000,410243.1182011542
1400000,1143127.8820176963
120000,217959.9432006204
685000,627233.7085444283
3400000,2929313.03254599
900000,1009916.2943621491
120000,134018.54681125414
300000,306237.5848574452
445000,431354.98062747135
1420000,1486129.0996787224
430000,363893.2954555671
1430000,1432484.6577085962
4850000,4744107.193170137
750000,844643.4188995012
185000,266620.8580861435
725000,673144.5772863775
450000,420526.4595002118
250000,203210.47375477178
3250000,3448851.5469603273
780000,779711.3299375601
460000,395572.60939471517
485000,543704.4441000898
400000,328339.37178562407
220000,253628.28425753766
720000,678563.008132787
325000,385665.93664069084
210000,232110.91777123287
70000,66343.71951037137
480000,447901.4929704058
130000,176109.32269209388
350000,336082.24722370645
1000000,864072.9074920007
290000,349848.4873410975
475000,413268.9049468294
810000,804514.4354438662
590000,574288.0947096745
1150000,1093052.569346383
5550000,5644501.290747319
3600000,3520615.45904027
700000,876594.74892335
610000,590984.3817951357
500000,526217.9741081854
400000,434032.7380203614
440000,520590.6175975893
425000,422100.54160422034
780000,794718.7500192276
870000,838580.7508513206
60000,46502.10777441453
250000,258867.11443453556
550000,544897.9617244531
1280000,1186544.4356775344
595000,460858.1568254828
225000,262070.32626232805
750000,722381.0594199871
390000,363147.0684900247
670000,705968.2482351263
390000,411276.9117841657
540000,582715.4994370625
1600000,1477570.352492434
300000,335376.3713745333
480000,470323.0210708076
900000,998512.5634324946
145000,193480.875111689
475000,597375.2855644204
749999,798101.8818165701
1350000,1328263.588591709
590000,670479.3800345549
510000,477889.6979750859
330000,346688.32446492487
330000,300445.61731703015
1300000,1246268.277109425
280000,244096.3133050096
1220000,1095417.8579657984
500000,517380.6335992117
335000,336304.3663285798
130000,139647.20573939278
220000,378450.3135710853
3995000,4860824.440548213
650000,658539.9058017266
330000,349540.26771438494
430000,435841.8791693711
350000,262673.53322818
1750000,1840830.6898223502
830000,769411.6229352166
265000,266567.50259636936
777000,826141.5742056625
450000,492178.0126023637
570000,588612.8685475967
395000,411857.2130051208
125000,192486.44413299192
750000,878245.0494552216
650000,587394.3210068565
280000,308702.4249295753
1600000,1925216.611524475
220000,192032.97002974764
340000,326323.61913919286
200000,221027.60232830417
150000,198394.9785039171
225000,252811.77618457298
505000,590362.742528452
620000,580026.7901024338
680000,787475.4987565383
1000000,1065071.7729990273
530000,542854.8448067296
580000,613853.0185630189
1600000,1488123.725177562
570000,649231.4137973953
160000,167610.39667380866
410000,485308.22894967033
850000,888373.978007426
785000,822840.3272679908
1800000,1657602.7830884752
2060000,1896793.459655799
1590000,1718616.844141954
2010000,1828120.6185964767
720000,719465.4263465541
380000,357901.9455275123
2250000,2088575.792714843
1450000,1494749.4862651804
825000,789198.8818772589
500000,581168.3384186918
315000,294344.4645617454
260000,309124.744981978
1110000,1191207.9684299743
400000,427248.687364009
345000,327587.0966822548
2500000,3146844.613983005
220000,213559.26981556497
335000,380899.48511987063
335000,365566.1857035711
425000,556487.5567131344
680000,680534.5744516468
850000,811550.9039326315
450000,444795.13803328713
400000,377462.6551537159
850000,675470.4771593682
960000,1080268.1612822677
680000,739851.0497005472
730000,726864.6504612636
900000,949606.7563288099
550000,565582.0058918138
430000,441325.8959648945
1250000,1087917.6383811359
980000,1002926.4842019489
970000,810588.2387912933
1000000,1031042.8541626314
1100000,753188.3865370257
270000,276310.289618451
599999,683362.2918682379
250000,293244.1281692494
365000,387112.9976781216
620000,642572.1961623848
190000,177475.4861734788
2850000,3385575.6372861294
1000000,1254878.1781228785
1490000,1394909.942743356
400000,243289.47005394578
450000,489728.8744693036
560000,656770.2748040112
300000,240880.30714176028
370000,415839.7081635699
730000,740516.6111341971
520000,575931.0894197074
295000,266810.3598874857
950000,976951.6398157729
1550000,1659321.5445000108
1950001,212672.26213496053
790000,826760.673608444
1150000,1234407.4787615873
1980000,1466726.7102183998
350000,301815.8096135885
1950000,2182735.9901833017
870000,800550.0178498256
250000,278262.97314740013
1800000,1872731.5793977827
255000,357015.64749003923
670000,669160.3473151763
2100000,1458955.455920088
2300000,2530135.906761833
480000,391239.11161061126
610000,494140.0765048406
1800000,1745623.2443426158
620000,627749.4793265145
750000,743346.4958861731
520000,597334.8531739182
200000,322647.68852773425
1600000,2888895.3985572904
600000,579298.6468143665
200000,205590.2240726062
600000,592283.2337351944
600000,726714.277567424
850000,882041.9799427008
1100000,1120182.6927565865
675000,730140.0724605495
405000,395585.01526206697
1050000,1004277.8356993097
700000,755889.8792525129
975000,986821.8214459551
415000,409562.17855065595
180000,153444.24332576245
1150000,1151228.8824033279
1375000,1970632.2511973
190000,257790.32693143672
600000,652561.7825963438
335000,341494.2862006954
580000,629243.6483141191
495000,568300.6627614937
950000,867614.6796804935
650000,675469.4062279379
550000,587457.1962679945
1050000,1242654.100377687
1250000,1059316.5574266855
750000,709602.6028975327
190000,194940.5836895722
1000000,1167768.2431015498
390000,450418.2088480631
1600000,1811830.9480892331
860000,763657.3172773446
980000,1295965.3350122462
465000,502979.5585744566
300000,292806.0397837484
1090000,999904.8458284265
250000,281969.98725655983
280000,278816.91346227407
115000,119598.24462365656
1300000,1179274.041980248
450000,549472.0772509215
370000,355282.84604279103
1300000,1408998.372550219
235000,246771.01389864658
80000,79144.68921468443
235000,262371.99634447816
1300000,1245968.1886996564
1000000,1096748.417850629
430000,413763.5113448734
3500000,1468623.4377740116
1600000,2355732.572481458
210000,285704.9886788443
170000,174810.49350277675
550000,521920.86339064635
310000,322783.7486580534
195000,179621.3179288061
220000,195244.81890487243
1115000,829082.5301129958
620000,611580.6076340957
830000,761856.7421610329
570000,533284.5741870916
280000,370761.46527444955
950000,1009835.3065967223
1020000,882604.2086587055
260000,220099.84612945502
210000,175813.1251588294
510000,516820.37591055216
220000,192098.8882490179
320000,373075.310036886
520000,511971.27314585645
1050000,1132670.740439183
265000,223712.22552127807
210000,249163.73189459578
1100000,1013083.3567865301
475000,448725.2226520561
1450000,1352948.3475104375
700000,667051.4640386994
780000,744305.6742411257
550000,602216.8918220928
1780000,2047144.262584122
750000,691027.6572875028
160000,139994.26473663762
780000,786913.6157554502
280000,382854.99302243703
40000,44650.674267
550000,637970.0546134203
370000,486414.5242229201
850000,896250.1669005166
265000,261894.6035626896
585000,592203.6710192667
260000,236167.52904523272
595000,606297.451967806
1150000,1054623.1355691124
3600000,3051128.070114469
1800000,1377626.4440137097
480000,520178.6719167479
550000,531483.4524177542
450000,531878.5659975568
2100000,2863787.4827316455
630000,640059.6657911805
1800000,1667317.4168480842
500000,459138.6545529124
1950000,2074197.826363671
450000,413995.257559817
900000,1127495.2243217814
380000,412191.83517574717
530000,547697.9661431584
185000,238022.2646882595
520000,625846.6024645399
870000,806960.8827655852
720000,757295.6905203416
700000,712780.9931072582
1650000,1324355.1771968445
660000,856443.7280213895
520000,541501.7813844753
750000,690082.7406110368
290000,245553.44439424406
910000,923502.5248102185
715000,741506.4500280482
750000,766617.2750813392
900000,873503.6243630179
165000,171299.2589515799
575000,601850.8592424223
1450000,1422125.083938053
250000,245028.64910719657
925000,826512.8659509321
420000,542836.3651887837
400000,416367.30405453796
1250000,962380.8316551887
640000,816264.7383439481
775000,751169.9734584014
640000,725989.2525813913
400000,408015.3800609428
300000,261756.081933736
485000,509428.7967379829
2900000,2975519.773015415
620000,602474.7603054584
720000,736761.9468289022
280000,265055.1359477735
710000,691501.1406551041
380000,415084.44242959283
270000,301658.65209368354
920000,1178412.6828289356
360000,340678.25905781385
360000,348128.4685206802
570000,530397.3676744322
300000,260758.84793101947
565000,690926.2649651906
700000,624368.396223545
230000,226718.4660728907
1150000,1064670.7827972437
480000,580890.5100097037
650000,723545.8962609876
450000,545101.386550901
800000,926925.4873084357
240000,250370.0719073438
1400000,1204023.9648261277
360000,362559.0462880448
1800000,1945141.1648542916
690000,724609.7010012965
2750000,3071308.008250668
370000,537694.027580908
620000,787048.4682706142
235000,197658.60046396925
350000,427461.9976555391
875000,888774.5592562598
370000,343216.11112184357
420000,488782.45373688266
170000,176595.8098354633
1175000,1348415.8900602038
480000,506077.38691983855
350000,332067.64091275475
230000,217859.48784695545
800000,731910.549993342
550000,600789.9622587806
130000,111840.19969741907
500000,590127.1406419089
4800000,5228342.09103048
550000,443970.1877297562
180000,238970.76727482834
280000,283703.9089484458
5000000,5748319.840173602
750000,836513.2685960878
395000,450787.979232411
650000,525905.4034241218
220000,253679.09018913147
350000,315282.501791898
375000,390808.3503013653
230000,253163.67442670342
550000,749061.9086749954
185000,193153.81310897382
350000,328338.02548566397
430000,535366.2231831619
390000,550195.3672005829
400000,398580.4093633253
390000,430435.0478533645
700000,507845.2866321934
750000,706320.9092850661
460000,462275.1436995547
400000,442388.0870949899
730000,871562.4061157613
550000,589993.1246551961
1180000,1240416.0553395282
360000,402402.7811431327
650000,602214.0279436326
670000,849394.6856060135
890000,1015742.322527105
295000,341716.65032777516
300000,368963.1611644657
400000,425469.67478739587
2700000,3224402.9388381806
670000,617952.7997750517
850000,813329.487229335
660000,697748.1932102531
480000,531080.2540605236
500000,449721.5929545505
810000,700761.9471058414
1250000,1631033.0382890853
380000,441735.7128826418
1350000,1493814.7753890476
1500000,1680467.1958011764
400000,452359.625717844
670000,623789.9591728261
550000,688670.725610327
1100000,915237.6993869771
2100000,2082431.6994228123
3000000,2814607.0425497415
380000,429654.5311294188
335000,372535.5560002515
700000,657240.1977645473
200000,214793.59125283887
400000,512306.64313952625
370000,357945.11896373186
260000,272349.33444705995
190000,223587.79021160913
190000,394199.6791961017
2600000,2564363.45626897
1200000,1329281.308952499
900000,924567.6500506839
260000,254129.0198377054
470000,541627.9974432786
900000,967002.3079275566
210000,171994.20748379646
310000,321048.45039940823
650000,738414.8870042784
580000,681452.6091674938
300000,298719.955422955
400000,462962.5076405659
950000,721975.2457529631
300000,352240.74751846684
600000,709021.2559149953
295000,311863.18405640015
410000,418302.31395811593
2550000,2554332.2319092825
625000,722697.1696901572
370000,333509.76490998117
430000,490064.96686163486
2750000,2823740.6871327823
390000,371146.0817162518
1100000,1114609.2915276808
425000,410704.38014178484
700000,659469.0536897369
425000,487682.9080680107
2270000,2323637.1610233327
340000,318988.1032286086
140000,141588.07523818107
750000,790052.2055104162
330000,392889.6265787115
1100000,1280483.4091880466
230000,205513.98050126672
285000,302715.771309916
450000,466748.413836343
750000,750117.1573270032
1300000,1302870.0400209227
475000,581164.4846717864
150000,229772.21947909493
720000,671038.3408612503
750000,703572.2616750192
430000,478837.30689325114
570000,575392.085277939
1300000,1212930.304075253
1550000,1862459.295897179
255000,246347.4059304646
265000,200527.4091720965
400000,340859.9753730555
750000,783768.2043692864
1175000,982448.5879514331
299999,310309.89827550645
600000,966643.1141713916
470000,491526.00720336643
800000,853696.3763475628
400000,424431.58864929713
1500000,1513718.5276178785
460000,526273.4542872446
1500000,1517852.324573141
800000,891997.0848587551
580000,450404.1687567853
780000,810439.2626414197
220000,170942.57605554705
280000,242644.47985625407
495000,722336.5255159121
450000,464549.80326981697
210000,181482.48826672783
420000,404128.6256940225
1100000,1091760.4473547551
350000,438782.88625447906
320000,326874.6763912699
75000,143441.67181159204
400000,373658.38744812604
450000,648098.1228724767
750000,794705.0438798541
680000,951749.2069483867
750000,764154.2734807474
1050000,1040565.6428205615
600000,647159.6613214437
450000,520479.17205282813
2000000,2027199.0022840814
820000,831040.322030543
1600000,1853179.7690832163
650000,748981.2412346868
1500000,1877358.8940997792
3500000,2400656.756856325
1300000,948191.5242926837
720000,853827.3836016732
330000,297300.96031698823
345000,337201.87233548827
1100000,1001878.1086614529
2100000,1981968.695772147
720000,736514.1558047455
230000,212503.08793921582
450000,431762.9275911168
200000,175684.3396112549
270000,327874.8649474835
160000,177155.3747989468
370000,394919.4495665096
870000,827731.854644805
550000,718444.6590925213
280000,318568.29812149913
260000,215061.1431527764
330000,318419.5592334428
520000,506248.78234211507
685000,588624.6077939896
430000,396268.2449315906
350000,338804.84373579215
1150000,1292900.312893576
740000,750292.4606468437
360000,495497.15695964434
230000,208356.3354202824
510000,524499.5876044104
385000,412739.44732120703
310000,297992.51850081753
1250000,1048149.0673214673
390000,375130.2457366535
530000,636367.6141295414
390000,402069.4829750932
460000,605465.7522067764
1280000,1354959.685756969
600000,598826.5723172657
1780000,1608698.1096948397
560000,611270.6706975573
685000,700630.8718320717
260000,264033.47447252483
220000,221097.12488179936
660000,655824.1933812571
700000,694206.6902533111
1050000,1268134.3928751359
550000,573637.8937740034
660000,733034.6514608244
200000,202221.16551583604
335000,305077.7052684822
350000,318107.298514638
395000,414663.43138806213
570000,581464.4171467812
620000,598742.2777495853
550000,532665.4530275915
510000,495608.83525629475
530000,576420.9385568802
1750000,1935448.4937655183
250000,249899.34776211577
450000,542600.204517758
550000,553111.652772033
650000,638783.0577768619
460000,434882.36701998126
670000,752487.4828654886
360000,366096.45316616807
2050000,2734167.548389663
360000,1015331.1659932933
260000,248520.80917678346
240000,239882.9502939932
670000,758238.4994803433
1570000,1702757.8737752882
290000,357914.6528070368
2650000,2144058.226775139
720000,763037.5561832488
220000,229039.2040334533
1500000,1398291.7935997976
2100000,2273851.52444008
3600000,3969752.683561813
999999,332360.92842134566
700000,710370.1694277371
360000,327780.5423092203
625000,740930.1082505359
450000,359778.0005965561
330000,311133.3815332088
550000,575861.151462919
400000,513498.2619115516
75000,145867.95605727957
689000,730493.5574595939
670000,714419.0480937468
440000,520960.7616833983
220000,206037.3198996326
1400000,1213012.1066815106
480000,448612.72879435704
900000,1104631.448660759
1900000,1961720.9608140925
255000,265128.95503932604
1600000,1614504.9210076192
205000,192797.73324049363
1450000,1096885.8609814376
520000,549252.4723390951
200000,185483.93098275518
90000,152554.2531857382
565000,641101.1492164009
950000,834849.365611655
775000,738743.1334752073
5500000,5429242.811180985
140000,132553.49224841304
315000,386295.36101445433
285000,320180.84390601586
260000,266863.24901574076
220000,236053.3374234588
80000,154792.03798343948
425000,555346.8005604116
700000,770103.452521595
465000,423295.90333815705
260000,218831.50463506675
850000,849326.4128142437
2900000,2820717.5123706814
520000,552182.285027508
400000,416367.5572081016
850000,940591.2297885425
130000,155231.1749104201
1150000,1114617.5692943004
950000,988206.4819786447
685000,584726.5265917974
185000,213248.66593815037
1300000,1312437.1658658674
1300000,1393285.685898885
425000,339778.6598964578
390000,407665.01828407496
310000,214244.0083760819
2400000,2502439.3772761254
720000,703968.1244584239
525000,552294.0487476129
2500000,2539099.5728737726
650000,620207.4937345575
730000,727234.5882712756
330000,320043.0200809998
2300000,2256135.449335885
520000,705933.3673669224
220000,235349.42488085065
500000,527947.2946839713
550000,625081.8551313404
150000,135217.8022779182
550000,504730.6251129123
800000,869144.9008291875
1250000,993245.1587537876
230000,225044.4708801495
450000,497001.2284161113
1900000,1963084.6407173774
3050000,2675673.9259298104
470000,532758.4231504733
630000,772484.0185024681
165000,158621.0705121302
440000,470104.45508484234
2050000,2004714.9363298689
350000,361180.1374279312
380000,438553.12528021005
370000,314839.32606231916
250000,223493.2567102106
2100000,2611479.808103502
150000,118846.96329692869
1080000,979095.6175501401
600000,658788.8634424538
480000,514804.6048751046
520000,498185.1775904633
180000,213560.87899779875
1160000,1314949.8557573415
620000,579082.5096797383
240000,271219.87404556654
750000,899349.0472415432
430000,445463.7635632504
725000,742140.2265539037
1250000,1447777.7688422587
2150000,2352278.683771
275000,325821.6602476429
465000,293618.1089514015
750000,788921.0258405111
200000,245342.8569393606
400000,365797.39485945
780000,701826.4711102158
400000,374342.3101945842
1550000,1396909.725992525
2550000,2216818.061543015
575000,590470.1208899621
2650000,2102263.6056059813
690000,734090.1633840511
500000,414423.8533823581
1400000,1221058.828380018
550000,580963.6309148165
520000,602140.3453493858
785000,813856.1448765591
350000,418235.07585575106
750000,736869.3572349207
850000,785213.5500413292
1150000,1307336.727768879
520000,490585.39134898264
600000,661895.819674889
700000,639752.9527578315
1650000,1549640.9038561853
250000,293626.3158681435
1650000,1484703.994131295
1690000,1626497.5506542912
1225000,1486619.790988914
1800000,1538950.6749255788
1000000,1040218.204629898
225000,241255.0782799844
340000,299721.55395121366
190000,233586.13687052342
320000,297500.03794981743
225000,248302.62522610885
330000,309310.56549889164
340000,353660.1173010864
540000,572291.285105839
348000,301070.8168245829
690000,800081.4324768402
630000,698090.5574891517
220000,223363.56697777557
1100000,1235800.7059937492
290000,280930.20305061154
230000,218167.96316596319
720000,869075.7105605842
470000,465302.6621522012
155000,219094.94311877227
290000,252122.24136422665
550000,634732.3866552293
505000,497848.26459888846
980000,984910.5065640273
585000,666821.9675034371
530000,526991.2183453353
350000,336706.48905265925
230000,216112.1722608918
470000,513704.93174830795
700000,718639.8128349879
650000,719491.7761705674
700000,699876.974467501
370000,401903.71213219326
480000,514609.0767972551
680000,721078.3339626598
315000,330505.98381909344
320000,308970.61321969074
795000,793964.7978727213
560000,574419.1483232556
430000,517266.5189166839
900000,1028708.0818953349
900000,622156.7287004143
3250000,3315428.2600236353
2050000,3134320.1873622388
85000,107273.30260890246
780000,804586.891718369
400000,466521.92470901494
620000,689935.8683675366
430000,411342.9587705041
639000,717725.7286274921
470000,461077.8770073863
220000,217164.41254625158
1600000,1381693.306631867
420000,370220.5412605394
630000,693987.0747695124
735000,672113.7808112478
600000,631123.3021731479
430000,423492.5228855583
570000,638058.8716169528
1450000,1465298.4632174338
545000,482357.360668782
600000,655149.1128076102
310000,373815.1056313274
430000,430665.34739188105
660000,687163.716484744
380000,486095.7187633876
1300000,1050945.8540402155
330000,298098.3774817578
949999,908863.5645843961
235000,251758.00071300074
590000,625274.546292242
320000,308211.1685648211
820000,736922.9582600034
290000,274299.6613667042
135000,177825.91494076833
380000,387763.9983946872
830000,766862.4964554119
620000,714975.7230851299
750000,781420.1087747392
265000,377990.316437363
1150000,1350228.4831330662
230000,231261.61910701715
765000,749684.5835317436
840000,960100.5877312145
170000,238869.50199196747
555000,591596.5991706757
1100000,905043.239438287
1150000,1176904.799234676
280000,257000.1145409402
200000,245765.9608553908
410000,428444.7745673904
1325000,1167383.7824875577
800000,870250.6595958552
950000,845416.1945132868
670000,747337.5233760172
300000,290939.16217433085
770000,811533.3296889535
350000,335890.07214087644
1650000,1636953.7230852998
430000,327635.943445348
300000,239210.92061327628
5890000,5015775.905150704
250000,279995.9901794963
1780000,1574197.4629487672
650000,490247.4614445415
930000,883531.5948788492
2500000,3117494.940265632
890000,1186647.3345372763
560000,799642.2335621002
4500000,4251058.293642789
570000,557129.2345254685
800000,711585.3461287945
370000,325804.20632753737
670000,681509.4082294381
485000,507152.9062387025
350000,348132.81673151534
385000,375763.70705285366
650000,602938.9471430968
520000,534348.6147365656
1030000,910372.3324018412
240000,246279.6288280793
670000,766545.5582889859
230000,240440.76415723067
700000,839344.1707089734
230000,266887.34965291404
170000,205009.17935517163
160000,194950.2064459999
750000,806026.1715129671
220000,213777.26996554015
200000,219775.8616271759
1900000,1772873.6102429405
720000,764706.1802578866
190000,212781.34928499264
230000,355072.4831864103
250000,205868.23916357922
480000,512284.34996381536
1850000,1434136.9460009057
250000,288671.6490455132
800000,755053.557824757
820000,845177.6487148369
360000,384453.13228972215
470000,383255.54223058955
3500000,3079416.6662764777
350000,393402.80145196617
2400000,2833162.4456472285
3400000,3773632.8498296635
450000,530039.8552319417
120000,118246.41021901688
820000,865094.8756820557
265000,246336.39480039355
540000,677891.6569611199
3200000,2985295.5286697512
1050000,955412.9385156881
1750000,1708327.4623936112
850000,742412.0565603527
5500000,5416078.973431606
460000,490922.52677186375
450000,470358.6575031016
465000,442575.9680771909
435000,454769.4723153642
270000,304692.85314346274
820000,718714.3660367529
360000,395762.48878783325
399000,431179.9446206747
125000,149763.1287674258
300000,312319.91865235363
270000,261990.01874169553
330000,356233.3222548412
240000,207486.37969974312
7600000,5406748.852086966
400000,398750.4775700666
1480000,1491523.3290824436
220000,233206.22642994992
675000,654214.5257822715
220000,233127.00538789408
2020000,2002934.383896504
850000,861003.2697305158
315000,285565.40973975003
510000,591603.298089064
570000,594074.3141860178
650000,620482.2842496184
3000000,2729599.5859940914
570000,820363.0828520877
575000,606489.2892464163
920000,935813.1353754188
660000,659858.3044103796
450000,525871.8159999326
430000,428676.87060600467
700000,737330.6015201652
300000,344496.9272952416
250000,330995.94398538576
370000,338475.13980570843
450000,368466.11319290195
795000,828037.92502947
1100000,979752.4947500809
280000,251875.08350242366
200000,285608.6725870978
470000,409461.04791445896
635000,700380.3144350155
650000,598155.5368943126
210000,275522.89001397346
640000,727419.513813379
219000,212251.99981146233
470000,603544.9515507604
290000,250282.84898544106
230000,274091.6709866258
245000,258130.4951614783
2890000,2823339.9670752706
12500000,4735665.501278593
4990000,5096025.081037907
380000,369236.32635533815
190000,214590.40202407018
380000,426186.50178091525
450000,405273.7540104975
1400000,1330953.4870168266
4400000,3702256.2860110113
550000,538894.538103008
135000,133279.6940817802
180000,179132.62104158555
2800000,2691608.3945882623
235000,309912.2372215731
2850000,2526572.341354545
2800000,2561201.9499483337
325000,357998.98313739744
240000,270778.2435990914
750000,759309.6499161028
240000,275136.01647745585
570000,625389.4442170308
725000,616622.1207601022
1175000,840339.1098475588
720000,716920.7532550978
780000,866916.0940692059
950000,850478.4891392076
240000,258871.75895722889
600000,636893.0064157799
400000,391572.0699371333
1150000,1417724.337808483
230000,222471.01296983846
7000000,822379.8467664601
520000,555752.4350626572
1050000,1082039.2532026048
485000,517356.74146375334
850000,888119.9183758893
385000,398302.4171396535
600000,665573.6459841424
525000,520288.25657896744
1000000,892541.3275320285
570000,584502.1182024375
1500000,835610.5690625332
950000,849857.5653337449
500000,518262.8345467741
185000,134395.62961202898
135000,191236.53740096567
290000,209797.3426424549
600000,786882.239491582
320000,434615.05735364783
410000,406992.6493717259
530000,476186.88180179015
400000,371633.6373281582
630000,531670.9668434365
150000,120696.26791353017
680000,703875.8565298093
950000,941351.1017375264
940000,990476.9859473411
345000,371907.6078350049
520000,442373.2866725021
7450000,5707995.751775958
530000,550396.7498091954
175000,247559.60811798874
520000,504548.41285926366
540000,585260.1195730305
385000,392111.9201249336
350000,351561.703561551
1700000,1803919.9924362986
335000,315558.9931865213
800000,999757.3175187941
580000,624433.5137992998
890000,978728.2296515587
1500000,1540142.5156740502
800000,689345.8472354627
900000,858215.5747280226
1600000,1500008.7285219328
280000,289693.0781815541
390000,413539.7312675039
550000,464263.3293727121
530000,552026.7498092772
210000,224199.9988512571
3450000,1837387.7795457444
500000,543416.5050041061
350000,364096.06225020153
500000,443097.7752537214
185000,224971.31687314904
460000,460878.9219054737
650000,693647.1805225804
520000,580297.5172716182
1100000,984877.8645043155
210000,321555.1418331038
350000,380417.6858479599
570000,617551.6146763718
800000,759356.7046799094
255000,307072.6671059661
500000,472338.55768500036
190000,185678.37188978193
330000,403922.9936280167
470000,471562.0212294662
370000,419848.7841513018
490000,486086.9261117413
570000,592992.984120103
365000,428762.9210068986
360000,308115.3264968632
650000,580069.126403871
580000,455123.501564847
1790000,2398102.9736824874
600000,598574.9810687397
570000,640683.2758151992
600000,858229.0134755177
160000,225490.54777904743
270000,292309.01600656885
390000,421335.2919918032
550000,502807.361169539
250000,243160.31534375242
730000,770723.819997084
280000,279777.6929953726
800000,1176536.7660706295
420000,386201.3233685282
510000,484157.3991232444
1200000,1013048.89846184
350000,341331.7984417332
820000,705127.2189768464
1200000,1003292.8961802708
400000,335542.33352004783
225000,266670.67325302894
250000,311032.1265154548
870000,1054238.764691094
500000,421265.3068069372
380000,435152.83510066604
1000000,931611.3085281578
220000,282807.9186135754
370000,307971.5877745305
2250000,1417390.8952965704
720000,704843.4039112785
2100000,2658973.313125498
750000,809337.8419477771
1800000,1668135.8368029927
430000,530118.9300905083
3850000,3084584.4068487016
1150000,1190249.0830126086
425000,527470.6256621638
985000,1285852.8563504512
550000,703415.5428528722
580000,556831.2338981954
500000,542140.9081322656
1150000,1124874.6453662885
850000,769062.0387191743
650000,698699.5055131281
830000,779946.0401866091
670000,701323.0379380326
550000,457400.3754607863
1100000,1092147.3301395352
840000,944768.15060251
330000,356909.8769267553
350000,415144.05537734955
450000,392718.7857516856
360000,367851.5247897486
450000,484156.8186687255
2800000,2892347.027884039
685000,647931.222899943
100000,128785.18106787256
155000,195337.5011550761
560000,602530.2124956582
1080000,1431884.3218869267
40000,51914.214922194165
1450000,1199280.575092009
850000,807263.7448941135
245000,254691.93452547755
375000,389444.49020627554
1900000,1530382.3608420643
1320000,1341814.028150628
800000,937161.9356138867
10000000,267889.5504586942
700000,647395.4307392262
2255000,2220976.426993299
2650000,2715117.4170632805
350000,370649.1425816621
1400000,1288072.5021741795
260000,292080.39334545255
380000,370034.51745798637
400000,212733.00065839264
300000,227776.35882863036
830000,971518.4824647673
790000,699004.4624642192
220000,189409.56617156707
620000,566146.1791172145
100000,135496.59818377992
400000,442819.3805452966
590000,670788.5172660598
700000,724866.2525525094
95000,118169.51158222737
270000,328691.7287107952
460000,510591.47831578815
330000,258832.08082403545
615000,511620.9299958546
670000,603334.5774790521
2800000,2802025.961395639
650000,750081.2152606546
300000,358745.6816924863
650000,745365.3735160695
400000,453926.2642056186
225000,280505.254280659
310000,275176.82532549155
475000,380321.22839744267
690000,573974.838075219
685000,678010.252716809
1400000,1472779.7504524298
1900000,1839157.2016502735
1550000,1734723.0245123953
85000,154893.58216011265
680000,715666.5922960899
450000,441974.96189898404
950000,881069.7890488782
650000,618989.0003859807
1850000,1655471.6853614931
440000,561906.3391416745
680000,759171.6396494131
250000,271171.2473491319
590000,644943.1887320328
1240000,1280569.392577995
1850000,1782148.0531427746
400000,379677.60088985984
210000,222386.8622761305
2850000,2688902.0095988023
540000,666904.3444593737
989000,1030330.9635405692
280000,260574.11063468698
800000,868713.4920199779
175000,211095.13316117885
474998,491577.1867462408
310000,292614.23575937725
420000,378386.20067370665
450000,457514.15017529996
750000,771213.7202277046
795000,701894.4213816753
260000,237244.44487740067
720000,800463.8463678973
385000,402780.02858377073
950000,1189557.6302971796
275000,236770.9260377534
800000,902222.3022474903
710000,766612.3765016362
280000,278867.60756255646
490000,634353.1876802677
650000,797050.9559549484
590000,564658.3226225143
110000,130953.20528449956
420000,388272.27419652086
425000,389186.8827030172
670000,657845.1516473399
1600000,1659424.6490551156
400000,390053.2254616702
600000,654249.43054993
5700000,5861082.180101671
1900000,2040100.1377070127
1600000,1642880.2850018481
85000,147551.76235330832
630000,773327.5828271556
2800000,2803642.88540208
375000,403463.23020933644
1170000,1209997.8448680793
830000,835984.8344056233
415000,476104.15395402274
420000,420360.54879069724
430000,414026.5834418944
690000,734332.83552054
300000,289931.71184094343
1300000,1246558.9585923646
1400000,1049753.5806258526
590000,616707.594655979
600000,614724.4048024671
310000,369869.89939958794
650000,589249.328115344
330000,330017.15078531776
275000,257203.16499485163
300000,293278.3562176412
1400000,1298774.5652904944
685000,687563.5107230587
975000,908345.5219636786
400000,345212.6259560951
750000,694518.939211134
1800000,2161644.1715202415
300000,307345.8369049019
1000000,938940.142362699
890000,1181445.123870263
255000,312810.9121092339
350000,306011.1355699082
620000,705776.0627593852
420000,434683.0747029486
1200000,1202145.3974869456
315000,385857.7341896174
270000,263734.34980723704
380000,319497.057664278
1100000,1079961.7338293497
960000,1085124.831195554
750000,765574.2173010923
355000,330367.85456207255
600000,626701.9856091698
200000,235068.20359689774
480000,473255.72884288273
200000,240469.6279929526
530000,594115.6591072684
470000,460044.2137280011
280000,388862.4829236365
450000,579812.8700135709
610000,621795.7457824877
450000,431454.7114776892
350000,390243.96466758946
1550000,1678692.6501745707
1200000,1343315.9686622953
310000,229076.84353588984
390000,346109.87918717746
1250000,1160891.4214991631
780000,803426.8321649897
300000,313112.9254962932
495000,445331.0941857511
1000000,869482.6705612971
355000,365490.11324530555
650000,604169.8740697547
350000,308208.289418678
1075000,1292640.9881482497
470000,624927.2272113251
670000,688263.2945590924
180000,186093.63366460998
650000,649762.8909994737
1490000,1793027.0393638776
400000,435056.74477037514
260000,270298.3404051275
350000,342819.83330179733
470000,485492.34521947
670000,713049.3036457523
460000,503520.46036355064
280000,243742.90579024778
730000,667802.0836876358
660000,845779.5818378555
360000,388759.4748382678
550000,564857.3746915167
1000000,959814.5914479868
270000,370537.7638732122
250000,227760.61851073042
375000,388238.8575963851
330000,396869.22786694125
400000,410819.47613468935
265000,282527.2808183629
700000,677141.3678948849
215000,228330.0533610814
570000,597417.9618115374
510000,535395.7350484553
265000,234601.4355896343
250000,288824.34914119635
220000,235769.96311330848
550000,562042.9470501165
950000,1195429.8357006686
520000,494085.11397992173
430000,568157.9747170745
1150000,1151860.261663812
1250000,645447.2915272994
1050000,1085371.0228912116
370000,284091.61438891775
450000,384842.3989152018
720000,814077.8905869087
1100000,1073884.3846434623
630000,545056.2454991697
320000,371637.8197106198
530000,724231.3001889461
710000,685518.1369822017
380000,395916.43612776673
3750000,4037759.9865760896
3150000,2911726.4937811987
400000,419045.8856602128
430000,333644.22509606887
480000,493581.72906214354
1200000,698944.2091924285
430000,492749.7508770674
475000,583149.2861094815
800000,745590.3276732601
710000,728826.8925330875
560000,636027.9856530369
550000,597171.6978815685
335000,369745.6622301979
330000,321552.105524479
650000,753000.8019744942
890000,871032.0027657072
390000,391872.9936271768
470000,510170.6211641803
1500000,1716957.1859476452
430000,528800.0728439311
2600000,2252093.0258189104
1250000,1441182.739954126
330000,339434.0950225506
250000,138795.96904330503
590000,537405.2264761229
699000,813746.3706075237
290000,310315.81020253466
950000,900343.7542077374
310000,308253.6702634331
1195000,1185725.6596421858
510000,675530.5433905816
1100000,1147837.9644819999
550000,527615.3717673589
715000,744667.1181733304
1450000,1834357.6249254565
950000,1181272.9960213415
790000,813928.8931236104
130000,160061.76856524977
520000,614913.9126309325
260000,271271.6990438244
560000,550553.6678352997
430000,481046.0349971051
450000,360464.2200239076
1480000,1608540.0499465447
850000,1036696.2882916384
1570000,1809681.1062771594
1100000,1229140.593253542
335000,354412.2424197309
385000,362131.2932216555
790000,731039.0015437157
470000,463472.05670734594
250000,299636.9943393536
1100000,1279987.553499737
360000,407578.33374928473
350000,369157.03944070515
330000,393031.30449588975
230000,249853.14784265475
58000,78647.01494818681
1100000,971894.2920703926
375000,420107.5285339034
1550000,1963245.8934719816
560000,602733.1789122007
720000,739219.542755876
650000,459653.51625660056
330000,385466.19789854105
350000,365154.88458519377
620000,556168.76375178
410000,370928.85981178517
900000,783021.4831909119
870000,697869.2194507015
2750000,2799508.763336831
600000,617392.812568534
440000,488390.55758445227
400000,435114.04613241495
1100000,1074285.1814363592
330000,284057.43366458063
330000,339835.03490696225
650000,606543.3553472419
360000,334299.4476721139
500000,450540.31844261655
300000,242263.30729765064
370000,379796.3209596917
780000,801051.5669024363
300000,271335.36198591016
130000,1187722.2921964354
450000,496565.6909365725
330000,317188.601582209
380000,284002.87932043883
530000,512946.013093347
570000,696903.2082620554
1700000,1837404.9931391112
800000,682570.9897045274
390000,413778.4588207676
260000,266024.396907349
295000,286506.8243805456
373000,418831.36374366924
330000,385542.60293222085
250000,277071.94313624216
775000,684145.4638590357
550000,588997.6318460127
680000,689403.5552029248
700000,827540.0160080434
450000,483251.16467437736
240000,228597.51746517947
480000,503600.4263509707
630000,602034.3425648647
265000,272409.60191083635
225000,222341.3002743573
350000,379960.2871193785
500000,494386.1342779946
1000000,1118300.9666025676
520000,567161.0415134918
200000,256805.43097094932
1800000,1991755.0145940876
550000,590762.9869721154
420000,403169.84331649664
370000,357687.6530643492
210000,256402.61117257705
550000,668152.8939640907
120000,149534.301209081
630000,753371.4517160178
550000,589396.8759165885
250000,273008.5718025443
375000,437572.6069138906
470000,511282.26457337115
190000,237240.3629792052
260000,323868.86534577585
125000,144181.66641979106
1385000,1294020.2968728521
300000,236564.19295676795
530000,560149.9221400522
530000,535602.7063242606
290000,259738.9910378806
770000,807978.5040217552
680000,725750.0605194452
127000,137900.1221124733
400000,385891.27689726267
1250000,1193045.8761197936
520000,591070.7055112974
600000,648006.391044283
600000,541269.8524719457
375000,358053.23310546466
1250000,980384.9607652868
2700000,3149739.6029736376
2000000,1669562.3291438003
1670000,1603784.5221720494
600000,632967.3654022047
1400000,1461818.173707243
810000,979013.5209476341
775000,766431.6929206736
660000,699756.96573726
680000,608330.4270265955
474000,351341.31812846503
850000,820877.8814207253
450000,427304.5562178764
360000,354572.21708640025
950000,1108387.6347980492
499000,574635.474722639
550000,525374.6505956458
880000,848686.5659020324
9900000,8931752.115410928
800000,953647.2568342156
300000,2736688.1814968693
2500000,2129930.722041428
1450000,1578965.160034886
260000,212674.89535991338
800000,958746.2511435847
350000,372286.55402196455
615000,649217.0419725088
210000,235900.73131722218
445000,484916.0386204358
205000,280075.86408122856
600000,631858.235730939
475000,444908.9518729959
175000,200968.8918380191
570000,546737.7338824512
665000,650736.9972176793
770000,721727.3996068892
570000,710668.8655214027
500000,808337.2447312231
1150000,1227481.6810616464
750000,684972.3205945182
950000,1061439.8019273104
260000,227387.03161476972
700000,653652.7857841583
160000,208069.65874020042
2800000,3319759.7355554877
600000,517749.70774145296
320000,288680.61424877495
275000,253188.73862967177
1250000,1312134.1323526788
475000,500885.99938621756
640000,714062.7879787205
830000,788991.4982704007
250000,246637.58040548261
220000,225947.6562951018
210000,248649.31692191606
210000,216556.44324367034
480000,435221.26786913926
290000,264210.76523031876
470000,484561.42963987385
1250000,1155042.7740072496
300000,301250.6555956101
1150000,1081193.4425374037
490000,505499.9469246242
550000,562569.4474581114
475000,498012.45337803493
1650000,1603222.4474261112
550000,596452.8894127322
1100000,1253141.3804375664
780000,802371.4002829867
310000,363913.8610271952
680000,783760.4670726731
330000,413924.5348936998
460000,412975.9794436516
520000,573967.0099031522
330000,336482.07397111953
510000,579340.7070672157
670000,637253.7623104622
605000,642542.2846599735
430000,480501.1789637926
650000,715232.4685744476
830000,792751.8586817029
3100000,2661655.293463093
650000,680857.7654167446
650000,752379.8431669846
500000,551346.4815265521
374998,341299.35247678397
500000,437677.461038234
330000,328568.6532703485
240000,246901.75629056367
480000,451051.83252884826
390000,404407.4447894223
690000,602435.4571999534
200000,247354.85304125448
480000,466861.59969923744
270000,364265.3479070411
230000,217549.7291046548
935000,958893.9685269264
999999,757500.5427556362
415000,515602.61203584867
1450000,1516643.6227021448
710000,758308.9207612033
290000,306155.07604669075
700000,671608.2076603953
685000,601283.1090015715
1500000,1637450.8330023938
1700000,1551586.7322908135
450000,439512.7839555977
340000,497094.72695250233
390000,338439.3697645111
230000,249880.84430802692
920000,1008683.3347247902
950000,1208595.9873823554
310000,310945.6452001522
470000,510858.2588721518
750000,836201.9467169393
730000,774302.0010167205
120000,403483.73376067035
820000,943448.4026227972
1250000,1206922.4813598744
550000,569468.1734897679
550000,509159.7565013
350000,383939.056904376
500000,407157.928031621
670000,612871.174648323
520000,523595.3703245098
235000,277829.5950224361
950000,1384454.9905983314
1150000,895051.4920727285
675000,783020.0242859693
600000,594143.6794037819
545000,573752.2354018618
2900000,2749149.0397400437
310000,256046.01688216886
610000,601438.0546426274
1120000,1141676.5824730252
800000,871381.8451482198
460000,470287.0622503868
520000,473679.1989097037
1670000,2077358.188679115
475000,357935.9062511648
625000,683033.2039783751
690000,738833.0752527151
635000,749746.9020430666
840000,701762.1285893542
450000,512031.60373810213
440000,389853.4074155676
300000,276807.4443717248
420000,369319.1332324906
220000,225161.1844114702
340000,322429.00863953255
1200000,1398690.3702783156
600000,748324.9189294097
2300000,2415177.0269000377
330000,312319.8282362027
530000,624865.2360924492
270000,288104.2374792616
370000,477267.2556324778
245000,222854.9729078753
240000,261197.09686664134
300000,260122.41418757825
700000,650178.573676
550000,672078.7808124876
595000,581369.4675559655
680000,644196.7897118445
700000,782323.1603604467
690000,646460.40349962
500000,538198.0328265333
740000,666772.5739006076
750000,668022.9481116001
315000,375332.92215995846
365000,384575.3169075229
575000,696526.7838875784
980000,1080208.2896463673
950000,942533.4623026365
420000,398738.77867285674
760000,614063.2640393557
580000,598961.4794296992
450000,536661.6315928828
1000000,823430.2092025707
1400000,1567708.9903093334
150000,123877.66438176694
1050000,1103529.7667023917
800000,709007.9523361352
520000,508844.44650596153
740000,823680.8147847017
250000,332832.80511009955
695000,711968.9175921542
2600000,2138621.3879729765
900000,854582.3744206717
555000,527112.5264789885
1250000,1151822.9773841635
510000,562250.0254755919
290000,271043.02922236035
840000,781645.2450378614
820000,918132.3631035412
520000,621946.5593781936
410000,389942.6641172943
415000,451955.0040438261
360000,334855.76080111274
330000,525787.0939763135
850000,757386.039384007
850000,869247.1166605024
299998,303141.6799704021
550000,579176.190006864
445000,402315.14227654523
650000,619307.29535152
420000,428926.86825578293
440000,456436.2382476224
520000,656311.6887994817
310000,348185.18924624077
1100000,1159791.75661931
550000,376053.9786972594
950000,870658.2077190912
480000,506728.81430758606
500000,491326.3741670823
470000,522480.7107732396
2100000,2441357.1308449167
620000,705893.2344549273
600000,623545.554995092
185000,210489.35276658967
725000,794068.1525396737
720000,802161.7825057264
1250000,1071465.9967751745
230000,223497.54755433416
390000,391019.8108174113
625000,508694.2401420029
580000,617196.8267756192
1200000,1002663.5926961687
350000,324903.7845845282
490000,489833.27995708334
840000,1105057.0097165443
300000,286118.4715652985
950000,961921.8460134869
950000,1191207.9684299743
680000,741878.3300880627
265000,196932.54962841314
322000,350296.49336741836
222500,154694.13406642378
670000,606773.8834670301
800000,876184.7587606105
690000,655675.9224438987
520000,427221.7531288914
680000,697697.3679158654
500000,527867.5022766339
290000,291979.9150292486
1450000,1426958.0319655428
1200000,951405.1352008572
155000,192410.59922510924
550000,583887.839560672
280000,277917.90031773207
1150000,1031251.9012629036
700000,823351.2746650827
1600000,1660213.7480851207
200000,233815.2060958627
400000,383969.4527875766
380000,398001.9099764944
650000,705708.152420207
725000,722504.8542783014
370000,441701.8005769146
2550000,2526194.6788236313
335000,361143.739200773
760000,757487.4679093764
750000,822927.0970257323
600000,670046.7546550327
670000,700775.4183849324
750000,906129.9521069494
300000,320091.09594202304
425000,416604.7200688044
3500000,3935036.53659172
325000,341673.64963507105
2300000,2547925.8454895215
150000,209812.3170814597
320000,374198.53355655726
180000,175440.97441566558
170000,218646.04780937883
700000,686115.686926895
170000,118225.88325677838
155000,193942.1616612336
1450000,1482182.5207027728
55000,74574.7122744816
810000,788258.833855583
730000,790716.2939688793
155000,114635.25283960128
197000,218424.569399779
415000,407971.2304767149
200000,269760.8086172736
1350000,1561149.3974428512
200000,268436.68737851403
270000,267413.75406206644
790000,836490.1746749613
360000,292362.74245681945
720000,751189.4539205428
220000,213709.85405995618
635000,619699.1355879128
620000,747405.2319652257
210000,290720.3164028712
685000,646375.7673103934
360000,402312.65054696397
820000,777863.9008347618
1000000,1044101.8692250636
580000,595401.96433509
380000,434066.18944872404
370000,372141.1808569439
250000,282858.50203054625
1200000,1026393.8950893682
1520000,1338110.7959350802
900000,1097352.5627593617
700000,808074.0295631065
850000,719813.7999588165
440000,480609.8022582802
485000,391643.44943489664
625000,749746.9020430666
700000,778745.4049909762
420000,441887.9528640193
650000,662628.5431449729
480000,499847.6337632557
9500000,1070494.4667172788
550000,538658.0456098203
1190000,1045969.073383919
1000000,921760.1948108041
880000,863994.5150350877
400000,382423.89001742215
900000,1145765.5639499868
299999,154486.91845969818
650000,624906.7468393137
180000,188672.27030399928
1980000,1560891.0861876078
180000,188785.20736632682
180000,147235.1908951918
250000,338727.758321166
320000,402102.8590483816
650000,509164.36353910156
110000,215784.03915936398
1920000,1829950.2766910512
200000,204024.39587655634
350000,421990.9959389699
280000,221338.1790545307
220000,246503.32753645652
500000,447739.0622506184
850000,903860.5995205357
450000,444373.91854703653
1600000,1766379.715731005
230000,276758.61106332135
1150000,1189504.56830171
2675000,2256743.1087711174
630000,713833.1084311749
485000,476638.38142353913
290000,343810.02793202363
370000,434293.76384730893
275000,270529.29949387826
90000,153015.8224410684
275000,251083.890832609
600000,435624.302996919
750000,757614.8810546084
580000,637249.9808988663
299999,278393.1520444253
1550000,1379009.6072521624
90000,132913.37973344684
220000,168399.31943733894
340000,335816.90665918274
285000,238712.68476507888
2150000,2056364.7307393807
375000,462844.76055438694
675000,672082.993486907
750000,767626.417259282
700000,776251.1681035301
515000,523082.7694047684
520000,528513.8411888183
1300000,1414552.2841511455
480000,509354.7677374706
3650000,3835529.8607987156
250000,245898.5155563748
3990000,4204316.262739973
335000,348701.9684917275
600000,557734.4821537355
800000,727008.0015403663
380000,469916.857607145
1050000,1033198.6181061232
470000,471957.09957132314
400000,451159.3133682699
390000,394839.67802155664
900000,821548.585190119
850000,926646.6412135968
360000,297248.8219842378
400000,364568.8804231942
800000,861153.6407004737
460000,574007.1268356203
580000,578536.7764195828
820000,694377.930547007
345000,366996.065049117
750000,847467.5447997113
900000,775285.1880748603
2550000,2692987.7028060807
90000,127518.62348483384
850000,887077.1334670358
285000,205684.28500940776
550000,496365.3112154784
1800000,1796632.5115350261
4500000,3430774.6647480596
1600000,1584514.702417298
350000,281420.5278399369
400000,347488.0855056198
550000,601483.4695536162
220000,242159.05748757513
780000,735161.543766573
225000,214309.12039888592
730000,704248.5507418626
185000,227640.13605606442
235000,279164.76075732184
195000,203897.5676964114
250000,215256.8660767041
485000,488100.35087099054
2100000,2386291.5726685333
1000000,1026493.039645192
850000,901550.6009615342
750000,763031.8659250563
280000,283778.05401135405
2300000,2452527.050786864
215000,290873.700900405
240000,249386.31013876948
620000,714422.3762807817
700000,713845.4218638423
820000,801121.835278192
620000,640733.388117125
174998,200801.88518941595
270000,203687.25713797804
1650000,1106839.1172532067
800000,754547.8423934899
530000,704747.7169420717
290000,279779.8799195009
950000,993476.7695010798
3700000,3813122.4631486386
570000,599708.5262050538
530000,539120.6239617367
350000,329542.8751834229
5750000,5795489.983136022
300000,353275.5222920524
430000,433984.3375398182
850000,847538.7481191402
430000,432186.5885294511
1600000,2020631.994886171
400000,321422.07600549393
380000,372622.8715054143
935000,952856.0970914433
500000,505062.3803342042
750000,861730.075372416
310000,312046.22362568544
425000,438404.55659115716
780000,869956.7770455864
360000,494027.1791101962
420000,443860.11541090393
370000,399860.116182137
700000,648558.8914637825
1600000,1295346.6281708777
720000,767803.6051645463
375000,336513.34284254233
200000,209873.1606298984
1900000,1926015.9510390025
230000,232737.28263286184
830000,905399.6647233412
1600000,1811730.958269877
1220000,1476756.4971419405
900000,1052536.1385876301
1180000,1264454.0163465785
1080000,1249097.9128385498
430000,454465.5533936695
270000,298811.4055174297
550000,565990.7750159705
1150000,1283007.437804953
295000,322943.7981176668
130000,133336.9369114254
650000,636876.6081302819
859998,792289.3478041532
660000,739364.3913554797
720000,789494.4176378297
750000,812840.5543495626
260000,287009.7699351002
185000,197626.69910298925
1500000,1446245.8726030341
1280000,1363465.8377969102
90000,200764.96873135684
4150000,4714652.755287633
280000,339109.72395400424
970000,1128189.2396536758
75000,51214.9051949871
625000,783030.9624790334
210000,219474.80080279792
300000,290244.6864820497
5100000,4757169.749004736
680000,652231.2562076077
800000,790586.7969862112
1200000,769919.7241335461
850000,762591.321359639
650000,768424.0268001228
1300000,1182780.1533121106
550000,630295.387319991
350000,354572.21708640025
1250000,1167072.1985840264
330000,224045.49288131468
750000,780218.7732131958
900000,1040088.4924223761
500000,511777.7059038859
720000,724474.7353919476
525000,585608.8201651602
300000,340413.7363120325
510000,593157.779388328
400000,432754.56536175206
420000,421395.9300710033
430000,440803.32042889553
450000,603063.7634561502
490000,438561.25288071
240000,243585.44512660766
350000,350008.56646070903
650000,682725.1898668645
450000,475384.01190860715
310000,337601.08310587116
220000,208554.65857631326
1150000,1622637.3724946186
700000,561371.0489709154
1300000,1139467.54146749
1170000,1499146.452753111
575000,585992.5218821556
210000,211199.05643904518
3400000,3314634.465870149
210000,229931.54542284535
1490000,1246481.4835968174
6850000,7078142.0589729035
9950000,6889653.514303113
2950000,2986915.975107088
100000,124027.52157516635
380000,311702.60382147285
450000,305564.3816254829
2550000,2209181.1554457885
5100000,4833711.924741767
480000,475454.1726031075
675000,727933.5598258285
650000,685986.7899579079
200000,287423.5213876208
370000,383358.8394682655
1350000,1394229.8079035357
200000,202004.87184352797
165000,192744.25849955974
1700000,1224557.7831017491
250000,276032.61790153285
275000,357439.63613883295
1750000,1745410.778706877
465000,469032.7259845821
600000,652132.9668215689
550000,592707.395747636
380000,388361.2547995726
570000,572415.4989732677
325000,406913.30624392576
1200000,1092329.6901794304
710000,861644.5238838344
800000,787292.1456113013
650000,656357.731000254
1300000,1194332.8268099246
350000,394062.09082483815
420000,435312.0099289143
450000,473131.1367537598
320000,276029.4603551091
330000,369399.26346054615
915000,946614.5285157729
910000,946614.5285157729
600000,596701.6310035912
460000,398771.05843908025
800000,713803.453947525
1800000,1701109.0155840993
485000,535406.8575310584
380000,316551.2025287044
550000,531898.28304284
430000,410115.60526658286
1500000,1385682.4810433371
325000,315629.882710996
950000,1080386.3186524082
495000,564130.7424693182
580000,548579.1530095919
750000,919490.4915311896
250000,269092.6419331371
580000,520595.61159163
240000,196294.14950108985
210000,227352.02234314135
670000,1193466.74881134
600000,717373.0963236862
550000,610953.6048077729
190000,144168.6855870295
485000,452576.3715775414
300000,333985.42371075
335000,355156.8365058814
1125000,1169558.2374656664
140000,148614.79155697668
2400000,2855987.0044257897
1300000,1199281.4353574805
1100000,1386433.8300232324
620000,565637.0869209307
675000,666316.8267760843
1170000,1140877.5602876658
470000,540244.7762999596
640000,554507.3337919866
590000,666921.2437639174
260000,238453.3395250528
650000,564253.2308253715
550000,546514.8395623547
1800000,1837531.4447694593
430000,415718.5311412801
300000,316524.2730390446
2200000,2533392.1587374164
500000,496741.55988294445
745000,800428.2299906666
590000,542452.5694911281
360000,353296.09519266675
500000,572121.688666583
550000,620129.384723125
600000,563287.5208887097
515000,531203.128381178
650000,689302.282064679
750000,718033.1180699788
2850000,2924739.9432177516
780000,801327.3476996163
320000,294883.4877195652
280000,282826.8251579532
650000,609932.6969225717
185000,186320.9606293872
210000,246611.3442543477
750000,721944.1331015758
240000,250618.0042076294
320000,326002.79725962447
800000,769176.294572762
1460000,1351214.4367788685
220000,173535.184100353
300000,886256.4197346075
230000,197581.77686780822
320000,344084.85244946636
490000,469964.97848011536
550000,543146.9345457632
590000,593257.931742035
260000,245134.58866567674
1700000,1499010.438360127
3750000,4768992.728459214
250000,263330.51077364443
990000,813696.3022495371
365000,476829.5256615919
425000,419332.18076413486
330000,353243.0269813869
2700000,2097726.1616087756
610000,715063.3744765468
500000,548036.2968651021
600000,686629.7886540531
720000,739169.5684653159
780000,822517.8906647413
350000,343231.2234148917
200000,199439.8622253706
850000,1070211.110898699
500000,478753.9073491046
2800000,2951868.3194668386
450000,448174.8011739933
750000,856974.3500616741
555000,579050.2538114885
770000,836442.1514783016
500000,649817.0278255992
530000,519898.44739895256
530000,606480.5893642632
380000,386563.82107440796
710000,847120.7873271634
1200000,955902.6334372695
420000,440749.45286457025
1150000,1207485.6322810773
430000,393000.6497139456
260000,266074.664202014
1799999,1803921.5441448211
880000,930032.94338999
245000,204282.4330051719
980000,1195229.6217079237
749000,753006.6178265377
1300000,1456459.7903875639
650000,702934.8233008159
495000,700375.6969819564
1250000,1165512.2690434495
365000,401320.5321986844
270000,234134.36884796413
650000,653175.4861157455
165000,240520.7699464851
495000,502566.74274128914
450000,467013.3069058366
480000,560748.4565800007
700000,708600.1927522472
250000,271765.90323767764
1888888,1917359.0552988988
580000,722583.2212750646
700000,654215.6311039617
1100000,1277568.1841423062
380000,337999.41463607585
520000,529399.8267073978
650000,625228.1952414834
650000,707006.0410666328
950000,1033118.5256913312
550000,677470.6712415176
650000,754993.9725360121
1500000,1620812.1877524145
535000,573144.7896076074
210000,242445.23544769693
550000,667264.3406865745
780000,897076.3837481668
1010000,1062890.5436380568
750000,973927.3432506047
194999,232751.96346242647
1150000,1331149.3177627516
440000,433992.0227280572
190000,248059.94918797136
750000,760971.8356115317
610000,629572.9079019368
1600000,1680079.0469934247
209999,272657.786300884
7100000,6214410.967376741
425000,324527.9536887237
550000,605296.2014427481
360000,395542.6696421345
650000,589072.3154555894
420000,476594.0538819157
360000,400611.2575035883
440000,438238.7824879056
670000,715319.4347935953
500000,447853.14704217366
330000,531486.2238182579
230000,230779.4365702428
215000,189490.95372262836
1200000,1190878.0344246512
1350000,1370831.367488156
540000,587498.3507324153
775000,815689.2119880614
650000,722113.2795232777
280000,322129.20032778516
410000,443808.04466476967
1100000,1020967.5601433995
730000,736923.4029750952
1050000,1029952.8749783419
900000,823429.3696041374
345000,324093.20014228614
295000,299805.1802255864
450000,450556.23398601497
900000,712391.0101929066
1150000,1192924.960210562
800000,740733.6937048284
1350000,1380268.0789131299
520000,573337.2359253665
600000,575462.2941892548
450000,408936.22613147064
3600000,3572114.534359856
460000,417318.55490715726
750000,826535.4446012817
2750000,3298343.0674079903
630000,583134.9833686664
2100000,2618012.805710029
900000,825719.5318620268
600000,560215.5437846505
4350000,4789647.096180615
610000,631218.1503007705
600000,702431.6621531991
580000,593433.2409064769
320000,336901.08175432304
290000,380193.68659278034
250000,288016.72659597005
2950000,3109936.1531845136
1250000,1209914.7333365008
750000,681266.8469042594
225000,265201.4324616332
230000,233341.78469492443
160000,190809.12494862766
2750000,2699602.956693958
230000,259839.76777836733
240000,172710.91308470094
215000,232580.43377578413
2000000,1643531.5960475607
1100000,1109707.466308815
720000,746808.9383493119
180000,172075.6007622215
550000,586070.7915339713
200000,242424.0730720405
950000,953921.9013241292
160000,165699.8774522947
200000,255795.957194583
175000,151560.8975043399
480000,463159.42981918127
1850000,2326231.3760724957
2800000,3279964.1457421146
975000,947566.3174143828
790000,853757.815184307
970000,1141616.045020346
325000,318279.4515069561
1590000,1625585.63114402
970000,1390080.4941359872
780000,785112.362464101
8000000,6060144.403021628
830000,802790.6760589103
1535200,1647466.921592995
1110000,1203618.3921308974
848400,1058362.7760520023
1323100,1364569.652767142
1313000,1433202.3282749718
858000,972941.9275400909
757500,776002.9223937138
777700,752243.2533471382
1358450,1566880.449523559
989800,1305163.3033656098
1020100,1048356.7180552011
1368550,1346731.1075734082
7000000,7351701.346916657
1480000,1612129.9092599293
1650000,2045577.6957090788
730000,669031.4431556362
1250000,1432798.492413799
2510000,2855320.8143883734
1460000,1380044.159464017
450000,406776.04506397113
2300000,2243808.187848627
420000,450739.7083455342
950000,815276.1814141797
1500000,1701549.7967650574
690000,654957.8360284091
1200000,1416312.6581724647
5750000,5689182.783311966
3100000,3249868.872804709
4350000,4416023.050492173
5450000,4987690.959996205
4300000,3808304.8578965277
3100000,2588946.2907146043
5300000,5692774.626647225
5600000,4987690.959996205
4200000,4246244.606948223
5750000,5571577.280623475
3800000,4011026.962507286
480000,461289.3637121146
385000,428561.53440240974
2850000,2541024.3220293447
