make,model,model_family,year,transmission,fuel,engine_cc,horsepower,body_type,drivetrain,seating_capacity,brand_origin,car_segment
BYD,F3,F3,2024,Manual,petrol,1500,109,Sedan,FWD,5,chinese,family
BYD,F3,F3,2025,Manual,petrol,1500,109,Sedan,FWD,5,chinese,family
Subaru,Impreza,Impreza,2009,Manual,petrol,1498,107,Sedan,AWD,5,japanese,family
Peugeot,206,206,2002,Manual,petrol,1400,75,Hatchback,FWD,5,european,city
Peugeot,405,405,1996,Manual,petrol,1600,90,Sedan,FWD,5,european,family
Mercedes,C200,C-Class,2020,Manual,petrol,1500,197,Sedan,RWD,5,european,executive
Changan,Benni,Benni,2009,Manual,petrol,1301,86,Hatchback,FWD,5,chinese,city
Fiat,131,131,1981,Manual,petrol,1300,65,Sedan,RWD,5,european,family
Daewoo,Lanos,Lanos,1999,Manual,petrol,1500,86,Sedan,FWD,5,korean,city
Skoda,Octavia,Octavia,1998,Manual,petrol,1500,150,Sedan,FWD,5,european,family
Peugeot,405,405,1998,Manual,petrol,1600,90,Sedan,FWD,5,european,family
Hyundai,Verna,Verna,2019,Manual,petrol,1600,123,Sedan,FWD,5,korean,city
Suzuki,Alto,Alto,2022,Manual,petrol,1000,67,Hatchback,FWD,5,japanese,city
Suzuki,Alto,Alto,2019,Manual,petrol,1000,67,Hatchback,FWD,5,japanese,city
Renault,Logan,Logan,2013,Manual,petrol,1600,84,Sedan,FWD,5,european,family
Geely,Emgrand,Emgrand,2013,Manual,petrol,1500,107,Sedan,FWD,5,chinese,family
Opel,Corsa,Corsa,2005,Manual,petrol,1200,75,Hatchback,FWD,5,european,city
Daewoo,Nubira,Nubira,2002,Manual,petrol,1600,100,Sedan,FWD,5,korean,family
Chevrolet,Lanos,Lanos,2011,Manual,petrol,1500,86,Sedan,FWD,5,american,city
Opel,Corsa,Corsa,1994,Manual,petrol,1200,75,Hatchback,FWD,5,european,city
Peugeot,301,301,2015,Manual,petrol,1200,82,Sedan,FWD,5,european,family
Chery,Arrizo 5 Pro,Arrizo 5,2022,Manual,petrol,1500,147,Sedan,FWD,5,chinese,family
Renault,Logan,Logan,2016,Manual,petrol,1600,84,Sedan,FWD,5,european,family
Hyundai,Verna,Verna,2011,Manual,petrol,1600,123,Sedan,FWD,5,korean,city
BYD,F3,F3,2021,Manual,petrol,1500,109,Sedan,FWD,5,chinese,family
Renault,Megane,Megane,1999,Manual,petrol,1500,115,Hatchback,FWD,5,european,family
Fiat,128,128,1977,Manual,petrol,1100,55,Hatchback,FWD,5,european,city
Renault,Megane,Megane,2000,Manual,petrol,1500,115,Hatchback,FWD,5,european,family
Opel,Vectra,Vectra,1995,Manual,petrol,1800,122,Sedan,FWD,5,european,executive
Renault,Logan,Logan,2017,Manual,petrol,1600,84,Sedan,FWD,5,european,family
Chevrolet,Lanos,Lanos,2010,Manual,petrol,1500,86,Sedan,FWD,5,american,city
Fiat,128,128,1979,Manual,petrol,1100,55,Hatchback,FWD,5,european,city
Fiat,Shahin,Shahin,2008,Manual,petrol,1400,80,Hatchback,FWD,5,european,city
Volkswagen,Pointer,Pointer,2004,Manual,petrol,1400,130,Sedan,FWD,5,european,family
MG,HS,HS,2025,Automatic,petrol,1500,162,SUV,FWD,5,chinese,suv
Suzuki,Ertiga,Ertiga,2015,Automatic,petrol,1500,105,MPV,FWD,7,japanese,mpv
Kia,Carnival MPV,Carnival,2001,Automatic,petrol,2200,202,MPV,FWD,8,korean,mpv
Ford,Fusion,Fusion,2018,Automatic,petrol,1600,125,Sedan,FWD,5,american,family
Opel,Vectra,Vectra,2008,Automatic,petrol,1800,122,Sedan,FWD,5,european,executive
Ford,Kuga,Kuga,2015,Automatic,petrol,1600,125,Sedan,FWD,5,american,family
Hyundai,Getz,Getz,2008,Automatic,petrol,1400,97,Hatchback,FWD,5,korean,city
Hyundai,Tucson,Tucson,2020,Automatic,petrol,1600,177,SUV,FWD,5,korean,suv
Kia,Cerato,Cerato,2021,Automatic,petrol,1600,123,Sedan,FWD,5,korean,family
Hyundai,Creta,Creta,2016,Automatic,petrol,1500,115,SUV,FWD,5,korean,crossover
Hyundai,Accent,Accent,2008,Automatic,petrol,1600,123,Sedan,FWD,5,korean,city
Opel,Astra,Astra,2014,Automatic,petrol,1400,150,Hatchback,FWD,5,european,family
Renault,Sandero,Sandero,2016,Automatic,petrol,1600,84,Hatchback,FWD,5,european,city
BMW,740,7 Series,2017,Automatic,petrol,3000,340,Sedan,RWD,5,european,luxury
Mercedes,E200,E-Class,2023,Automatic,petrol,2000,184,Sedan,RWD,5,european,executive
BMW,525,5 Series,2010,Automatic,petrol,2500,218,Sedan,RWD,5,european,executive
Hyundai,Tucson,Tucson,2012,Automatic,petrol,1600,177,SUV,FWD,5,korean,suv
Mercedes,E280,E-Class,2008,Automatic,petrol,3000,231,Sedan,RWD,5,european,executive
Daewoo,Nubira,Nubira,2006,Automatic,cng,1600,100,Sedan,FWD,5,korean,family
Renault,Megane,Megane,2000,Automatic,petrol,1500,115,Hatchback,FWD,5,european,family
Mercedes,E180,E-Class,2016,Automatic,petrol,1600,156,Sedan,RWD,5,european,executive
Peugeot,308 SW,308 SW,2008,Automatic,petrol,1400,95,Sedan,FWD,5,european,family
Mercedes,A200,A-Class,2020,Automatic,petrol,1400,163,Hatchback,FWD,5,european,executive
Porsche,Cayenne,Cayenne,2016,Automatic,petrol,3000,340,SUV,AWD,5,european,luxury_suv
Kia,Cerato,Cerato,2022,Automatic,petrol,1600,123,Sedan,FWD,5,korean,family
Mercedes,E300,E-Class,2020,Automatic,petrol,2000,272,Sedan,RWD,5,european,executive
Skoda,Octavia,Octavia,1998,Automatic,petrol,1500,150,Sedan,FWD,5,european,family
Audi,Q8,Q8,2022,Automatic,petrol,3000,340,SUV,AWD,5,european,luxury_suv
Skoda,Octavia,Octavia,2003,Automatic,petrol,1500,150,Sedan,FWD,5,european,family
Hyundai,Tucson,Tucson,1996,Automatic,petrol,1600,177,SUV,FWD,5,korean,suv
Brilliance,Galena,Galena,2008,Automatic,petrol,1500,150,SUV,FWD,5,chinese,suv
Nissan,Sunny,Sunny,2007,Automatic,petrol,1600,110,Sedan,FWD,5,japanese,family
Mazda,323,323,2007,Automatic,petrol,1600,98,Sedan,FWD,5,japanese,family
BMW,316,3 Series,2013,Automatic,petrol,1600,116,Sedan,RWD,5,european,executive
Porsche,Cayenne,Cayenne,2020,Automatic,petrol,3000,340,SUV,AWD,5,european,luxury_suv
Skoda,Octavia,Octavia,2021,Automatic,petrol,1500,150,Sedan,FWD,5,european,family
Citroën,Grand C4 Spacetourer,Grand C4 Spacetourer,2021,Automatic,petrol,1200,130,MPV,FWD,7,european,mpv
Fiat,Tipo,Tipo,2021,Automatic,petrol,1600,110,Sedan,FWD,5,european,family
Mercedes,200,200,2021,Automatic,petrol,2000,136,Sedan,RWD,5,european,executive
Mercedes,AMG,AMG,2025,Automatic,petrol,4000,510,Sedan,AWD,5,european,sport
Toyota,Corolla,Corolla,2015,Automatic,petrol,1600,122,Sedan,FWD,5,japanese,family
Proton,Gen-2,Gen-2,2016,Automatic,petrol,1600,110,Hatchback,FWD,5,other,family
Chevrolet,Optra,Optra,2006,Automatic,petrol,1600,109,Sedan,FWD,5,american,family
Renault,Logan,Logan,2014,Automatic,petrol,1600,84,Sedan,FWD,5,european,family
Geely,Emgrand X7,Emgrand X7,2015,Automatic,petrol,2400,137,SUV,FWD,7,chinese,suv
Nissan,Qashqai,Qashqai,2020,Automatic,petrol,1500,163,SUV,FWD,5,japanese,suv
Peugeot,407,407,2008,Automatic,petrol,1400,95,Sedan,FWD,5,european,family
Nissan,Bluebird,Bluebird,2019,Automatic,petrol,1600,103,Sedan,FWD,5,japanese,family
Audi,A4,A4,2012,Automatic,petrol,2000,190,Sedan,AWD,5,european,executive
Peugeot,301,301,2021,Automatic,petrol,1200,82,Sedan,FWD,5,european,family
Mercedes,C180,C-Class,2020,Automatic,petrol,1600,156,Sedan,RWD,5,european,executive
Kia,Rio,Rio,2014,Automatic,petrol,1400,100,Sedan,FWD,5,korean,city
Skoda,Octavia,Octavia,2024,Automatic,petrol,1395,150,Sedan,FWD,5,european,family
Jeep,Cherokee,Cherokee,2018,Automatic,petrol,2400,184,SUV,4WD,5,american,suv
Peugeot,405,405,1997,Automatic,petrol,1600,90,Sedan,FWD,5,european,family
Mercedes,GLC200,GLC,2020,Automatic,petrol,1500,197,SUV,4WD,5,european,luxury_suv
Hyundai,Tucson,Tucson,2021,Automatic,petrol,1600,177,SUV,FWD,5,korean,suv
Hyundai,Tucson,Tucson,2022,Automatic,petrol,1600,177,SUV,FWD,5,korean,suv
Geely,Emgrand,Emgrand,2019,Automatic,petrol,1500,107,Sedan,FWD,5,chinese,family
Chevrolet,Aveo,Aveo,2016,Automatic,petrol,1400,100,Sedan,FWD,5,american,city
Toyota,Land Cruiser,Land Cruiser,2019,Automatic,petrol,4000,271,SUV,4WD,8,japanese,luxury_suv
Lada,Granta,Granta,2020,Automatic,petrol,1600,87,Sedan,FWD,5,other,city
Renault,Logan,Logan,2018,Automatic,petrol,1600,84,Sedan,FWD,5,european,family
Brilliance,Galena,Galena,2007,Automatic,cng,1500,150,SUV,FWD,5,chinese,suv
Mercedes,S500,S-Class,2017,Automatic,petrol,4700,435,Sedan,RWD,5,european,luxury
BMW,316,3 Series,2010,Automatic,petrol,1600,116,Sedan,RWD,5,european,executive
Chevrolet,Aveo,Aveo,2015,Automatic,petrol,1400,100,Sedan,FWD,5,american,city
Seat,Tarraco,Tarraco,2019,Automatic,petrol,1500,150,SUV,FWD,7,european,suv
Speranza,A620,A620,2007,Automatic,petrol,2000,145,Sedan,FWD,5,chinese,family
Mercedes,350,350,2018,Automatic,hybrid,3500,272,Sedan,RWD,5,european,executive
Hyundai,Verna,Verna,2011,Automatic,petrol,1600,123,Sedan,FWD,5,korean,city
Mercedes,C180,C-Class,2023,Automatic,petrol,1600,156,Sedan,RWD,5,european,executive
Kia,Picanto,Picanto,2015,Automatic,petrol,1000,67,Hatchback,FWD,5,korean,city
BMW,320i,3 Series,2026,Automatic,petrol,2000,184,Sedan,RWD,5,european,executive
Volkswagen,Golf,Golf,2014,Automatic,petrol,1400,150,Hatchback,FWD,5,european,family
Mini,Paceman,Paceman,2010,Automatic,petrol,1500,136,Hatchback,FWD,4,european,city
Mercedes,C180,C-Class,2025,Automatic,petrol,1600,156,Sedan,RWD,5,european,executive
BMW,320i,3 Series,2023,Automatic,petrol,2000,184,Sedan,RWD,5,european,executive
Mitsubishi,Lancer,Lancer,2015,Automatic,petrol,1600,113,Sedan,FWD,5,japanese,family
Ford,Bronco Raptor,Bronco Raptor,2017,Automatic,petrol,3000,418,SUV,4WD,5,american,suv
Chevrolet,Optra,Optra,2022,Automatic,petrol,1600,109,Sedan,FWD,5,american,family
Geely,Pandino,Pandino,2013,Automatic,petrol,1500,110,Sedan,FWD,5,chinese,family
Mercedes,C180,C-Class,2017,Automatic,petrol,1600,156,Sedan,RWD,5,european,executive
Chevrolet,Optra,Optra,2018,Automatic,petrol,1600,109,Sedan,FWD,5,american,family
Mercedes,E200,E-Class,2020,Automatic,petrol,2000,184,Sedan,RWD,5,european,executive
Renault,Sandero Stepway,Sandero,2002,Automatic,petrol,1600,115,Hatchback,FWD,5,european,crossover
Volkswagen,Passat,Passat,2021,Automatic,petrol,1800,150,Sedan,FWD,5,european,executive
Mercedes,C180,C-Class,2013,Automatic,petrol,1600,156,Sedan,RWD,5,european,executive
Ford,Focus,Focus,2014,Automatic,petrol,1500,150,Hatchback,FWD,5,american,family
Kia,Rio,Rio,2013,Automatic,petrol,1400,100,Sedan,FWD,5,korean,city
Opel,Grandland,Grandland,2020,Automatic,petrol,1200,130,SUV,FWD,5,european,suv
Peugeot,307,307,2005,Automatic,petrol,1400,95,Sedan,FWD,5,european,family
Toyota,Echo,Echo,2019,Automatic,petrol,1300,86,Sedan,FWD,5,american,city
Peugeot,5008,5008,2017,Automatic,petrol,1200,130,SUV,FWD,7,european,suv
BMW,X1,X1,2018,Automatic,petrol,1500,136,Crossover,FWD,5,european,luxury_suv
Nissan,Sentra,Sentra,2026,Automatic,petrol,1600,122,Sedan,FWD,5,japanese,family
Mercedes,C180,C-Class,2011,Automatic,petrol,1600,156,Sedan,RWD,5,european,executive
Mercedes,E200,E-Class,1984,Automatic,petrol,2000,184,Sedan,RWD,5,european,executive
Chevrolet,Cruze,Cruze,2015,Automatic,petrol,1600,124,Sedan,FWD,5,american,family
Nissan,Sentra,Sentra,2021,Automatic,petrol,1600,122,Sedan,FWD,5,japanese,family
Mercedes,C280,C280,2008,Automatic,petrol,3000,231,Sedan,RWD,5,european,executive
Daewoo,Nubira,Nubira,1997,Automatic,petrol,1600,100,Sedan,FWD,5,korean,family
Volkswagen,Transporter,Transporter,2000,Automatic,petrol,1400,130,Van,FWD,8,european,van
Mercedes,C200,C-Class,2023,Automatic,petrol,1500,184,Sedan,RWD,5,european,executive
Renault,Megane,Megane,2009,Automatic,petrol,1500,115,Hatchback,FWD,5,european,family
Chevrolet,Aveo,Aveo,2020,Automatic,petrol,1400,100,Sedan,FWD,5,american,city
BMW,320i,3 Series,2018,Automatic,petrol,2000,184,Sedan,RWD,5,european,executive
Jeep,Wrangler,Wrangler,2015,Automatic,petrol,2000,268,SUV,4WD,5,american,suv
Toyota,Corolla,Corolla,2018,Automatic,petrol,1600,122,Sedan,FWD,5,japanese,family
Mercedes,GLC300,GLC,2020,Automatic,petrol,2000,258,SUV,4WD,5,european,luxury_suv
Mazda,3,3,2016,Automatic,petrol,1500,120,Sedan,FWD,5,japanese,family
Toyota,Corolla,Corolla,2010,Automatic,petrol,1600,122,Sedan,FWD,5,japanese,family
Peugeot,307,307,2006,Automatic,petrol,1400,95,Sedan,FWD,5,european,family
Speranza,Tiggo,Tiggo,2009,Automatic,petrol,1300,70,Hatchback,FWD,5,chinese,city
Audi,A6,A6,2022,Automatic,petrol,2000,190,Sedan,AWD,5,european,luxury
BMW,X6,X6,2024,Automatic,petrol,3000,340,SUV,AWD,5,european,luxury_suv
Opel,Astra,Astra,2021,Automatic,petrol,1400,150,Hatchback,FWD,5,european,family
Seat,Ibiza,Ibiza,2010,Automatic,petrol,1000,95,Hatchback,FWD,5,european,city
Mercedes,E200,E-Class,2024,Automatic,petrol,2000,184,Sedan,RWD,5,european,executive
Toyota,Corolla,Corolla,2019,Automatic,petrol,1600,122,Sedan,FWD,5,japanese,family
Renault,Clio,Clio,2006,Automatic,petrol,1000,90,Hatchback,FWD,5,european,city
Renault,Megane,Megane,2022,Automatic,petrol,1500,115,Hatchback,FWD,5,european,family
Proton,Gen-2,Gen-2,2014,Automatic,petrol,1600,110,Hatchback,FWD,5,other,family
Hyundai,Elantra,Elantra,1994,Automatic,petrol,1600,128,Sedan,FWD,5,korean,family
Peugeot,406,406,2004,Automatic,petrol,1400,95,Sedan,FWD,5,european,family
Skoda,Kodiaq,Kodiaq,2021,Automatic,petrol,2000,190,SUV,AWD,7,european,suv
Citroën,C3 Aircross,C3 Aircross,2022,Automatic,petrol,1200,110,Crossover,FWD,5,european,crossover
Nissan,Sunny,Sunny,2021,Automatic,petrol,1600,110,Sedan,FWD,5,japanese,family
Opel,Vectra,Vectra,1996,Automatic,petrol,1800,122,Sedan,FWD,5,european,executive
Mercedes,E180,E-Class,2019,Automatic,petrol,1600,156,Sedan,RWD,5,european,executive
Peugeot,307 SW,307 SW,2006,Automatic,petrol,1400,95,Sedan,FWD,5,european,family
Mercedes,C200,C-Class,2013,Automatic,petrol,1500,184,Sedan,RWD,5,european,executive
Renault,Logan,Logan,2017,Automatic,petrol,1600,84,Sedan,FWD,5,european,family
Changan,Benni,Benni,2017,Automatic,petrol,1500,136,Hatchback,FWD,4,european,city
Volvo,XC40,XC40,2020,Automatic,petrol,1500,163,Crossover,FWD,5,european,luxury_suv
Nissan,Sentra,Sentra,2019,Automatic,petrol,1600,122,Sedan,FWD,5,japanese,family
Kia,Carnival MPV,Carnival,2016,Automatic,petrol,2200,202,MPV,FWD,8,korean,mpv
Skoda,Kodiaq,Kodiaq,2020,Automatic,petrol,2000,190,SUV,AWD,7,european,suv
Jetour,X70 Plus,X70 Plus,2025,Automatic,petrol,1500,181,SUV,FWD,7,chinese,suv
BMW,X3,X3,2013,Automatic,petrol,2000,184,SUV,AWD,5,european,luxury_suv
Mercedes,C180,C-Class,2019,Automatic,petrol,1600,156,Sedan,RWD,5,european,executive
Seat,Tarraco,Tarraco,2003,Automatic,petrol,1500,150,SUV,FWD,7,european,suv
Skoda,Octavia Combi,Octavia,2011,Automatic,petrol,1500,150,Sedan,FWD,5,european,family
Renault,Sandero,Sandero,2019,Automatic,petrol,1600,84,Hatchback,FWD,5,european,city
Seat,Toledo,Toledo,2000,Automatic,petrol,1600,105,Sedan,FWD,5,european,family
Volkswagen,Transporter,Transporter,2024,Automatic,hybrid,1400,130,Van,FWD,8,european,van
Hyundai,Accent,Accent,2010,Automatic,petrol,1600,123,Sedan,FWD,5,korean,city
Kia,Sportage,Sportage,2018,Automatic,petrol,1600,177,SUV,FWD,5,korean,suv
Hyundai,Tucson,Tucson,2022,Automatic,hybrid,1600,177,SUV,FWD,5,korean,suv
Mini,Countryman S,Countryman,2018,Automatic,petrol,2000,178,Crossover,AWD,5,european,crossover
Suzuki,Grand Vitara,Grand Vitara,2021,Automatic,petrol,2400,163,SUV,4WD,5,japanese,suv
Mercedes,E200,E-Class,2021,Automatic,petrol,2000,184,Sedan,RWD,5,european,executive
Mini,Cooper,Cooper,2021,Automatic,petrol,1500,136,Hatchback,FWD,4,european,city
Honda,Civic,Civic,2019,Automatic,petrol,1500,182,Sedan,FWD,5,japanese,family
BMW,X1,X1,2017,Automatic,petrol,1500,136,Crossover,FWD,5,european,luxury_suv
Renault,Duster,Duster,2018,Automatic,petrol,1600,114,Crossover,FWD,5,european,crossover
Hyundai,Verna,Verna,2014,Automatic,hybrid,1600,123,Sedan,FWD,5,korean,city
Mercedes,C180,C-Class,2022,Automatic,petrol,1600,156,Sedan,RWD,5,european,executive
Porsche,Cayman,Cayman,2020,Automatic,petrol,2500,300,Coupe,RWD,2,european,sport
Opel,Insignia,Insignia,2018,Automatic,petrol,1500,165,Sedan,FWD,5,european,executive
Brilliance,Galena,Galena,2012,Automatic,petrol,1500,150,SUV,FWD,5,chinese,suv
Peugeot,5008,5008,2020,Automatic,petrol,1200,130,SUV,FWD,7,european,suv
BMW,X1,X1,2014,Automatic,petrol,1500,136,Crossover,FWD,5,european,luxury_suv
Mercedes,A200,A-Class,2022,Automatic,petrol,1400,163,Hatchback,FWD,5,european,executive
Daewoo,Lacetti,Lacetti,2007,Automatic,petrol,1600,109,Sedan,FWD,5,korean,family
BMW,318i,3 Series,2017,Automatic,petrol,2000,136,Sedan,RWD,5,european,executive
Volkswagen,Passat,Passat,1998,Automatic,petrol,1800,150,Sedan,FWD,5,european,executive
Mercedes,E300,E-Class,2021,Automatic,petrol,2000,272,Sedan,RWD,5,european,executive
BMW,520i,5 Series,2015,Automatic,petrol,2000,184,Sedan,RWD,5,european,executive
Volkswagen,Golf,Golf,2015,Automatic,hybrid,1400,150,Hatchback,FWD,5,european,family
Mercedes,E200,E-Class,2015,Automatic,petrol,2000,184,Sedan,RWD,5,european,executive
Mercedes,C180,C-Class,2024,Automatic,petrol,1600,156,Sedan,RWD,5,european,executive
Soueast,S06,S06,2026,Automatic,petrol,1500,147,SUV,FWD,5,chinese,suv
Opel,Astra,Astra,2019,Automatic,petrol,1400,150,Hatchback,FWD,5,european,family
Geely,Emgrand,Emgrand,2015,Automatic,petrol,1500,107,Sedan,FWD,5,chinese,family
BMW,X1,X1,2020,Automatic,petrol,1500,136,Crossover,FWD,5,european,luxury_suv
Mercedes,C180,C-Class,1995,Automatic,petrol,1600,156,Sedan,RWD,5,european,executive
Renault,Fluence,Fluence,2014,Automatic,petrol,1600,100,Sedan,FWD,5,european,family
Volkswagen,Passat,Passat,2012,Automatic,petrol,1800,150,Sedan,FWD,5,european,executive
JAC,S3,S3,2015,Automatic,petrol,1500,113,Crossover,FWD,5,chinese,crossover
Mitsubishi,Lancer,Lancer,2007,Automatic,petrol,1600,113,Sedan,FWD,5,japanese,family
Hyundai,Matrix,Matrix,2006,Automatic,petrol,1600,120,MPV,FWD,5,korean,mpv
Audi,A3,A3,2024,Automatic,petrol,1500,150,Sedan,FWD,5,european,executive
Hyundai,Matrix,Matrix,2010,Automatic,petrol,1600,120,MPV,FWD,5,korean,mpv
Mercedes,B180,B-Class,2021,Automatic,petrol,1600,122,MPV,FWD,5,european,executive
Brilliance,FSV,FSV,2013,Automatic,petrol,1600,116,Sedan,FWD,5,chinese,family
Skoda,Kodiaq,Kodiaq,2019,Automatic,petrol,2000,190,SUV,AWD,7,european,suv
Ford,Focus,Focus,2008,Automatic,petrol,1500,150,Hatchback,FWD,5,american,family
BMW,X3,X3,2010,Automatic,petrol,2000,184,SUV,AWD,5,european,luxury_suv
BMW,520i,5 Series,2025,Automatic,petrol,2000,184,Sedan,RWD,5,european,executive
Kia,Sportage,Sportage,2020,Automatic,petrol,1600,177,SUV,FWD,5,korean,suv
Kia,Cerato,Cerato,2017,Automatic,petrol,1600,123,Sedan,FWD,5,korean,family
Mercedes,GLK300,GLK300,2010,Automatic,petrol,1600,156,SUV,RWD,5,european,luxury_suv
Skoda,Octavia,Octavia,2012,Automatic,petrol,1500,150,Sedan,FWD,5,european,family
Chevrolet,Optra,Optra,2021,Automatic,petrol,1600,109,Sedan,FWD,5,american,family
Kia,Carnival MPV,Carnival,2003,Automatic,petrol,2200,202,MPV,FWD,8,korean,mpv
Renault,Megane,Megane,2018,Automatic,petrol,1500,115,Hatchback,FWD,5,european,family
Geely,Emgrand X7,Emgrand X7,2013,Automatic,petrol,2400,137,SUV,FWD,7,chinese,suv
Mercedes,E250,E-Class,2011,Automatic,petrol,1800,204,Sedan,RWD,5,european,executive
Jeep,Grand Cherokee,Grand Cherokee,1997,Automatic,petrol,3600,293,SUV,4WD,5,american,luxury_suv
Mitsubishi,Lancer,Lancer,1991,Automatic,petrol,1600,113,Sedan,FWD,5,japanese,family
Nissan,Juke,Juke,2021,Automatic,petrol,1000,117,Crossover,FWD,5,japanese,crossover
Kia,Carnival MPV,Carnival,2010,Automatic,petrol,2200,202,MPV,FWD,8,korean,mpv
Tesla,Model Y,Model Y,2021,Automatic,electric,0,283,SUV,RWD,5,american,suv
Hyundai,Matrix,Matrix,2005,Automatic,petrol,1600,120,MPV,FWD,5,korean,mpv
Land Rover,Range Rover Velar,Range Rover,2022,Automatic,petrol,2000,247,SUV,AWD,5,european,luxury_suv
Hyundai,Tucson,Tucson,2007,Automatic,petrol,1600,177,SUV,FWD,5,korean,suv
Volvo,XC60,XC60,2013,Automatic,petrol,2000,250,SUV,AWD,5,european,luxury_suv
Mercedes,GLA200,GLA,2025,Automatic,petrol,1400,163,Crossover,FWD,5,european,luxury_suv
Kia,Rio,Rio,2016,Automatic,petrol,1400,100,Sedan,FWD,5,korean,city
BMW,218i,2 Series,2016,Automatic,petrol,1500,136,Coupe,FWD,4,european,executive
Chevrolet,Cruze,Cruze,2010,Automatic,petrol,1600,124,Sedan,FWD,5,american,family
Chevrolet,Cruze,Cruze,2016,Automatic,petrol,1600,124,Sedan,FWD,5,american,family
Hyundai,Elantra,Elantra,2021,Automatic,petrol,1600,128,Sedan,FWD,5,korean,family
Kia,Sorento,Sorento,2023,Automatic,hybrid,2400,173,SUV,AWD,7,korean,suv
Porsche,Macan,Macan,2024,Automatic,petrol,2000,265,Crossover,AWD,5,european,luxury_suv
Renault,Megane,Megane,2004,Automatic,petrol,1500,115,Hatchback,FWD,5,european,family
BYD,Tang L,Tang L,2024,Automatic,electric,0,200,Sedan,FWD,5,chinese,family
Mercedes,E250,E-Class,2013,Automatic,petrol,1800,204,Sedan,RWD,5,european,executive
Renault,Sandero,Sandero,2021,Automatic,petrol,1600,84,Hatchback,FWD,5,european,city
Hyundai,Verna,Verna,2014,Automatic,petrol,1600,123,Sedan,FWD,5,korean,city
Renault,Logan,Logan,2013,Automatic,petrol,1600,84,Sedan,FWD,5,european,family
BMW,528,5 Series,2011,Automatic,petrol,2000,245,Sedan,RWD,5,european,executive
Nissan,Qashqai,Qashqai,2016,Automatic,petrol,1500,163,SUV,FWD,5,japanese,suv
Skoda,Octavia,Octavia,2009,Automatic,petrol,1500,150,Sedan,FWD,5,european,family
Hyundai,Verna,Verna,2015,Automatic,petrol,1600,123,Sedan,FWD,5,korean,city
Hyundai,Matrix,Matrix,2008,Automatic,petrol,1600,120,MPV,FWD,5,korean,mpv
Hyundai,Tucson,Tucson,2001,Automatic,petrol,1600,177,SUV,FWD,5,korean,suv
Daewoo,Lanos,Lanos,2001,Automatic,petrol,1500,86,Sedan,FWD,5,korean,city
Mercedes,C200,C-Class,2022,Automatic,petrol,1500,184,Sedan,RWD,5,european,executive
Kia,Cerato,Cerato,2022,Automatic,diesel,1600,123,Sedan,FWD,5,korean,family
Jeep,Grand Cherokee,Grand Cherokee,2015,Automatic,petrol,3600,293,SUV,4WD,5,american,luxury_suv
Suzuki,Swift,Swift,2015,Automatic,petrol,1200,83,Hatchback,FWD,5,japanese,city
Peugeot,301,301,2020,Automatic,petrol,1200,82,Sedan,FWD,5,european,family
Peugeot,308,308,2010,Automatic,petrol,1200,130,Hatchback,FWD,5,european,family
Citroën,Grand C4 Spacetourer,Grand C4 Spacetourer,2001,Automatic,petrol,1200,130,MPV,FWD,7,european,mpv
MG,RX5,RX5,2024,Automatic,petrol,1500,169,SUV,FWD,5,chinese,suv
Hyundai,Elantra,Elantra,2025,Automatic,petrol,1600,128,Sedan,FWD,5,korean,family
BMW,X2,X2,2020,Automatic,petrol,1500,136,Crossover,FWD,5,european,luxury_suv
Mitsubishi,Lancer EX Shark,Lancer,2018,Automatic,petrol,1600,113,Sedan,FWD,5,japanese,family
Hyundai,Matrix,Matrix,2007,Automatic,petrol,1600,120,MPV,FWD,5,korean,mpv
Volkswagen,Tiguan,Tiguan,2014,Automatic,petrol,1400,150,SUV,FWD,5,european,suv
Land Rover,Range Rover Velar,Range Rover,2020,Automatic,petrol,2000,247,SUV,AWD,5,european,luxury_suv
Mercedes,C180,C-Class,2018,Automatic,petrol,1600,156,Sedan,RWD,5,european,executive
Volkswagen,Polo,Polo,2004,Automatic,petrol,1000,95,Hatchback,FWD,5,european,city
Opel,Astra,Astra,2020,Automatic,petrol,1400,150,Hatchback,FWD,5,european,family
DS,DS4,DS4,2017,Automatic,petrol,1200,130,Hatchback,FWD,5,european,executive
Honda,City,City,2009,Automatic,petrol,1500,119,Sedan,FWD,5,japanese,family
Peugeot,508,508,2022,Automatic,petrol,1600,165,Sedan,FWD,5,european,executive
BMW,420,4 Series,2024,Automatic,petrol,2000,184,Coupe,RWD,4,european,sport
Honda,Accord,Accord,2021,Automatic,petrol,1500,192,Sedan,FWD,5,japanese,executive
Peugeot,307,307,2007,Automatic,petrol,1400,95,Sedan,FWD,5,european,family
Peugeot,408,408,2026,Automatic,petrol,1600,165,Sedan,FWD,5,european,family
Hyundai,Coupe,Coupe,2005,Automatic,petrol,1600,120,Sedan,FWD,5,korean,family
BMW,318i,3 Series,2016,Automatic,petrol,2000,136,Sedan,RWD,5,european,executive
Chrysler,Town & Country,Town & Country,1998,Automatic,petrol,3600,283,MPV,FWD,7,american,mpv
Proton,Persona,Persona,2005,Automatic,petrol,1600,110,Sedan,FWD,5,other,family
Porsche,911,911,2020,Automatic,petrol,3000,385,Coupe,RWD,4,european,sport
BMW,X5,X5,2020,Automatic,petrol,3000,340,SUV,AWD,7,european,luxury_suv
Fiat,Grand Punto,Grand Punto,2021,Automatic,petrol,1400,77,Hatchback,FWD,5,european,city
Land Rover,Range Rover Velar,Range Rover,2024,Automatic,petrol,2000,247,SUV,AWD,5,european,luxury_suv
Alfa Romeo,Giulietta,Giulietta,2020,Automatic,petrol,1400,150,Hatchback,FWD,5,european,executive
Opel,Insignia,Insignia,2016,Automatic,petrol,1500,165,Sedan,FWD,5,european,executive
BMW,M4,M4,2022,Automatic,petrol,3000,510,Coupe,RWD,4,european,sport
Chevrolet,Optra,Optra,2008,Automatic,petrol,1600,109,Sedan,FWD,5,american,family
Citroën,C4,C4,2022,Automatic,petrol,1200,130,Hatchback,FWD,5,european,family
Renault,Megane,Megane,2021,Automatic,petrol,1500,115,Hatchback,FWD,5,european,family
Honda,CRV,CRV,2024,Automatic,petrol,1500,190,SUV,AWD,5,japanese,suv
Daewoo,Lacetti,Lacetti,2010,Automatic,petrol,1600,109,Sedan,FWD,5,korean,family
Mercedes,C180,C-Class,2016,Automatic,petrol,1600,156,Sedan,RWD,5,european,executive
Mercedes,GLA200,GLA,2021,Automatic,petrol,1400,163,Crossover,FWD,5,european,luxury_suv
Audi,A3,A3,2014,Automatic,petrol,1500,150,Sedan,FWD,5,european,executive
Mercedes,C200,C-Class,2010,Automatic,petrol,1500,184,Sedan,RWD,5,european,executive
Daewoo,Nubira,Nubira,2002,Automatic,petrol,1600,100,Sedan,FWD,5,korean,family
DS,DS7,DS7,2021,Automatic,petrol,1600,225,SUV,AWD,5,european,luxury_suv
Renault,Logan,Logan,2006,Automatic,petrol,1600,84,Sedan,FWD,5,european,family
Chevrolet,Optra,Optra,2010,Automatic,petrol,1600,109,Sedan,FWD,5,american,family
BMW,X5,X5,2025,Automatic,petrol,3000,340,SUV,AWD,7,european,luxury_suv
Toyota,Corolla,Corolla,2021,Automatic,petrol,1600,122,Sedan,FWD,5,japanese,family
Kia,Carens,Carens,2010,Automatic,petrol,1600,130,MPV,FWD,7,korean,mpv
BMW,X1,X1,2019,Automatic,petrol,1500,136,Crossover,FWD,5,european,luxury_suv
Mercedes,C300,C-Class,2020,Automatic,petrol,2000,258,Sedan,RWD,5,european,executive
Renault,Sandero Stepway,Sandero,2016,Automatic,petrol,1600,115,Hatchback,FWD,5,european,crossover
Seat,Tarraco,Tarraco,2021,Automatic,petrol,1500,150,SUV,FWD,7,european,suv
BMW,Z4,Z4,2020,Automatic,petrol,2000,197,Convertible,RWD,2,european,sport
Land Rover,Range Rover Sport,Range Rover,2022,Automatic,hybrid,3000,395,SUV,4WD,5,european,luxury_suv
Mercedes,E350,E-Class,2024,Automatic,petrol,3500,302,Sedan,RWD,5,european,executive
Kia,Sorento,Sorento,2023,Automatic,petrol,2400,173,SUV,AWD,7,korean,suv
Mercedes,200,200,2022,Automatic,petrol,2000,136,Sedan,RWD,5,european,executive
Porsche,Cayenne S,Cayenne,2024,Automatic,petrol,4000,440,SUV,AWD,5,european,luxury_suv
Fiat,Tipo,Tipo,2020,Automatic,petrol,1600,110,Sedan,FWD,5,european,family
Mercedes,E300,E-Class,2022,Automatic,petrol,2000,258,Sedan,RWD,5,european,executive
Hyundai,Avante,Avante,2024,Automatic,petrol,1600,120,Sedan,FWD,5,korean,family
Kia,Sorento,Sorento,2025,Automatic,hybrid,2400,173,SUV,AWD,7,korean,suv
Peugeot,3008,3008,2020,Automatic,petrol,1200,130,SUV,FWD,5,european,suv
Hyundai,Tucson,Tucson,2019,Automatic,petrol,1600,177,SUV,FWD,5,korean,suv
Land Rover,Range Rover,Range Rover,2022,Automatic,petrol,3000,400,SUV,4WD,5,european,luxury_suv
Skoda,Octavia,Octavia,2010,Automatic,petrol,1500,150,Sedan,FWD,5,european,family
Jeep,Grand Cherokee,Grand Cherokee,2023,Automatic,petrol,3600,293,SUV,4WD,5,american,luxury_suv
Mercedes,C250,C-Class,2010,Automatic,petrol,1800,204,Sedan,RWD,5,european,executive
Mini,Cooper,Cooper,2020,Automatic,petrol,1500,136,Hatchback,FWD,4,european,city
Kia,Rio,Rio,2000,Automatic,petrol,1400,100,Sedan,FWD,5,korean,city
BYD,F3,F3,2025,Automatic,petrol,1500,109,Sedan,FWD,5,chinese,family
Toyota,Corolla Cross,Corolla Cross,2008,Automatic,petrol,1600,120,Sedan,FWD,5,japanese,family
Toyota,Corolla Cross,Corolla Cross,2007,Automatic,petrol,1600,120,Sedan,FWD,5,japanese,family
Renault,Logan,Logan,2016,Automatic,petrol,1600,84,Sedan,FWD,5,european,family
MG,ZS,ZS,2022,Automatic,petrol,1500,106,SUV,FWD,5,chinese,suv
Nissan,Juke,Juke,2015,Automatic,petrol,1000,117,Crossover,FWD,5,japanese,crossover
Renault,Megane,Megane,2006,Automatic,petrol,1500,115,Hatchback,FWD,5,european,family
Kia,Sportage,Sportage,2025,Automatic,petrol,1600,177,SUV,FWD,5,korean,suv
Mercedes,C200,C-Class,2024,Automatic,petrol,1500,184,Sedan,RWD,5,european,executive
Mercedes,E200,E-Class,2018,Automatic,petrol,2000,184,Sedan,RWD,5,european,executive
Nissan,Sunny,Sunny,2024,Automatic,petrol,1600,110,Sedan,FWD,5,japanese,family
Kia,Sportage,Sportage,2026,Automatic,petrol,1600,177,SUV,FWD,5,korean,suv
Jaguar,F-Type,F-Type,2016,Automatic,petrol,3000,380,Coupe,AWD,2,european,sport
Kia,Cerato,Cerato,2014,Automatic,petrol,1600,123,Sedan,FWD,5,korean,family
Daewoo,Nubira,Nubira,1998,Automatic,petrol,1600,100,Sedan,FWD,5,korean,family
Jeep,Grand Cherokee 4xe,Grand Cherokee,2017,Automatic,petrol,2000,375,SUV,4WD,5,american,luxury_suv
Suzuki,Grand Vitara,Grand Vitara,2022,Automatic,petrol,2400,163,SUV,4WD,5,japanese,suv
Hyundai,Tucson,Tucson,2017,Automatic,petrol,1600,177,SUV,FWD,5,korean,suv
Mercedes,C180,C-Class,2014,Automatic,petrol,1600,156,Sedan,RWD,5,european,executive
Seat,Ibiza,Ibiza,2019,Automatic,petrol,1000,95,Hatchback,FWD,5,european,city
Brilliance,Galena,Galena,2009,Automatic,petrol,1500,150,SUV,FWD,5,chinese,suv
Kia,Carnival MPV,Carnival,2022,Automatic,petrol,2200,202,MPV,FWD,8,korean,mpv
MG,6,6,2021,Automatic,petrol,1500,169,Sedan,FWD,5,chinese,executive
Renault,Clio,Clio,2005,Automatic,petrol,1000,90,Hatchback,FWD,5,european,city
Peugeot,308,308,2011,Automatic,petrol,1200,130,Hatchback,FWD,5,european,family
Citroën,Grand C4 Spacetourer,Grand C4 Spacetourer,2022,Automatic,petrol,1200,130,MPV,FWD,7,european,mpv
Opel,Vectra,Vectra,1994,Automatic,petrol,1800,122,Sedan,FWD,5,european,executive
Toyota,Fortuner,Fortuner,2023,Automatic,petrol,2700,166,SUV,4WD,7,japanese,suv
Ford,Fusion,Fusion,2016,Automatic,petrol,1600,125,Sedan,FWD,5,american,family
Nissan,Sunny,Sunny,2005,Automatic,petrol,1600,110,Sedan,FWD,5,japanese,family
BMW,X3,X3,2019,Automatic,petrol,2000,184,SUV,AWD,5,european,luxury_suv
Daewoo,Lanos,Lanos,2011,Automatic,cng,1500,86,Sedan,FWD,5,korean,city
Renault,Sandero Stepway,Sandero,2021,Automatic,petrol,1600,115,Hatchback,FWD,5,european,crossover
BMW,3 Series,3 Series,2020,Automatic,petrol,2000,184,Sedan,RWD,5,european,executive
Mercedes,V250,V250,2022,Automatic,petrol,2100,190,MPV,RWD,8,european,mpv
Skoda,Octavia,Octavia,2022,Automatic,petrol,1500,150,Sedan,FWD,5,european,family
Suzuki,Ciaz,Ciaz,2022,Automatic,petrol,1500,105,Sedan,FWD,5,japanese,family
BMW,520i,5 Series,2017,Automatic,petrol,2000,184,Sedan,RWD,5,european,executive
Hyundai,Tucson,Tucson,2010,Automatic,petrol,1600,177,SUV,FWD,5,korean,suv
Mitsubishi,Lancer EX Shark,Lancer,2002,Automatic,petrol,1600,113,Sedan,FWD,5,japanese,family
Mercedes,B180,B-Class,2020,Automatic,petrol,1600,122,MPV,FWD,5,european,executive
Jeep,Wrangler,Wrangler,2013,Automatic,petrol,2000,268,SUV,4WD,5,american,suv
Kia,Spectra,Spectra,2004,Automatic,petrol,1600,120,Sedan,FWD,5,korean,family
Citroën,C4,C4,2006,Automatic,petrol,1200,130,Hatchback,FWD,5,european,family
Renault,Sandero,Sandero,2013,Automatic,petrol,1600,84,Hatchback,FWD,5,european,city
Land Rover,Range Rover Sport,Range Rover,2022,Automatic,petrol,3000,395,SUV,4WD,5,european,luxury_suv
Kia,Cerato,Cerato,2010,Automatic,petrol,1600,123,Sedan,FWD,5,korean,family
BMW,X3,X3,2020,Automatic,petrol,2000,184,SUV,AWD,5,european,luxury_suv
Citroën,Grand C4 Spacetourer,Grand C4 Spacetourer,2025,Automatic,petrol,1200,130,MPV,FWD,7,european,mpv
Mercedes,E300,E-Class,2023,Automatic,petrol,2000,258,Sedan,RWD,5,european,executive
Kia,Cerato,Cerato,2011,Automatic,petrol,1600,123,Sedan,FWD,5,korean,family
Mazda,323,323,2010,Automatic,petrol,1600,98,Sedan,FWD,5,japanese,family
BMW,118,1 Series,2013,Automatic,petrol,1500,136,Hatchback,RWD,5,european,executive
Renault,Megane,Megane,2020,Automatic,petrol,1500,115,Hatchback,FWD,5,european,family
Land Rover,Range Rover Sport,Range Rover,2019,Automatic,petrol,3000,395,SUV,4WD,5,european,luxury_suv
Jeep,Grand Cherokee 4xe,Grand Cherokee,2020,Automatic,petrol,2000,375,SUV,4WD,5,american,luxury_suv
Volkswagen,Tiguan,Tiguan,2009,Automatic,petrol,1400,150,SUV,FWD,5,european,suv
Opel,Corsa,Corsa,2004,Automatic,petrol,1200,75,Hatchback,FWD,5,european,city
Mercedes,C200,C-Class,2020,Automatic,petrol,1500,197,Sedan,RWD,5,european,executive
Toyota,Corolla,Corolla,2009,Automatic,petrol,1600,122,Sedan,FWD,5,japanese,family
Daewoo,Nubira,Nubira,2001,Automatic,petrol,1600,100,Sedan,FWD,5,korean,family
Audi,Q7,Q7,2021,Automatic,petrol,3000,340,SUV,AWD,7,european,luxury_suv
Mercedes,A180,A-Class,2021,Automatic,petrol,1400,136,Hatchback,FWD,5,european,executive
Chevrolet,Captiva,Captiva,2021,Automatic,petrol,1500,150,SUV,FWD,7,american,suv
Opel,Astra,Astra,2008,Automatic,petrol,1400,150,Hatchback,FWD,5,european,family
Peugeot,208,208,2015,Automatic,petrol,1200,100,Hatchback,FWD,5,european,city
Chery,Tiggo,Tiggo,2021,Automatic,petrol,1600,106,SUV,FWD,5,chinese,suv
Chevrolet,Cruze,Cruze,2022,Automatic,petrol,1600,120,Sedan,FWD,5,japanese,family
Mercedes,E300,E-Class,2010,Automatic,petrol,2000,258,Sedan,RWD,5,european,executive
Nissan,Juke,Juke,2022,Automatic,petrol,1000,117,Crossover,FWD,5,japanese,crossover
Daihatsu,Terios,Terios,2008,Automatic,petrol,1500,105,SUV,4WD,5,japanese,suv
Chery,Arrizo 5 Pro,Arrizo 5,2019,Automatic,petrol,1500,147,Sedan,FWD,5,chinese,family
Nissan,Bluebird,Bluebird,2020,Automatic,petrol,1600,103,Sedan,FWD,5,japanese,family
Kia,Pride,Pride,2001,Automatic,petrol,1600,120,Sedan,FWD,5,korean,family
Renault,Megane,Megane,2007,Automatic,petrol,1500,115,Hatchback,FWD,5,european,family
Hyundai,Elantra,Elantra,2018,Automatic,petrol,1600,128,Sedan,FWD,5,korean,family
Proton,Gen-2,Gen-2,2015,Automatic,petrol,1600,110,Hatchback,FWD,5,other,family
Honda,City,City,2010,Automatic,petrol,1500,119,Sedan,FWD,5,japanese,family
Kia,Sportage,Sportage,2019,Automatic,petrol,1600,177,SUV,FWD,5,korean,suv
Speranza,A516,A516,2010,Automatic,petrol,1600,109,Sedan,FWD,5,chinese,family
Renault,Logan,Logan,2019,Automatic,petrol,1600,84,Sedan,FWD,5,european,family
Nissan,Sunny,Sunny,2009,Automatic,petrol,1600,110,Sedan,FWD,5,japanese,family
Opel,Astra,Astra,2021,Automatic,diesel,1400,150,Hatchback,FWD,5,european,family
Volkswagen,Tiguan,Tiguan,2025,Automatic,petrol,1400,150,SUV,FWD,5,european,suv
Opel,Meriva,Meriva,2015,Automatic,diesel,1400,100,MPV,FWD,5,european,mpv
Kia,Rio,Rio,2006,Automatic,petrol,1400,100,Sedan,FWD,5,korean,city
Toyota,Corolla Cross,Corolla Cross,2006,Automatic,petrol,1600,120,Sedan,FWD,5,japanese,family
Kia,Xceed,Xceed,2022,Automatic,petrol,1500,160,Crossover,FWD,5,korean,crossover
Hyundai,Elantra,Elantra,2016,Automatic,petrol,1600,128,Sedan,FWD,5,korean,family
Daewoo,Leganza,Leganza,2000,Automatic,petrol,2000,133,Sedan,FWD,5,korean,executive
Hyundai,I10,I10,2023,Automatic,petrol,1000,67,Hatchback,FWD,5,korean,city
Peugeot,3008,3008,2019,Automatic,petrol,1200,130,SUV,FWD,5,european,suv
MG,6,6,2020,Automatic,petrol,1500,169,Sedan,FWD,5,chinese,executive
Chevrolet,Cruze,Cruze,2017,Automatic,petrol,1600,124,Sedan,FWD,5,american,family
Mercedes,350,350,2020,Automatic,petrol,3500,272,Sedan,RWD,5,european,executive
Mercedes,C200,C-Class,2021,Automatic,petrol,1500,184,Sedan,RWD,5,european,executive
Citroën,C4,C4,2005,Automatic,petrol,1200,130,Hatchback,FWD,5,european,family
Citroën,C5,C5,2023,Automatic,petrol,1600,120,Sedan,FWD,5,european,executive
Opel,Vectra,Vectra,1995,Automatic,petrol,1800,122,Sedan,FWD,5,european,executive
Toyota,Corolla,Corolla,2022,Automatic,petrol,1600,122,Sedan,FWD,5,japanese,family
Chery,Envy,Envy,2017,Automatic,petrol,1500,113,Sedan,FWD,5,chinese,family
Citroën,C3,C3,2007,Automatic,petrol,1200,83,Hatchback,FWD,5,european,city
Jeep,Wrangler,Wrangler,1978,Automatic,petrol,2000,268,SUV,4WD,5,american,suv
Mercedes,GLC,GLC,2022,Automatic,petrol,1500,197,SUV,4WD,5,european,luxury_suv
Peugeot,3008,3008,2014,Automatic,petrol,1200,130,SUV,FWD,5,european,suv
Renault,Logan,Logan,2019,Automatic,cng,1600,84,Sedan,FWD,5,european,family
Nissan,Sunny,Sunny,2017,Automatic,petrol,1600,110,Sedan,FWD,5,japanese,family
BYD,F3,F3,2014,Automatic,petrol,1500,109,Sedan,FWD,5,chinese,family
BMW,3 Series,3 Series,2016,Automatic,petrol,2000,184,Sedan,RWD,5,european,executive
Mercedes,230,230,2008,Automatic,petrol,2300,150,Sedan,RWD,5,european,executive
Renault,Megane,Megane,2001,Automatic,petrol,1500,115,Hatchback,FWD,5,european,family
Honda,Civic,Civic,1998,Automatic,petrol,1500,182,Sedan,FWD,5,japanese,family
Kia,Picanto,Picanto,2009,Automatic,petrol,1000,67,Hatchback,FWD,5,korean,city
Kia,Carnival MPV,Carnival,2013,Automatic,petrol,2200,202,MPV,FWD,8,korean,mpv
Peugeot,301,301,2015,Automatic,petrol,1200,82,Sedan,FWD,5,european,family
Jeep,Renegade,Renegade,2016,Automatic,petrol,1400,150,Crossover,FWD,5,american,crossover
Mercedes,GLC200,GLC,2023,Automatic,petrol,1500,197,SUV,4WD,5,european,luxury_suv
Audi,Q7,Q7,2023,Automatic,petrol,3000,340,SUV,AWD,7,european,luxury_suv
Fiat,Punto,Punto,2017,Automatic,petrol,1200,69,Hatchback,FWD,5,european,city
Mercedes,GLC43,GLC,2022,Automatic,petrol,1600,156,Sedan,RWD,5,european,executive
Kia,Picanto,Picanto,2005,Automatic,petrol,1000,67,Hatchback,FWD,5,korean,city
Volkswagen,Passat,Passat,2011,Automatic,petrol,1800,150,Sedan,FWD,5,european,executive
Opel,Astra,Astra,2013,Automatic,petrol,1400,150,Hatchback,FWD,5,european,family
Jeep,Wrangler,Wrangler,2012,Automatic,petrol,2000,268,SUV,4WD,5,american,suv
Peugeot,307 SW,307 SW,2008,Automatic,petrol,1400,95,Sedan,FWD,5,european,family
Mitsubishi,Lancer,Lancer,2017,Automatic,petrol,1600,113,Sedan,FWD,5,japanese,family
Mercedes,G63,G63,2016,Automatic,petrol,4000,577,SUV,4WD,5,european,luxury_suv
Chevrolet,Aveo,Aveo,2007,Automatic,petrol,1400,100,Sedan,FWD,5,american,city
Kia,Picanto,Picanto,2006,Automatic,petrol,1000,67,Hatchback,FWD,5,korean,city
Honda,Accord,Accord,2020,Automatic,petrol,1500,192,Sedan,FWD,5,japanese,executive
Proton,Persona,Persona,2009,Automatic,petrol,1600,110,Sedan,FWD,5,other,family
Kia,Picanto,Picanto,2010,Automatic,petrol,1000,67,Hatchback,FWD,5,korean,city
Seat,Ibiza,Ibiza,2021,Automatic,petrol,1000,95,Hatchback,FWD,5,european,city
Volkswagen,Passat,Passat,2000,Automatic,petrol,1800,150,Sedan,FWD,5,european,executive
Lotus,Emira,Emira,2024,Automatic,petrol,3500,400,Coupe,RWD,2,european,sport
Skoda,Octavia,Octavia,2014,Automatic,petrol,1500,150,Sedan,FWD,5,european,family
Skoda,Superb,Superb,2022,Automatic,petrol,1800,180,Sedan,FWD,5,european,executive
Peugeot,408,408,2025,Automatic,petrol,1600,165,Sedan,FWD,5,european,family
Fiat,Punto,Punto,2009,Automatic,petrol,1200,69,Hatchback,FWD,5,european,city
BMW,523,5 Series,2000,Automatic,petrol,2500,177,Sedan,RWD,5,european,executive
Seat,Cordoba,Cordoba,2008,Automatic,petrol,1600,100,Sedan,FWD,5,european,family
Hyundai,Tucson,Tucson,2023,Automatic,petrol,1600,177,SUV,FWD,5,korean,suv
Jeep,Renegade,Renegade,2019,Automatic,petrol,1400,150,Crossover,FWD,5,american,crossover
Zotye,T600,T600,2018,Automatic,petrol,2000,197,SUV,FWD,5,chinese,suv
BMW,520i,5 Series,2020,Automatic,petrol,2000,184,Sedan,RWD,5,european,executive
Jeep,Grand Cherokee,Grand Cherokee,2018,Automatic,petrol,3600,293,SUV,4WD,5,american,luxury_suv
Fiat,500X,500X,2020,Automatic,petrol,1400,80,Crossover,FWD,5,european,crossover
Skoda,Superb,Superb,2024,Automatic,petrol,1800,180,Sedan,FWD,5,european,executive
Tesla,Cybertruck,Cybertruck,2022,Automatic,electric,0,600,Pickup,AWD,5,american,truck
Volkswagen,Passat,Passat,2017,Automatic,petrol,1800,150,Sedan,FWD,5,european,executive
Mercedes,200,200,1989,Automatic,petrol,2000,136,Sedan,RWD,5,european,executive
BMW,520i,5 Series,2014,Automatic,petrol,2000,184,Sedan,RWD,5,european,executive
Mercedes,EQA260,EQ,2024,Automatic,electric,0,188,Crossover,AWD,5,european,luxury_suv
Skoda,Kodiaq,Kodiaq,2025,Automatic,petrol,2000,190,SUV,AWD,7,european,suv
Kia,Carens,Carens,2012,Automatic,petrol,1600,130,MPV,FWD,7,korean,mpv
Fiat,Tipo,Tipo,2022,Automatic,petrol,1600,110,Sedan,FWD,5,european,family
Nissan,Sunny,Sunny,2026,Automatic,petrol,1600,110,Sedan,FWD,5,japanese,family
Chevrolet,Cruze,Cruze,2010,Automatic,diesel,1600,124,Sedan,FWD,5,american,family
Volkswagen,Golf,Golf,2019,Automatic,petrol,1400,150,Hatchback,FWD,5,european,family
Land Rover,Range Rover Vogue,Range Rover,2025,Automatic,petrol,3000,400,SUV,4WD,5,european,luxury_suv
Subaru,XV,XV,2016,Automatic,petrol,2000,156,Crossover,AWD,5,japanese,crossover
Renault,Symbol,Symbol,2010,Automatic,petrol,1600,90,Sedan,FWD,5,european,city
Porsche,Macan,Macan,2021,Automatic,petrol,2000,265,Crossover,AWD,5,european,luxury_suv
Opel,Astra,Astra,2009,Automatic,petrol,1400,150,Hatchback,FWD,5,european,family
Renault,Kadjar,Kadjar,2019,Automatic,petrol,1600,163,SUV,FWD,5,european,suv
BMW,X5,X5,2024,Automatic,petrol,3000,340,SUV,AWD,7,european,luxury_suv
Jeep,Wrangler,Wrangler,2014,Automatic,petrol,2000,268,SUV,4WD,5,american,suv
Subaru,Impreza,Impreza,2005,Automatic,petrol,1498,107,Sedan,AWD,5,japanese,family
Subaru,XV,XV,2022,Automatic,petrol,2000,156,Crossover,AWD,5,japanese,crossover
Renault,Duster,Duster,2019,Automatic,petrol,1600,114,Crossover,FWD,5,european,crossover
MG,GT,GT,2022,Automatic,petrol,1500,143,Sedan,FWD,5,chinese,family
Subaru,Impreza,Impreza,2009,Automatic,petrol,1498,107,Sedan,AWD,5,japanese,family
Audi,A4,A4,2022,Automatic,petrol,2000,190,Sedan,AWD,5,european,executive
Renault,Sandero Stepway,Sandero,2018,Automatic,petrol,1600,115,Hatchback,FWD,5,european,crossover
Suzuki,Swift,Swift,2024,Automatic,petrol,1200,83,Hatchback,FWD,5,japanese,city
Kia,Carnival MPV,Carnival,2015,Automatic,petrol,2200,202,MPV,FWD,8,korean,mpv
SsangYong,Tivoli,Tivoli,2024,Automatic,petrol,1500,163,SUV,FWD,5,korean,suv
Opel,Corsa,Corsa,2016,Automatic,petrol,1200,75,Hatchback,FWD,5,european,city
Kia,Cerato,Cerato,2018,Automatic,petrol,1600,123,Sedan,FWD,5,korean,family
Audi,Q3,Q3,2024,Automatic,petrol,1500,150,SUV,FWD,5,european,luxury_suv
Nissan,X-Trail,X-Trail,2007,Automatic,petrol,1700,158,SUV,AWD,7,japanese,suv
Seat,Arona,Arona,2019,Automatic,petrol,1000,95,Crossover,FWD,5,european,crossover
Land Rover,Range Rover Vogue,Range Rover,2024,Automatic,petrol,3000,400,SUV,4WD,5,european,luxury_suv
Daewoo,Lanos,Lanos,2000,Automatic,petrol,1500,86,Sedan,FWD,5,korean,city
SsangYong,Tivoli XLV,Tivoli,2020,Automatic,petrol,1500,163,SUV,FWD,5,korean,suv
Honda,Accord,Accord,2019,Automatic,petrol,1500,192,Sedan,FWD,5,japanese,executive
Chevrolet,Lanos,Lanos,2015,Automatic,petrol,1500,86,Sedan,FWD,5,american,city
BMW,320i,3 Series,2017,Automatic,petrol,2000,184,Sedan,RWD,5,european,executive
Seat,Ibiza,Ibiza,2020,Automatic,petrol,1000,95,Hatchback,FWD,5,european,city
Nissan,Sunny,Sunny,2016,Automatic,petrol,1600,110,Sedan,FWD,5,japanese,family
Hyundai,Tucson,Tucson,1998,Automatic,petrol,1600,177,SUV,FWD,5,korean,suv
BMW,320i,3 Series,2024,Automatic,petrol,2000,184,Sedan,RWD,5,european,executive
Skoda,Superb,Superb,2021,Automatic,petrol,1800,180,Sedan,FWD,5,european,executive
Proton,Persona,Persona,2011,Automatic,petrol,1600,110,Sedan,FWD,5,other,family
BMW,340,3 Series,2017,Automatic,petrol,3000,326,Sedan,RWD,5,european,executive
Mercedes,250,250,2015,Automatic,petrol,2500,150,Sedan,RWD,5,european,executive
Jeep,Grand Cherokee,Grand Cherokee,2019,Automatic,petrol,3600,293,SUV,4WD,5,american,luxury_suv
Fiat,500,500,2021,Automatic,petrol,1200,69,Hatchback,FWD,4,european,city
Hyundai,Tucson,Tucson,2025,Automatic,petrol,1600,177,SUV,FWD,5,korean,suv
Mercedes,E200,E-Class,1990,Automatic,petrol,2000,184,Sedan,RWD,5,european,executive
Cupra,Formentor,Formentor,2024,Automatic,petrol,1500,150,Crossover,FWD,5,european,crossover
Skoda,Kodiaq,Kodiaq,2023,Automatic,petrol,2000,190,SUV,AWD,7,european,suv
MG,Cyberster,Cyberster,2024,Automatic,electric,0,536,Convertible,AWD,2,chinese,sport
BAIC,BJ30,BJ30,2025,Automatic,petrol,2000,170,SUV,AWD,5,chinese,suv
Toyota,Corolla,Corolla,2024,Automatic,petrol,1600,122,Sedan,FWD,5,japanese,family
Changan,Benni Mini,Benni Mini,2016,Automatic,petrol,1000,68,Hatchback,FWD,4,chinese,city
Mercedes,E200,E-Class,2017,Automatic,petrol,2000,184,Sedan,RWD,5,european,executive
Jeep,Grand Cherokee,Grand Cherokee,2014,Automatic,petrol,3600,293,SUV,4WD,5,american,luxury_suv
Renault,Megane,Megane,2005,Automatic,petrol,1500,115,Hatchback,FWD,5,european,family
Nissan,Sunny,Sunny,2003,Automatic,petrol,1600,110,Sedan,FWD,5,japanese,family
Mercedes,200,200,1978,Automatic,petrol,2000,136,Sedan,RWD,5,european,executive
Volvo,XC40,XC40,2024,Automatic,petrol,1500,163,Crossover,FWD,5,european,luxury_suv
Opel,Vectra,Vectra,2000,Automatic,petrol,1800,122,Sedan,FWD,5,european,executive
Land Rover,Range Rover Vogue,Range Rover,2023,Automatic,petrol,3000,400,SUV,4WD,5,european,luxury_suv
Proton,Persona,Persona,1980,Automatic,petrol,1600,110,Sedan,FWD,5,other,family
Hyundai,I10,I10,2015,Automatic,petrol,1000,67,Hatchback,FWD,5,korean,city
Jeep,Grand Cherokee,Grand Cherokee,2017,Automatic,petrol,3600,293,SUV,4WD,5,american,luxury_suv
Suzuki,Swift,Swift,2022,Automatic,petrol,1200,83,Hatchback,FWD,5,japanese,city
Toyota,Corolla,Corolla,2025,Automatic,petrol,1600,122,Sedan,FWD,5,japanese,family
Toyota,Corolla,Corolla,2023,Automatic,petrol,1600,122,Sedan,FWD,5,japanese,family
Nissan,Juke,Juke,2013,Automatic,petrol,1000,117,Crossover,FWD,5,japanese,crossover
Seat,Leon,Leon,2019,Automatic,petrol,1500,150,Hatchback,FWD,5,european,family
Daewoo,Nubira,Nubira,2000,Automatic,petrol,1600,100,Sedan,FWD,5,korean,family
Hyundai,Tucson,Tucson,2008,Automatic,petrol,1600,177,SUV,FWD,5,korean,suv
Peugeot,3008,3008,2021,Automatic,petrol,1200,130,SUV,FWD,5,european,suv
Opel,Astra,Astra,2018,Automatic,petrol,1400,150,Hatchback,FWD,5,european,family
Kia,Carnival MPV,Carnival,2022,Automatic,diesel,2200,202,MPV,FWD,8,korean,mpv
Jeep,Cherokee,Cherokee,2000,Automatic,petrol,2400,184,SUV,4WD,5,american,suv
Skoda,Octavia,Octavia,2018,Automatic,petrol,1500,150,Sedan,FWD,5,european,family
BMW,530,5 Series,2018,Automatic,petrol,2000,258,Sedan,RWD,5,european,executive
Kia,Sorento,Sorento,2024,Automatic,hybrid,2400,173,SUV,AWD,7,korean,suv
Hyundai,Verna,Verna,2012,Automatic,petrol,1600,123,Sedan,FWD,5,korean,city
Kia,Cerato,Cerato,2016,Automatic,petrol,1600,123,Sedan,FWD,5,korean,family
Opel,Astra,Astra,2015,Automatic,petrol,1400,150,Hatchback,FWD,5,european,family
GMC,Hummer EV,Hummer EV,2024,Automatic,electric,0,1000,Pickup,AWD,5,american,truck
BMW,520i,5 Series,2024,Automatic,petrol,2000,184,Sedan,RWD,5,european,executive
Nissan,Bluebird,Bluebird,2009,Automatic,petrol,1600,103,Sedan,FWD,5,japanese,family
Hyundai,Elantra,Elantra,2015,Automatic,petrol,1600,128,Sedan,FWD,5,korean,family
Mercedes,E250,E-Class,2010,Automatic,petrol,1800,204,Sedan,RWD,5,european,executive
Peugeot,408,408,2012,Automatic,petrol,1600,165,Sedan,FWD,5,european,family
Chery,Tiggo,Tiggo,2023,Automatic,petrol,1600,106,SUV,FWD,5,chinese,suv
Mercedes,C200,C-Class,2014,Automatic,petrol,1500,184,Sedan,RWD,5,european,executive
Kia,Cerato,Cerato,2020,Automatic,petrol,1600,123,Sedan,FWD,5,korean,family
Mercedes,E200,E-Class,2019,Automatic,petrol,2000,184,Sedan,RWD,5,european,executive
Kia,Cerato,Cerato,2012,Automatic,petrol,1600,123,Sedan,FWD,5,korean,family
Opel,Insignia,Insignia,2017,Automatic,petrol,1500,165,Sedan,FWD,5,european,executive
MG,X5,X5,2024,Automatic,petrol,1500,169,SUV,FWD,5,chinese,suv
Kia,Spectra,Spectra,2002,Automatic,petrol,1600,120,Sedan,FWD,5,korean,family
Audi,A3,A3,2022,Automatic,petrol,1500,150,Sedan,FWD,5,european,executive
Jeep,Renegade,Renegade,2021,Automatic,petrol,1400,150,Crossover,FWD,5,american,crossover
Opel,Astra,Astra,2017,Automatic,petrol,1400,150,Hatchback,FWD,5,european,family
Hyundai,Tucson,Tucson,2015,Automatic,petrol,1600,177,SUV,FWD,5,korean,suv
Citroën,C4,C4,2016,Automatic,petrol,1200,130,Hatchback,FWD,5,european,family
Mini,Countryman,Countryman,2018,Automatic,petrol,1500,136,Crossover,FWD,5,european,crossover
Hyundai,Elantra,Elantra,2012,Automatic,petrol,1600,128,Sedan,FWD,5,korean,family
Nissan,Sunny,Sunny,2022,Automatic,petrol,1600,110,Sedan,FWD,5,japanese,family
Chevrolet,Malibu,Malibu,2019,Automatic,petrol,1500,163,Sedan,FWD,5,american,executive
Mercedes,C180,C-Class,2006,Automatic,petrol,1600,156,Sedan,RWD,5,european,executive
Honda,Accord,Accord,2022,Automatic,petrol,1500,192,Sedan,FWD,5,japanese,executive
Hyundai,Accent,Accent,2015,Automatic,petrol,1600,123,Sedan,FWD,5,korean,city
MG,5,5,2021,Automatic,petrol,1500,169,Sedan,FWD,5,chinese,family
Mitsubishi,Lancer,Lancer,2016,Automatic,petrol,1600,113,Sedan,FWD,5,japanese,family
Renault,Duster,Duster,2021,Automatic,petrol,1600,114,Crossover,FWD,5,european,crossover
Audi,Q3,Q3,2015,Automatic,petrol,1500,150,SUV,FWD,5,european,luxury_suv
Mazda,3,3,2015,Automatic,petrol,1500,120,Sedan,FWD,5,japanese,family
Porsche,Cayenne S,Cayenne,2020,Automatic,petrol,4000,440,SUV,AWD,5,european,luxury_suv
Toyota,Echo,Echo,2018,Automatic,petrol,1300,86,Sedan,FWD,5,american,city
Mercedes,GLA200,GLA,2019,Automatic,petrol,1400,163,Crossover,FWD,5,european,luxury_suv
Opel,Grandland,Grandland,2021,Automatic,petrol,1200,130,SUV,FWD,5,european,suv
Kia,Sportage,Sportage,2022,Automatic,petrol,1600,177,SUV,FWD,5,korean,suv
Chery,Tiggo,Tiggo,2022,Automatic,petrol,1600,106,SUV,FWD,5,chinese,suv
Jeep,Cherokee,Cherokee,2008,Automatic,petrol,2400,184,SUV,4WD,5,american,suv
Land Rover,Range Rover,Range Rover,2020,Automatic,petrol,3000,400,SUV,4WD,5,european,luxury_suv
BMW,530,5 Series,2023,Automatic,petrol,2000,258,Sedan,RWD,5,european,executive
Volkswagen,Jetta,Jetta,2010,Automatic,petrol,1400,150,Sedan,FWD,5,european,family
Speranza,A516,A516,2009,Automatic,petrol,1600,109,Sedan,FWD,5,chinese,family
Volkswagen,Passat,Passat,2009,Automatic,petrol,1800,150,Sedan,FWD,5,european,executive
Daihatsu,Grand Terios,Terios,1990,Automatic,petrol,1500,105,SUV,4WD,7,japanese,suv
Opel,Insignia,Insignia,2021,Automatic,petrol,1500,165,Sedan,FWD,5,european,executive
Toyota,Belta,Belta,2022,Automatic,petrol,1500,107,Sedan,FWD,5,japanese,city
Volvo,XC90,XC90,2022,Automatic,petrol,2000,300,SUV,AWD,7,european,luxury_suv
Jaguar,XE,XE,2018,Automatic,petrol,2000,250,Sedan,RWD,5,european,luxury
BMW,218i,2 Series,2021,Automatic,petrol,1500,136,Coupe,FWD,4,european,executive
Hyundai,Elantra,Elantra,1997,Automatic,petrol,1600,128,Sedan,FWD,5,korean,family
Chery,Tiggo,Tiggo,2025,Automatic,petrol,1600,106,SUV,FWD,5,chinese,suv
Opel,Grandland,Grandland,2018,Automatic,petrol,1200,130,SUV,FWD,5,european,suv
Mercedes,A35,A-Class,2023,Automatic,petrol,1600,156,Sedan,RWD,5,european,executive
Land Rover,Discovery,Discovery,2015,Automatic,petrol,2000,249,SUV,4WD,7,european,luxury_suv
Seat,Ibiza,Ibiza,2022,Automatic,petrol,1000,95,Hatchback,FWD,5,european,city
Jetour,X95,X95,2026,Automatic,petrol,2000,230,SUV,AWD,7,chinese,suv
Mercedes,E300,E-Class,2019,Automatic,petrol,2000,258,Sedan,RWD,5,european,executive
Jetour,T2,T2,2025,Automatic,petrol,2000,254,SUV,AWD,7,chinese,suv
BMW,X6 M,X6,2019,Automatic,petrol,4400,617,SUV,AWD,5,european,luxury_suv
MG,X5,X5,2026,Automatic,petrol,1500,169,SUV,FWD,5,chinese,suv
Mercedes,C30,C30,2024,Automatic,petrol,2000,258,Sedan,RWD,5,european,executive
Proton,Gen-2,Gen-2,2006,Automatic,petrol,1600,110,Hatchback,FWD,5,other,family
MG,HS,HS,2021,Automatic,petrol,1500,162,SUV,FWD,5,chinese,suv
Kia,Pride,Pride,2002,Automatic,petrol,1600,120,Sedan,FWD,5,korean,family
Fiat,500,500,2024,Automatic,petrol,1200,69,Hatchback,FWD,4,european,city
Mercedes,CLA200,CLA,2024,Automatic,petrol,1400,163,Coupe,FWD,5,european,sport
Land Rover,Range Rover Velar,Range Rover,2021,Automatic,petrol,2000,247,SUV,AWD,5,european,luxury_suv
BMW,318i,3 Series,2018,Automatic,petrol,2000,136,Sedan,RWD,5,european,executive
Mercedes,GLE,GLE,2023,Automatic,petrol,1600,156,SUV,AWD,5,european,luxury_suv
Citroën,C5,C5,2020,Automatic,petrol,1600,120,Sedan,FWD,5,european,executive
Hyundai,Tucson,Tucson,2000,Automatic,petrol,1600,177,SUV,FWD,5,korean,suv
Mercedes,CLA200,CLA,2015,Automatic,petrol,1400,163,Coupe,FWD,5,european,sport
Toyota,Corolla,Corolla,2020,Automatic,petrol,1600,122,Sedan,FWD,5,japanese,family
Mercedes,180,180,2021,Automatic,petrol,1800,122,Sedan,RWD,5,european,executive
Tesla,Model Y,Model Y,2020,Automatic,electric,0,283,SUV,RWD,5,american,suv
Brilliance,Galena,Galena,2007,Automatic,petrol,1500,150,SUV,FWD,5,chinese,suv
BMW,525,5 Series,2007,Automatic,petrol,2500,218,Sedan,RWD,5,european,executive
Chevrolet,Cruze,Cruze,2025,Automatic,petrol,1600,120,Sedan,FWD,5,japanese,family
Renault,Duster,Duster,2020,Automatic,petrol,1600,114,Crossover,FWD,5,european,crossover
Opel,Astra,Astra,2007,Automatic,petrol,1400,150,Hatchback,FWD,5,european,family
Dodge,Ram,Ram,2010,Automatic,petrol,3600,305,Pickup,4WD,5,american,truck
Kia,Carnival MPV,Carnival,2023,Automatic,petrol,2200,202,MPV,FWD,8,korean,mpv
Mitsubishi,Mirage,Mirage,1999,Automatic,petrol,1600,113,Hatchback,FWD,5,japanese,city
Mitsubishi,Pajero,Pajero,2013,Automatic,petrol,3000,178,SUV,4WD,7,japanese,suv
Land Rover,Range Rover,Range Rover,2021,Automatic,petrol,3000,400,SUV,4WD,5,european,luxury_suv
Seat,Leon,Leon,2020,Automatic,petrol,1500,150,Hatchback,FWD,5,european,family
Chery,Arrizo 5,Arrizo 5,2023,Automatic,petrol,1500,115,Sedan,FWD,5,chinese,family
Toyota,Corolla,Corolla,1999,Automatic,cng,1600,122,Sedan,FWD,5,japanese,family
Renault,Kadjar,Kadjar,2017,Automatic,petrol,1600,163,SUV,FWD,5,european,suv
Opel,Vectra,Vectra,2002,Automatic,petrol,1800,122,Sedan,FWD,5,european,executive
Renault,Logan,Logan,2010,Automatic,petrol,1600,84,Sedan,FWD,5,european,family
Citroën,Grand C4 Spacetourer,Grand C4 Spacetourer,2013,Automatic,petrol,1200,130,MPV,FWD,7,european,mpv
Hyundai,Matrix,Matrix,2001,Automatic,petrol,1600,120,MPV,FWD,5,korean,mpv
Subaru,XV,XV,2015,Automatic,petrol,2000,156,Crossover,AWD,5,japanese,crossover
BMW,318i,3 Series,2019,Automatic,petrol,2000,136,Sedan,RWD,5,european,executive
Porsche,Macan,Macan,2023,Automatic,petrol,2000,265,Crossover,AWD,5,european,luxury_suv
Volkswagen,Bora,Bora,2000,Automatic,petrol,1600,105,Sedan,FWD,5,european,family
Chevrolet,Avalanche,Avalanche,1984,Automatic,petrol,5300,320,Pickup,4WD,6,american,truck
Daewoo,Lanos,Lanos,2008,Automatic,petrol,1500,86,Sedan,FWD,5,korean,city
Geely,Emgrand X7,Emgrand X7,2019,Automatic,petrol,2400,137,SUV,FWD,7,chinese,suv
BMW,X1,X1,2021,Automatic,petrol,1500,136,Crossover,FWD,5,european,luxury_suv
Brilliance,FRV,FRV,2010,Automatic,petrol,1600,116,Hatchback,FWD,5,chinese,family
Geely,Emgrand X7,Emgrand X7,2022,Automatic,petrol,2400,137,SUV,FWD,7,chinese,suv
Renault,19,19,2019,Automatic,petrol,1600,90,Sedan,FWD,5,european,family
Hyundai,Tucson,Tucson,2018,Automatic,petrol,1600,177,SUV,FWD,5,korean,suv
Daewoo,Nubira,Nubira,2006,Automatic,petrol,1600,100,Sedan,FWD,5,korean,family
Opel,Astra,Astra,2016,Automatic,petrol,1400,150,Hatchback,FWD,5,european,family
Land Rover,Range Rover Evoque,Range Rover,2024,Automatic,petrol,1500,249,Crossover,AWD,5,european,luxury_suv
Mercedes,G63,G63,2024,Automatic,petrol,4000,577,SUV,4WD,5,european,luxury_suv
Hyundai,Verna,Verna,2009,Automatic,petrol,1600,123,Sedan,FWD,5,korean,city
Mitsubishi,Xpander,Xpander,2022,Automatic,petrol,1500,105,MPV,FWD,7,japanese,mpv
Kia,Cerato,Cerato,2013,Automatic,petrol,1600,123,Sedan,FWD,5,korean,family
Nissan,Bluebird,Bluebird,2021,Automatic,petrol,1600,103,Sedan,FWD,5,japanese,family
Skoda,Octavia,Octavia,2006,Automatic,petrol,1500,150,Sedan,FWD,5,european,family
Honda,Fit,Fit,1999,Automatic,petrol,1300,83,Hatchback,FWD,5,japanese,city
BMW,530,5 Series,2019,Automatic,petrol,2000,258,Sedan,RWD,5,european,executive
Renault,Fluence,Fluence,2017,Automatic,petrol,1600,100,Sedan,FWD,5,european,family
Mercedes,C180,C-Class,2010,Automatic,petrol,1600,156,Sedan,RWD,5,european,executive
MG,X5,X5,2022,Automatic,petrol,1500,169,SUV,FWD,5,chinese,suv
Kia,Sportage,Sportage,2021,Automatic,petrol,1600,177,SUV,FWD,5,korean,suv
Jeep,Cherokee,Cherokee,2012,Automatic,petrol,2400,184,SUV,4WD,5,american,suv
BMW,340,3 Series,2019,Automatic,petrol,3000,326,Sedan,RWD,5,european,executive
Maserati,Grecale,Grecale,2023,Automatic,petrol,2000,300,SUV,AWD,5,european,luxury_suv
Kia,Rio,Rio,2017,Automatic,petrol,1400,100,Sedan,FWD,5,korean,city
Mercedes,AMG,AMG,2024,Automatic,petrol,4000,510,Sedan,AWD,5,european,sport
MG,Cyberster,Cyberster,2025,Automatic,electric,0,536,Convertible,AWD,2,chinese,sport
Opel,Corsa,Corsa,2014,Automatic,petrol,1200,75,Hatchback,FWD,5,european,city
Nissan,Qashqai,Qashqai,2019,Automatic,diesel,1500,163,SUV,FWD,5,japanese,suv
Daewoo,Nubira,Nubira,1999,Automatic,petrol,1600,100,Sedan,FWD,5,korean,family
Mercedes,GLC,GLC,2025,Automatic,petrol,1500,197,SUV,4WD,5,european,luxury_suv
Volkswagen,Passat,Passat,2008,Automatic,petrol,1800,150,Sedan,FWD,5,european,executive
Geely,Starray,Starray,2025,Automatic,diesel,1500,110,MPV,FWD,7,chinese,mpv
Audi,Q4 E-Tron,Q4 E-Tron,2024,Automatic,electric,0,204,SUV,FWD,5,european,luxury_suv
Tesla,Cybertruck,Cybertruck,2024,Automatic,electric,0,600,Pickup,AWD,5,american,truck
BMW,I7,I7,2024,Automatic,electric,0,544,Sedan,AWD,5,european,luxury
Audi,Q3,Q3,2021,Automatic,petrol,1500,150,SUV,FWD,5,european,luxury_suv
Skoda,Octavia,Octavia,2020,Automatic,petrol,1500,150,Sedan,FWD,5,european,family
Mercedes,GLC200,GLC,2022,Automatic,petrol,1500,197,SUV,4WD,5,european,luxury_suv
Hyundai,Accent,Accent,2026,Automatic,petrol,1600,123,Sedan,FWD,5,korean,city
Volkswagen,Passat,Passat,2023,Automatic,petrol,1800,150,Sedan,FWD,5,european,executive
SsangYong,Tivoli,Tivoli,2018,Automatic,petrol,1500,163,SUV,FWD,5,korean,suv
MG,X5,X5,2019,Automatic,petrol,1500,169,SUV,FWD,5,chinese,suv
Skoda,Octavia,Octavia,2023,Automatic,petrol,1500,150,Sedan,FWD,5,european,family
Renault,Kadjar,Kadjar,2022,Automatic,petrol,1600,163,SUV,FWD,5,european,suv
Tesla,Model Y,Model Y,2022,Automatic,electric,0,283,SUV,RWD,5,american,suv
Hyundai,Solaris,Solaris,2016,Automatic,petrol,1600,120,Sedan,FWD,5,korean,family
Toyota,Corolla Cross,Corolla Cross,2021,Automatic,petrol,1600,120,Crossover,FWD,5,japanese,crossover
Volkswagen,ID6,ID6,2023,Automatic,electric,0,204,SUV,AWD,7,european,suv
Geely,Emgrand,Emgrand,2015,Automatic,cng,1500,107,Sedan,FWD,5,chinese,family
Peugeot,405,405,1999,Automatic,petrol,1600,90,Sedan,FWD,5,european,family
Peugeot,308 SW,308 SW,2021,Automatic,petrol,1400,95,Sedan,FWD,5,european,family
Land Rover,Range Rover Evoque,Range Rover,2020,Automatic,petrol,1500,249,Crossover,AWD,5,european,luxury_suv
Skoda,Superb,Superb,2019,Automatic,petrol,1800,180,Sedan,FWD,5,european,executive
Mercedes,GLA200,GLA,2015,Automatic,petrol,1400,163,Crossover,FWD,5,european,luxury_suv
Jeep,Cherokee,Cherokee,2021,Automatic,petrol,2400,184,SUV,4WD,5,american,suv
Ford,Kuga,Kuga,2016,Automatic,petrol,1600,125,Sedan,FWD,5,american,family
MG,HS,HS,2022,Automatic,petrol,1500,162,SUV,FWD,5,chinese,suv
Kia,Pride,Pride,2000,Automatic,petrol,1600,120,Sedan,FWD,5,korean,family
Mercedes,GLA200,GLA,2022,Automatic,petrol,1400,163,Crossover,FWD,5,european,luxury_suv
Audi,A6,A6,2019,Automatic,petrol,2000,190,Sedan,AWD,5,european,luxury
Chery,Arrizo 5 Pro,Arrizo 5,2022,Automatic,petrol,1500,147,Sedan,FWD,5,chinese,family
Mercedes,S500,S-Class,2009,Automatic,petrol,4700,435,Sedan,RWD,5,european,luxury
Hyundai,Elantra CN7,Elantra,2021,Automatic,petrol,1600,128,Sedan,FWD,5,korean,family
Mazda,3,3,2010,Automatic,petrol,1500,120,Sedan,FWD,5,japanese,family
Mitsubishi,Pajero,Pajero,2011,Automatic,petrol,3000,178,SUV,4WD,7,japanese,suv
DS,DS4,DS4,2023,Automatic,petrol,1200,130,Hatchback,FWD,5,european,executive
Kia,Sportage,Sportage,2017,Automatic,petrol,1600,177,SUV,FWD,5,korean,suv
Daewoo,Nubira,Nubira,2004,Automatic,petrol,1600,100,Sedan,FWD,5,korean,family
Proton,Gen-2,Gen-2,2012,Automatic,petrol,1600,110,Hatchback,FWD,5,other,family
Porsche,Cayenne S,Cayenne,2019,Automatic,petrol,4000,440,SUV,AWD,5,european,luxury_suv
Mitsubishi,Attrage,Attrage,2015,Automatic,petrol,1200,78,Sedan,FWD,5,japanese,city
Hyundai,Accent,Accent,2008,Automatic,diesel,1600,123,Sedan,FWD,5,korean,city
BMW,IX1,IX1,2024,Automatic,electric,0,313,Crossover,AWD,5,european,luxury_suv
Kia,Sportage,Sportage,2014,Automatic,petrol,1600,177,SUV,FWD,5,korean,suv
BMW,330,3 Series,2016,Automatic,petrol,2000,258,Sedan,RWD,5,european,executive
Kia,Carnival MPV,Carnival,1998,Automatic,petrol,2200,202,MPV,FWD,8,korean,mpv
Suzuki,Baleno,Baleno,2022,Automatic,petrol,1200,90,Hatchback,FWD,5,japanese,city
Volkswagen,Tiguan,Tiguan,2021,Automatic,petrol,1400,150,SUV,FWD,5,european,suv
Proton,Persona,Persona,2019,Automatic,petrol,1600,110,Sedan,FWD,5,other,family
Fiat,Grand Punto,Grand Punto,2017,Automatic,petrol,1400,77,Hatchback,FWD,5,european,city
Chery,Tiggo,Tiggo,2024,Automatic,petrol,1600,106,SUV,FWD,5,chinese,suv
Renault,Sandero Stepway,Sandero,2019,Automatic,petrol,1600,115,Hatchback,FWD,5,european,crossover
Volkswagen,Bora,Bora,2001,Automatic,petrol,1600,105,Sedan,FWD,5,european,family
Geely,Emgrand,Emgrand,2015,Automatic,hybrid,1500,107,Sedan,FWD,5,chinese,family
Toyota,Corolla Cross,Corolla Cross,1993,Automatic,petrol,1600,120,Sedan,FWD,5,japanese,family
Jeep,Grand Cherokee 4xe,Grand Cherokee,2005,Automatic,petrol,2000,375,SUV,4WD,5,american,luxury_suv
Daewoo,Lacetti,Lacetti,2002,Automatic,petrol,1600,109,Sedan,FWD,5,korean,family
Ford,Bronco Raptor,Bronco Raptor,1997,Automatic,petrol,3000,418,SUV,4WD,5,american,suv
Senova,A1,A1,2016,Automatic,petrol,1000,67,Hatchback,FWD,5,chinese,city
Kia,Carnival MPV,Carnival,2000,Automatic,petrol,2200,202,MPV,FWD,8,korean,mpv
Skoda,Octavia A8,Octavia,2021,Automatic,petrol,1500,150,Sedan,FWD,5,european,family
JAC,S3,S3,2018,Automatic,petrol,1500,113,Crossover,FWD,5,chinese,crossover
Mercedes,GLC200,GLC,2010,Automatic,petrol,1500,197,SUV,4WD,5,european,luxury_suv
Mercedes,200,200,1982,Automatic,petrol,2000,136,Sedan,RWD,5,european,executive
Mazda,3,3,2008,Automatic,petrol,1500,120,Sedan,FWD,5,japanese,family
Nissan,Sunny,Sunny,2008,Automatic,petrol,1600,110,Sedan,FWD,5,japanese,family
Volkswagen,Golf,Golf,1997,Automatic,petrol,1400,150,Hatchback,FWD,5,european,family
Daewoo,Lanos,Lanos,1999,Automatic,petrol,1500,86,Sedan,FWD,5,korean,city
Hyundai,Tucson,Tucson,2000,Automatic,cng,1600,177,SUV,FWD,5,korean,suv
Renault,Sandero Stepway,Sandero,2005,Automatic,petrol,1600,115,Hatchback,FWD,5,european,crossover
Opel,Corsa,Corsa,2019,Automatic,petrol,1200,75,Hatchback,FWD,5,european,city
Renault,Megane,Megane,2008,Automatic,petrol,1500,115,Hatchback,FWD,5,european,family
Volkswagen,Transporter,Transporter,2024,Automatic,petrol,1400,130,Van,FWD,8,european,van
Mercedes,GLC200,GLC,2021,Automatic,petrol,1500,197,SUV,4WD,5,european,luxury_suv
Mercedes,CLA180,CLA,2018,Automatic,diesel,1400,136,Coupe,FWD,5,european,sport
Peugeot,301,301,2019,Automatic,petrol,1200,82,Sedan,FWD,5,european,family
BMW,418,4 Series,2020,Automatic,petrol,2000,184,Coupe,RWD,4,european,sport
Audi,A5,A5,2025,Automatic,petrol,2000,190,Coupe,AWD,4,european,executive
Mercedes,AMG,AMG,2023,Automatic,petrol,4000,510,Sedan,AWD,5,european,sport
Suzuki,Swift,Swift,2021,Automatic,petrol,1200,83,Hatchback,FWD,5,japanese,city
MG,ZS,ZS,2021,Automatic,petrol,1500,106,SUV,FWD,5,chinese,suv
Nissan,Sunny,Sunny,2010,Automatic,petrol,1600,110,Sedan,FWD,5,japanese,family
Mitsubishi,Pajero,Pajero,1997,Automatic,petrol,3000,178,SUV,4WD,7,japanese,suv
Renault,Megane,Megane,2010,Automatic,petrol,1500,115,Hatchback,FWD,5,european,family
Mercedes,E200,E-Class,2026,Automatic,petrol,2000,184,Sedan,RWD,5,european,executive
Mini,Cooper,Cooper,2012,Automatic,petrol,1500,136,Hatchback,FWD,4,european,city
Hyundai,Verna,Verna,2003,Automatic,petrol,1600,123,Sedan,FWD,5,korean,city
Hyundai,Tucson,Tucson,2026,Automatic,petrol,1600,177,SUV,FWD,5,korean,suv
Chevrolet,Aveo,Aveo,2014,Automatic,petrol,1400,100,Sedan,FWD,5,american,city
Hyundai,Accent RB,Accent,2014,Automatic,petrol,1600,123,Sedan,FWD,5,korean,city
Geely,Emgrand X7,Emgrand X7,2024,Automatic,petrol,2400,137,SUV,FWD,7,chinese,suv
Cupra,Terramar,Terramar,2025,Automatic,petrol,1500,204,SUV,AWD,5,european,suv
Volkswagen,Golf,Golf,1989,Automatic,petrol,1400,150,Hatchback,FWD,5,european,family
Nissan,Sunny,Sunny,2018,Automatic,petrol,1600,110,Sedan,FWD,5,japanese,family
Chevrolet,Optra,Optra,2012,Automatic,petrol,1600,109,Sedan,FWD,5,american,family
Chevrolet,Aveo,Aveo,2018,Automatic,petrol,1400,100,Sedan,FWD,5,american,city
Mercedes,250,250,2022,Automatic,petrol,2500,150,Sedan,RWD,5,european,executive
BMW,520i,5 Series,2016,Automatic,petrol,2000,184,Sedan,RWD,5,european,executive
Seat,Tarraco,Tarraco,2010,Automatic,petrol,1500,150,SUV,FWD,7,european,suv
BMW,X5,X5,2023,Automatic,petrol,3000,340,SUV,AWD,7,european,luxury_suv
Proton,Persona,Persona,2010,Automatic,diesel,1600,110,Sedan,FWD,5,other,family
Proton,Saga,Saga,2010,Automatic,petrol,1300,95,Sedan,FWD,5,other,city
Toyota,Corona,Corona,1999,Automatic,diesel,1600,120,Sedan,FWD,5,japanese,family
Jeep,Cherokee,Cherokee,2014,Automatic,petrol,2400,184,SUV,4WD,5,american,suv
Cupra,Leon,Leon,2025,Automatic,petrol,2000,265,Hatchback,FWD,5,european,sport
Mercedes,GLE450,GLE,2022,Automatic,petrol,2999,362,SUV,4WD,5,european,luxury_suv
Hyundai,Matrix,Matrix,2002,Automatic,petrol,1600,120,MPV,FWD,5,korean,mpv
Jeep,Renegade,Renegade,2018,Automatic,petrol,1400,150,Crossover,FWD,5,american,crossover
Chery,Tiggo 8 Pro,Tiggo 8,2024,Automatic,petrol,2000,254,SUV,FWD,7,chinese,suv
Mitsubishi,Attrage,Attrage,2014,Automatic,petrol,1200,78,Sedan,FWD,5,japanese,city
Mercedes,E230,E-Class,2008,Automatic,petrol,1600,156,Sedan,RWD,5,european,executive
Mini,John Cooper,John Cooper,2026,Automatic,petrol,2000,231,Hatchback,FWD,4,european,sport
Daihatsu,Terios,Terios,2007,Automatic,petrol,1500,105,SUV,4WD,5,japanese,suv
Toyota,Corolla,Corolla,1988,Automatic,petrol,1600,122,Sedan,FWD,5,japanese,family
Geely,X7,X7,2019,Automatic,petrol,2400,137,SUV,FWD,7,chinese,suv
Hyundai,Elantra,Elantra,2012,Automatic,diesel,1600,128,Sedan,FWD,5,korean,family
Honda,Fit,Fit,1997,Automatic,petrol,1300,83,Hatchback,FWD,5,japanese,city
Honda,Civic,Civic,2008,Automatic,petrol,1500,182,Sedan,FWD,5,japanese,family
BMW,118,1 Series,2021,Automatic,petrol,1500,136,Hatchback,RWD,5,european,executive
Audi,Q8,Q8,2025,Automatic,petrol,3000,340,SUV,AWD,5,european,luxury_suv
Mercedes,250,250,2010,Automatic,petrol,2500,150,Sedan,RWD,5,european,executive
Renault,Sandero Stepway,Sandero,2025,Automatic,petrol,1600,115,Hatchback,FWD,5,european,crossover
Volkswagen,ID4,ID4,2023,Automatic,electric,0,204,SUV,FWD,5,european,suv
Daihatsu,Grand Terios,Terios,2008,Automatic,petrol,1500,105,SUV,4WD,7,japanese,suv
Mercedes,C200,C-Class,2025,Automatic,petrol,1500,184,Sedan,RWD,5,european,executive
Renault,Sandero Stepway,Sandero,2015,Automatic,petrol,1600,115,Hatchback,FWD,5,european,crossover
Mercedes,S500,S-Class,2021,Automatic,petrol,4700,435,Sedan,RWD,5,european,luxury
Porsche,Cayenne,Cayenne,2021,Automatic,petrol,3000,340,SUV,AWD,5,european,luxury_suv
Hyundai,Matrix,Matrix,2006,Automatic,cng,1600,120,MPV,FWD,5,korean,mpv
Alfa Romeo,Giulietta,Giulietta,2024,Automatic,petrol,1400,150,Hatchback,FWD,5,european,executive
Skoda,Octavia A7,Octavia,2016,Automatic,petrol,1500,150,Sedan,FWD,5,european,family
Chery,Tiggo,Tiggo,2019,Automatic,petrol,1600,106,SUV,FWD,5,chinese,suv
Kia,Rio,Rio,1999,Automatic,petrol,1400,100,Sedan,FWD,5,korean,city
Brilliance,FRV,FRV,2009,Automatic,petrol,1600,116,Hatchback,FWD,5,chinese,family
BAIC,EU5 Plus,EU5 Plus,2010,Automatic,electric,0,163,Sedan,FWD,5,chinese,family
Hyundai,Avante,Avante,2023,Automatic,petrol,1600,120,Sedan,FWD,5,korean,family
Jeep,Cherokee,Cherokee,1995,Automatic,petrol,2400,184,SUV,4WD,5,american,suv
Hyundai,Accent,Accent,2005,Automatic,petrol,1600,123,Sedan,FWD,5,korean,city
Nissan,Sentra,Sentra,2017,Automatic,petrol,1600,122,Sedan,FWD,5,japanese,family
Citroën,C4X,C4X,2023,Automatic,petrol,1200,130,Sedan,FWD,5,european,family
Proton,Gen-2,Gen-2,2007,Automatic,petrol,1600,110,Hatchback,FWD,5,other,family
Kia,Carnival MPV,Carnival,1999,Automatic,petrol,2200,202,MPV,FWD,8,korean,mpv
Mitsubishi,Lancer,Lancer,1999,Automatic,petrol,1600,113,Sedan,FWD,5,japanese,family
Kia,Carens,Carens,2011,Automatic,petrol,1600,130,MPV,FWD,7,korean,mpv
Chery,Tiggo 3,Tiggo 3,2018,Automatic,petrol,1500,113,SUV,FWD,5,chinese,suv
Mercedes,GLC200,GLC,2024,Automatic,petrol,1500,197,SUV,4WD,5,european,luxury_suv
Mercedes,GLS,GLS,2021,Automatic,petrol,1600,156,SUV,AWD,5,european,luxury_suv
BMW,520i,5 Series,2023,Automatic,petrol,2000,184,Sedan,RWD,5,european,executive
Geely,Emgrand X7,Emgrand X7,2010,Automatic,petrol,2400,137,SUV,FWD,7,chinese,suv
Nissan,Sunny,Sunny,2025,Automatic,cng,1600,110,Sedan,FWD,5,japanese,family
Ford,Focus,Focus,2016,Automatic,petrol,1500,150,Hatchback,FWD,5,american,family
Honda,Civic,Civic,1993,Automatic,petrol,1500,182,Sedan,FWD,5,japanese,family
BMW,X3,X3,2011,Automatic,petrol,2000,184,SUV,AWD,5,european,luxury_suv
MG,ZS,ZS,2020,Automatic,petrol,1500,106,SUV,FWD,5,chinese,suv
Mercedes,GLS,GLS,2024,Automatic,petrol,1600,156,SUV,AWD,5,european,luxury_suv
Dodge,Ram,Ram,2012,Automatic,petrol,3600,305,Pickup,4WD,5,american,truck
Honda,Civic,Civic,1979,Automatic,petrol,1500,182,Sedan,FWD,5,japanese,family
Changan,Benni Mini,Benni Mini,2010,Automatic,petrol,1000,68,Hatchback,FWD,4,chinese,city
Mitsubishi,Lancer,Lancer,2001,Automatic,petrol,1600,113,Sedan,FWD,5,japanese,family
BMW,340,3 Series,2016,Automatic,petrol,3000,326,Sedan,RWD,5,european,executive
Skoda,Octavia,Octavia,2011,Automatic,petrol,1500,150,Sedan,FWD,5,european,family
Mercedes,GLC200,GLC,1981,Automatic,petrol,1500,197,SUV,4WD,5,european,luxury_suv
Hyundai,Tucson,Tucson,2016,Automatic,petrol,1600,177,SUV,FWD,5,korean,suv
Audi,A3,A3,2013,Automatic,petrol,1500,150,Sedan,FWD,5,european,executive
Ford,Focus,Focus,2005,Automatic,petrol,1500,150,Hatchback,FWD,5,american,family
JAC,J7,J7,2021,Automatic,petrol,1500,169,Sedan,FWD,5,chinese,executive
Hyundai,Tucson,Tucson,2013,Automatic,petrol,1600,177,SUV,FWD,5,korean,suv
Hyundai,Verna,Verna,2019,Automatic,petrol,1600,123,Sedan,FWD,5,korean,city
Mitsubishi,Colt,Colt,1997,Automatic,petrol,1300,95,Hatchback,FWD,5,japanese,city
Subaru,Impreza,Impreza,2007,Automatic,petrol,1498,107,Sedan,AWD,5,japanese,family
Opel,Vectra,Vectra,1997,Automatic,petrol,1800,122,Sedan,FWD,5,european,executive
Land Rover,Range Rover Sport,Range Rover,2020,Automatic,petrol,3000,395,SUV,4WD,5,european,luxury_suv
Seat,Ibiza,Ibiza,2013,Automatic,petrol,1000,95,Hatchback,FWD,5,european,city
Mercedes,GLC300,GLC,2023,Automatic,petrol,2000,258,SUV,4WD,5,european,luxury_suv
Mini,Cooper,Cooper,2015,Automatic,petrol,1500,136,Hatchback,FWD,4,european,city
Ford,EcoSport,EcoSport,2019,Automatic,petrol,1000,125,Crossover,FWD,5,american,crossover
Mercedes,S500,S-Class,2008,Automatic,petrol,4700,435,Sedan,RWD,5,european,luxury
Citroën,Grand C4 Spacetourer,Grand C4 Spacetourer,2006,Automatic,petrol,1200,130,MPV,FWD,7,european,mpv
Nissan,Patrol,Patrol,2024,Automatic,petrol,4000,275,SUV,4WD,8,japanese,luxury_suv
Volkswagen,Golf,Golf,2000,Automatic,petrol,1400,150,Hatchback,FWD,5,european,family
Hyundai,I10,I10,2013,Automatic,petrol,1000,67,Hatchback,FWD,5,korean,city
Kia,Sportage,Sportage,2024,Automatic,petrol,1600,177,SUV,FWD,5,korean,suv
Daewoo,Lanos,Lanos,1999,Automatic,diesel,1500,86,Sedan,FWD,5,korean,city
Nissan,Sunny,Sunny,2023,Automatic,petrol,1600,110,Sedan,FWD,5,japanese,family
BMW,X3,X3,2024,Automatic,petrol,2000,184,SUV,AWD,5,european,luxury_suv
Fiat,500,500,2009,Automatic,petrol,1200,69,Hatchback,FWD,4,european,city
Mercedes,G63,G63,2023,Automatic,petrol,4000,577,SUV,4WD,5,european,luxury_suv
Mercedes,CLS350,CLS,2019,Automatic,petrol,1600,156,Sedan,RWD,5,european,executive
Mini,Countryman,Countryman,2024,Automatic,petrol,1500,136,Crossover,FWD,5,european,crossover
Ford,Focus,Focus,2006,Automatic,petrol,1500,150,Hatchback,FWD,5,american,family
Chevrolet,Aveo,Aveo,2019,Automatic,petrol,1400,100,Sedan,FWD,5,american,city
Jeep,Cherokee,Cherokee,2022,Automatic,petrol,2400,184,SUV,4WD,5,american,suv
Seat,Leon,Leon,2016,Automatic,petrol,1500,150,Hatchback,FWD,5,european,family
Mercedes,CLA200,CLA,2022,Automatic,petrol,1400,163,Coupe,FWD,5,european,sport
BMW,316,3 Series,2014,Automatic,petrol,1600,116,Sedan,RWD,5,european,executive
Toyota,Corolla,Corolla,2008,Automatic,petrol,1600,122,Sedan,FWD,5,japanese,family
Renault,Megane,Megane,2023,Automatic,petrol,1500,115,Hatchback,FWD,5,european,family
Jeep,Wrangler,Wrangler,2016,Automatic,petrol,2000,268,SUV,4WD,5,american,suv
Jaguar,F-Pace,F-Pace,2021,Automatic,petrol,2000,250,SUV,AWD,5,european,luxury_suv
Audi,A3,A3,2019,Automatic,diesel,1500,150,Sedan,FWD,5,european,executive
Audi,A5,A5,2023,Automatic,petrol,2000,190,Coupe,AWD,4,european,executive
Mercedes,C180,C-Class,2009,Automatic,petrol,1600,156,Sedan,RWD,5,european,executive
Mercedes,E200,E-Class,2025,Automatic,petrol,2000,184,Sedan,RWD,5,european,executive
Kia,Cerato,Cerato,2015,Automatic,petrol,1600,123,Sedan,FWD,5,korean,family
Mini,Cooper,Cooper,2025,Automatic,petrol,1500,136,Hatchback,FWD,4,european,city
Speranza,A620,A620,2011,Automatic,petrol,2000,145,Sedan,FWD,5,chinese,family
Fiat,Grand Punto,Grand Punto,1991,Manual,petrol,1400,77,Hatchback,FWD,5,european,city
Renault,Logan,Logan,2010,Manual,petrol,1600,84,Sedan,FWD,5,european,family
Renault,Logan,Logan,2012,Manual,petrol,1600,84,Sedan,FWD,5,european,family
Fiat,Siena,Siena,2001,Manual,petrol,1400,80,Hatchback,FWD,5,european,city
Kia,Pride,Pride,2001,Manual,petrol,1600,120,Sedan,FWD,5,korean,family
Suzuki,Grand Vitara,Grand Vitara,2019,Manual,petrol,2400,163,SUV,4WD,5,japanese,suv
Opel,Astra,Astra,2005,Manual,petrol,1400,150,Hatchback,FWD,5,european,family
Hyundai,Verna,Verna,2007,Manual,petrol,1600,123,Sedan,FWD,5,korean,city
BYD,F3,F3,2020,Manual,petrol,1500,109,Sedan,FWD,5,chinese,family
Daewoo,Matiz,Matiz,2000,Manual,petrol,800,52,Hatchback,FWD,4,korean,city
Chery,QQ,QQ,2006,Manual,petrol,800,52,Hatchback,FWD,5,chinese,city
Fiat,Shahin,Shahin,1995,Manual,petrol,1400,80,Hatchback,FWD,5,european,city
Chery,A11,A11,2006,Manual,petrol,1100,64,Hatchback,FWD,5,chinese,city
Fiat,Regata,Regata,1982,Manual,petrol,1600,90,Sedan,FWD,5,european,family
Volkswagen,Golf,Golf,2000,Manual,petrol,1400,150,Hatchback,FWD,5,european,family
Hyundai,Accent,Accent,1999,Manual,petrol,1600,123,Sedan,FWD,5,korean,city
Mercedes,200,200,1979,Manual,petrol,2000,136,Sedan,RWD,5,european,executive
Opel,Vectra,Vectra,1993,Manual,petrol,1800,122,Sedan,FWD,5,european,executive
Suzuki,Swift,Swift,1992,Manual,petrol,1200,83,Hatchback,FWD,5,japanese,city
Hyundai,Verna,Verna,2010,Manual,petrol,1600,123,Sedan,FWD,5,korean,city
Daewoo,Lanos,Lanos,2001,Manual,petrol,1500,86,Sedan,FWD,5,korean,city
Mercedes,200,200,1985,Manual,petrol,2000,136,Sedan,RWD,5,european,executive
Daewoo,Nubira,Nubira,2004,Manual,cng,1600,100,Sedan,FWD,5,korean,family
Fiat,Shahin,Shahin,2000,Manual,diesel,1400,80,Hatchback,FWD,5,european,city
Hyundai,Tucson,Tucson,1996,Manual,petrol,1600,177,SUV,FWD,5,korean,suv
Hyundai,Accent,Accent,2008,Manual,petrol,1600,123,Sedan,FWD,5,korean,city
Daewoo,Nubira,Nubira,2000,Manual,hybrid,1600,100,Sedan,FWD,5,korean,family
Fiat,128,128,1987,Manual,petrol,1100,55,Hatchback,FWD,5,european,city
Kia,Pride,Pride,1999,Manual,petrol,1600,120,Sedan,FWD,5,korean,family
Skoda,Octavia Combi,Octavia,1997,Manual,petrol,1500,150,Sedan,FWD,5,european,family
Hyundai,Tucson,Tucson,1995,Manual,petrol,1600,177,SUV,FWD,5,korean,suv
Speranza,A213,A213,2008,Manual,petrol,1300,65,Hatchback,FWD,5,chinese,city
Lada,Granta,Granta,2016,Manual,petrol,1600,87,Sedan,FWD,5,other,city
Fiat,Grand Punto,Grand Punto,1992,Manual,petrol,1400,77,Hatchback,FWD,5,european,city
Changhe,Super Panda,Super Panda,2018,Manual,petrol,1000,65,Hatchback,FWD,5,chinese,city
Fiat,Shahin,Shahin,2006,Manual,petrol,1400,80,Hatchback,FWD,5,european,city
Hyundai,Tucson,Tucson,2006,Manual,diesel,1600,177,SUV,FWD,5,korean,suv
Fiat,127,127,1982,Manual,petrol,900,47,Hatchback,FWD,4,european,city
Hyundai,Verna,Verna,2013,Manual,cng,1600,123,Sedan,FWD,5,korean,city
Senova,A1,A1,2016,Manual,petrol,1000,67,Hatchback,FWD,5,chinese,city
Geely,Emgrand X7,Emgrand X7,2015,Manual,petrol,2400,137,SUV,FWD,7,chinese,suv
BYD,F3,F3,2017,Manual,cng,1500,109,Sedan,FWD,5,chinese,family
Renault,Logan,Logan,2015,Manual,petrol,1600,84,Sedan,FWD,5,european,family
Peugeot,405,405,2001,Manual,petrol,1600,90,Sedan,FWD,5,european,family
Volkswagen,Pointer,Pointer,2005,Manual,petrol,1400,130,Sedan,FWD,5,european,family
Opel,Astra,Astra,2001,Manual,petrol,1400,150,Hatchback,FWD,5,european,family
Speranza,A113,A113,2008,Manual,diesel,1300,65,Hatchback,FWD,5,chinese,city
Hyundai,Accent,Accent,2006,Manual,petrol,1600,123,Sedan,FWD,5,korean,city
Hyundai,Tucson,Tucson,2008,Manual,petrol,1600,177,SUV,FWD,5,korean,suv
Daewoo,Lanos,Lanos,2007,Manual,petrol,1500,86,Sedan,FWD,5,korean,city
Fiat,Grand Punto,Grand Punto,1998,Manual,petrol,1400,77,Hatchback,FWD,5,european,city
Chevrolet,Spark,Spark,2008,Manual,petrol,1000,68,Hatchback,FWD,4,american,city
Daewoo,Nubira,Nubira,2006,Manual,petrol,1600,100,Sedan,FWD,5,korean,family
BYD,F3,F3,2011,Manual,petrol,1500,109,Sedan,FWD,5,chinese,family
Suzuki,Vitara,Vitara,1990,Manual,petrol,1400,140,SUV,AWD,5,japanese,suv
Chery,A11,A11,2007,Manual,petrol,1100,64,Hatchback,FWD,5,chinese,city
Skoda,Octavia Combi,Octavia,2000,Manual,petrol,1500,150,Sedan,FWD,5,european,family
Chevrolet,Lanos,Lanos,2009,Manual,petrol,1500,86,Sedan,FWD,5,american,city
Suzuki,Grand Vitara,Grand Vitara,2007,Manual,petrol,2400,163,SUV,4WD,5,japanese,suv
Suzuki,Grand Vitara,Grand Vitara,2013,Manual,petrol,2400,163,SUV,4WD,5,japanese,suv
Opel,Corsa,Corsa,2003,Manual,petrol,1200,75,Hatchback,FWD,5,european,city
Volkswagen,Polo,Polo,2005,Manual,petrol,1000,95,Hatchback,FWD,5,european,city
Opel,Astra,Astra,1994,Manual,petrol,1400,150,Hatchback,FWD,5,european,family
Chevrolet,Cruze,Cruze,2010,Manual,diesel,1600,124,Sedan,FWD,5,american,family
Geely,Emgrand,Emgrand,2018,Manual,petrol,1500,107,Sedan,FWD,5,chinese,family
Geely,Emgrand,Emgrand,2019,Manual,petrol,1500,107,Sedan,FWD,5,chinese,family
Fiat,Grand Punto,Grand Punto,1990,Manual,petrol,1400,77,Hatchback,FWD,5,european,city
Volkswagen,Pointer,Pointer,2006,Manual,petrol,1400,130,Sedan,FWD,5,european,family
Hyundai,Tucson,Tucson,1997,Manual,petrol,1600,177,SUV,FWD,5,korean,suv
Seat,Cordoba,Cordoba,2001,Manual,petrol,1600,100,Sedan,FWD,5,european,family
Kia,Carnival MPV,Carnival,1995,Manual,petrol,2200,202,MPV,FWD,8,korean,mpv
Fiat,128,128,2008,Manual,petrol,1100,55,Hatchback,FWD,5,european,city
Daewoo,Lanos,Lanos,2008,Manual,petrol,1500,86,Sedan,FWD,5,korean,city
Fiat,Siena,Siena,2000,Manual,petrol,1400,80,Hatchback,FWD,5,european,city
Hyundai,Accent,Accent,2002,Manual,petrol,1600,123,Sedan,FWD,5,korean,city
BYD,F3,F3,2019,Manual,diesel,1500,109,Sedan,FWD,5,chinese,family
Lada,2105,2105,1995,Manual,petrol,1300,64,Sedan,RWD,5,other,family
Speranza,Chery QQ,Chery QQ,2017,Manual,petrol,1300,70,Hatchback,FWD,5,chinese,city
Chevrolet,Lanos,Lanos,2011,Manual,cng,1500,86,Sedan,FWD,5,american,city
Chevrolet,Lanos,Lanos,2017,Manual,petrol,1500,86,Sedan,FWD,5,american,city
Peugeot,405,405,2003,Manual,petrol,1600,90,Sedan,FWD,5,european,family
Seat,Tarraco,Tarraco,2001,Manual,petrol,1500,150,SUV,FWD,7,european,suv
Chevrolet,Lanos,Lanos,2016,Manual,petrol,1500,86,Sedan,FWD,5,american,city
Daewoo,Leganza,Leganza,2000,Manual,petrol,2000,133,Sedan,FWD,5,korean,executive
Suzuki,Grand Vitara,Grand Vitara,2010,Manual,petrol,2400,163,SUV,4WD,5,japanese,suv
Fiat,131,131,1978,Manual,petrol,1300,65,Sedan,RWD,5,european,family
Fiat,Siena,Siena,2008,Manual,petrol,1400,80,Hatchback,FWD,5,european,city
Seat,Tarraco,Tarraco,2002,Manual,petrol,1500,150,SUV,FWD,7,european,suv
Daewoo,Lanos,Lanos,1996,Manual,petrol,1500,86,Sedan,FWD,5,korean,city
Opel,Vectra,Vectra,1999,Manual,petrol,1800,122,Sedan,FWD,5,european,executive
Lada,2105,2105,1984,Manual,petrol,1300,64,Sedan,RWD,5,other,family
Fiat,131,131,1983,Manual,petrol,1300,65,Sedan,RWD,5,european,family
Peugeot,307 SW,307 SW,2007,Manual,petrol,1400,95,Sedan,FWD,5,european,family
BYD,F3,F3,2018,Manual,petrol,1500,109,Sedan,FWD,5,chinese,family
Peugeot,504,504,1978,Manual,cng,1400,95,Sedan,FWD,5,european,family
Volkswagen,Jetta,Jetta,1990,Manual,petrol,1400,150,Sedan,FWD,5,european,family
Kia,Spectra,Spectra,2003,Manual,petrol,1600,120,Sedan,FWD,5,korean,family
Fiat,128,128,1984,Manual,petrol,1100,55,Hatchback,FWD,5,european,city
Daewoo,Nubira,Nubira,1998,Manual,petrol,1600,100,Sedan,FWD,5,korean,family
Fiat,128,128,1989,Manual,petrol,1100,55,Hatchback,FWD,5,european,city
Peugeot,405,405,1996,Manual,diesel,1600,90,Sedan,FWD,5,european,family
Chevrolet,Lanos,Lanos,2012,Manual,petrol,1500,86,Sedan,FWD,5,american,city
Mahindra,Scorpio,Scorpio,2009,Manual,petrol,2200,140,SUV,4WD,7,other,suv
Fiat,131,131,1979,Manual,cng,1300,65,Sedan,RWD,5,european,family
Opel,Astra,Astra,2000,Manual,petrol,1400,150,Hatchback,FWD,5,european,family
Mitsubishi,Lancer,Lancer,1993,Manual,petrol,1600,113,Sedan,FWD,5,japanese,family
Chevrolet,Aveo,Aveo,2012,Manual,petrol,1400,100,Sedan,FWD,5,american,city
Citroën,Grand C4 Spacetourer,Grand C4 Spacetourer,2003,Manual,petrol,1200,130,MPV,FWD,7,european,mpv
Peugeot,206,206,2011,Manual,petrol,1400,75,Hatchback,FWD,5,european,city
Daewoo,Lanos,Lanos,2010,Manual,cng,1500,86,Sedan,FWD,5,korean,city
Speranza,A113,A113,2010,Manual,petrol,1300,65,Hatchback,FWD,5,chinese,city
Daewoo,Nubira,Nubira,2001,Manual,cng,1600,100,Sedan,FWD,5,korean,family
Proton,Persona,Persona,2006,Manual,petrol,1600,110,Sedan,FWD,5,other,family
Hyundai,Verna,Verna,2009,Manual,petrol,1600,123,Sedan,FWD,5,korean,city
Fiat,Grand Punto,Grand Punto,1995,Manual,petrol,1400,77,Hatchback,FWD,5,european,city
Suzuki,Grand Vitara,Grand Vitara,2018,Manual,petrol,2400,163,SUV,4WD,5,japanese,suv
Peugeot,405,405,1999,Manual,petrol,1600,90,Sedan,FWD,5,european,family
Volkswagen,Golf,Golf,1980,Manual,petrol,1400,150,Hatchback,FWD,5,european,family
Kia,Picanto,Picanto,2008,Manual,petrol,1000,67,Hatchback,FWD,5,korean,city
Daewoo,Nubira,Nubira,2001,Manual,petrol,1600,100,Sedan,FWD,5,korean,family
Chevrolet,Lanos,Lanos,2019,Manual,petrol,1500,86,Sedan,FWD,5,american,city
Nissan,Sunny,Sunny,2007,Manual,petrol,1600,110,Sedan,FWD,5,japanese,family
Chevrolet,Spark,Spark,2010,Manual,diesel,1000,68,Hatchback,FWD,4,american,city
Chevrolet,Lanos,Lanos,2013,Manual,petrol,1500,86,Sedan,FWD,5,american,city
Volkswagen,Polo,Polo,1996,Manual,petrol,1000,95,Hatchback,FWD,5,european,city
Peugeot,405,405,1995,Manual,petrol,1600,90,Sedan,FWD,5,european,family
Speranza,A620,A620,2007,Manual,petrol,2000,145,Sedan,FWD,5,chinese,family
Peugeot,505,505,1980,Manual,petrol,1400,95,Sedan,FWD,5,european,family
Land Rover,Defender,Defender,1993,Manual,diesel,2000,300,SUV,4WD,5,european,luxury_suv
Toyota,Corolla,Corolla,1998,Manual,petrol,1600,122,Sedan,FWD,5,japanese,family
Fiat,Grand Punto,Grand Punto,2002,Manual,petrol,1400,77,Hatchback,FWD,5,european,city
Chery,Tiggo,Tiggo,2010,Manual,petrol,1600,106,SUV,FWD,5,chinese,suv
BMW,518,518,1982,Manual,petrol,2000,170,Sedan,RWD,5,european,executive
Skoda,Octavia,Octavia,1999,Manual,petrol,1500,150,Sedan,FWD,5,european,family
Lada,2107,2107,2010,Manual,cng,1600,75,Sedan,RWD,5,other,family
Renault,Sandero Stepway,Sandero,2023,Manual,petrol,1600,115,Hatchback,FWD,5,european,crossover
Hyundai,Verna,Verna,2015,Manual,petrol,1600,123,Sedan,FWD,5,korean,city
Chery,QQ,QQ,2005,Manual,petrol,800,52,Hatchback,FWD,5,chinese,city
Mitsubishi,Lancer,Lancer,1998,Manual,petrol,1600,113,Sedan,FWD,5,japanese,family
Fiat,Shahin,Shahin,1996,Manual,petrol,1400,80,Hatchback,FWD,5,european,city
Speranza,A516,A516,2008,Manual,cng,1600,109,Sedan,FWD,5,chinese,family
Daewoo,Lanos,Lanos,2002,Manual,cng,1500,86,Sedan,FWD,5,korean,city
Chevrolet,Lanos,Lanos,2014,Manual,petrol,1500,86,Sedan,FWD,5,american,city
Suzuki,Grand Vitara,Grand Vitara,2022,Manual,petrol,2400,163,SUV,4WD,5,japanese,suv
Daewoo,Matiz,Matiz,1999,Manual,petrol,800,52,Hatchback,FWD,4,korean,city
Skoda,Octavia Combi,Octavia,1994,Manual,diesel,1500,150,Sedan,FWD,5,european,family
Toyota,Corolla,Corolla,1992,Manual,petrol,1600,122,Sedan,FWD,5,japanese,family
Geely,Emgrand,Emgrand,2015,Manual,petrol,1500,107,Sedan,FWD,5,chinese,family
Hyundai,Accent,Accent,2005,Manual,petrol,1600,123,Sedan,FWD,5,korean,city
Daewoo,Lanos,Lanos,2003,Manual,petrol,1500,86,Sedan,FWD,5,korean,city
Opel,Corsa,Corsa,2000,Manual,petrol,1200,75,Hatchback,FWD,5,european,city
Daewoo,Lanos,Lanos,1997,Manual,petrol,1500,86,Sedan,FWD,5,korean,city
Geely,Emgrand,Emgrand,2014,Manual,petrol,1500,107,Sedan,FWD,5,chinese,family
Chevrolet,Lanos,Lanos,2019,Manual,cng,1500,86,Sedan,FWD,5,american,city
Volkswagen,Golf,Golf,1977,Manual,petrol,1400,150,Hatchback,FWD,5,european,family
Peugeot,308 SW,308 SW,1992,Manual,cng,1400,95,Sedan,FWD,5,european,family
Hyundai,Tucson,Tucson,1994,Manual,petrol,1600,177,SUV,FWD,5,korean,suv
Fiat,128,128,1988,Manual,petrol,1100,55,Hatchback,FWD,5,european,city
Fiat,Grand Punto,Grand Punto,2000,Manual,cng,1400,77,Hatchback,FWD,5,european,city
Renault,Sandero Stepway,Sandero,1997,Manual,petrol,1600,115,Hatchback,FWD,5,european,crossover
Suzuki,Grand Vitara,Grand Vitara,2014,Manual,petrol,2400,163,SUV,4WD,5,japanese,suv
Nissan,Bluebird,Bluebird,1984,Manual,petrol,1600,103,Sedan,FWD,5,japanese,family
Chevrolet,Optra,Optra,2007,Manual,petrol,1600,109,Sedan,FWD,5,american,family
Chevrolet,Lanos,Lanos,2005,Manual,petrol,1500,86,Sedan,FWD,5,american,city
Volkswagen,Parati,Parati,2005,Manual,petrol,1400,130,Sedan,FWD,5,european,family
Opel,Corsa,Corsa,2004,Manual,petrol,1200,75,Hatchback,FWD,5,european,city
Daewoo,Nubira,Nubira,2000,Manual,petrol,1600,100,Sedan,FWD,5,korean,family
Chevrolet,Aveo,Aveo,2007,Manual,cng,1400,100,Sedan,FWD,5,american,city
Hyundai,Accent,Accent,1999,Manual,diesel,1600,123,Sedan,FWD,5,korean,city
Fiat,128,128,2006,Manual,petrol,1100,55,Hatchback,FWD,5,european,city
BYD,F3,F3,2011,Manual,cng,1500,109,Sedan,FWD,5,chinese,family
Changan,Benni,Benni,2015,Manual,petrol,1000,68,Hatchback,FWD,5,chinese,city
Hyundai,Atos,Atos,2010,Manual,petrol,1000,57,Hatchback,FWD,5,korean,city
Fiat,Punto,Punto,2009,Manual,petrol,1200,69,Hatchback,FWD,5,european,city
Chevrolet,Avalanche,Avalanche,1996,Manual,diesel,5300,320,Pickup,4WD,6,american,truck
Mercedes,200,200,1976,Manual,petrol,2000,136,Sedan,RWD,5,european,executive
Mazda,323,323,1981,Manual,petrol,1600,98,Sedan,FWD,5,japanese,family
Speranza,A516,A516,2011,Manual,petrol,1600,109,Sedan,FWD,5,chinese,family
Speranza,M11,M11,2012,Manual,diesel,1100,73,Hatchback,FWD,5,chinese,city
Citroën,Grand C4 Spacetourer,Grand C4 Spacetourer,2005,Manual,petrol,1200,130,MPV,FWD,7,european,mpv
Daewoo,Nubira,Nubira,2005,Manual,petrol,1600,100,Sedan,FWD,5,korean,family
Hyundai,Tucson,Tucson,1990,Manual,diesel,1600,177,SUV,FWD,5,korean,suv
Renault,Clio,Clio,2003,Manual,petrol,1000,90,Hatchback,FWD,5,european,city
Speranza,A516,A516,2010,Manual,cng,1600,109,Sedan,FWD,5,chinese,family
Kia,Picanto,Picanto,2006,Manual,petrol,1000,67,Hatchback,FWD,5,korean,city
Hyundai,Tucson,Tucson,1990,Manual,petrol,1600,177,SUV,FWD,5,korean,suv
Fiat,128,128,1983,Manual,petrol,1100,55,Hatchback,FWD,5,european,city
Daewoo,Nubira,Nubira,2008,Manual,petrol,1600,100,Sedan,FWD,5,korean,family
Lada,2107,2107,1980,Manual,petrol,1600,75,Sedan,RWD,5,other,family
Changan,Benni Mini,Benni Mini,2013,Manual,petrol,1000,68,Hatchback,FWD,4,chinese,city
Fiat,132,132,1980,Manual,petrol,1600,95,Sedan,RWD,5,european,family
Daewoo,Nubira,Nubira,1997,Manual,petrol,1600,100,Sedan,FWD,5,korean,family
Hyundai,Verna,Verna,2010,Manual,cng,1600,123,Sedan,FWD,5,korean,city
Seat,Tarraco,Tarraco,1993,Manual,petrol,1500,150,SUV,FWD,7,european,suv
Skoda,Felicia,Felicia,1997,Manual,petrol,1300,68,Hatchback,FWD,5,european,city
Fiat,128,128,1982,Manual,petrol,1100,55,Hatchback,FWD,5,european,city
Fiat,132,132,1979,Manual,cng,1600,95,Sedan,RWD,5,european,family
BYD,F3,F3,2007,Manual,petrol,1500,109,Sedan,FWD,5,chinese,family
Fiat,Punto,Punto,2000,Manual,petrol,1200,69,Hatchback,FWD,5,european,city
Seat,Ibiza,Ibiza,2001,Manual,petrol,1000,95,Hatchback,FWD,5,european,city
Fiat,127,127,1977,Manual,petrol,900,47,Hatchback,FWD,4,european,city
Hyundai,Tucson,Tucson,2010,Manual,petrol,1600,177,SUV,FWD,5,korean,suv
Kia,Rio,Rio,2008,Manual,petrol,1400,100,Sedan,FWD,5,korean,city
Suzuki,Swift,Swift,1993,Manual,petrol,1200,83,Hatchback,FWD,5,japanese,city
Hyundai,Tucson,Tucson,1998,Manual,petrol,1600,177,SUV,FWD,5,korean,suv
Peugeot,307,307,2005,Manual,petrol,1400,95,Sedan,FWD,5,european,family
Suzuki,Grand Vitara,Grand Vitara,2005,Manual,petrol,2400,163,SUV,4WD,5,japanese,suv
Hyundai,Coupe,Coupe,2005,Manual,petrol,1600,120,Sedan,FWD,5,korean,family
Fiat,Palio,Palio,2007,Manual,petrol,1400,80,Hatchback,FWD,5,european,city
Lada,2110,2110,2007,Manual,petrol,1600,79,Sedan,FWD,5,other,family
Skoda,Octavia Combi,Octavia,1996,Manual,petrol,1500,150,Sedan,FWD,5,european,family
Fiat,128,128,1991,Manual,petrol,1100,55,Hatchback,FWD,5,european,city
Fiat,Punto,Punto,2001,Manual,petrol,1200,69,Hatchback,FWD,5,european,city
Peugeot,504,504,1979,Manual,petrol,1400,95,Sedan,FWD,5,european,family
Fiat,Grand Punto,Grand Punto,2000,Manual,petrol,1400,77,Hatchback,FWD,5,european,city
Hyundai,Accent,Accent,1997,Manual,petrol,1600,123,Sedan,FWD,5,korean,city
Nissan,Sunny,Sunny,2000,Manual,petrol,1600,110,Sedan,FWD,5,japanese,family
Toyota,Corolla Cross,Corolla Cross,2007,Manual,petrol,1600,120,Sedan,FWD,5,japanese,family
Lada,Samara,Samara,2006,Manual,petrol,1500,70,Hatchback,FWD,5,other,city
Speranza,A516,A516,2008,Manual,petrol,1600,109,Sedan,FWD,5,chinese,family
Chevrolet,Avalanche,Avalanche,2009,Manual,diesel,5300,320,Pickup,4WD,6,american,truck
Lada,2107,2107,2007,Manual,petrol,1600,75,Sedan,RWD,5,other,family
Citroën,Grand C4 Spacetourer,Grand C4 Spacetourer,2004,Manual,petrol,1200,130,MPV,FWD,7,european,mpv
Speranza,A113,A113,2012,Manual,petrol,1300,65,Hatchback,FWD,5,chinese,city
Hyundai,Verna,Verna,2007,Manual,diesel,1600,123,Sedan,FWD,5,korean,city
Skoda,Octavia Combi,Octavia,1995,Manual,petrol,1500,150,Sedan,FWD,5,european,family
Kia,Carnival MPV,Carnival,2004,Manual,petrol,2200,202,MPV,FWD,8,korean,mpv
Chevrolet,Aveo,Aveo,2009,Manual,petrol,1400,100,Sedan,FWD,5,american,city
Speranza,A516,A516,2007,Manual,petrol,1600,109,Sedan,FWD,5,chinese,family
Hyundai,Atos,Atos,2009,Manual,petrol,1000,57,Hatchback,FWD,5,korean,city
Speranza,Tiggo,Tiggo,2009,Manual,petrol,1300,70,Hatchback,FWD,5,chinese,city
Chevrolet,Aveo,Aveo,2013,Manual,petrol,1400,100,Sedan,FWD,5,american,city
Jeep,Cherokee,Cherokee,1993,Manual,petrol,2400,184,SUV,4WD,5,american,suv
Hyundai,Verna,Verna,2012,Manual,petrol,1600,123,Sedan,FWD,5,korean,city
Hyundai,Accent,Accent,2001,Manual,petrol,1600,123,Sedan,FWD,5,korean,city
Chery,Arrizo 5 Pro,Arrizo 5,2025,Manual,petrol,1500,147,Sedan,FWD,5,chinese,family
Citroën,C3,C3,2004,Manual,petrol,1200,83,Hatchback,FWD,5,european,city
Hyundai,Accent,Accent,1998,Manual,petrol,1600,123,Sedan,FWD,5,korean,city
Mitsubishi,Lancer,Lancer,1991,Manual,petrol,1600,113,Sedan,FWD,5,japanese,family
Skoda,Octavia,Octavia,2000,Manual,petrol,1500,150,Sedan,FWD,5,european,family
BYD,F3,F3,2019,Manual,cng,1500,109,Sedan,FWD,5,chinese,family
Chevrolet,Avalanche,Avalanche,2007,Manual,diesel,5300,320,Pickup,4WD,6,american,truck
Fiat,Grand Punto,Grand Punto,2001,Manual,petrol,1400,77,Hatchback,FWD,5,european,city
Volkswagen,Golf,Golf,1992,Manual,petrol,1400,150,Hatchback,FWD,5,european,family
Fiat,Grand Punto,Grand Punto,1997,Manual,petrol,1400,77,Hatchback,FWD,5,european,city
Ford,Fiesta,Fiesta,1997,Manual,petrol,1000,100,Hatchback,FWD,5,american,city
Fiat,Grand Punto,Grand Punto,2016,Manual,petrol,1400,77,Hatchback,FWD,5,european,city
Lada,Samara,Samara,1984,Manual,petrol,1500,70,Hatchback,FWD,5,other,city
Suzuki,Swift,Swift,1999,Manual,petrol,1200,83,Hatchback,FWD,5,japanese,city
Speranza,A516,A516,2009,Manual,petrol,1600,109,Sedan,FWD,5,chinese,family
Brilliance,FRV,FRV,2010,Manual,petrol,1600,116,Hatchback,FWD,5,chinese,family
Volkswagen,Jetta,Jetta,1989,Manual,petrol,1400,150,Sedan,FWD,5,european,family
Volkswagen,Polo,Polo,2004,Manual,petrol,1000,95,Hatchback,FWD,5,european,city
Hyundai,Getz,Getz,2009,Manual,petrol,1400,97,Hatchback,FWD,5,korean,city
Renault,Logan,Logan,2017,Manual,cng,1600,84,Sedan,FWD,5,european,family
Skoda,Octavia Combi,Octavia,1994,Manual,petrol,1500,150,Sedan,FWD,5,european,family
Seat,Ibiza,Ibiza,1992,Manual,petrol,1000,95,Hatchback,FWD,5,european,city
Suzuki,Grand Vitara,Grand Vitara,2016,Manual,petrol,2400,163,SUV,4WD,5,japanese,suv
Kia,Pride,Pride,1996,Manual,petrol,1600,120,Sedan,FWD,5,korean,family
Daewoo,Lanos,Lanos,2002,Manual,petrol,1500,86,Sedan,FWD,5,korean,city
Jeep,Cherokee,Cherokee,1994,Manual,petrol,2400,184,SUV,4WD,5,american,suv
Chery,QQ,QQ,2007,Manual,petrol,800,52,Hatchback,FWD,5,chinese,city
DFSK,Glory,Glory,2022,Manual,petrol,1500,150,SUV,FWD,5,chinese,suv
Ford,Bronco Raptor,Bronco Raptor,2010,Manual,petrol,3000,418,SUV,4WD,5,american,suv
Mitsubishi,Lancer,Lancer,1996,Manual,petrol,1600,113,Sedan,FWD,5,japanese,family
Daewoo,Nubira,Nubira,1999,Manual,petrol,1600,100,Sedan,FWD,5,korean,family
Hyundai,Verna,Verna,2016,Manual,petrol,1600,123,Sedan,FWD,5,korean,city
BAIC,EU5 Plus,EU5 Plus,2000,Automatic,electric,0,163,Sedan,FWD,5,chinese,family
Fiat,127,127,1984,Manual,petrol,900,47,Hatchback,FWD,4,european,city
Fiat,131,131,1976,Manual,petrol,1300,65,Sedan,RWD,5,european,family
Skoda,Octavia Combi,Octavia,1998,Manual,petrol,1500,150,Sedan,FWD,5,european,family
Renault,Sandero Stepway,Sandero,1989,Manual,petrol,1600,115,Hatchback,FWD,5,european,crossover
Peugeot,206,206,2000,Manual,petrol,1400,75,Hatchback,FWD,5,european,city
Lada,2107,2107,2005,Manual,petrol,1600,75,Sedan,RWD,5,other,family
Volkswagen,Polo,Polo,1986,Manual,petrol,1400,80,Hatchback,FWD,5,european,city
Zotye,Xplosion,Xplosion,2008,Manual,petrol,1800,150,SUV,FWD,5,chinese,suv
Fiat,131,131,1977,Manual,petrol,1300,65,Sedan,RWD,5,european,family
Honda,Accord,Accord,2003,Manual,petrol,1500,192,Sedan,FWD,5,japanese,executive
Kia,Cerato,Cerato,2010,Manual,petrol,1600,123,Sedan,FWD,5,korean,family
Seat,Tarraco,Tarraco,1998,Manual,petrol,1500,150,SUV,FWD,7,european,suv
Lada,2107,2107,2011,Manual,petrol,1600,75,Sedan,RWD,5,other,family
Fiat,Shahin,Shahin,2007,Manual,petrol,1400,80,Hatchback,FWD,5,european,city
Volkswagen,Polo,Polo,2003,Manual,petrol,1000,95,Hatchback,FWD,5,european,city
Daewoo,Lanos,Lanos,2005,Manual,cng,1500,86,Sedan,FWD,5,korean,city
Skoda,Fabia,Fabia,2005,Manual,petrol,1000,95,Hatchback,FWD,5,european,city
Renault,Logan,Logan,2009,Manual,petrol,1600,84,Sedan,FWD,5,european,family
Volkswagen,Transporter,Transporter,2006,Manual,petrol,1400,130,Van,FWD,8,european,van
Chevrolet,Lanos,Lanos,2001,Manual,petrol,1500,86,Sedan,FWD,5,american,city
Kia,Rio,Rio,2003,Manual,petrol,1400,100,Sedan,FWD,5,korean,city
Fiat,Palio,Palio,2006,Manual,petrol,1400,80,Hatchback,FWD,5,european,city
Speranza,M11,M11,2010,Manual,petrol,1100,73,Hatchback,FWD,5,chinese,city
Fiat,Tipo,Tipo,2020,Manual,petrol,1600,110,Sedan,FWD,5,european,family
Changhe,Super Panda,Super Panda,2016,Manual,petrol,1000,65,Hatchback,FWD,5,chinese,city
Fiat,128,128,2009,Manual,petrol,1100,55,Hatchback,FWD,5,european,city
Toyota,Corona,Corona,1994,Manual,petrol,1600,120,Sedan,FWD,5,japanese,family
Hyundai,Accent,Accent,2009,Manual,petrol,1600,123,Sedan,FWD,5,korean,city
Suzuki,Alto,Alto,2007,Manual,petrol,1000,67,Hatchback,FWD,5,japanese,city
Citroën,C3,C3,2007,Manual,petrol,1200,83,Hatchback,FWD,5,european,city
Seat,Tarraco,Tarraco,2006,Manual,petrol,1500,150,SUV,FWD,7,european,suv
Geely,Emgrand,Emgrand,2014,Manual,diesel,1500,107,Sedan,FWD,5,chinese,family
Daewoo,Nubira,Nubira,2004,Manual,petrol,1600,100,Sedan,FWD,5,korean,family
Hyundai,Verna,Verna,2009,Manual,diesel,1600,123,Sedan,FWD,5,korean,city
Renault,Clio,Clio,2005,Manual,petrol,1000,90,Hatchback,FWD,5,european,city
Geely,Emgrand 7,Emgrand 7,2015,Manual,petrol,1800,132,Sedan,FWD,5,chinese,family
Lada,2107,2107,2002,Manual,petrol,1600,75,Sedan,RWD,5,other,family
Chevrolet,Aveo,Aveo,2008,Manual,petrol,1400,100,Sedan,FWD,5,american,city
Hyundai,Matrix,Matrix,2007,Manual,petrol,1600,120,MPV,FWD,5,korean,mpv
Fiat,128,128,1981,Manual,petrol,1100,55,Hatchback,FWD,5,european,city
Daewoo,Lanos,Lanos,2000,Manual,diesel,1500,86,Sedan,FWD,5,korean,city
Chevrolet,Spark,Spark,2009,Manual,petrol,1000,68,Hatchback,FWD,4,american,city
Hyundai,Atos,Atos,1998,Manual,petrol,1000,57,Hatchback,FWD,5,korean,city
Chevrolet,Aveo,Aveo,2009,Manual,cng,1400,100,Sedan,FWD,5,american,city
Fiat,132,132,1976,Manual,petrol,1600,95,Sedan,RWD,5,european,family
Renault,Logan,Logan,2011,Manual,cng,1600,84,Sedan,FWD,5,european,family
Skoda,Octavia,Octavia,2001,Manual,petrol,1500,150,Sedan,FWD,5,european,family
Fiat,Grand Punto,Grand Punto,1994,Manual,petrol,1400,77,Hatchback,FWD,5,european,city
Daewoo,Lanos,Lanos,2006,Manual,petrol,1500,86,Sedan,FWD,5,korean,city
Opel,Corsa,Corsa,2003,Manual,cng,1200,75,Hatchback,FWD,5,european,city
Volkswagen,Golf,Golf,1995,Manual,diesel,1400,150,Hatchback,FWD,5,european,family
Daewoo,Lanos,Lanos,2005,Manual,diesel,1500,86,Sedan,FWD,5,korean,city
Brilliance,FRV,FRV,2013,Manual,petrol,1600,116,Hatchback,FWD,5,chinese,family
Renault,Sandero Stepway,Sandero,2012,Manual,petrol,1600,115,Hatchback,FWD,5,european,crossover
BYD,F3,F3,2008,Manual,petrol,1500,109,Sedan,FWD,5,chinese,family
Fiat,Grand Punto,Grand Punto,1981,Manual,petrol,1400,77,Hatchback,FWD,5,european,city
Nissan,Sunny,Sunny,2009,Manual,petrol,1600,110,Sedan,FWD,5,japanese,family
Seat,Ibiza,Ibiza,1998,Manual,petrol,1000,95,Hatchback,FWD,5,european,city
Renault,Clio,Clio,2008,Manual,petrol,1000,90,Hatchback,FWD,5,european,city
Chevrolet,Lanos,Lanos,2015,Manual,petrol,1500,86,Sedan,FWD,5,american,city
Peugeot,504,504,1978,Manual,petrol,1400,95,Sedan,FWD,5,european,family
Mercedes,230,230,1979,Manual,petrol,2300,150,Sedan,RWD,5,european,executive
Seat,Cordoba,Cordoba,2007,Manual,petrol,1600,100,Sedan,FWD,5,european,family
BAIC,EU5 Plus,EU5 Plus,2005,Automatic,electric,0,163,Sedan,FWD,5,chinese,family
Mercedes,GLC200,GLC,1986,Manual,petrol,1500,197,SUV,4WD,5,european,luxury_suv
Hyundai,Verna,Verna,2012,Manual,cng,1600,123,Sedan,FWD,5,korean,city
Hyundai,I10,I10,2012,Manual,petrol,1000,67,Hatchback,FWD,5,korean,city
Fiat,Grand Punto,Grand Punto,1993,Manual,petrol,1400,77,Hatchback,FWD,5,european,city
Daewoo,Lanos,Lanos,2005,Manual,petrol,1500,86,Sedan,FWD,5,korean,city
Chevrolet,Lanos,Lanos,2013,Manual,cng,1500,86,Sedan,FWD,5,american,city
Renault,Logan,Logan,2011,Manual,petrol,1600,84,Sedan,FWD,5,european,family
Suzuki,Swift,Swift,1995,Manual,petrol,1200,83,Hatchback,FWD,5,japanese,city
Renault,Clio,Clio,2001,Manual,petrol,1000,90,Hatchback,FWD,5,european,city
Kia,Pride,Pride,1997,Manual,petrol,1600,120,Sedan,FWD,5,korean,family
Hyundai,Tucson,Tucson,1999,Manual,petrol,1600,177,SUV,FWD,5,korean,suv
Chevrolet,Aveo,Aveo,2010,Manual,petrol,1400,100,Sedan,FWD,5,american,city
Seat,Tarraco,Tarraco,2000,Manual,petrol,1500,150,SUV,FWD,7,european,suv
Mazda,323,323,1982,Manual,petrol,1600,98,Sedan,FWD,5,japanese,family
FAW,X40,X40,2013,Manual,petrol,1600,120,SUV,FWD,5,chinese,suv
Kia,Pride,Pride,2009,Manual,petrol,1600,120,Sedan,FWD,5,korean,family
Daewoo,Nubira,Nubira,2009,Manual,petrol,1600,100,Sedan,FWD,5,korean,family
Nissan,Bluebird,Bluebird,2019,Manual,petrol,1600,103,Sedan,FWD,5,japanese,family
Chevrolet,Aveo,Aveo,2006,Manual,petrol,1400,100,Sedan,FWD,5,american,city
Speranza,Tiggo,Tiggo,2010,Manual,petrol,1300,70,Hatchback,FWD,5,chinese,city
Fiat,127,127,1986,Manual,petrol,900,47,Hatchback,FWD,4,european,city
Lada,Granta,Granta,2017,Manual,petrol,1600,87,Sedan,FWD,5,other,city
Chevrolet,Lanos,Lanos,2018,Manual,petrol,1500,86,Sedan,FWD,5,american,city
BYD,F3,F3,2019,Manual,petrol,1500,109,Sedan,FWD,5,chinese,family
Fiat,Grand Punto,Grand Punto,2004,Manual,petrol,1400,77,Hatchback,FWD,5,european,city
Opel,Vectra,Vectra,2002,Manual,petrol,1800,122,Sedan,FWD,5,european,executive
Lada,2107,2107,2011,Manual,cng,1600,75,Sedan,RWD,5,other,family
Hyundai,I10,I10,2010,Manual,petrol,1000,67,Hatchback,FWD,5,korean,city
Hyundai,Accent,Accent,2007,Manual,petrol,1600,123,Sedan,FWD,5,korean,city
Seat,Tarraco,Tarraco,1992,Manual,petrol,1500,150,SUV,FWD,7,european,suv
BMW,520i,5 Series,1992,Manual,petrol,2000,184,Sedan,RWD,5,european,executive
Chevrolet,Optra,Optra,2008,Manual,petrol,1600,109,Sedan,FWD,5,american,family
Ford,Fiesta,Fiesta,1999,Manual,petrol,1000,100,Hatchback,FWD,5,american,city
Suzuki,Grand Vitara,Grand Vitara,2015,Manual,petrol,2400,163,SUV,4WD,5,japanese,suv
Hyundai,Verna,Verna,2013,Manual,petrol,1600,123,Sedan,FWD,5,korean,city
Brilliance,FSV,FSV,2011,Manual,petrol,1600,116,Sedan,FWD,5,chinese,family
Brilliance,FRV,FRV,2012,Manual,petrol,1600,116,Hatchback,FWD,5,chinese,family
BMW,316,3 Series,2009,Manual,petrol,1600,116,Sedan,RWD,5,european,executive
Suzuki,Grand Vitara,Grand Vitara,2006,Manual,petrol,2400,163,SUV,4WD,5,japanese,suv
Proton,Persona,Persona,2000,Manual,petrol,1600,110,Sedan,FWD,5,other,family
Mercedes,230,230,1977,Manual,petrol,2300,150,Sedan,RWD,5,european,executive
Opel,Vectra,Vectra,2001,Manual,petrol,1800,122,Sedan,FWD,5,european,executive
Opel,Astra,Astra,2006,Manual,petrol,1400,150,Hatchback,FWD,5,european,family
Seat,Tarraco,Tarraco,1994,Manual,petrol,1500,150,SUV,FWD,7,european,suv
Hyundai,Verna,Verna,2008,Manual,cng,1600,123,Sedan,FWD,5,korean,city
Renault,19,19,1999,Manual,petrol,1600,90,Sedan,FWD,5,european,family
Volkswagen,Transporter,Transporter,2000,Manual,petrol,1400,130,Van,FWD,8,european,van
Mercedes,200,200,1980,Manual,petrol,2000,136,Sedan,RWD,5,european,executive
Saipa,Pride,Pride,2014,Manual,petrol,800,44,Hatchback,FWD,4,other,city
Fiat,128,128,1976,Manual,petrol,1100,55,Hatchback,FWD,5,european,city
Renault,Clio,Clio,2002,Manual,petrol,1000,90,Hatchback,FWD,5,european,city
Hyundai,Verna,Verna,2008,Manual,petrol,1600,123,Sedan,FWD,5,korean,city
Peugeot,407,407,2008,Manual,petrol,1400,95,Sedan,FWD,5,european,family
Mercedes,200,200,1981,Manual,petrol,2000,136,Sedan,RWD,5,european,executive
Suzuki,Alto,Alto,2020,Manual,petrol,1000,67,Hatchback,FWD,5,japanese,city
Mitsubishi,Lancer,Lancer,1990,Manual,petrol,1600,113,Sedan,FWD,5,japanese,family
Fiat,128,128,1980,Manual,petrol,1100,55,Hatchback,FWD,5,european,city
Fiat,128,128,1998,Manual,petrol,1100,55,Hatchback,FWD,5,european,city
Ford,Bronco Raptor,Bronco Raptor,1999,Manual,petrol,3000,418,SUV,4WD,5,american,suv
Suzuki,Grand Vitara,Grand Vitara,2009,Manual,petrol,2400,163,SUV,4WD,5,japanese,suv
Lada,2107,2107,2008,Manual,petrol,1600,75,Sedan,RWD,5,other,family
Brilliance,FSV,FSV,2013,Manual,petrol,1600,116,Sedan,FWD,5,chinese,family
Chevrolet,Aveo,Aveo,2010,Manual,diesel,1400,100,Sedan,FWD,5,american,city
Mitsubishi,Lancer,Lancer,2008,Manual,petrol,1600,113,Sedan,FWD,5,japanese,family
Hyundai,Atos,Atos,2008,Manual,petrol,1000,57,Hatchback,FWD,5,korean,city
Chevrolet,Aveo,Aveo,2011,Manual,petrol,1400,100,Sedan,FWD,5,american,city
Opel,Astra,Astra,2001,Manual,diesel,1400,150,Hatchback,FWD,5,european,family
Fiat,Shahin,Shahin,2005,Manual,petrol,1400,80,Hatchback,FWD,5,european,city
Speranza,A113,A113,2008,Manual,petrol,1300,65,Hatchback,FWD,5,chinese,city
Fiat,Grand Punto,Grand Punto,1981,Manual,hybrid,1400,77,Hatchback,FWD,5,european,city
Volkswagen,Passat,Passat,1999,Manual,cng,1800,150,Sedan,FWD,5,european,executive
Kia,Pride,Pride,1998,Manual,petrol,1600,120,Sedan,FWD,5,korean,family
Volkswagen,Polo,Polo,1989,Manual,petrol,1400,80,Hatchback,FWD,5,european,city
Suzuki,Grand Vitara,Grand Vitara,2003,Manual,petrol,2400,163,SUV,4WD,5,japanese,suv
Fiat,127,127,1987,Manual,petrol,900,47,Hatchback,FWD,4,european,city
Great Wall,Peri,Peri,2009,Manual,petrol,1300,90,Hatchback,FWD,5,chinese,city
Hyundai,Tucson,Tucson,2005,Manual,petrol,1600,177,SUV,FWD,5,korean,suv
Volkswagen,Polo,Polo,2009,Manual,petrol,1000,95,Hatchback,FWD,5,european,city
Hyundai,Verna,Verna,2017,Manual,petrol,1600,123,Sedan,FWD,5,korean,city
Opel,Vectra,Vectra,1997,Manual,petrol,1800,122,Sedan,FWD,5,european,executive
Ford,Bronco Raptor,Bronco Raptor,1998,Manual,petrol,3000,418,SUV,4WD,5,american,suv
Suzuki,Alto,Alto,2009,Manual,petrol,1000,67,Hatchback,FWD,5,japanese,city
Volkswagen,Golf,Golf,1990,Manual,petrol,1400,150,Hatchback,FWD,5,european,family
Saipa,Tiba,Tiba,2014,Manual,petrol,1500,90,Hatchback,FWD,5,other,city
Volkswagen,Polo,Polo,2001,Manual,petrol,1000,95,Hatchback,FWD,5,european,city
Skoda,Fabia,Fabia,2002,Manual,petrol,1000,95,Hatchback,FWD,5,european,city
Lada,Granta,Granta,2019,Manual,petrol,1600,87,Sedan,FWD,5,other,city
Nissan,Sunny,Sunny,2008,Manual,petrol,1600,110,Sedan,FWD,5,japanese,family
BYD,F3,F3,2018,Manual,cng,1500,109,Sedan,FWD,5,chinese,family
Fiat,Punto,Punto,1995,Manual,petrol,1200,69,Hatchback,FWD,5,european,city
Daewoo,Lanos,Lanos,2000,Manual,petrol,1500,86,Sedan,FWD,5,korean,city
Opel,Vectra,Vectra,1996,Manual,cng,1800,122,Sedan,FWD,5,european,executive
Lada,Samara,Samara,1992,Manual,petrol,1500,70,Hatchback,FWD,5,other,city
Fiat,Regata,Regata,1985,Manual,petrol,1600,90,Sedan,FWD,5,european,family
Honda,Accord,Accord,1993,Manual,petrol,1500,192,Sedan,FWD,5,japanese,executive
Mercedes,200,200,1975,Manual,petrol,2000,136,Sedan,RWD,5,european,executive
Fiat,Grand Punto,Grand Punto,2007,Manual,cng,1400,77,Hatchback,FWD,5,european,city
Renault,Clio,Clio,2002,Manual,diesel,1000,90,Hatchback,FWD,5,european,city
Hyundai,Excel,Excel,1995,Manual,petrol,1600,120,Sedan,FWD,5,korean,family
Fiat,Siena,Siena,2003,Manual,petrol,1400,80,Hatchback,FWD,5,european,city
Opel,Corsa,Corsa,1995,Manual,diesel,1200,75,Hatchback,FWD,5,european,city
Senova,A1,A1,2008,Manual,petrol,1000,67,Hatchback,FWD,5,chinese,city
Geely,Emgrand 7,Emgrand 7,2017,Manual,petrol,1800,132,Sedan,FWD,5,chinese,family
Volkswagen,Polo,Polo,1999,Manual,petrol,1000,95,Hatchback,FWD,5,european,city
Daihatsu,Grand Terios,Terios,1990,Manual,petrol,1500,105,SUV,4WD,7,japanese,suv
Volkswagen,Polo,Polo,2000,Manual,petrol,1000,95,Hatchback,FWD,5,european,city
Nissan,Sunny,Sunny,1999,Manual,petrol,1600,110,Sedan,FWD,5,japanese,family
Chevrolet,Cruze,Cruze,2010,Manual,petrol,1600,124,Sedan,FWD,5,american,family
Chevrolet,Optra,Optra,2009,Manual,petrol,1600,109,Sedan,FWD,5,american,family
Suzuki,Baleno,Baleno,1999,Manual,petrol,1200,90,Hatchback,FWD,5,japanese,city
Lada,2107,2107,2010,Manual,petrol,1600,75,Sedan,RWD,5,other,family
Speranza,A516,A516,2010,Manual,petrol,1600,109,Sedan,FWD,5,chinese,family
Toyota,Corolla,Corolla,1999,Manual,petrol,1600,122,Sedan,FWD,5,japanese,family
Daewoo,Nubira,Nubira,2003,Manual,petrol,1600,100,Sedan,FWD,5,korean,family
Suzuki,Grand Vitara,Grand Vitara,2008,Manual,petrol,2400,163,SUV,4WD,5,japanese,suv
Lada,Samara,Samara,2008,Manual,cng,1500,70,Hatchback,FWD,5,other,city
Chevrolet,Pickup,Pickup,1986,Manual,diesel,1600,110,Sedan,FWD,5,american,family
Speranza,A516,A516,2010,Manual,diesel,1600,109,Sedan,FWD,5,chinese,family
Hyundai,Accent,Accent,2010,Manual,petrol,1600,123,Sedan,FWD,5,korean,city
Speranza,Chery QQ,Chery QQ,2018,Manual,petrol,1300,70,Hatchback,FWD,5,chinese,city
Geely,Ck,Ck,2008,Manual,petrol,1300,83,Sedan,FWD,5,chinese,city
BYD,F3,F3,2013,Manual,petrol,1500,109,Sedan,FWD,5,chinese,family
Volkswagen,Transporter,Transporter,2008,Manual,petrol,1400,130,Van,FWD,8,european,van
Hyundai,I10,I10,2009,Manual,petrol,1000,67,Hatchback,FWD,5,korean,city
Fiat,Punto,Punto,2003,Manual,petrol,1200,69,Hatchback,FWD,5,european,city
Fiat,128,128,1985,Manual,petrol,1100,55,Hatchback,FWD,5,european,city
Fiat,128,128,1997,Manual,petrol,1100,55,Hatchback,FWD,5,european,city
Hyundai,Tucson,Tucson,2002,Manual,petrol,1600,177,SUV,FWD,5,korean,suv
Speranza,A516,A516,2009,Manual,cng,1600,109,Sedan,FWD,5,chinese,family
Geely,Emgrand X7,Emgrand X7,2009,Manual,petrol,2400,137,SUV,FWD,7,chinese,suv
Toyota,Corolla Cross,Corolla Cross,2008,Manual,petrol,1600,120,Sedan,FWD,5,japanese,family
Chevrolet,Spark,Spark,2012,Manual,petrol,1000,68,Hatchback,FWD,4,american,city
Kia,Rio,Rio,2001,Manual,petrol,1400,100,Sedan,FWD,5,korean,city
Fiat,Siena,Siena,2004,Manual,petrol,1400,80,Hatchback,FWD,5,european,city
Mitsubishi,Lancer,Lancer,1998,Manual,diesel,1600,113,Sedan,FWD,5,japanese,family
Honda,Civic,Civic,1992,Manual,petrol,1500,182,Sedan,FWD,5,japanese,family
Toyota,Corolla,Corolla,1984,Manual,petrol,1600,122,Sedan,FWD,5,japanese,family
Kia,Shuma,Shuma,1998,Manual,petrol,1600,120,Sedan,FWD,5,korean,family
Changhe,Super Panda,Super Panda,2009,Manual,petrol,1000,65,Hatchback,FWD,5,chinese,city
Geely,X7,X7,2016,Manual,petrol,2400,137,SUV,FWD,7,chinese,suv
Toyota,Yaris,Yaris,2009,Manual,petrol,1500,107,Hatchback,FWD,5,japanese,city
Fiat,Grand Punto,Grand Punto,1983,Manual,petrol,1400,77,Hatchback,FWD,5,european,city
Fiat,Dogan,Dogan,1995,Manual,petrol,1400,80,Hatchback,FWD,5,european,city
Mitsubishi,Lancer,Lancer,1992,Manual,petrol,1600,113,Sedan,FWD,5,japanese,family
Nissan,Sunny,Sunny,1999,Manual,cng,1600,110,Sedan,FWD,5,japanese,family
Fiat,128,128,1975,Manual,petrol,1100,55,Hatchback,FWD,5,european,city
Suzuki,Grand Vitara,Grand Vitara,1985,Manual,petrol,2400,163,SUV,4WD,5,japanese,suv
Mazda,323,323,1984,Manual,petrol,1600,98,Sedan,FWD,5,japanese,family
Geely,Emgrand X7,Emgrand X7,2008,Manual,petrol,2400,137,SUV,FWD,7,chinese,suv
Opel,Grandland,Grandland,1998,Manual,petrol,1200,130,SUV,FWD,5,european,suv
Volkswagen,Caddy,Caddy,2008,Manual,petrol,2000,122,Van,FWD,5,european,van
Speranza,M12,M12,2011,Manual,petrol,1300,70,Hatchback,FWD,5,chinese,city
Renault,Logan,Logan,2020,Manual,petrol,1600,84,Sedan,FWD,5,european,family
Mitsubishi,Lancer,Lancer,1999,Manual,petrol,1600,113,Sedan,FWD,5,japanese,family
Fiat,Tipo,Tipo,2021,Manual,petrol,1600,110,Sedan,FWD,5,european,family
Volkswagen,Beetle,Beetle,1980,Manual,petrol,1400,150,Coupe,FWD,4,european,sport
Fiat,Shahin,Shahin,1999,Manual,petrol,1400,80,Hatchback,FWD,5,european,city
Nissan,Sunny,Sunny,1994,Manual,petrol,1600,110,Sedan,FWD,5,japanese,family
Chevrolet,Spark,Spark,2007,Manual,petrol,1000,68,Hatchback,FWD,4,american,city
Hyundai,Matrix,Matrix,2006,Manual,petrol,1600,120,MPV,FWD,5,korean,mpv
Hyundai,I10,I10,2008,Manual,petrol,1000,67,Hatchback,FWD,5,korean,city
Peugeot,405,405,1994,Manual,petrol,1600,90,Sedan,FWD,5,european,family
Fiat,127,127,1983,Manual,petrol,900,47,Hatchback,FWD,4,european,city
Suzuki,Alto,Alto,2008,Manual,petrol,1000,67,Hatchback,FWD,5,japanese,city
Opel,Corsa,Corsa,1999,Manual,petrol,1200,75,Hatchback,FWD,5,european,city
Chevrolet,Avalanche,Avalanche,1985,Manual,petrol,5300,320,Pickup,4WD,6,american,truck
Peugeot,405,405,2009,Manual,petrol,1600,90,Sedan,FWD,5,european,family
Lada,2107,2107,1998,Manual,petrol,1600,75,Sedan,RWD,5,other,family
Lada,Granta,Granta,2020,Manual,petrol,1600,87,Sedan,FWD,5,other,city
Geely,Emgrand,Emgrand,2017,Manual,petrol,1500,107,Sedan,FWD,5,chinese,family
Hyundai,Excel,Excel,1998,Manual,petrol,1600,120,Sedan,FWD,5,korean,family
Fiat,Siena,Siena,2002,Manual,petrol,1400,80,Hatchback,FWD,5,european,city
Opel,Corsa,Corsa,1995,Manual,petrol,1200,75,Hatchback,FWD,5,european,city
Speranza,A113,A113,2011,Manual,petrol,1300,65,Hatchback,FWD,5,chinese,city
Ford,Escort,Escort,1998,Manual,petrol,1600,90,Sedan,FWD,5,american,family
Citroën,Grand C4 Spacetourer,Grand C4 Spacetourer,1996,Manual,petrol,1200,130,MPV,FWD,7,european,mpv
Renault,Clio,Clio,2007,Manual,petrol,1000,90,Hatchback,FWD,5,european,city
Lada,Samara,Samara,1988,Manual,petrol,1500,70,Hatchback,FWD,5,other,city
Chevrolet,Optra,Optra,2007,Manual,diesel,1600,109,Sedan,FWD,5,american,family
Fiat,131,131,1979,Manual,petrol,1300,65,Sedan,RWD,5,european,family
Speranza,Envy,Envy,2017,Manual,petrol,1500,109,Sedan,FWD,5,chinese,family
Suzuki,Grand Vitara,Grand Vitara,1999,Manual,petrol,2400,163,SUV,4WD,5,japanese,suv
Mercedes,200,200,1983,Manual,petrol,2000,136,Sedan,RWD,5,european,executive
Kia,Carnival MPV,Carnival,1999,Manual,petrol,2200,202,MPV,FWD,8,korean,mpv
Jeep,Cherokee,Cherokee,1995,Manual,petrol,2400,184,SUV,4WD,5,american,suv
Mitsubishi,Lancer,Lancer,1984,Manual,petrol,1600,113,Sedan,FWD,5,japanese,family
Fiat,127,127,1982,Manual,diesel,900,47,Hatchback,FWD,4,european,city
Opel,Astra,Astra,2007,Manual,petrol,1400,150,Hatchback,FWD,5,european,family
Hyundai,Accent,Accent,2000,Manual,petrol,1600,123,Sedan,FWD,5,korean,city
Ford,Fiesta,Fiesta,2000,Manual,petrol,1000,100,Hatchback,FWD,5,american,city
Renault,19,19,2000,Manual,petrol,1600,90,Sedan,FWD,5,european,family
Chevrolet,Lanos,Lanos,2016,Manual,cng,1500,86,Sedan,FWD,5,american,city
Volkswagen,Jetta,Jetta,1986,Manual,petrol,1400,80,Hatchback,FWD,5,european,city
Saipa,Pride,Pride,2009,Manual,petrol,800,44,Hatchback,FWD,4,other,city
Suzuki,Alto,Alto,2016,Manual,petrol,1000,67,Hatchback,FWD,5,japanese,city
Ford,Focus,Focus,2002,Manual,petrol,1500,150,Hatchback,FWD,5,american,family
Chevrolet,Spark,Spark,2010,Manual,petrol,1000,68,Hatchback,FWD,4,american,city
Volkswagen,Golf,Golf,1991,Manual,petrol,1400,150,Hatchback,FWD,5,european,family
Proton,Persona,Persona,2004,Manual,petrol,1600,110,Sedan,FWD,5,other,family
Peugeot,504,504,1977,Manual,petrol,1400,95,Sedan,FWD,5,european,family
Ford,Focus,Focus,2003,Manual,petrol,1500,150,Hatchback,FWD,5,american,family
Changan,Benni,Benni,2008,Manual,petrol,1301,86,Hatchback,FWD,5,chinese,city
Renault,Megane,Megane,2006,Manual,petrol,1500,115,Hatchback,FWD,5,european,family
BYD,F3,F3,2013,Manual,cng,1500,109,Sedan,FWD,5,chinese,family
BYD,F3,F3,2023,Manual,petrol,1500,109,Sedan,FWD,5,chinese,family
Kia,Rio,Rio,2006,Manual,petrol,1400,100,Sedan,FWD,5,korean,city
Volkswagen,Polo,Polo,1997,Manual,petrol,1000,95,Hatchback,FWD,5,european,city
BYD,F3,F3,2014,Manual,cng,1500,109,Sedan,FWD,5,chinese,family
Volkswagen,Golf,Golf,1994,Manual,petrol,1400,150,Hatchback,FWD,5,european,family
Lada,2105,2105,1993,Manual,petrol,1300,64,Sedan,RWD,5,other,family
Lada,Granta,Granta,2018,Manual,petrol,1600,87,Sedan,FWD,5,other,city
Fiat,Shahin,Shahin,1997,Manual,petrol,1400,80,Hatchback,FWD,5,european,city
Mazda,323,323,2006,Manual,petrol,1600,98,Sedan,FWD,5,japanese,family
Seat,Tarraco,Tarraco,1994,Manual,diesel,1500,150,SUV,FWD,7,european,suv
Suzuki,Alto,Alto,2015,Manual,petrol,1000,67,Hatchback,FWD,5,japanese,city
Fiat,Linea,Linea,2009,Manual,petrol,1600,120,Sedan,FWD,5,european,family
Hyundai,Accent,Accent,2011,Manual,petrol,1600,123,Sedan,FWD,5,korean,city
Hyundai,Matrix,Matrix,2005,Manual,petrol,1600,120,MPV,FWD,5,korean,mpv
Chery,A15,A15,2007,Manual,petrol,1500,92,Sedan,FWD,5,chinese,family
Peugeot,405,405,1991,Manual,petrol,1600,90,Sedan,FWD,5,european,family
Lada,2107,2107,1994,Manual,petrol,1600,75,Sedan,RWD,5,other,family
Fiat,131,131,1980,Manual,petrol,1300,65,Sedan,RWD,5,european,family
Suzuki,Grand Vitara,Grand Vitara,2008,Manual,diesel,2400,163,SUV,4WD,5,japanese,suv
Chery,A15,A15,2010,Manual,cng,1500,92,Sedan,FWD,5,chinese,family
Speranza,A11,A11,2006,Manual,hybrid,1100,64,Hatchback,FWD,5,chinese,city
Opel,Corsa,Corsa,2004,Manual,hybrid,1200,75,Hatchback,FWD,5,european,city
BYD,F3,F3,2015,Manual,petrol,1500,109,Sedan,FWD,5,chinese,family
DFSK,Glory,Glory,2021,Manual,petrol,1500,150,SUV,FWD,5,chinese,suv
Fiat,132,132,1977,Manual,petrol,1600,95,Sedan,RWD,5,european,family
Mazda,121,121,1998,Manual,petrol,1300,73,Hatchback,FWD,5,japanese,city
Opel,Corsa,Corsa,2006,Manual,petrol,1200,75,Hatchback,FWD,5,european,city
Mitsubishi,Lancer,Lancer,1994,Manual,petrol,1600,113,Sedan,FWD,5,japanese,family
Fiat,Uno,Uno,1998,Manual,petrol,1400,80,Hatchback,FWD,5,european,city
Chery,A11,A11,2005,Manual,petrol,1100,64,Hatchback,FWD,5,chinese,city
Volkswagen,Golf,Golf,1997,Manual,petrol,1400,150,Hatchback,FWD,5,european,family
Volkswagen,Golf,Golf,1993,Manual,petrol,1400,150,Hatchback,FWD,5,european,family
Chevrolet,Avalanche,Avalanche,1999,Manual,diesel,5300,320,Pickup,4WD,6,american,truck
Lada,2110,2110,2006,Manual,cng,1600,79,Sedan,FWD,5,other,family
Daewoo,Nubira,Nubira,1999,Manual,diesel,1600,100,Sedan,FWD,5,korean,family
Fiat,Punto,Punto,2008,Manual,petrol,1200,69,Hatchback,FWD,5,european,city
Brilliance,FRV,FRV,2011,Manual,petrol,1600,116,Hatchback,FWD,5,chinese,family
BMW,316,3 Series,1995,Manual,petrol,1600,116,Sedan,RWD,5,european,executive
Volkswagen,Jetta,Jetta,1988,Manual,petrol,1400,80,Hatchback,FWD,5,european,city
Suzuki,Grand Vitara,Grand Vitara,2011,Manual,petrol,2400,163,SUV,4WD,5,japanese,suv
Brilliance,FRV Cross,FRV Cross,2009,Manual,petrol,1800,136,Crossover,FWD,5,chinese,crossover
Volkswagen,Golf,Golf,1987,Manual,petrol,1400,150,Hatchback,FWD,5,european,family
Daewoo,Lanos,Lanos,1999,Manual,cng,1500,86,Sedan,FWD,5,korean,city
Fiat,Punto,Punto,1994,Manual,petrol,1200,69,Hatchback,FWD,5,european,city
Lada,2107,2107,2009,Manual,petrol,1600,75,Sedan,RWD,5,other,family
Fiat,Grand Punto,Grand Punto,1985,Manual,petrol,1400,77,Hatchback,FWD,5,european,city
Speranza,A113,A113,2012,Manual,diesel,1300,65,Hatchback,FWD,5,chinese,city
Renault,Logan,Logan,2012,Manual,cng,1600,84,Sedan,FWD,5,european,family
Fiat,Grand Punto,Grand Punto,2009,Manual,petrol,1400,77,Hatchback,FWD,5,european,city
Opel,Insignia,Insignia,2020,Automatic,petrol,1500,165,Sedan,FWD,5,european,executive
BMW,316,3 Series,1994,Automatic,petrol,1600,116,Sedan,RWD,5,european,executive
BMW,X4,X4,2018,Automatic,petrol,2000,184,SUV,AWD,5,european,luxury_suv
Nissan,Tiida,Tiida,2008,Automatic,petrol,1600,110,Sedan,FWD,5,japanese,family
Jeep,Cherokee,Cherokee,2010,Automatic,petrol,2400,184,SUV,4WD,5,american,suv
SsangYong,Tivoli XLV,Tivoli,1997,Automatic,diesel,1500,163,SUV,FWD,5,korean,suv
Seat,Leon,Leon,2025,Automatic,petrol,1500,150,Hatchback,FWD,5,european,family
BMW,X6,X6,2018,Automatic,petrol,3000,340,SUV,AWD,5,european,luxury_suv
Honda,City,City,2006,Automatic,petrol,1500,119,Sedan,FWD,5,japanese,family
Citroën,Grand C4 Spacetourer,Grand C4 Spacetourer,2017,Automatic,petrol,1200,130,MPV,FWD,7,european,mpv
Mercedes,200,200,1986,Automatic,petrol,2000,136,Sedan,RWD,5,european,executive
BMW,320i,3 Series,2015,Automatic,petrol,2000,184,Sedan,RWD,5,european,executive
Mercedes,CLS350,CLS,2005,Automatic,petrol,1600,156,Sedan,RWD,5,european,executive
Nissan,Bluebird,Bluebird,2023,Automatic,petrol,1600,103,Sedan,FWD,5,japanese,family
Daewoo,Nubira,Nubira,2003,Automatic,petrol,1600,100,Sedan,FWD,5,korean,family
Chevrolet,Cruze,Cruze,2014,Automatic,petrol,1600,124,Sedan,FWD,5,american,family
Mini,Cooper,Cooper,2019,Automatic,petrol,1500,136,Hatchback,FWD,4,european,city
Suzuki,Alto,Alto,2017,Automatic,petrol,1000,67,Hatchback,FWD,5,japanese,city
Mercedes,GLC200,GLC,2025,Automatic,petrol,1500,197,SUV,4WD,5,european,luxury_suv
BMW,X3,X3,2016,Automatic,petrol,2000,184,SUV,AWD,5,european,luxury_suv
BMW,X4,X4,2025,Automatic,petrol,2000,184,SUV,AWD,5,european,luxury_suv
BMW,316,3 Series,2015,Automatic,petrol,1600,116,Sedan,RWD,5,european,executive
Mercedes,C180,C-Class,2012,Automatic,petrol,1600,156,Sedan,RWD,5,european,executive
Chevrolet,Cruze,Cruze,2020,Automatic,petrol,1600,120,Sedan,FWD,5,japanese,family
Peugeot,5008,5008,2019,Automatic,petrol,1200,130,SUV,FWD,7,european,suv
Toyota,Echo,Echo,2005,Automatic,petrol,1600,120,Sedan,FWD,5,japanese,family
Hyundai,Avante,Avante,2022,Automatic,cng,1600,120,Sedan,FWD,5,korean,family
Kia,Picanto,Picanto,2019,Automatic,petrol,1000,67,Hatchback,FWD,5,korean,city
Opel,Meriva,Meriva,2016,Automatic,petrol,1400,100,MPV,FWD,5,european,mpv
Opel,Mokka,Mokka,2016,Automatic,petrol,1200,100,Crossover,FWD,5,european,crossover
BMW,IX3,IX3,2023,Automatic,electric,0,286,SUV,RWD,5,european,luxury_suv
Kia,Rio,Rio,2003,Automatic,petrol,1400,100,Sedan,FWD,5,korean,city
Jetour,X90 Plus,X90 Plus,2025,Automatic,petrol,1598,197,SUV,FWD,7,chinese,suv
Audi,A4,A4,2023,Automatic,petrol,2000,190,Sedan,AWD,5,european,executive
Ford,Focus,Focus,2022,Automatic,petrol,1500,150,Hatchback,FWD,5,american,family
Mercedes,C200,C-Class,2019,Automatic,petrol,1500,184,Sedan,RWD,5,european,executive
BMW,X1,X1,2025,Automatic,petrol,1500,136,Crossover,FWD,5,european,luxury_suv
Volkswagen,Passat,Passat,2022,Automatic,petrol,1800,150,Sedan,FWD,5,european,executive
Toyota,Land Cruiser,Land Cruiser,2009,Automatic,petrol,4000,271,SUV,4WD,8,japanese,luxury_suv
Suzuki,Alto,Alto,2018,Automatic,petrol,1000,67,Hatchback,FWD,5,japanese,city
Opel,Mokka,Mokka,2023,Automatic,petrol,1200,100,Crossover,FWD,5,european,crossover
Skoda,Octavia Combi,Octavia,2010,Automatic,petrol,1500,150,Sedan,FWD,5,european,family
Volkswagen,Transporter,Transporter,2022,Automatic,hybrid,1400,130,Van,FWD,8,european,van
Mercedes,C200,C-Class,2008,Automatic,petrol,1500,184,Sedan,RWD,5,european,executive
Mercedes,GLA200,GLA,2024,Automatic,petrol,1400,163,Crossover,FWD,5,european,luxury_suv
Kia,Cerato,Cerato,2023,Automatic,petrol,1600,123,Sedan,FWD,5,korean,family
Skoda,Fabia,Fabia,2005,Automatic,petrol,1000,95,Hatchback,FWD,5,european,city
Chevrolet,Aveo,Aveo,2017,Automatic,petrol,1400,100,Sedan,FWD,5,american,city
Tesla,Model Y,Model Y,2023,Automatic,electric,0,283,SUV,RWD,5,american,suv
MG,HS,HS,2023,Automatic,petrol,1500,162,SUV,FWD,5,chinese,suv
Mercedes,EQE350,EQ,2022,Automatic,electric,0,288,Sedan,RWD,5,european,executive
Honda,City,City,2004,Automatic,petrol,1500,119,Sedan,FWD,5,japanese,family
Mercedes,CLA180,CLA,2020,Automatic,petrol,1400,136,Coupe,FWD,5,european,sport
Opel,Corsa,Corsa,2013,Automatic,petrol,1200,75,Hatchback,FWD,5,european,city
Kia,Sportage,Sportage,2023,Automatic,petrol,1600,177,SUV,FWD,5,korean,suv
Chevrolet,Cruze,Cruze,2008,Automatic,petrol,1600,120,Sedan,FWD,5,japanese,family
Peugeot,406,406,2000,Automatic,petrol,1400,95,Sedan,FWD,5,european,family
Porsche,Macan,Macan,2020,Automatic,petrol,2000,265,Crossover,AWD,5,european,luxury_suv
Land Rover,Range Rover Sport,Range Rover,2021,Automatic,hybrid,3000,395,SUV,4WD,5,european,luxury_suv
Volkswagen,ID4,ID4,2022,Automatic,electric,0,204,SUV,FWD,5,european,suv
Speranza,A113,A113,2008,Automatic,petrol,1300,65,Hatchback,FWD,5,chinese,city
BMW,320i,3 Series,2013,Automatic,petrol,2000,184,Sedan,RWD,5,european,executive
Toyota,Avanza,Avanza,2016,Automatic,petrol,1500,103,MPV,FWD,7,japanese,mpv
BMW,X3,X3,2014,Automatic,petrol,2000,184,SUV,AWD,5,european,luxury_suv
Nissan,Bluebird,Bluebird,2018,Automatic,petrol,1600,103,Sedan,FWD,5,japanese,family
Jeep,Renegade,Renegade,2017,Automatic,petrol,1400,150,Crossover,FWD,5,american,crossover
Mercedes,V250,V250,2021,Automatic,petrol,2100,190,MPV,RWD,8,european,mpv
Kia,Carnival MPV,Carnival,2024,Automatic,petrol,2200,202,MPV,FWD,8,korean,mpv
Brilliance,Galena,Galena,2008,Automatic,cng,1500,150,SUV,FWD,5,chinese,suv
Citroën,C3,C3,2021,Automatic,petrol,1200,83,Hatchback,FWD,5,european,city
Mini,Cooper,Cooper,2010,Automatic,petrol,1500,136,Hatchback,FWD,4,european,city
Hyundai,Verna,Verna,2007,Automatic,petrol,1600,123,Sedan,FWD,5,korean,city
Subaru,Impreza,Impreza,2010,Automatic,petrol,1498,107,Sedan,AWD,5,japanese,family
Ford,Fiesta,Fiesta,2014,Automatic,petrol,1000,100,Hatchback,FWD,5,american,city
Mercedes,GLE450,GLE,2023,Automatic,petrol,1600,156,Sedan,RWD,5,european,executive
Skoda,Octavia,Octavia,1999,Automatic,cng,1500,150,Sedan,FWD,5,european,family
Volkswagen,Golf,Golf,2016,Automatic,petrol,1400,150,Hatchback,FWD,5,european,family
Mercedes,CLA200,CLA,2025,Automatic,petrol,1400,163,Coupe,FWD,5,european,sport
Mercedes,S450,S-Class,2023,Automatic,electric,0,329,Sedan,AWD,5,european,luxury
Volkswagen,Polo,Polo,2000,Automatic,petrol,1000,95,Hatchback,FWD,5,european,city
MG,7,7,2025,Automatic,petrol,1500,181,Sedan,FWD,5,chinese,executive
Nissan,Sunny,Sunny,2019,Automatic,petrol,1600,110,Sedan,FWD,5,japanese,family
Peugeot,508,508,2016,Automatic,petrol,1600,165,Sedan,FWD,5,european,executive
Nissan,Livina,Livina,2011,Automatic,petrol,1600,110,MPV,FWD,7,japanese,mpv
Mercedes,E200,E-Class,1994,Automatic,petrol,2000,184,Sedan,RWD,5,european,executive
Volkswagen,Passat,Passat,2016,Automatic,petrol,1800,150,Sedan,FWD,5,european,executive
Renault,Logan,Logan,2015,Automatic,petrol,1600,84,Sedan,FWD,5,european,family
Mitsubishi,Pajero,Pajero,2022,Automatic,petrol,3000,178,SUV,4WD,7,japanese,suv
Seat,Tarraco,Tarraco,2016,Automatic,petrol,1500,150,SUV,FWD,7,european,suv
Nissan,Qashqai,Qashqai,2017,Automatic,petrol,1500,163,SUV,FWD,5,japanese,suv
Kia,Rio,Rio,2019,Automatic,petrol,1400,100,Sedan,FWD,5,korean,city
Mercedes,E200,E-Class,2013,Automatic,petrol,2000,184,Sedan,RWD,5,european,executive
Volkswagen,Passat,Passat,2020,Automatic,petrol,1800,150,Sedan,FWD,5,european,executive
BMW,X6,X6,2025,Automatic,petrol,3000,340,SUV,AWD,5,european,luxury_suv
Audi,A3,A3,2020,Automatic,petrol,1500,150,Sedan,FWD,5,european,executive
Peugeot,508,508,2015,Automatic,petrol,1600,165,Sedan,FWD,5,european,executive
Proton,Gen-2,Gen-2,2008,Automatic,petrol,1600,110,Hatchback,FWD,5,other,family
Fiat,Grand Punto,Grand Punto,2020,Automatic,petrol,1400,77,Hatchback,FWD,5,european,city
MG,5,5,2025,Automatic,petrol,1500,169,Sedan,FWD,5,chinese,family
Toyota,Avanza,Avanza,2009,Automatic,petrol,1500,103,MPV,FWD,7,japanese,mpv
BAIC,BJ30,BJ30,2025,Automatic,hybrid,2000,170,SUV,AWD,5,chinese,suv
Jeep,Grand Cherokee,Grand Cherokee,2022,Automatic,petrol,3600,293,SUV,4WD,5,american,luxury_suv
Chevrolet,Optra,Optra,2009,Automatic,petrol,1600,109,Sedan,FWD,5,american,family
BMW,X6,X6,2023,Automatic,petrol,3000,340,SUV,AWD,5,european,luxury_suv
Mercedes,C180,C-Class,2000,Automatic,petrol,1600,156,Sedan,RWD,5,european,executive
Hyundai,Verna,Verna,2010,Automatic,cng,1600,123,Sedan,FWD,5,korean,city
BMW,523,5 Series,1998,Automatic,petrol,2500,177,Sedan,RWD,5,european,executive
Porsche,Cayenne S,Cayenne,2015,Automatic,petrol,4000,440,SUV,AWD,5,european,luxury_suv
Chery,Tiggo,Tiggo,2026,Automatic,petrol,1600,106,SUV,FWD,5,chinese,suv
Proton,Gen-2,Gen-2,2013,Automatic,petrol,1600,110,Hatchback,FWD,5,other,family
Opel,Astra,Astra,2004,Automatic,petrol,1400,150,Hatchback,FWD,5,european,family
Hyundai,Verna,Verna,2010,Automatic,petrol,1600,123,Sedan,FWD,5,korean,city
Honda,Civic,Civic,2009,Automatic,petrol,1500,182,Sedan,FWD,5,japanese,family
BMW,X3,X3,2023,Automatic,petrol,2000,184,SUV,AWD,5,european,luxury_suv
Mitsubishi,Mirage,Mirage,1998,Automatic,petrol,1600,113,Hatchback,FWD,5,japanese,city
Skoda,Octavia,Octavia,2015,Automatic,petrol,1500,150,Sedan,FWD,5,european,family
Mercedes,E200,E-Class,1998,Automatic,petrol,2000,184,Sedan,RWD,5,european,executive
Hyundai,Matrix,Matrix,2003,Automatic,petrol,1600,120,MPV,FWD,5,korean,mpv
Fiat,Punto,Punto,2016,Automatic,diesel,1200,69,Hatchback,FWD,5,european,city
Land Rover,Range Rover Velar,Range Rover,2025,Automatic,petrol,2000,247,SUV,AWD,5,european,luxury_suv
Honda,Accord,Accord,1985,Automatic,petrol,1500,192,Sedan,FWD,5,japanese,executive
Volkswagen,Polo,Polo,2014,Automatic,petrol,1000,95,Hatchback,FWD,5,european,city
Opel,Astra,Astra,2005,Automatic,petrol,1400,150,Hatchback,FWD,5,european,family
Chevrolet,Aveo,Aveo,2013,Automatic,petrol,1400,100,Sedan,FWD,5,american,city
BMW,X6,X6,2021,Automatic,petrol,3000,340,SUV,AWD,5,european,luxury_suv
Nissan,Sunny,Sunny,2011,Automatic,petrol,1600,110,Sedan,FWD,5,japanese,family
Mercedes,E300,E-Class,2012,Automatic,petrol,2000,258,Sedan,RWD,5,european,executive
Hyundai,Elantra HD,Elantra,2020,Automatic,petrol,1600,122,Sedan,FWD,5,korean,family
Kia,Carnival MPV,Carnival,2017,Automatic,petrol,2200,202,MPV,FWD,8,korean,mpv
Fiat,Grand Punto,Grand Punto,2022,Automatic,petrol,1400,77,Hatchback,FWD,5,european,city
Honda,City,City,2008,Automatic,petrol,1500,119,Sedan,FWD,5,japanese,family
Opel,Astra,Astra,1994,Automatic,petrol,1400,150,Hatchback,FWD,5,european,family
Audi,A6,A6,2023,Automatic,petrol,2000,190,Sedan,AWD,5,european,luxury
Speranza,A620,A620,2007,Automatic,cng,2000,145,Sedan,FWD,5,chinese,family
Peugeot,405,405,1993,Automatic,petrol,1600,90,Sedan,FWD,5,european,family
Mercedes,GLC,GLC,2020,Automatic,petrol,1500,197,SUV,4WD,5,european,luxury_suv
Chevrolet,Optra,Optra,2019,Automatic,petrol,1600,109,Sedan,FWD,5,american,family
Citroën,C5 Aircross,C5 Aircross,2024,Automatic,petrol,1200,130,SUV,FWD,5,european,suv
Kia,Rio,Rio,2015,Automatic,petrol,1400,100,Sedan,FWD,5,korean,city
Daewoo,Leganza,Leganza,1999,Automatic,petrol,2000,133,Sedan,FWD,5,korean,executive
Mitsubishi,Lancer,Lancer,2008,Automatic,petrol,1600,113,Sedan,FWD,5,japanese,family
Volkswagen,Jetta,Jetta,2017,Automatic,petrol,1400,150,Sedan,FWD,5,european,family
Hyundai,Veloster,Veloster,2012,Automatic,petrol,1600,120,Coupe,FWD,4,korean,sport
Toyota,Prado,Prado,2023,Automatic,petrol,2700,163,SUV,4WD,7,japanese,luxury_suv
Mercedes,GLE,GLE,2015,Automatic,petrol,1600,156,SUV,AWD,5,european,luxury_suv
Citroën,Grand C4 Spacetourer,Grand C4 Spacetourer,2007,Automatic,petrol,1200,130,MPV,FWD,7,european,mpv
Chery,Arrizo 5 Pro,Arrizo 5,2023,Automatic,petrol,1500,147,Sedan,FWD,5,chinese,family
Kia,Carnival MPV,Carnival,2011,Automatic,petrol,2200,202,MPV,FWD,8,korean,mpv
BMW,X6 M,X6,2024,Automatic,petrol,4400,617,SUV,AWD,5,european,luxury_suv
Honda,Accord,Accord,2008,Automatic,petrol,1500,192,Sedan,FWD,5,japanese,executive
Opel,Grandland,Grandland,2022,Automatic,petrol,1200,130,SUV,FWD,5,european,suv
Seat,Leon,Leon,2018,Automatic,petrol,1500,150,Hatchback,FWD,5,european,family
Suzuki,Swift,Swift,1993,Automatic,petrol,1200,83,Hatchback,FWD,5,japanese,city
Renault,Captur,Captur,2016,Automatic,petrol,1000,90,Crossover,FWD,5,european,crossover
Peugeot,206,206,2001,Automatic,petrol,1400,75,Hatchback,FWD,5,european,city
Kia,Spectra,Spectra,2005,Automatic,petrol,1600,120,Sedan,FWD,5,korean,family
Hyundai,Accent,Accent,2012,Automatic,petrol,1600,123,Sedan,FWD,5,korean,city
Opel,Insignia,Insignia,2015,Automatic,petrol,1500,165,Sedan,FWD,5,european,executive
Nissan,Bluebird,Bluebird,2025,Automatic,petrol,1600,103,Sedan,FWD,5,japanese,family
Chrysler,Town & Country,Town & Country,2006,Automatic,petrol,3600,283,MPV,FWD,7,american,mpv
Mercedes,C180,C-Class,2015,Automatic,petrol,1600,156,Sedan,RWD,5,european,executive
BMW,X6,X6,2017,Automatic,petrol,3000,340,SUV,AWD,5,european,luxury_suv
BAIC,EU5 Plus,EU5 Plus,2014,Automatic,electric,0,163,Sedan,FWD,5,chinese,family
Seat,Tarraco,Tarraco,2025,Automatic,petrol,1500,150,SUV,FWD,7,european,suv
BMW,320i,3 Series,2020,Automatic,petrol,2000,184,Sedan,RWD,5,european,executive
Nissan,Sunny,Sunny,2015,Automatic,petrol,1600,110,Sedan,FWD,5,japanese,family
Mitsubishi,Lancer,Lancer,2009,Automatic,petrol,1600,113,Sedan,FWD,5,japanese,family
Daihatsu,Terios,Terios,2013,Automatic,petrol,1500,105,SUV,4WD,5,japanese,suv
Kia,Carens,Carens,2014,Automatic,petrol,1600,130,MPV,FWD,7,korean,mpv
Skoda,Kodiaq,Kodiaq,2024,Automatic,petrol,2000,190,SUV,AWD,7,european,suv
Chevrolet,Optra,Optra,2008,Automatic,cng,1600,109,Sedan,FWD,5,american,family
Kia,Carnival,Carnival,2024,Automatic,petrol,2200,202,MPV,FWD,8,korean,mpv
Toyota,Land Cruiser,Land Cruiser,2022,Automatic,petrol,4000,271,SUV,4WD,8,japanese,luxury_suv
MG,X5,X5,2021,Automatic,petrol,1500,169,SUV,FWD,5,chinese,suv
Mini,Paceman,Paceman,2019,Automatic,petrol,1500,136,Hatchback,FWD,4,european,city
Nissan,Livina,Livina,2010,Automatic,petrol,1600,110,MPV,FWD,7,japanese,mpv
BMW,X5,X5,2015,Automatic,petrol,3000,340,SUV,AWD,7,european,luxury_suv
Mercedes,CLA180,CLA,2015,Automatic,petrol,1400,136,Coupe,FWD,5,european,sport
Kia,K3,K3,2013,Automatic,petrol,1600,120,Sedan,FWD,5,korean,family
Volkswagen,Transporter,Transporter,2002,Automatic,petrol,1400,130,Van,FWD,8,european,van
JAC,S3,S3,2019,Automatic,petrol,1500,113,Crossover,FWD,5,chinese,crossover
Volkswagen,Passat,Passat,2002,Automatic,petrol,1800,150,Sedan,FWD,5,european,executive
Mercedes,GLS,GLS,2022,Automatic,petrol,1600,156,SUV,AWD,5,european,luxury_suv
Tesla,Model 3,Model 3,2024,Automatic,electric,0,283,Sedan,RWD,5,american,executive
Chevrolet,Cruze,Cruze,2021,Automatic,petrol,1600,120,Sedan,FWD,5,japanese,family
Mercedes,C180,C-Class,2005,Automatic,petrol,1600,156,Sedan,RWD,5,european,executive
BMW,X3,X3,2017,Automatic,petrol,2000,184,SUV,AWD,5,european,luxury_suv
Audi,Q7,Q7,2019,Automatic,petrol,3000,340,SUV,AWD,7,european,luxury_suv
Land Rover,Range Rover,Range Rover,2014,Automatic,petrol,3000,400,SUV,4WD,5,european,luxury_suv
Kia,Picanto,Picanto,2016,Automatic,petrol,1000,67,Hatchback,FWD,5,korean,city
Porsche,Cayenne,Cayenne,2024,Automatic,petrol,3000,340,SUV,AWD,5,european,luxury_suv
Seat,Tarraco,Tarraco,2008,Automatic,diesel,1500,150,SUV,FWD,7,european,suv
Ford,Fiesta,Fiesta,2019,Automatic,petrol,1000,100,Hatchback,FWD,5,american,city
BMW,740,7 Series,2016,Automatic,petrol,3000,340,Sedan,RWD,5,european,luxury
Kia,Picanto,Picanto,2012,Automatic,petrol,1000,67,Hatchback,FWD,5,korean,city
Jeep,Grand Cherokee,Grand Cherokee,2016,Automatic,petrol,3600,293,SUV,4WD,5,american,luxury_suv
MG,HS,HS,2021,Automatic,diesel,1500,162,SUV,FWD,5,chinese,suv
Mercedes,200,200,1977,Automatic,petrol,2000,136,Sedan,RWD,5,european,executive
BMW,320i,3 Series,2019,Automatic,petrol,2000,184,Sedan,RWD,5,european,executive
Hyundai,Accent,Accent,2011,Automatic,petrol,1600,123,Sedan,FWD,5,korean,city
BMW,X3,X3,2015,Automatic,petrol,2000,184,SUV,AWD,5,european,luxury_suv
Kia,Xceed,Xceed,2025,Automatic,petrol,1500,160,Crossover,FWD,5,korean,crossover
Renault,Sandero,Sandero,2017,Automatic,petrol,1600,84,Hatchback,FWD,5,european,city
Audi,Q2,Q2,2020,Automatic,petrol,1000,115,Crossover,FWD,5,european,luxury_suv
Nissan,Qashqai,Qashqai,2018,Automatic,petrol,1500,163,SUV,FWD,5,japanese,suv
Porsche,Cayenne,Cayenne,2022,Automatic,petrol,3000,340,SUV,AWD,5,european,luxury_suv
Subaru,XV,XV,2019,Automatic,petrol,2000,156,Crossover,AWD,5,japanese,crossover
Mitsubishi,Lancer EX Shark,Lancer,2024,Automatic,petrol,1600,113,Sedan,FWD,5,japanese,family
Chevrolet,Cruze,Cruze,2011,Automatic,petrol,1600,124,Sedan,FWD,5,american,family
Daewoo,Lacetti,Lacetti,2003,Automatic,cng,1600,109,Sedan,FWD,5,korean,family
Brilliance,Galena,Galena,2006,Automatic,cng,1500,150,SUV,FWD,5,chinese,suv
DFSK,EAGLE 580,EAGLE 580,2020,Automatic,petrol,1500,150,SUV,FWD,7,chinese,suv
Audi,Q4 E-Tron,Q4 E-Tron,2021,Automatic,electric,0,204,SUV,FWD,5,european,luxury_suv
Proton,Persona,Persona,2006,Automatic,cng,1600,110,Sedan,FWD,5,other,family
Mercedes,E200,E-Class,2022,Automatic,petrol,2000,184,Sedan,RWD,5,european,executive
Chevrolet,Aveo,Aveo,2009,Automatic,petrol,1400,100,Sedan,FWD,5,american,city
BMW,X1,X1,2015,Automatic,petrol,1500,136,Crossover,FWD,5,european,luxury_suv
Audi,Q3,Q3,2019,Automatic,petrol,1500,150,SUV,FWD,5,european,luxury_suv
Subaru,Impreza,Impreza,2015,Automatic,petrol,2000,154,Sedan,AWD,5,japanese,family
Peugeot,3008,3008,2022,Automatic,petrol,1200,130,SUV,FWD,5,european,suv
Mitsubishi,Attrage,Attrage,2016,Automatic,petrol,1200,78,Sedan,FWD,5,japanese,city
Nissan,Tiida,Tiida,2007,Automatic,petrol,1600,110,Sedan,FWD,5,japanese,family
MG,RX5,RX5,2020,Automatic,petrol,1500,169,SUV,FWD,5,chinese,suv
Hyundai,Sonata,Sonata,2009,Automatic,petrol,2000,154,Sedan,FWD,5,korean,executive
Nissan,Bluebird,Bluebird,2015,Automatic,petrol,1600,103,Sedan,FWD,5,japanese,family
Seat,Ibiza,Ibiza,2017,Automatic,petrol,1000,95,Hatchback,FWD,5,european,city
Opel,Corsa,Corsa,1999,Automatic,petrol,1200,75,Hatchback,FWD,5,european,city
Nissan,Sunny,Sunny,2014,Automatic,petrol,1600,110,Sedan,FWD,5,japanese,family
Volkswagen,Jetta,Jetta,2008,Automatic,petrol,1400,150,Sedan,FWD,5,european,family
Peugeot,208,208,2014,Automatic,petrol,1200,100,Hatchback,FWD,5,european,city
Mercedes,500,500,2008,Automatic,petrol,4700,435,Sedan,RWD,5,european,luxury
Renault,Symbol,Symbol,2009,Automatic,diesel,1600,90,Sedan,FWD,5,european,city
Peugeot,3008,3008,2017,Automatic,petrol,1200,130,SUV,FWD,5,european,suv
Mercedes,CLE200,CLE,2024,Automatic,petrol,1600,156,Sedan,RWD,5,european,executive
Opel,Crossland,Crossland,2020,Automatic,diesel,1200,110,Crossover,FWD,5,european,crossover
Mercedes,G63,G63,2021,Automatic,petrol,4000,577,SUV,4WD,5,european,luxury_suv
Kia,Rio,Rio,2008,Automatic,petrol,1400,100,Sedan,FWD,5,korean,city
Mercedes,CLA200,CLA,2020,Automatic,petrol,1400,163,Coupe,FWD,5,european,sport
Hyundai,Tucson,Tucson,2024,Automatic,petrol,1600,177,SUV,FWD,5,korean,suv
BMW,X3 M,X3,2019,Automatic,petrol,3000,480,SUV,AWD,5,european,luxury_suv
Audi,Q2,Q2,2024,Automatic,petrol,1000,115,Crossover,FWD,5,european,luxury_suv
Chery,Tiggo 3,Tiggo 3,2021,Automatic,petrol,1500,113,SUV,FWD,5,chinese,suv
Subaru,Impreza,Impreza,2004,Automatic,petrol,2000,154,Sedan,AWD,5,japanese,family
Opel,Corsa,Corsa,2022,Automatic,petrol,1200,75,Hatchback,FWD,5,european,city
Proton,Persona,Persona,2010,Automatic,cng,1600,110,Sedan,FWD,5,other,family
Mercedes,C30,C30,2020,Automatic,petrol,2000,258,Sedan,RWD,5,european,executive
Peugeot,207,207,2012,Automatic,petrol,1400,95,Hatchback,FWD,5,european,city
Mini,Paceman,Paceman,2013,Automatic,petrol,1500,136,Hatchback,FWD,4,european,city
Brilliance,FRV,FRV,2015,Automatic,petrol,1600,116,Hatchback,FWD,5,chinese,family
Hyundai,Tucson,Tucson,2005,Automatic,diesel,1600,177,SUV,FWD,5,korean,suv
Mercedes,A180,A-Class,2022,Automatic,petrol,1400,136,Hatchback,FWD,5,european,executive
Mazda,323,323,2008,Automatic,petrol,1600,98,Sedan,FWD,5,japanese,family
Mercedes,200,200,1981,Automatic,petrol,2000,136,Sedan,RWD,5,european,executive
Daihatsu,Grand Terios,Terios,2007,Automatic,petrol,1500,105,SUV,4WD,7,japanese,suv
Mercedes,CLA180,CLA,2014,Automatic,petrol,1400,136,Coupe,FWD,5,european,sport
Seat,Tarraco,Tarraco,2020,Automatic,petrol,1500,150,SUV,FWD,7,european,suv
Opel,Corsa,Corsa,2023,Automatic,diesel,1200,75,Hatchback,FWD,5,european,city
Mercedes,EQS580,EQ,2023,Automatic,electric,0,516,Sedan,AWD,5,european,luxury
Mitsubishi,Lancer,Lancer,1998,Automatic,petrol,1600,113,Sedan,FWD,5,japanese,family
Mini,Cooper,Cooper,2013,Automatic,petrol,1500,136,Hatchback,FWD,4,european,city
Nissan,Qashqai,Qashqai,2019,Automatic,petrol,1500,163,SUV,FWD,5,japanese,suv
Hyundai,Tucson,Tucson,2024,Automatic,hybrid,1600,177,SUV,FWD,5,korean,suv
Mercedes,C200,C-Class,2024,Automatic,hybrid,1500,184,Sedan,RWD,5,european,executive
Hyundai,Tucson,Tucson,2025,Automatic,hybrid,1600,177,SUV,FWD,5,korean,suv
Kia,Sorento,Sorento,2020,Automatic,petrol,2400,173,SUV,AWD,7,korean,suv
Kia,Carnival,Carnival,2016,Automatic,petrol,2200,202,MPV,FWD,8,korean,mpv
Kia,Picanto,Picanto,2011,Automatic,petrol,1000,67,Hatchback,FWD,5,korean,city
Suzuki,Ciaz,Ciaz,2024,Automatic,petrol,1500,105,Sedan,FWD,5,japanese,family
Kia,Rio,Rio,2012,Automatic,petrol,1400,100,Sedan,FWD,5,korean,city
Opel,Mokka,Mokka,2022,Automatic,petrol,1200,100,Crossover,FWD,5,european,crossover
Renault,Sandero Stepway,Sandero,2003,Automatic,petrol,1600,115,Hatchback,FWD,5,european,crossover
Nissan,X-Trail,X-Trail,2008,Automatic,petrol,1700,158,SUV,AWD,7,japanese,suv
Kia,Carnival MPV,Carnival,2020,Automatic,petrol,2200,202,MPV,FWD,8,korean,mpv
Audi,Q8,Q8,2023,Automatic,petrol,3000,340,SUV,AWD,5,european,luxury_suv
BMW,218i,2 Series,2023,Automatic,petrol,1500,136,Coupe,FWD,4,european,executive
Audi,A5,A5,2019,Automatic,petrol,2000,190,Coupe,AWD,4,european,executive
Volkswagen,Tiguan,Tiguan,2020,Automatic,petrol,1400,150,SUV,FWD,5,european,suv
Mitsubishi,Lancer EX Shark,Lancer,2019,Automatic,petrol,1600,113,Sedan,FWD,5,japanese,family
Volkswagen,Golf,Golf,2011,Automatic,petrol,1400,150,Hatchback,FWD,5,european,family
Fiat,128,128,1990,Automatic,petrol,1100,55,Hatchback,FWD,5,european,city
Mazda,323,323,2015,Automatic,petrol,1600,98,Sedan,FWD,5,japanese,family
BMW,740,7 Series,2019,Automatic,petrol,3000,340,Sedan,RWD,5,european,luxury
Chery,Arrizo 5 Pro,Arrizo 5,2020,Automatic,petrol,1500,147,Sedan,FWD,5,chinese,family
Citroën,C4X,C4X,2025,Automatic,petrol,1200,130,Sedan,FWD,5,european,family
Mercedes,AMG,AMG,2022,Automatic,petrol,4000,510,Sedan,AWD,5,european,sport
Speranza,A620,A620,2010,Automatic,petrol,2000,145,Sedan,FWD,5,chinese,family
Jeep,Grand Cherokee,Grand Cherokee,2020,Automatic,petrol,3600,293,SUV,4WD,5,american,luxury_suv
Volvo,XC90,XC90,2020,Automatic,petrol,2000,300,SUV,AWD,7,european,luxury_suv
Citroën,C Elysee,C Elysee,2020,Automatic,petrol,1200,82,Sedan,FWD,5,european,family
Renault,Megane,Megane,2006,Automatic,cng,1500,115,Hatchback,FWD,5,european,family
Hyundai,Tucson,Tucson,1997,Automatic,petrol,1600,177,SUV,FWD,5,korean,suv
Hyundai,Verna,Verna,2016,Automatic,cng,1600,123,Sedan,FWD,5,korean,city
Toyota,Yaris,Yaris,2008,Automatic,petrol,1500,107,Hatchback,FWD,5,japanese,city
Changan,Benni,Benni,2013,Automatic,petrol,1500,136,Hatchback,FWD,4,european,city
BMW,116,1 Series,2014,Automatic,petrol,1500,109,Hatchback,RWD,5,european,executive
Changan,CS55 Plus,CS55 Plus,2025,Automatic,petrol,1500,156,SUV,FWD,5,chinese,suv
Audi,A4,A4,2018,Automatic,petrol,2000,190,Sedan,AWD,5,european,executive
Renault,Kadjar,Kadjar,2018,Automatic,petrol,1600,163,SUV,FWD,5,european,suv
Hyundai,Elantra,Elantra,2022,Automatic,petrol,1600,128,Sedan,FWD,5,korean,family
Daihatsu,Charade,Charade,1997,Automatic,petrol,1000,56,Hatchback,FWD,5,japanese,city
Geely,X7,X7,2020,Automatic,petrol,2400,137,SUV,FWD,7,chinese,suv
Mitsubishi,Attrage,Attrage,2005,Automatic,petrol,1200,78,Sedan,FWD,5,japanese,city
Seat,Tarraco,Tarraco,2017,Automatic,petrol,1500,150,SUV,FWD,7,european,suv
BYD,Song Plus,Song Plus,2024,Automatic,electric,0,200,Sedan,FWD,5,chinese,family
BMW,523,5 Series,2010,Automatic,petrol,2500,177,Sedan,RWD,5,european,executive
Toyota,Corolla Cross,Corolla Cross,1991,Automatic,petrol,1600,120,Sedan,FWD,5,japanese,family
Nissan,Bluebird,Bluebird,2017,Automatic,petrol,1600,103,Sedan,FWD,5,japanese,family
Peugeot,307,307,2008,Automatic,petrol,1400,95,Sedan,FWD,5,european,family
BMW,X1,X1,2026,Automatic,petrol,1500,136,Crossover,FWD,5,european,luxury_suv
Seat,Leon,Leon,2022,Automatic,petrol,1500,150,Hatchback,FWD,5,european,family
Subaru,XV,XV,2021,Automatic,petrol,2000,156,Crossover,AWD,5,japanese,crossover
Nissan,Sunny,Sunny,2025,Automatic,petrol,1600,110,Sedan,FWD,5,japanese,family
Chevrolet,Cruze,Cruze,1990,Automatic,petrol,1600,124,Sedan,FWD,5,american,family
Kia,Picanto,Picanto,2023,Automatic,petrol,1000,67,Hatchback,FWD,5,korean,city
Land Rover,Range Rover Vogue,Range Rover,2024,Automatic,hybrid,3000,400,SUV,4WD,5,european,luxury_suv
Mitsubishi,Lancer,Lancer,2012,Automatic,petrol,1600,113,Sedan,FWD,5,japanese,family
Mercedes,CLS350,CLS,2020,Automatic,petrol,1600,156,Sedan,RWD,5,european,executive
Mini,John Cooper,John Cooper,2019,Automatic,petrol,2000,231,Hatchback,FWD,4,european,sport
Fiat,Punto,Punto,2011,Automatic,diesel,1200,69,Hatchback,FWD,5,european,city
Daihatsu,Terios,Terios,2009,Automatic,petrol,1500,105,SUV,4WD,5,japanese,suv
Seat,Toledo,Toledo,2018,Automatic,petrol,1600,105,Sedan,FWD,5,european,family
Kia,Carnival MPV,Carnival,2014,Automatic,petrol,2200,202,MPV,FWD,8,korean,mpv
Hyundai,Elantra,Elantra,2014,Automatic,petrol,1600,128,Sedan,FWD,5,korean,family
Land Rover,Range Rover,Range Rover,2023,Automatic,petrol,3000,400,SUV,4WD,5,european,luxury_suv
Jaguar,XE,XE,2020,Automatic,petrol,2000,250,Sedan,RWD,5,european,luxury
Daewoo,Nubira,Nubira,2005,Automatic,petrol,1600,100,Sedan,FWD,5,korean,family
Tesla,Model 3,Model 3,2023,Automatic,electric,0,283,Sedan,RWD,5,american,executive
Hyundai,Tucson,Tucson,1988,Automatic,petrol,1600,177,SUV,FWD,5,korean,suv
Mazda,3,3,2009,Automatic,petrol,1500,120,Sedan,FWD,5,japanese,family
Jeep,Wrangler,Wrangler,2011,Automatic,petrol,2000,268,SUV,4WD,5,american,suv
BMW,X7,X7,2025,Automatic,petrol,3000,340,SUV,AWD,7,european,luxury_suv
Toyota,Land Cruiser,Land Cruiser,2023,Automatic,petrol,4000,271,SUV,4WD,8,japanese,luxury_suv
Jeep,Renegade,Renegade,2022,Automatic,petrol,1400,150,Crossover,FWD,5,american,crossover
Peugeot,508,508,2017,Automatic,petrol,1600,165,Sedan,FWD,5,european,executive
Mercedes,CLA200,CLA,2023,Automatic,petrol,1400,163,Coupe,FWD,5,european,sport
Ford,Focus,Focus,2010,Automatic,petrol,1500,150,Hatchback,FWD,5,american,family
Kia,Sportage,Sportage,2015,Automatic,petrol,1600,177,SUV,FWD,5,korean,suv
Mercedes,GLC300,GLC,2024,Automatic,petrol,2000,258,SUV,4WD,5,european,luxury_suv
Land Rover,Range Rover,Range Rover,2024,Automatic,hybrid,3000,400,SUV,4WD,5,european,luxury_suv
Ford,Bronco Raptor,Bronco Raptor,2018,Automatic,petrol,3000,418,SUV,4WD,5,american,suv
Mazda,3,3,2006,Automatic,petrol,1500,120,Sedan,FWD,5,japanese,family
Kia,Picanto,Picanto,2014,Automatic,petrol,1000,67,Hatchback,FWD,5,korean,city
Chevrolet,Optra,Optra,2007,Automatic,diesel,1600,109,Sedan,FWD,5,american,family
Renault,Austral,Austral,2024,Automatic,petrol,1300,158,SUV,FWD,5,european,suv
BMW,740,7 Series,2024,Automatic,petrol,3000,340,Sedan,RWD,5,european,luxury
Mercedes,B200,B-Class,2019,Automatic,petrol,1600,156,MPV,FWD,5,european,executive
Audi,A3,A3,2015,Automatic,petrol,1500,150,Sedan,FWD,5,european,executive
Skoda,Kodiaq,Kodiaq,2022,Automatic,petrol,2000,190,SUV,AWD,7,european,suv
Ford,Bronco Raptor,Bronco Raptor,2015,Automatic,petrol,3000,418,SUV,4WD,5,american,suv
Geely,Emgrand X7,Emgrand X7,2014,Automatic,petrol,2400,137,SUV,FWD,7,chinese,suv
Mercedes,CLA200,CLA,2021,Automatic,petrol,1400,163,Coupe,FWD,5,european,sport
Peugeot,301,301,2017,Automatic,petrol,1200,82,Sedan,FWD,5,european,family
Citroën,C3 Aircross,C3 Aircross,2021,Automatic,petrol,1200,110,Crossover,FWD,5,european,crossover
Geely,Pandino,Pandino,2014,Automatic,petrol,1500,110,Sedan,FWD,5,chinese,family
Honda,Civic,Civic,1992,Automatic,petrol,1500,182,Sedan,FWD,5,japanese,family
Renault,Logan,Logan,2022,Automatic,petrol,1600,84,Sedan,FWD,5,european,family
Mercedes,CLA200,CLA,2014,Automatic,petrol,1400,163,Coupe,FWD,5,european,sport
Jeep,Cherokee,Cherokee,2006,Automatic,petrol,2400,184,SUV,4WD,5,american,suv
Kia,Rio,Rio,2007,Automatic,petrol,1400,100,Sedan,FWD,5,korean,city
Volvo,XC90,XC90,2021,Automatic,petrol,2000,300,SUV,AWD,7,european,luxury_suv
Seat,Leon,Leon,2017,Automatic,petrol,1500,150,Hatchback,FWD,5,european,family
Volvo,S60,S60,2018,Automatic,petrol,2000,197,Sedan,FWD,5,european,luxury
Toyota,Corolla Cross,Corolla Cross,1997,Automatic,petrol,1600,120,Sedan,FWD,5,japanese,family
MG,5,5,2022,Automatic,petrol,1500,169,Sedan,FWD,5,chinese,family
Chevrolet,Captiva,Captiva,2024,Automatic,petrol,1500,150,SUV,FWD,7,american,suv
BYD,F3,F3,2022,Automatic,petrol,1500,109,Sedan,FWD,5,chinese,family
Audi,A5,A5,2024,Automatic,petrol,2000,190,Coupe,AWD,4,european,executive
Jeep,Cherokee,Cherokee,2016,Automatic,petrol,2400,184,SUV,4WD,5,american,suv
Hyundai,I20,I20,2022,Automatic,petrol,1400,100,Hatchback,FWD,5,korean,city
MG,6,6,2024,Automatic,petrol,1500,169,Sedan,FWD,5,chinese,executive
Jeep,Cherokee,Cherokee,2024,Automatic,petrol,2400,184,SUV,4WD,5,american,suv
Changan,UNI-T,UNI-T,2024,Automatic,petrol,1500,181,SUV,FWD,5,chinese,suv
Jeep,Grand Cherokee,Grand Cherokee,2021,Automatic,petrol,3600,293,SUV,4WD,5,american,luxury_suv
Nissan,Bluebird,Bluebird,2013,Automatic,petrol,1600,103,Sedan,FWD,5,japanese,family
Jaguar,XE,XE,2016,Automatic,petrol,2000,250,Sedan,RWD,5,european,luxury
Kia,Carnival,Carnival,2014,Automatic,petrol,2200,202,MPV,FWD,8,korean,mpv
Hyundai,Avante,Avante,2000,Automatic,petrol,1600,120,Sedan,FWD,5,korean,family
Chery,Tiggo 8,Tiggo 8,2024,Automatic,petrol,1500,197,SUV,FWD,7,chinese,suv
Citroën,Grand C4 Spacetourer,Grand C4 Spacetourer,1999,Automatic,petrol,1200,130,MPV,FWD,7,european,mpv
Mercedes,B200,B-Class,2013,Automatic,petrol,1600,156,MPV,FWD,5,european,executive
Jeep,Grand Cherokee 4xe,Grand Cherokee,2007,Automatic,petrol,2000,375,SUV,4WD,5,american,luxury_suv
Nissan,Qashqai,Qashqai,2013,Automatic,petrol,1500,163,SUV,FWD,5,japanese,suv
Mazda,3,3,2007,Automatic,petrol,1500,120,Sedan,FWD,5,japanese,family
Land Rover,Range Rover Sport,Range Rover,2016,Automatic,petrol,3000,395,SUV,4WD,5,european,luxury_suv
Peugeot,308 SW,308 SW,2011,Automatic,petrol,1400,95,Sedan,FWD,5,european,family
Skoda,Octavia,Octavia,2016,Automatic,petrol,1500,150,Sedan,FWD,5,european,family
Ford,Focus,Focus,2022,Automatic,diesel,1500,150,Hatchback,FWD,5,american,family
BMW,X3,X3,2007,Automatic,petrol,2000,184,SUV,AWD,5,european,luxury_suv
Seat,Ateca,Ateca,2020,Automatic,petrol,1500,150,SUV,FWD,5,european,suv
BMW,523,5 Series,1997,Automatic,petrol,2500,177,Sedan,RWD,5,european,executive
Seat,Ibiza,Ibiza,2014,Automatic,petrol,1000,95,Hatchback,FWD,5,european,city
Chevrolet,Optra,Optra,2023,Automatic,petrol,1600,109,Sedan,FWD,5,american,family
Chrysler,Town & Country,Town & Country,2005,Automatic,petrol,3600,283,MPV,FWD,7,american,mpv
Avatr,12,12,2025,Automatic,electric,0,578,Sedan,AWD,5,chinese,luxury
Mercedes,GLE,GLE,2019,Automatic,petrol,1600,156,SUV,AWD,5,european,luxury_suv
Seat,Tarraco,Tarraco,2018,Automatic,petrol,1500,150,SUV,FWD,7,european,suv
Kia,Carnival MPV,Carnival,2002,Automatic,petrol,2200,202,MPV,FWD,8,korean,mpv
Peugeot,307,307,2004,Automatic,petrol,1400,95,Sedan,FWD,5,european,family
Nissan,Sentra,Sentra,2018,Automatic,petrol,1600,122,Sedan,FWD,5,japanese,family
Mercedes,E200,E-Class,1988,Automatic,petrol,2000,184,Sedan,RWD,5,european,executive
Kia,Shuma,Shuma,1999,Automatic,petrol,1600,120,Sedan,FWD,5,korean,family
Kia,Soul,Soul,2017,Automatic,petrol,1600,130,Crossover,FWD,5,korean,crossover
Audi,Q7,Q7,2008,Automatic,petrol,3000,340,SUV,AWD,7,european,luxury_suv
Ford,Bronco Raptor,Bronco Raptor,2019,Automatic,petrol,3000,418,SUV,4WD,5,american,suv
BYD,F3,F3,2015,Automatic,petrol,1500,109,Sedan,FWD,5,chinese,family
Jaguar,F-Type,F-Type,2020,Automatic,petrol,3000,380,Coupe,AWD,2,european,sport
Nissan,Juke,Juke,2025,Automatic,petrol,1000,117,Crossover,FWD,5,japanese,crossover
Hyundai,Elantra CN7,Elantra,2024,Automatic,petrol,1600,128,Sedan,FWD,5,korean,family
Chevrolet,Aveo,Aveo,2006,Automatic,petrol,1400,100,Sedan,FWD,5,american,city
Mercedes,350,350,2024,Automatic,hybrid,3500,272,Sedan,RWD,5,european,executive
Nissan,Patrol,Patrol,2016,Automatic,petrol,4000,275,SUV,4WD,8,japanese,luxury_suv
Nissan,Sentra,Sentra,2023,Automatic,petrol,1600,122,Sedan,FWD,5,japanese,family
Porsche,Cayman,Cayman,2024,Automatic,petrol,2500,300,Coupe,RWD,2,european,sport
Peugeot,508,508,2020,Automatic,petrol,1600,165,Sedan,FWD,5,european,executive
Peugeot,508,508,2013,Automatic,petrol,1600,165,Sedan,FWD,5,european,executive
Geely,Emgrand X7,Emgrand X7,2012,Automatic,petrol,2400,137,SUV,FWD,7,chinese,suv
Renault,Fluence,Fluence,2010,Automatic,petrol,1600,100,Sedan,FWD,5,european,family
Mazda,323,323,2006,Automatic,petrol,1600,98,Sedan,FWD,5,japanese,family
Mercedes,230,230,1990,Automatic,petrol,2300,150,Sedan,RWD,5,european,executive
GMC,Terrain,Terrain,2024,Automatic,petrol,1500,170,SUV,AWD,5,american,suv
Cupra,Leon,Leon,2024,Automatic,petrol,2000,265,Hatchback,FWD,5,european,sport
Chevrolet,Optra,Optra,2017,Automatic,petrol,1600,109,Sedan,FWD,5,american,family
Porsche,Cayenne,Cayenne,2019,Automatic,petrol,3000,340,SUV,AWD,5,european,luxury_suv
Chrysler,Town & Country,Town & Country,1997,Automatic,petrol,3600,283,MPV,FWD,7,american,mpv
Peugeot,208,208,2013,Automatic,petrol,1200,100,Hatchback,FWD,5,european,city
BYD,L3,L3,2016,Automatic,petrol,1500,107,Sedan,FWD,5,chinese,family
Mini,Paceman,Paceman,2008,Automatic,petrol,1500,136,Hatchback,FWD,4,european,city
Mercedes,GLE,GLE,2021,Automatic,petrol,1600,156,SUV,AWD,5,european,luxury_suv
Mercedes,250,250,2023,Automatic,petrol,2500,150,Sedan,RWD,5,european,executive
BMW,3 Series,3 Series,2024,Automatic,hybrid,2000,184,Sedan,RWD,5,european,executive
Kia,Picanto,Picanto,2013,Automatic,petrol,1000,67,Hatchback,FWD,5,korean,city
Jeep,Cherokee,Cherokee,2020,Automatic,petrol,2400,184,SUV,4WD,5,american,suv
Mini,Countryman S,Countryman,2016,Automatic,petrol,2000,178,Crossover,AWD,5,european,crossover
Mercedes,GLA,GLA,2018,Automatic,petrol,1400,163,Crossover,FWD,5,european,luxury_suv
Proton,Persona,Persona,2010,Automatic,petrol,1600,110,Sedan,FWD,5,other,family
Renault,Megane,Megane,2019,Automatic,petrol,1500,115,Hatchback,FWD,5,european,family
Volkswagen,Golf,Golf,2024,Automatic,petrol,1400,150,Hatchback,FWD,5,european,family
BAIC,U5 Plus,U5 Plus,2026,Automatic,petrol,1500,109,Sedan,FWD,5,chinese,family
Mercedes,V250,V250,2020,Automatic,petrol,2100,190,MPV,RWD,8,european,mpv
Citroën,C4 Grand Picasso,C4 Grand Picasso,2019,Automatic,petrol,1600,120,MPV,FWD,7,european,mpv
Volkswagen,Golf 7,Golf,2016,Automatic,petrol,1400,150,Hatchback,FWD,5,european,family
Honda,CRV,CRV,2021,Automatic,petrol,1500,190,SUV,AWD,5,japanese,suv
Renault,Fluence,Fluence,2015,Automatic,petrol,1600,100,Sedan,FWD,5,european,family
BMW,X7,X7,2024,Automatic,petrol,3000,340,SUV,AWD,7,european,luxury_suv
Mercedes,200,200,2013,Automatic,petrol,2000,136,Sedan,RWD,5,european,executive
Mercedes,C180,C-Class,2003,Automatic,petrol,1600,156,Sedan,RWD,5,european,executive
Ford,Focus,Focus,2017,Automatic,petrol,1500,150,Hatchback,FWD,5,american,family
Subaru,Impreza,Impreza,2016,Automatic,petrol,2000,154,Sedan,AWD,5,japanese,family
Renault,Megane,Megane,2016,Automatic,petrol,1500,115,Hatchback,FWD,5,european,family
Toyota,Yaris,Yaris,2009,Automatic,petrol,1500,107,Hatchback,FWD,5,japanese,city
Chevrolet,Aveo,Aveo,2013,Automatic,hybrid,1400,100,Sedan,FWD,5,american,city
Opel,Vectra,Vectra,1998,Automatic,petrol,1800,122,Sedan,FWD,5,european,executive
Daewoo,Lacetti,Lacetti,2004,Automatic,petrol,1600,109,Sedan,FWD,5,korean,family
BMW,523,5 Series,2007,Automatic,petrol,2500,177,Sedan,RWD,5,european,executive
Daihatsu,Grand Terios,Terios,2001,Automatic,petrol,1500,105,SUV,4WD,7,japanese,suv
Chevrolet,Avalanche,Avalanche,1978,Automatic,petrol,5300,320,Pickup,4WD,6,american,truck
Kia,Xceed,Xceed,2024,Automatic,petrol,1500,160,Crossover,FWD,5,korean,crossover
Volkswagen,Jetta,Jetta,1989,Automatic,petrol,1400,150,Sedan,FWD,5,european,family
Mercedes,GLS,GLS,2023,Automatic,petrol,1600,156,SUV,AWD,5,european,luxury_suv
Toyota,Fortuner,Fortuner,2014,Automatic,petrol,2700,166,SUV,4WD,7,japanese,suv
Mercedes,E300,E-Class,2011,Automatic,petrol,2000,258,Sedan,RWD,5,european,executive
Mercedes,GLA200,GLA,2020,Automatic,petrol,1400,163,Crossover,FWD,5,european,luxury_suv
Chery,A11,A11,2006,Automatic,petrol,1100,64,Hatchback,FWD,5,chinese,city
Honda,Civic,Civic,2020,Automatic,petrol,1500,182,Sedan,FWD,5,japanese,family
BMW,X6 M,X6,2018,Automatic,petrol,4400,617,SUV,AWD,5,european,luxury_suv
Mercedes,E200,E-Class,2005,Automatic,petrol,2000,184,Sedan,RWD,5,european,executive
Hyundai,Tucson,Tucson,1997,Automatic,diesel,1600,177,SUV,FWD,5,korean,suv
Seat,Leon,Leon,2021,Automatic,petrol,1500,150,Hatchback,FWD,5,european,family
Seat,Tarraco,Tarraco,2024,Automatic,petrol,1500,150,SUV,FWD,7,european,suv
Honda,Civic,Civic,2007,Automatic,petrol,1500,182,Sedan,FWD,5,japanese,family
Haval,Jolion Pro,Jolion Pro,2022,Automatic,petrol,1500,169,SUV,FWD,5,chinese,suv
Renault,Sandero Stepway,Sandero,2020,Automatic,petrol,1600,115,Hatchback,FWD,5,european,crossover
Changan,Benni,Benni,2016,Automatic,diesel,1000,68,Hatchback,FWD,4,chinese,city
Mercedes,500,500,2017,Automatic,petrol,4700,435,Sedan,RWD,5,european,luxury
Volkswagen,Passat,Passat,2013,Automatic,petrol,1800,150,Sedan,FWD,5,european,executive
Opel,Mokka,Mokka,2024,Automatic,petrol,1200,100,Crossover,FWD,5,european,crossover
Changan,Benni,Benni,2015,Automatic,petrol,1000,68,Hatchback,FWD,5,chinese,city
Audi,A3,A3,2016,Automatic,petrol,1500,150,Sedan,FWD,5,european,executive
Subaru,Impreza,Impreza,2021,Automatic,petrol,2000,154,Sedan,AWD,5,japanese,family
BMW,218i,2 Series,2015,Automatic,petrol,1500,136,Coupe,FWD,4,european,executive
Kia,Soul,Soul,2015,Automatic,petrol,1600,130,Crossover,FWD,5,korean,crossover
Peugeot,5008,5008,2022,Automatic,petrol,1200,130,SUV,FWD,7,european,suv
Volkswagen,ID6,ID6,2022,Automatic,electric,0,204,SUV,AWD,7,european,suv
Jeep,Cherokee,Cherokee,2011,Automatic,petrol,2400,184,SUV,4WD,5,american,suv
BMW,740,7 Series,2026,Automatic,petrol,3000,340,Sedan,RWD,5,european,luxury
Mitsubishi,Pajero,Pajero,2015,Automatic,petrol,3000,178,SUV,4WD,7,japanese,suv
Daihatsu,Grand Terios,Terios,1997,Automatic,petrol,1500,105,SUV,4WD,7,japanese,suv
Kia,Sorento,Sorento,2022,Automatic,hybrid,2400,173,SUV,AWD,7,korean,suv
Jeep,Cherokee,Cherokee,2009,Automatic,petrol,2400,184,SUV,4WD,5,american,suv
Changan,Benni Mini,Benni Mini,2015,Automatic,petrol,1000,68,Hatchback,FWD,4,chinese,city
Mercedes,GLA200,GLA,2016,Automatic,petrol,1400,163,Crossover,FWD,5,european,luxury_suv
Cupra,Formentor,Formentor,2025,Automatic,petrol,1500,150,Crossover,FWD,5,european,crossover
BYD,F3,F3,2023,Automatic,petrol,1500,109,Sedan,FWD,5,chinese,family
Brilliance,V6,V6,2021,Automatic,petrol,2000,163,SUV,FWD,7,chinese,suv
Geely,Emgrand X7,Emgrand X7,2016,Automatic,petrol,2400,137,SUV,FWD,7,chinese,suv
Skoda,Octavia,Octavia,2026,Automatic,petrol,1395,150,Sedan,FWD,5,european,family
Nissan,Qashqai,Qashqai,2025,Automatic,petrol,1500,163,SUV,FWD,5,japanese,suv
Renault,Sandero,Sandero,2018,Automatic,petrol,1600,84,Hatchback,FWD,5,european,city
BMW,X1,X1,2023,Automatic,petrol,1500,136,Crossover,FWD,5,european,luxury_suv
Skoda,Superb,Superb,2026,Automatic,petrol,1800,180,Sedan,FWD,5,european,executive
Mercedes,C200,C-Class,2009,Automatic,petrol,1500,184,Sedan,RWD,5,european,executive
Audi,A3,A3,2026,Automatic,petrol,1500,150,Sedan,FWD,5,european,executive
Volkswagen,Transporter,Transporter,2012,Automatic,petrol,1400,130,Van,FWD,8,european,van
Renault,Fluence,Fluence,2012,Automatic,petrol,1600,100,Sedan,FWD,5,european,family
Mazda,3,3,2014,Automatic,petrol,1500,120,Sedan,FWD,5,japanese,family
Opel,Astra,Astra,2006,Automatic,petrol,1400,150,Hatchback,FWD,5,european,family
DS,DS4,DS4,2024,Automatic,petrol,1200,130,Hatchback,FWD,5,european,executive
Chevrolet,Optra,Optra,2025,Automatic,petrol,1600,109,Sedan,FWD,5,american,family
Opel,Vectra,Vectra,1999,Automatic,petrol,1800,122,Sedan,FWD,5,european,executive
SsangYong,Tivoli,Tivoli,2021,Automatic,petrol,1500,163,SUV,FWD,5,korean,suv
Hyundai,Elantra,Elantra,2013,Automatic,petrol,1600,128,Sedan,FWD,5,korean,family
Geely,Emgrand,Emgrand,2013,Automatic,petrol,1500,107,Sedan,FWD,5,chinese,family
Mercedes,C200,C-Class,1998,Automatic,petrol,1500,184,Sedan,RWD,5,european,executive
Skoda,Octavia,Octavia,2007,Automatic,petrol,1500,150,Sedan,FWD,5,european,family
Porsche,Cayenne S,Cayenne,2021,Automatic,petrol,4000,440,SUV,AWD,5,european,luxury_suv
Audi,Q3,Q3,2000,Automatic,petrol,1500,150,SUV,FWD,5,european,luxury_suv
BYD,F3,F3,2012,Automatic,cng,1500,109,Sedan,FWD,5,chinese,family
Renault,Logan,Logan,2021,Automatic,petrol,1600,84,Sedan,FWD,5,european,family
Zotye,T600,T600,2019,Automatic,petrol,2000,197,SUV,FWD,5,chinese,suv
BMW,X4,X4,2017,Automatic,petrol,2000,184,SUV,AWD,5,european,luxury_suv
Subaru,Impreza,Impreza,2020,Automatic,petrol,2000,154,Sedan,AWD,5,japanese,family
Hyundai,I10,I10,2011,Automatic,petrol,1000,67,Hatchback,FWD,5,korean,city
Kia,Sportage,Sportage,2012,Automatic,petrol,1600,177,SUV,FWD,5,korean,suv
Renault,Sandero Stepway,Sandero,2017,Automatic,petrol,1600,115,Hatchback,FWD,5,european,crossover
Mitsubishi,Attrage,Attrage,2025,Automatic,petrol,1200,78,Sedan,FWD,5,japanese,city
Ford,Focus,Focus,2021,Automatic,petrol,1500,150,Hatchback,FWD,5,american,family
SsangYong,Tivoli XLV,Tivoli,2018,Automatic,petrol,1500,163,SUV,FWD,5,korean,suv
SsangYong,Tivoli,Tivoli,2019,Automatic,petrol,1500,163,SUV,FWD,5,korean,suv
Jeep,Grand Cherokee,Grand Cherokee,2000,Automatic,petrol,3600,293,SUV,4WD,5,american,luxury_suv
Skoda,Octavia,Octavia,2002,Automatic,petrol,1500,150,Sedan,FWD,5,european,family
Volkswagen,Golf,Golf,1999,Automatic,petrol,1400,150,Hatchback,FWD,5,european,family
Hyundai,Atos,Atos,2002,Automatic,petrol,1000,57,Hatchback,FWD,5,korean,city
BMW,X3,X3,2018,Automatic,petrol,2000,184,SUV,AWD,5,european,luxury_suv
Peugeot,3008,3008,2023,Automatic,petrol,1200,130,SUV,FWD,5,european,suv
Kia,Carnival MPV,Carnival,2018,Automatic,petrol,2200,202,MPV,FWD,8,korean,mpv
Mercedes,EQE350,EQ,2023,Automatic,electric,0,288,Sedan,RWD,5,european,executive
Skoda,Octavia,Octavia,2000,Automatic,petrol,1500,150,Sedan,FWD,5,european,family
Volkswagen,Polo,Polo,2005,Automatic,petrol,1000,95,Hatchback,FWD,5,european,city
Toyota,Fortuner,Fortuner,2013,Automatic,petrol,2700,166,SUV,4WD,7,japanese,suv
Kia,Rio,Rio,2005,Automatic,petrol,1400,100,Sedan,FWD,5,korean,city
Jeep,Cherokee,Cherokee,1996,Automatic,petrol,2400,184,SUV,4WD,5,american,suv
Skoda,Octavia Combi,Octavia,2021,Automatic,petrol,1500,150,Sedan,FWD,5,european,family
BMW,316,3 Series,1995,Automatic,petrol,1600,116,Sedan,RWD,5,european,executive
Nissan,Bluebird,Bluebird,2016,Automatic,petrol,1600,103,Sedan,FWD,5,japanese,family
Mercedes,E180,E-Class,2018,Automatic,petrol,1600,156,Sedan,RWD,5,european,executive
Chevrolet,Camaro,Camaro,2021,Automatic,petrol,2000,275,Coupe,RWD,4,american,sport
Chevrolet,Spark,Spark,2008,Automatic,petrol,1000,68,Hatchback,FWD,4,american,city
Renault,Symbol,Symbol,2016,Automatic,petrol,1600,90,Sedan,FWD,5,european,city
Fiat,500,500,2026,Automatic,petrol,1200,69,Hatchback,FWD,4,european,city
Mercedes,E200,E-Class,2000,Automatic,petrol,2000,184,Sedan,RWD,5,european,executive
Mercedes,GLC,GLC,2024,Automatic,petrol,1500,197,SUV,4WD,5,european,luxury_suv
Volkswagen,Passat,Passat,2007,Automatic,petrol,1800,150,Sedan,FWD,5,european,executive
Chevrolet,Equinox,Equinox,2018,Automatic,petrol,1500,170,SUV,FWD,5,american,suv
Nissan,Sentra,Sentra,2025,Automatic,petrol,1600,122,Sedan,FWD,5,japanese,family
MG,6,6,2022,Automatic,petrol,1500,169,Sedan,FWD,5,chinese,executive
Proton,Gen-2,Gen-2,2009,Automatic,petrol,1600,110,Hatchback,FWD,5,other,family
Land Rover,Range Rover,Range Rover,2019,Automatic,petrol,3000,400,SUV,4WD,5,european,luxury_suv
Opel,Insignia,Insignia,2014,Automatic,petrol,1500,165,Sedan,FWD,5,european,executive
FAW,X40,X40,2018,Automatic,petrol,1600,120,SUV,FWD,5,chinese,suv
Mercedes,250,250,2011,Automatic,petrol,2500,150,Sedan,RWD,5,european,executive
BMW,X5,X5,2016,Automatic,petrol,3000,340,SUV,AWD,7,european,luxury_suv
BMW,316,3 Series,2008,Automatic,petrol,1600,116,Sedan,RWD,5,european,executive
Mercedes,EQS450,EQ,2024,Automatic,electric,0,355,Sedan,AWD,5,european,luxury
BMW,116,1 Series,2013,Automatic,petrol,1500,109,Hatchback,RWD,5,european,executive
Peugeot,301,301,2022,Automatic,petrol,1200,82,Sedan,FWD,5,european,family
Hyundai,Verna,Verna,2005,Automatic,petrol,1600,123,Sedan,FWD,5,korean,city
Renault,Austral,Austral,2025,Automatic,petrol,1300,158,SUV,FWD,5,european,suv
Porsche,Macan,Macan,2025,Automatic,hybrid,2000,265,Crossover,AWD,5,european,luxury_suv
MG,6,6,2025,Automatic,petrol,1500,169,Sedan,FWD,5,chinese,executive
Ford,Bronco Raptor,Bronco Raptor,1998,Automatic,petrol,3000,418,SUV,4WD,5,american,suv
Kia,Carnival MPV,Carnival,2025,Automatic,petrol,2200,202,MPV,FWD,8,korean,mpv
Mercedes,E180,E-Class,2016,Automatic,cng,1600,156,Sedan,RWD,5,european,executive
Hyundai,Tucson,Tucson,2005,Automatic,petrol,1600,177,SUV,FWD,5,korean,suv
Toyota,Corolla,Corolla,1999,Automatic,petrol,1600,122,Sedan,FWD,5,japanese,family
BAIC,EU5 Plus,EU5 Plus,2017,Automatic,electric,0,163,Sedan,FWD,5,chinese,family
Jeep,Wrangler,Wrangler,2018,Automatic,petrol,2000,268,SUV,4WD,5,american,suv
Chevrolet,Avalanche,Avalanche,2015,Automatic,petrol,5300,320,Pickup,4WD,6,american,truck
Peugeot,308 SW,308 SW,2012,Automatic,petrol,1400,95,Sedan,FWD,5,european,family
BMW,X3 M,X3,2021,Automatic,petrol,3000,480,SUV,AWD,5,european,luxury_suv
Jeep,Cherokee,Cherokee,1997,Automatic,petrol,2400,184,SUV,4WD,5,american,suv
Toyota,Fortuner,Fortuner,2016,Automatic,petrol,2700,166,SUV,4WD,7,japanese,suv
Kia,Cerato,Cerato,2019,Automatic,petrol,1600,123,Sedan,FWD,5,korean,family
Mercedes,E200,E-Class,1982,Automatic,petrol,2000,184,Sedan,RWD,5,european,executive
Chevrolet,Optra,Optra,2009,Automatic,cng,1600,109,Sedan,FWD,5,american,family
Proton,Saga,Saga,2013,Automatic,petrol,1300,95,Sedan,FWD,5,other,city
Ford,Bronco Raptor,Bronco Raptor,2024,Automatic,petrol,3000,418,SUV,4WD,5,american,suv
Skoda,Kodiaq,Kodiaq,2026,Automatic,petrol,2000,190,SUV,AWD,7,european,suv
BMW,X3,X3,2009,Automatic,petrol,2000,184,SUV,AWD,5,european,luxury_suv
Mini,Paceman,Paceman,2014,Automatic,petrol,1500,136,Hatchback,FWD,4,european,city
Skoda,Octavia Combi,Octavia,2012,Automatic,petrol,1500,150,Sedan,FWD,5,european,family
Jeep,Cherokee,Cherokee,2015,Automatic,petrol,2400,184,SUV,4WD,5,american,suv
Volkswagen,Beetle,Beetle,2001,Automatic,petrol,1400,150,Coupe,FWD,4,european,sport
MG,ZS,ZS,2024,Automatic,petrol,1500,106,SUV,FWD,5,chinese,suv
BMW,3 Series,3 Series,2017,Automatic,petrol,2000,184,Sedan,RWD,5,european,executive
Skoda,Octavia A4,Octavia,1998,Automatic,petrol,1500,150,Sedan,FWD,5,european,family
Hyundai,Elantra,Elantra,2008,Automatic,petrol,1600,128,Sedan,FWD,5,korean,family
Mercedes,GLA200,GLA,2019,Automatic,diesel,1400,163,Crossover,FWD,5,european,luxury_suv
Geely,Emgrand,Emgrand,2026,Automatic,petrol,1500,107,Sedan,FWD,5,chinese,family
Chery,Arrizo 5 Pro,Arrizo 5,2025,Automatic,petrol,1500,147,Sedan,FWD,5,chinese,family
Toyota,Yaris,Yaris,2007,Automatic,petrol,1500,107,Hatchback,FWD,5,japanese,city
Peugeot,406,406,2001,Automatic,petrol,1400,95,Sedan,FWD,5,european,family
Porsche,Cayenne,Cayenne,2014,Automatic,petrol,3000,340,SUV,AWD,5,european,luxury_suv
Mercedes,A200,A-Class,2016,Automatic,petrol,1400,163,Hatchback,FWD,5,european,executive
Mazda,323,323,1998,Automatic,petrol,1600,98,Sedan,FWD,5,japanese,family
Mercedes,200,200,1980,Automatic,petrol,2000,136,Sedan,RWD,5,european,executive
Volkswagen,Passat,Passat,2018,Automatic,petrol,1800,150,Sedan,FWD,5,european,executive
Mercedes,GLC43,GLC,2018,Automatic,petrol,1600,156,Sedan,RWD,5,european,executive
JAC,JS3,JS3,2022,Automatic,petrol,1500,113,Crossover,FWD,5,chinese,crossover
Toyota,Yaris,Yaris,2006,Automatic,petrol,1500,107,Hatchback,FWD,5,japanese,city
Mercedes,A35,A-Class,2020,Automatic,petrol,1600,156,Sedan,RWD,5,european,executive
Daewoo,Leganza,Leganza,2001,Automatic,petrol,2000,133,Sedan,FWD,5,korean,executive
MG,350,350,2012,Automatic,petrol,1500,106,Sedan,FWD,5,chinese,family
Mercedes,200,200,1987,Automatic,petrol,2000,136,Sedan,RWD,5,european,executive
Chevrolet,Captiva,Captiva,2023,Automatic,petrol,1500,150,SUV,FWD,7,american,suv
Volkswagen,Polo,Polo,1999,Automatic,petrol,1000,95,Hatchback,FWD,5,european,city
Chevrolet,Optra,Optra,2011,Automatic,petrol,1600,109,Sedan,FWD,5,american,family
Speranza,Tiggo,Tiggo,2012,Automatic,petrol,1300,70,Hatchback,FWD,5,chinese,city
Nissan,Bluebird,Bluebird,2008,Automatic,petrol,1600,103,Sedan,FWD,5,japanese,family
Nissan,Sunny,Sunny,1999,Automatic,petrol,1600,110,Sedan,FWD,5,japanese,family
BMW,420,4 Series,2023,Automatic,petrol,2000,184,Coupe,RWD,4,european,sport
Volkswagen,Golf,Golf,1994,Automatic,petrol,1400,150,Hatchback,FWD,5,european,family
Mercedes,GLA,GLA,2021,Automatic,petrol,1400,163,Crossover,FWD,5,european,luxury_suv
Peugeot,406,406,2003,Automatic,petrol,1400,95,Sedan,FWD,5,european,family
DS,DS7,DS7,2022,Automatic,petrol,1600,225,SUV,AWD,5,european,luxury_suv
Seat,Ateca,Ateca,2018,Automatic,petrol,1500,150,SUV,FWD,5,european,suv
Nissan,Sunny,Sunny,2020,Automatic,petrol,1600,110,Sedan,FWD,5,japanese,family
BYD,F3,F3,2015,Automatic,cng,1500,109,Sedan,FWD,5,chinese,family
Volkswagen,Golf,Golf,2012,Automatic,petrol,1400,150,Hatchback,FWD,5,european,family
Daewoo,Lanos,Lanos,1998,Automatic,petrol,1500,86,Sedan,FWD,5,korean,city
BMW,218i,2 Series,2020,Automatic,petrol,1500,136,Coupe,FWD,4,european,executive
Kia,Sportage,Sportage,2025,Automatic,hybrid,1600,177,SUV,FWD,5,korean,suv
BMW,520i,5 Series,2012,Automatic,petrol,2000,184,Sedan,RWD,5,european,executive
Renault,Sandero,Sandero,2023,Automatic,petrol,1600,84,Hatchback,FWD,5,european,city
Mercedes,GLS580,GLS,2023,Automatic,petrol,1600,156,Sedan,RWD,5,european,executive
Daihatsu,Grand Terios,Terios,1999,Automatic,petrol,1500,105,SUV,4WD,7,japanese,suv
Daewoo,Lanos,Lanos,2003,Automatic,petrol,1500,86,Sedan,FWD,5,korean,city
Chery,Tiggo,Tiggo,2017,Automatic,petrol,1600,106,SUV,FWD,5,chinese,suv
Jeep,Cherokee,Cherokee,2013,Automatic,petrol,2400,184,SUV,4WD,5,american,suv
Land Rover,Range Rover,Range Rover,2018,Automatic,petrol,3000,400,SUV,4WD,5,european,luxury_suv
Fiat,Punto,Punto,2016,Automatic,petrol,1200,69,Hatchback,FWD,5,european,city
BMW,318i,3 Series,2018,Automatic,diesel,2000,136,Sedan,RWD,5,european,executive
Mercedes,500,500,2007,Automatic,petrol,4700,435,Sedan,RWD,5,european,luxury
Hyundai,Matrix,Matrix,2009,Automatic,petrol,1600,120,MPV,FWD,5,korean,mpv
BMW,X7,X7,2021,Automatic,petrol,3000,340,SUV,AWD,7,european,luxury_suv
Volkswagen,Jetta,Jetta,2007,Automatic,petrol,1400,150,Sedan,FWD,5,european,family
Audi,Q3,Q3,2023,Automatic,petrol,1500,150,SUV,FWD,5,european,luxury_suv
Nissan,Juke,Juke,2012,Automatic,petrol,1000,117,Crossover,FWD,5,japanese,crossover
BMW,X7,X7,2020,Automatic,petrol,3000,340,SUV,AWD,7,european,luxury_suv
Nissan,Bluebird,Bluebird,2010,Automatic,petrol,1600,103,Sedan,FWD,5,japanese,family
Chevrolet,Aveo,Aveo,2008,Automatic,petrol,1400,100,Sedan,FWD,5,american,city
Nissan,Qashqai,Qashqai,2021,Automatic,petrol,1500,163,SUV,FWD,5,japanese,suv
Renault,Logan,Logan,2020,Automatic,petrol,1600,84,Sedan,FWD,5,european,family
Mitsubishi,Xpander,Xpander,2019,Automatic,petrol,1500,105,MPV,FWD,7,japanese,mpv
Land Rover,Range Rover,Range Rover,2024,Automatic,petrol,3000,400,SUV,4WD,5,european,luxury_suv
Hyundai,Elantra,Elantra,2019,Automatic,petrol,1600,128,Sedan,FWD,5,korean,family
Opel,Astra,Astra,2023,Automatic,petrol,1400,150,Hatchback,FWD,5,european,family
Peugeot,3008,3008,2011,Automatic,petrol,1200,130,SUV,FWD,5,european,suv
Daewoo,Leganza,Leganza,2004,Automatic,cng,2000,133,Sedan,FWD,5,korean,executive
Porsche,Macan,Macan,2017,Automatic,petrol,2000,265,Crossover,AWD,5,european,luxury_suv
Chevrolet,Cruze,Cruze,2012,Automatic,petrol,1600,124,Sedan,FWD,5,american,family
Volkswagen,Golf,Golf,1988,Automatic,petrol,1400,150,Hatchback,FWD,5,european,family
Alfa Romeo,Giulietta,Giulietta,2019,Automatic,petrol,1400,150,Hatchback,FWD,5,european,executive
Renault,Duster,Duster,2026,Automatic,petrol,1600,114,Crossover,FWD,5,european,crossover
Mercedes,EQE500,EQ,2024,Automatic,electric,0,402,Sedan,AWD,5,european,executive
Opel,Crossland,Crossland,2022,Automatic,petrol,1200,110,Crossover,FWD,5,european,crossover
Opel,Grandland,Grandland,2024,Automatic,petrol,1200,130,SUV,FWD,5,european,suv
Honda,Accord,Accord,2007,Automatic,petrol,1500,192,Sedan,FWD,5,japanese,executive
Mercedes,GLS580,GLS,2024,Automatic,petrol,1600,156,Sedan,RWD,5,european,executive
Volkswagen,Passat,Passat,2006,Automatic,petrol,1800,150,Sedan,FWD,5,european,executive
Mitsubishi,Pajero,Pajero,1992,Automatic,petrol,3000,178,SUV,4WD,7,japanese,suv
Renault,Duster,Duster,2022,Automatic,petrol,1600,114,Crossover,FWD,5,european,crossover
Renault,Captur,Captur,2017,Automatic,petrol,1000,90,Crossover,FWD,5,european,crossover
Kia,Carnival MPV,Carnival,2012,Automatic,petrol,2200,202,MPV,FWD,8,korean,mpv
Jeep,Cherokee,Cherokee,1996,Automatic,cng,2400,184,SUV,4WD,5,american,suv
BAIC,X7,X7,2025,Automatic,petrol,2000,204,SUV,AWD,7,chinese,suv
Audi,Q3,Q3,2016,Automatic,petrol,1500,150,SUV,FWD,5,european,luxury_suv
Kia,Grand Cerato,Cerato,2022,Automatic,petrol,1600,120,Sedan,FWD,5,korean,family
Peugeot,406,406,2006,Automatic,petrol,1400,95,Sedan,FWD,5,european,family
Hyundai,Tucson,Tucson,2009,Automatic,petrol,1600,177,SUV,FWD,5,korean,suv
BMW,X1,X1,2013,Automatic,petrol,1500,136,Crossover,FWD,5,european,luxury_suv
Opel,Astra,Astra,2010,Automatic,petrol,1400,150,Hatchback,FWD,5,european,family
Speranza,Tiggo,Tiggo,2010,Automatic,petrol,1300,70,Hatchback,FWD,5,chinese,city
Jeep,Grand Cherokee 4xe,Grand Cherokee,2006,Automatic,petrol,2000,375,SUV,4WD,5,american,luxury_suv
Suzuki,Swift,Swift,2009,Automatic,petrol,1200,83,Hatchback,FWD,5,japanese,city
BMW,420,4 Series,2015,Automatic,petrol,2000,184,Coupe,RWD,4,european,sport
Mitsubishi,Colt,Colt,2007,Automatic,petrol,1300,95,Hatchback,FWD,5,japanese,city
Audi,A3,A3,2017,Automatic,petrol,1500,150,Sedan,FWD,5,european,executive
Toyota,Corolla Cross,Corolla Cross,2003,Automatic,petrol,1600,120,Sedan,FWD,5,japanese,family
BYD,F3,F3,2013,Automatic,petrol,1500,109,Sedan,FWD,5,chinese,family
Mercedes,S450,S-Class,2022,Automatic,electric,0,329,Sedan,AWD,5,european,luxury
Mercedes,E200,E-Class,1997,Automatic,petrol,2000,184,Sedan,RWD,5,european,executive
Mercedes,E200,E-Class,2003,Automatic,petrol,2000,184,Sedan,RWD,5,european,executive
Mercedes,CLS350,CLS,2012,Automatic,petrol,1600,156,Sedan,RWD,5,european,executive
Mercedes,E180,E-Class,2017,Automatic,petrol,1600,156,Sedan,RWD,5,european,executive
BMW,218i,2 Series,2024,Automatic,petrol,1500,136,Coupe,FWD,4,european,executive
Geely,Emgrand,Emgrand,2013,Automatic,cng,1500,107,Sedan,FWD,5,chinese,family
Dodge,Ram,Ram,2008,Automatic,petrol,3600,305,Pickup,4WD,5,american,truck
Mercedes,180,180,2018,Automatic,petrol,1800,122,Sedan,RWD,5,european,executive
Chevrolet,Optra,Optra,2013,Automatic,petrol,1600,109,Sedan,FWD,5,american,family
Mercedes,200,200,2023,Automatic,petrol,2000,136,Sedan,RWD,5,european,executive
BMW,340,3 Series,2026,Automatic,petrol,3000,326,Sedan,RWD,5,european,executive
Mercedes,CLA180,CLA,2024,Automatic,petrol,1400,136,Coupe,FWD,5,european,sport
Mercedes,E200,E-Class,2014,Automatic,petrol,2000,184,Sedan,RWD,5,european,executive
Ford,Bronco Raptor,Bronco Raptor,2000,Automatic,petrol,3000,418,SUV,4WD,5,american,suv
Mercedes,C30,C30,2025,Automatic,petrol,2000,258,Sedan,RWD,5,european,executive
Mini,Paceman,Paceman,2015,Automatic,petrol,1500,136,Hatchback,FWD,4,european,city
Land Rover,Range Rover Sport,Range Rover,2024,Automatic,petrol,3000,395,SUV,4WD,5,european,luxury_suv
Kia,Sportage,Sportage,2024,Automatic,hybrid,1600,177,SUV,FWD,5,korean,suv
Hyundai,Santa Fe,Santa Fe,2023,Automatic,hybrid,2000,186,SUV,AWD,7,korean,suv
Daewoo,Lacetti,Lacetti,2009,Automatic,petrol,1600,109,Sedan,FWD,5,korean,family
Kia,K3,K3,2023,Automatic,petrol,1600,120,Sedan,FWD,5,korean,family
Mercedes,250,250,2023,Automatic,diesel,2500,150,Sedan,RWD,5,european,executive
Jeep,Renegade,Renegade,2016,Automatic,diesel,1400,150,Crossover,FWD,5,american,crossover
Tesla,Model Y,Model Y,2024,Automatic,electric,0,283,SUV,RWD,5,american,suv
Land Rover,Range Rover Evoque,Range Rover,2023,Automatic,petrol,1500,249,Crossover,AWD,5,european,luxury_suv
BMW,M4,M4,2024,Automatic,petrol,3000,510,Coupe,RWD,4,european,sport
Kia,Sorento,Sorento,2019,Automatic,petrol,2400,173,SUV,AWD,7,korean,suv
Dodge,Challenger,Challenger,2011,Automatic,petrol,3600,305,Coupe,RWD,4,american,sport
Hyundai,Creta,Creta,2020,Automatic,petrol,1500,115,SUV,FWD,5,korean,crossover
Speranza,Tiggo,Tiggo,2022,Automatic,petrol,1300,70,Hatchback,FWD,5,chinese,city
Suzuki,Swift,Swift,2016,Automatic,petrol,1200,83,Hatchback,FWD,5,japanese,city
Zotye,Xplosion,Xplosion,2019,Automatic,petrol,1800,150,SUV,FWD,5,chinese,suv
Mercedes,S500,S-Class,2007,Automatic,petrol,4700,435,Sedan,RWD,5,european,luxury
Opel,Corsa,Corsa,2023,Automatic,petrol,1200,75,Hatchback,FWD,5,european,city
Peugeot,508,508,2014,Automatic,petrol,1600,165,Sedan,FWD,5,european,executive
Renault,Sandero,Sandero,2022,Automatic,petrol,1600,84,Hatchback,FWD,5,european,city
Volkswagen,Passat,Passat,1999,Automatic,petrol,1800,150,Sedan,FWD,5,european,executive
Peugeot,508,508,2021,Automatic,petrol,1600,165,Sedan,FWD,5,european,executive
Skoda,Octavia A7,Octavia,2015,Automatic,petrol,1500,150,Sedan,FWD,5,european,family
BYD,Song L,Song L,2025,Automatic,electric,0,200,Sedan,FWD,5,chinese,family
BMW,3 Series,3 Series,2015,Automatic,petrol,2000,184,Sedan,RWD,5,european,executive
Mercedes,CLA180,CLA,2018,Automatic,petrol,1400,136,Coupe,FWD,5,european,sport
BMW,340,3 Series,2018,Automatic,petrol,3000,326,Sedan,RWD,5,european,executive
Kia,Picanto,Picanto,2021,Automatic,petrol,1000,67,Hatchback,FWD,5,korean,city
Ford,Bronco Raptor,Bronco Raptor,2008,Automatic,petrol,3000,418,SUV,4WD,5,american,suv
Mercedes,E200,E-Class,2007,Automatic,petrol,2000,184,Sedan,RWD,5,european,executive
Peugeot,308 SW,308 SW,2015,Automatic,petrol,1400,95,Sedan,FWD,5,european,family
Ford,Focus,Focus,2018,Automatic,petrol,1500,150,Hatchback,FWD,5,american,family
Volkswagen,Golf,Golf,2003,Automatic,petrol,1400,150,Hatchback,FWD,5,european,family
Daewoo,Lanos,Lanos,1997,Automatic,petrol,1500,86,Sedan,FWD,5,korean,city
Hyundai,Accent RB,Accent,2017,Automatic,petrol,1600,123,Sedan,FWD,5,korean,city
Mitsubishi,Lancer,Lancer,2018,Automatic,petrol,1600,113,Sedan,FWD,5,japanese,family
Hyundai,Accent,Accent,2016,Automatic,petrol,1600,123,Sedan,FWD,5,korean,city
Jeep,Cherokee,Cherokee,1999,Automatic,petrol,2400,184,SUV,4WD,5,american,suv
Mitsubishi,Lancer,Lancer,2013,Automatic,petrol,1600,113,Sedan,FWD,5,japanese,family
Seat,Arona,Arona,2019,Automatic,diesel,1000,95,Crossover,FWD,5,european,crossover
BYD,F3,F3,2024,Automatic,petrol,1500,109,Sedan,FWD,5,chinese,family
Lada,Granta,Granta,2016,Automatic,petrol,1600,87,Sedan,FWD,5,other,city
Citroën,Grand C4 Spacetourer,Grand C4 Spacetourer,2019,Automatic,petrol,1200,130,MPV,FWD,7,european,mpv
Peugeot,301,301,2014,Automatic,petrol,1200,82,Sedan,FWD,5,european,family
Renault,Sandero,Sandero,2013,Automatic,diesel,1600,84,Hatchback,FWD,5,european,city
Fiat,Grand Punto,Grand Punto,2024,Automatic,petrol,1400,77,Hatchback,FWD,5,european,city
Volkswagen,Passat,Passat,2014,Automatic,petrol,1800,150,Sedan,FWD,5,european,executive
Mercedes,E300,E-Class,2021,Automatic,hybrid,2000,272,Sedan,RWD,5,european,executive
Volkswagen,Golf,Golf,2020,Automatic,petrol,1400,150,Hatchback,FWD,5,european,family
Xiaomi,SU7,SU7,2025,Automatic,electric,0,299,Sedan,RWD,5,chinese,executive
Hyundai,I10,I10,2010,Automatic,petrol,1000,67,Hatchback,FWD,5,korean,city
BMW,520i,5 Series,2005,Automatic,petrol,2000,184,Sedan,RWD,5,european,executive
Geely,Pandino,Pandino,2011,Automatic,petrol,1500,110,Sedan,FWD,5,chinese,family
Hyundai,I10,I10,2017,Automatic,petrol,1000,67,Hatchback,FWD,5,korean,city
Jeep,Cherokee,Cherokee,1998,Automatic,petrol,2400,184,SUV,4WD,5,american,suv
Toyota,Corolla,Corolla,1982,Automatic,petrol,1600,122,Sedan,FWD,5,japanese,family
Skoda,Octavia A5,Octavia,2006,Automatic,petrol,1500,150,Sedan,FWD,5,european,family
Daihatsu,Terios,Terios,2010,Automatic,petrol,1500,105,SUV,4WD,5,japanese,suv
Kia,Pride,Pride,1999,Automatic,petrol,1600,120,Sedan,FWD,5,korean,family
Audi,Q2,Q2,2018,Automatic,petrol,1000,115,Crossover,FWD,5,european,luxury_suv
Peugeot,408,408,2024,Automatic,petrol,1600,165,Sedan,FWD,5,european,family
Land Rover,Defender,Defender,2020,Automatic,petrol,2000,300,SUV,4WD,5,european,luxury_suv
Avatr,11,11,2024,Automatic,electric,0,425,SUV,AWD,5,chinese,luxury_suv
MG,350,350,2013,Automatic,petrol,1500,106,Sedan,FWD,5,chinese,family
Jeep,Liberty,Liberty,2003,Automatic,petrol,2400,150,SUV,4WD,5,american,suv
Seat,Tarraco,Tarraco,2001,Automatic,petrol,1500,150,SUV,FWD,7,european,suv
Skoda,Octavia Combi,Octavia,2007,Automatic,petrol,1500,150,Sedan,FWD,5,european,family
Chevrolet,Lanos,Lanos,2019,Automatic,petrol,1500,86,Sedan,FWD,5,american,city
Toyota,Prado,Prado,2016,Automatic,petrol,2700,163,SUV,4WD,7,japanese,luxury_suv
Citroën,C4X,C4X,2024,Automatic,petrol,1200,130,Sedan,FWD,5,european,family
Hyundai,Accent,Accent,2021,Automatic,petrol,1600,123,Sedan,FWD,5,korean,city
Opel,Astra,Astra,2003,Automatic,petrol,1400,150,Hatchback,FWD,5,european,family
Honda,Civic,Civic,2018,Automatic,petrol,1500,182,Sedan,FWD,5,japanese,family
Skoda,Octavia,Octavia,2019,Automatic,petrol,1500,150,Sedan,FWD,5,european,family
Speranza,Chery QQ,Chery QQ,2017,Automatic,petrol,1300,70,Hatchback,FWD,5,chinese,city
Mercedes,E200,E-Class,2016,Automatic,petrol,2000,184,Sedan,RWD,5,european,executive
Jetour,X70,X70,2024,Automatic,petrol,1500,156,SUV,FWD,7,chinese,suv
Ford,Bronco Raptor,Bronco Raptor,1996,Automatic,petrol,3000,418,SUV,4WD,5,american,suv
Suzuki,Ciaz,Ciaz,2021,Automatic,petrol,1500,105,Sedan,FWD,5,japanese,family
Chevrolet,Lanos,Lanos,2013,Automatic,petrol,1500,86,Sedan,FWD,5,american,city
Kia,Carnival,Carnival,2020,Automatic,petrol,2200,202,MPV,FWD,8,korean,mpv
Kia,Carnival,Carnival,2019,Automatic,petrol,2200,202,MPV,FWD,8,korean,mpv
Mitsubishi,Lancer,Lancer,2005,Automatic,petrol,1600,113,Sedan,FWD,5,japanese,family
Hyundai,Accent,Accent,2024,Automatic,petrol,1600,123,Sedan,FWD,5,korean,city
Toyota,Corolla,Corolla,1993,Automatic,petrol,1600,122,Sedan,FWD,5,japanese,family
Mercedes,GLE450,GLE,2025,Automatic,petrol,1600,156,Sedan,RWD,5,european,executive
Peugeot,5008,5008,2021,Automatic,petrol,1200,130,SUV,FWD,7,european,suv
Mercedes,CLS,CLS,2019,Automatic,petrol,1600,156,Coupe,RWD,5,european,sport
DS,DS7,DS7,2023,Automatic,petrol,1600,225,SUV,AWD,5,european,luxury_suv
Mercedes,CLE300,CLE,2024,Automatic,petrol,1600,156,Sedan,RWD,5,european,executive
Renault,Fluence,Fluence,2016,Automatic,petrol,1600,100,Sedan,FWD,5,european,family
Subaru,Impreza,Impreza,2019,Automatic,petrol,2000,154,Sedan,AWD,5,japanese,family
Mitsubishi,Eclipse,Eclipse,2024,Automatic,petrol,2000,147,Coupe,FWD,4,japanese,sport
Renault,Megane,Megane,2017,Automatic,diesel,1500,115,Hatchback,FWD,5,european,family
Land Rover,Range Rover Evoque,Range Rover,2023,Automatic,hybrid,1500,249,Crossover,AWD,5,european,luxury_suv
Alfa Romeo,Giulietta,Giulietta,2016,Automatic,petrol,1400,150,Hatchback,FWD,5,european,executive
Opel,Astra,Astra,2001,Automatic,petrol,1400,150,Hatchback,FWD,5,european,family
Chevrolet,Optra,Optra,2005,Automatic,petrol,1600,109,Sedan,FWD,5,american,family
Hyundai,Sonata,Sonata,2007,Automatic,petrol,2000,154,Sedan,FWD,5,korean,executive
Seat,Toledo,Toledo,2017,Automatic,petrol,1600,105,Sedan,FWD,5,european,family
Suzuki,Ertiga,Ertiga,2016,Automatic,petrol,1500,105,MPV,FWD,7,japanese,mpv
Seat,Ibiza,Ibiza,2025,Automatic,petrol,1000,95,Hatchback,FWD,5,european,city
Nissan,Sunny,Sunny,2012,Automatic,petrol,1600,110,Sedan,FWD,5,japanese,family
Mitsubishi,Pajero,Pajero,2017,Automatic,petrol,3000,178,SUV,4WD,7,japanese,suv
BMW,118,1 Series,2012,Automatic,petrol,1500,136,Hatchback,RWD,5,european,executive
Daihatsu,Terios,Terios,2011,Automatic,petrol,1500,105,SUV,4WD,5,japanese,suv
Mercedes,E240,E-Class,2003,Automatic,petrol,1600,156,Sedan,RWD,5,european,executive
BMW,116,1 Series,2015,Automatic,petrol,1500,109,Hatchback,RWD,5,european,executive
Hyundai,Matrix,Matrix,2006,Automatic,diesel,1600,120,MPV,FWD,5,korean,mpv
Volkswagen,Jetta,Jetta,2006,Automatic,petrol,1400,150,Sedan,FWD,5,european,family
Daewoo,Nubira,Nubira,2005,Automatic,cng,1600,100,Sedan,FWD,5,korean,family
Renault,Megane,Megane,2005,Automatic,diesel,1500,115,Hatchback,FWD,5,european,family
Renault,Megane,Megane,2013,Automatic,petrol,1500,115,Hatchback,FWD,5,european,family
Hyundai,Sonata,Sonata,2007,Automatic,cng,2000,154,Sedan,FWD,5,korean,executive
Land Rover,Range Rover Vogue,Range Rover,2012,Automatic,petrol,3000,400,SUV,4WD,5,european,luxury_suv
BMW,520i,5 Series,2018,Automatic,petrol,2000,184,Sedan,RWD,5,european,executive
BMW,X5,X5,2017,Automatic,petrol,3000,340,SUV,AWD,7,european,luxury_suv
Kia,Ceed,Ceed,2016,Automatic,petrol,1600,128,Hatchback,FWD,5,korean,family
Jeep,Grand Cherokee 4xe,Grand Cherokee,2021,Automatic,petrol,2000,375,SUV,4WD,5,american,luxury_suv
Hyundai,Verna,Verna,2017,Automatic,petrol,1600,123,Sedan,FWD,5,korean,city
Peugeot,3008,3008,2018,Automatic,petrol,1200,130,SUV,FWD,5,european,suv
Land Rover,Range Rover Velar,Range Rover,2023,Automatic,petrol,2000,247,SUV,AWD,5,european,luxury_suv
Proton,Saga,Saga,2012,Automatic,petrol,1300,95,Sedan,FWD,5,other,city
BMW,I3,I3,2025,Automatic,electric,0,170,Hatchback,RWD,4,european,city
BMW,523,5 Series,2008,Automatic,petrol,2500,177,Sedan,RWD,5,european,executive
Brilliance,FRV Cross,FRV Cross,2013,Automatic,petrol,1800,136,Crossover,FWD,5,chinese,crossover
BMW,I7,I7,2025,Automatic,electric,0,544,Sedan,AWD,5,european,luxury
BMW,I7,I7,2023,Automatic,electric,0,544,Sedan,AWD,5,european,luxury
Hyundai,Accent,Accent,2002,Automatic,petrol,1600,123,Sedan,FWD,5,korean,city
Renault,Sandero Stepway,Sandero,2022,Automatic,petrol,1600,115,Hatchback,FWD,5,european,crossover
Jeep,Cherokee,Cherokee,1994,Automatic,petrol,2400,184,SUV,4WD,5,american,suv
BMW,X6 M,X6,2025,Automatic,petrol,4400,617,SUV,AWD,5,european,luxury_suv
Mercedes,E250,E-Class,2014,Automatic,petrol,1800,204,Sedan,RWD,5,european,executive
Chevrolet,Optra,Optra,2020,Automatic,petrol,1600,109,Sedan,FWD,5,american,family
Brilliance,FSV,FSV,2011,Automatic,petrol,1600,116,Sedan,FWD,5,chinese,family
Citroën,Grand C4 Spacetourer,Grand C4 Spacetourer,2016,Automatic,petrol,1598,165,MPV,FWD,7,european,mpv
Daewoo,Matiz,Matiz,1999,Automatic,petrol,800,52,Hatchback,FWD,4,korean,city
Daewoo,Nubira,Nubira,2001,Automatic,cng,1600,100,Sedan,FWD,5,korean,family
Toyota,Corolla,Corolla,2013,Automatic,petrol,1600,122,Sedan,FWD,5,japanese,family
Citroën,C5,C5,2013,Automatic,petrol,1600,120,Sedan,FWD,5,european,executive
MG,Cyberster,Cyberster,2023,Automatic,electric,0,536,Convertible,AWD,2,chinese,sport
MG,5,5,2020,Automatic,petrol,1500,169,Sedan,FWD,5,chinese,family
Cupra,Formentor,Formentor,2022,Automatic,petrol,1500,150,Crossover,FWD,5,european,crossover
Mitsubishi,Lancer EX Shark,Lancer,2022,Automatic,petrol,1600,113,Sedan,FWD,5,japanese,family
Citroën,C5 Aircross,C5 Aircross,2020,Automatic,petrol,1200,130,SUV,FWD,5,european,suv
Senova,A1,A1,2015,Automatic,petrol,1000,67,Hatchback,FWD,5,chinese,city
Chevrolet,Aveo,Aveo,2017,Automatic,cng,1400,100,Sedan,FWD,5,american,city
Mercedes,C180,C-Class,2024,Automatic,hybrid,1600,156,Sedan,RWD,5,european,executive
Hyundai,Accent,Accent,2006,Automatic,petrol,1600,123,Sedan,FWD,5,korean,city
Seat,Ibiza,Ibiza,2015,Automatic,petrol,1000,95,Hatchback,FWD,5,european,city
Daihatsu,Grand Terios,Terios,2004,Automatic,cng,1500,105,SUV,4WD,7,japanese,suv
Daewoo,Lanos,Lanos,1997,Automatic,diesel,1500,86,Sedan,FWD,5,korean,city
Chery,Tiggo 8,Tiggo 8,2025,Automatic,petrol,1500,197,SUV,FWD,7,chinese,suv
Kia,Carnival MPV,Carnival,2019,Automatic,petrol,2200,202,MPV,FWD,8,korean,mpv
Mazda,323,323,2019,Automatic,petrol,1600,98,Sedan,FWD,5,japanese,family
BMW,X5,X5,2018,Automatic,petrol,3000,340,SUV,AWD,7,european,luxury_suv
Ford,Fusion,Fusion,2017,Automatic,petrol,1600,125,Sedan,FWD,5,american,family
Mercedes,C250,C-Class,2012,Automatic,petrol,1800,204,Sedan,RWD,5,european,executive
Land Rover,Range Rover,Range Rover,2016,Automatic,petrol,3000,400,SUV,4WD,5,european,luxury_suv
Hyundai,Verna,Verna,2018,Automatic,petrol,1600,123,Sedan,FWD,5,korean,city
Mercedes,E250,E-Class,2012,Automatic,petrol,1800,204,Sedan,RWD,5,european,executive
Volkswagen,Tiguan,Tiguan,2023,Automatic,petrol,1400,150,SUV,FWD,5,european,suv
Audi,Q7,Q7,2022,Automatic,petrol,3000,340,SUV,AWD,7,european,luxury_suv
Volkswagen,Golf,Golf,2004,Automatic,petrol,1400,150,Hatchback,FWD,5,european,family
Jetour,X70 Plus,X70 Plus,2026,Automatic,petrol,1500,181,SUV,FWD,7,chinese,suv
Peugeot,408,408,2022,Automatic,petrol,1600,165,Sedan,FWD,5,european,family
Jeep,Renegade,Renegade,2023,Automatic,petrol,1400,150,Crossover,FWD,5,american,crossover
Chevrolet,Aveo,Aveo,2012,Automatic,petrol,1400,100,Sedan,FWD,5,american,city
Audi,Q2,Q2,2022,Automatic,petrol,1000,115,Crossover,FWD,5,european,luxury_suv
Hyundai,Santa Fe,Santa Fe,2024,Automatic,hybrid,2000,186,SUV,AWD,7,korean,suv
Kia,Picanto,Picanto,2024,Automatic,petrol,1000,67,Hatchback,FWD,5,korean,city
Mercedes,EQS580,EQ,2022,Automatic,electric,0,516,Sedan,AWD,5,european,luxury
BMW,418,4 Series,2017,Automatic,petrol,2000,184,Coupe,RWD,4,european,sport
Daihatsu,Grand Terios,Terios,2014,Automatic,petrol,1500,105,SUV,4WD,7,japanese,suv
SsangYong,Tivoli,Tivoli,2020,Automatic,petrol,1500,163,SUV,FWD,5,korean,suv
Chery,Tiggo 3,Tiggo 3,2024,Automatic,petrol,1500,113,SUV,FWD,5,chinese,suv
Porsche,Macan,Macan,2018,Automatic,petrol,2000,265,Crossover,AWD,5,european,luxury_suv
Jetour,X90,X90,2023,Automatic,petrol,2000,230,SUV,AWD,7,chinese,suv
Suzuki,Baleno,Baleno,1997,Automatic,petrol,1200,90,Hatchback,FWD,5,japanese,city
BMW,X7,X7,2023,Automatic,petrol,3000,340,SUV,AWD,7,european,luxury_suv
BAIC,X3,X3,2022,Automatic,petrol,1500,109,Crossover,FWD,5,chinese,crossover
Honda,Accord,Accord,1994,Automatic,petrol,1500,192,Sedan,FWD,5,japanese,executive
BMW,418,4 Series,2016,Automatic,petrol,2000,184,Coupe,RWD,4,european,sport
BMW,X6 M,X6,2023,Automatic,petrol,4400,617,SUV,AWD,5,european,luxury_suv
Honda,Civic,Civic,1999,Automatic,petrol,1500,182,Sedan,FWD,5,japanese,family
Hyundai,Elantra AD,Elantra,2026,Automatic,petrol,1600,128,Sedan,FWD,5,korean,family
Skoda,Superb,Superb,2000,Automatic,petrol,1800,180,Sedan,FWD,5,european,executive
Renault,Symbol,Symbol,2011,Automatic,petrol,1600,90,Sedan,FWD,5,european,city
Hyundai,Accent,Accent,2014,Automatic,petrol,1600,123,Sedan,FWD,5,korean,city
BMW,X6,X6,2019,Automatic,petrol,3000,340,SUV,AWD,5,european,luxury_suv
Mercedes,250,250,2021,Automatic,petrol,2500,150,Sedan,RWD,5,european,executive
Mitsubishi,Lancer,Lancer,1997,Automatic,diesel,1600,113,Sedan,FWD,5,japanese,family
Citroën,C3 Aircross,C3 Aircross,2024,Automatic,petrol,1200,110,Crossover,FWD,5,european,crossover
Mercedes,GLE450,GLE,2021,Automatic,petrol,1600,156,Sedan,RWD,5,european,executive
Chevrolet,Optra,Optra,2015,Automatic,petrol,1600,109,Sedan,FWD,5,american,family
Chevrolet,Optra,Optra,2010,Automatic,diesel,1600,109,Sedan,FWD,5,american,family
Lada,2107,2107,2008,Automatic,petrol,1600,75,Sedan,RWD,5,other,family
Volkswagen,Passat,Passat,2019,Automatic,petrol,1800,150,Sedan,FWD,5,european,executive
Renault,Sandero,Sandero,2020,Automatic,petrol,1600,84,Hatchback,FWD,5,european,city
Citroën,C5 Aircross,C5 Aircross,2021,Automatic,petrol,1200,130,SUV,FWD,5,european,suv
Nissan,Juke,Juke,2016,Automatic,petrol,1000,117,Crossover,FWD,5,japanese,crossover
Renault,Megane,Megane,2017,Automatic,petrol,1500,115,Hatchback,FWD,5,european,family
Toyota,Fortuner,Fortuner,2020,Automatic,petrol,2700,166,SUV,4WD,7,japanese,suv
Citroën,C Elysee,C Elysee,2015,Automatic,petrol,1200,82,Sedan,FWD,5,european,family
Citroën,C Elysee,C Elysee,2021,Automatic,petrol,1200,82,Sedan,FWD,5,european,family
BMW,740,7 Series,2009,Automatic,petrol,3000,340,Sedan,RWD,5,european,luxury
Mercedes,CLA180,CLA,2021,Automatic,petrol,1400,136,Coupe,FWD,5,european,sport
Skoda,Superb,Superb,2014,Automatic,petrol,1800,180,Sedan,FWD,5,european,executive
Volkswagen,Golf,Golf,2013,Automatic,petrol,1400,150,Hatchback,FWD,5,european,family
Skoda,Octavia,Octavia,2013,Automatic,petrol,1500,150,Sedan,FWD,5,european,family
Mitsubishi,Lancer,Lancer,2000,Automatic,petrol,1600,113,Sedan,FWD,5,japanese,family
Kia,K3,K3,2018,Automatic,diesel,1600,120,Sedan,FWD,5,korean,family
XPeng,G9,G9,2025,Automatic,electric,0,550,SUV,AWD,6,chinese,suv
Chery,Tiggo 7,Tiggo 7,2024,Automatic,petrol,1500,156,SUV,FWD,5,chinese,suv
Kia,Sephia,Sephia,1999,Automatic,petrol,1600,120,Sedan,FWD,5,korean,family
Opel,Insignia,Insignia,2019,Automatic,petrol,1500,165,Sedan,FWD,5,european,executive
Geely,Coolray,Coolray,2022,Automatic,petrol,1500,177,Crossover,FWD,5,chinese,crossover
Geely,Emgrand X7,Emgrand X7,2025,Automatic,petrol,2400,137,SUV,FWD,7,chinese,suv
Jeep,Grand Cherokee,Grand Cherokee,2025,Automatic,petrol,3600,293,SUV,4WD,5,american,luxury_suv
Nissan,Bluebird,Bluebird,2026,Automatic,petrol,1600,103,Sedan,FWD,5,japanese,family
BMW,X5 M,X5,2024,Automatic,petrol,4400,617,SUV,AWD,7,european,luxury_suv
Opel,Corsa,Corsa,2012,Automatic,petrol,1200,75,Hatchback,FWD,5,european,city
Skoda,Kodiaq,Kodiaq,2000,Automatic,petrol,2000,190,SUV,AWD,7,european,suv
Audi,Q3,Q3,2020,Automatic,petrol,1500,150,SUV,FWD,5,european,luxury_suv
Mini,Countryman S,Countryman,2019,Automatic,petrol,2000,178,Crossover,AWD,5,european,crossover
Hyundai,Getz,Getz,2010,Automatic,petrol,1400,97,Hatchback,FWD,5,korean,city
Nissan,Qashqai,Qashqai,2022,Automatic,diesel,1500,163,SUV,FWD,5,japanese,suv
Peugeot,208,208,2016,Automatic,petrol,1200,100,Hatchback,FWD,5,european,city
BMW,X1,X1,2012,Automatic,petrol,1500,136,Crossover,FWD,5,european,luxury_suv
Honda,Civic,Civic,2013,Automatic,petrol,1500,182,Sedan,FWD,5,japanese,family
Jeep,Wrangler,Wrangler,2010,Automatic,petrol,2000,268,SUV,4WD,5,american,suv
Citroën,C5,C5,2024,Automatic,petrol,1600,120,Sedan,FWD,5,european,executive
Ford,Focus,Focus,2009,Automatic,petrol,1500,150,Hatchback,FWD,5,american,family
Toyota,Fortuner,Fortuner,2017,Automatic,petrol,2700,166,SUV,4WD,7,japanese,suv
Toyota,Corolla,Corolla,2012,Automatic,petrol,1600,122,Sedan,FWD,5,japanese,family
Mercedes,GLE,GLE,2018,Automatic,petrol,1600,156,SUV,AWD,5,european,luxury_suv
BMW,525,5 Series,2008,Automatic,petrol,2500,218,Sedan,RWD,5,european,executive
Porsche,Cayenne S,Cayenne,2023,Automatic,petrol,4000,440,SUV,AWD,5,european,luxury_suv
Honda,Accord,Accord,2009,Automatic,petrol,1500,192,Sedan,FWD,5,japanese,executive
Kia,Carnival,Carnival,2025,Automatic,petrol,2200,202,MPV,FWD,8,korean,mpv
Honda,Fit,Fit,2023,Automatic,petrol,1300,83,Hatchback,FWD,5,japanese,city
Toyota,Yaris,Yaris,2015,Automatic,petrol,1500,107,Hatchback,FWD,5,japanese,city
Hyundai,Verna,Verna,2016,Automatic,petrol,1600,123,Sedan,FWD,5,korean,city
MG,X5,X5,2025,Automatic,petrol,1500,169,SUV,FWD,5,chinese,suv
Volkswagen,Jetta,Jetta,2009,Automatic,petrol,1400,150,Sedan,FWD,5,european,family
Toyota,Fortuner,Fortuner,2021,Automatic,petrol,2700,166,SUV,4WD,7,japanese,suv
BMW,520i,5 Series,2019,Automatic,petrol,2000,184,Sedan,RWD,5,european,executive
Mercedes,AMG,AMG,2019,Automatic,petrol,4000,510,Sedan,AWD,5,european,sport
Peugeot,405,405,1998,Automatic,petrol,1600,90,Sedan,FWD,5,european,family
Mini,Cooper,Cooper,2011,Automatic,petrol,1500,136,Hatchback,FWD,4,european,city
Toyota,Echo,Echo,2021,Automatic,petrol,1300,86,Sedan,FWD,5,american,city
Honda,Civic,Civic,2021,Automatic,petrol,1500,182,Sedan,FWD,5,japanese,family
Chevrolet,Cruze,Cruze,2018,Automatic,petrol,1600,120,Sedan,FWD,5,japanese,family
Skoda,Karoq,Karoq,2021,Automatic,petrol,1500,150,SUV,FWD,5,european,suv
Honda,Civic,Civic,2020,Automatic,cng,1500,182,Sedan,FWD,5,japanese,family
Mercedes,CLA180,CLA,2023,Automatic,petrol,1400,136,Coupe,FWD,5,european,sport
BMW,520i,5 Series,2021,Automatic,petrol,2000,184,Sedan,RWD,5,european,executive
Mercedes,C180,C-Class,1997,Automatic,petrol,1600,156,Sedan,RWD,5,european,executive
Toyota,Corolla Cross,Corolla Cross,2023,Automatic,petrol,1600,120,Crossover,FWD,5,japanese,crossover
Nissan,Sunny,Sunny,1993,Automatic,petrol,1600,110,Sedan,FWD,5,japanese,family
Opel,Mokka,Mokka,2022,Automatic,hybrid,1200,100,Crossover,FWD,5,european,crossover
Chrysler,Town & Country,Town & Country,1999,Automatic,petrol,3600,283,MPV,FWD,7,american,mpv
Mercedes,GLC,GLC,2023,Automatic,petrol,1500,197,SUV,4WD,5,european,luxury_suv
Renault,Duster,Duster,2017,Automatic,petrol,1600,114,Crossover,FWD,5,european,crossover
Hyundai,Getz,Getz,2009,Automatic,petrol,1400,97,Hatchback,FWD,5,korean,city
Kia,K4,K4,2018,Automatic,petrol,1600,120,Sedan,FWD,5,korean,family
Volkswagen,Tiguan,Tiguan,2022,Automatic,petrol,1400,150,SUV,FWD,5,european,suv
Volkswagen,Golf,Golf,2017,Automatic,petrol,1400,150,Hatchback,FWD,5,european,family
MG,ZS,ZS,2023,Automatic,petrol,1500,106,SUV,FWD,5,chinese,suv
Seat,Tarraco,Tarraco,2015,Automatic,petrol,1500,150,SUV,FWD,7,european,suv
Dodge,Challenger,Challenger,2013,Automatic,petrol,3600,305,Coupe,RWD,4,american,sport
Mercedes,350,350,2006,Automatic,petrol,3500,272,Sedan,RWD,5,european,executive
Lada,Granta,Granta,2021,Automatic,petrol,1600,87,Sedan,FWD,5,other,city
Alfa Romeo,Giulietta,Giulietta,2015,Automatic,petrol,1400,150,Hatchback,FWD,5,european,executive
Chevrolet,Cruze,Cruze,2024,Automatic,petrol,1600,120,Sedan,FWD,5,japanese,family
Chevrolet,Optra,Optra,2007,Automatic,petrol,1600,109,Sedan,FWD,5,american,family
BMW,X1,X1,2024,Automatic,petrol,1500,136,Crossover,FWD,5,european,luxury_suv
Opel,Crossland,Crossland,2020,Automatic,petrol,1200,110,Crossover,FWD,5,european,crossover
Daihatsu,Terios,Terios,1999,Automatic,petrol,1500,105,SUV,4WD,5,japanese,suv
Seat,Toledo,Toledo,2016,Automatic,petrol,1600,105,Sedan,FWD,5,european,family
Mercedes,200,200,1990,Automatic,petrol,2000,136,Sedan,RWD,5,european,executive
Mitsubishi,Pajero,Pajero,2020,Automatic,petrol,3000,178,SUV,4WD,7,japanese,suv
MG,RX5,RX5,2019,Automatic,petrol,1500,169,SUV,FWD,5,chinese,suv
Porsche,Cayman,Cayman,2025,Automatic,petrol,2500,300,Coupe,RWD,2,european,sport
Suzuki,Alto,Alto,2021,Automatic,petrol,1000,67,Hatchback,FWD,5,japanese,city
Seat,Ateca,Ateca,2023,Automatic,petrol,1500,150,SUV,FWD,5,european,suv
Changan,CS55,CS55,2024,Automatic,petrol,1500,156,SUV,FWD,5,chinese,suv
Peugeot,3008,3008,2025,Automatic,petrol,1200,130,SUV,FWD,5,european,suv
MG,X5,X5,2023,Automatic,petrol,1500,169,SUV,FWD,5,chinese,suv
Toyota,Corolla,Corolla,2017,Automatic,petrol,1600,122,Sedan,FWD,5,japanese,family
Seat,Tarraco,Tarraco,2023,Automatic,petrol,1500,150,SUV,FWD,7,european,suv
Hyundai,Tucson,Tucson,2003,Automatic,petrol,1600,177,SUV,FWD,5,korean,suv
Alfa Romeo,Tonale,Tonale,2024,Automatic,petrol,1500,160,Crossover,FWD,5,european,crossover
Jaguar,F-Pace,F-Pace,2021,Automatic,hybrid,2000,250,SUV,AWD,5,european,luxury_suv
Mercedes,500,500,1994,Automatic,petrol,4700,435,Sedan,RWD,5,european,luxury
Mercedes,C180,C-Class,2021,Automatic,petrol,1600,156,Sedan,RWD,5,european,executive
Toyota,Corolla,Corolla,1998,Automatic,petrol,1600,122,Sedan,FWD,5,japanese,family
Tesla,Model 3,Model 3,2020,Automatic,electric,0,283,Sedan,RWD,5,american,executive
Porsche,Cayenne,Cayenne,2023,Automatic,petrol,3000,340,SUV,AWD,5,european,luxury_suv
Kaiyi,X3 Pro,X3 Pro,2026,Automatic,petrol,1500,147,Crossover,FWD,5,chinese,crossover
Toyota,Corolla,Corolla,2016,Automatic,petrol,1600,122,Sedan,FWD,5,japanese,family
Volvo,S60,S60,2012,Automatic,petrol,2000,197,Sedan,FWD,5,european,luxury
Peugeot,3008,3008,2015,Automatic,petrol,1200,130,SUV,FWD,5,european,suv
Mitsubishi,Pajero,Pajero,2016,Automatic,petrol,3000,178,SUV,4WD,7,japanese,suv
Land Rover,Discovery,Discovery,2016,Automatic,petrol,2000,249,SUV,4WD,7,european,luxury_suv
Chery,Tiggo 3,Tiggo 3,2022,Automatic,petrol,1500,113,SUV,FWD,5,chinese,suv
BMW,X1,X1,2024,Automatic,hybrid,1500,136,Crossover,FWD,5,european,luxury_suv
Proton,Persona,Persona,2013,Automatic,petrol,1600,110,Sedan,FWD,5,other,family
Mercedes,C30,C30,1989,Automatic,petrol,2000,258,Sedan,RWD,5,european,executive
Audi,A4,A4,2021,Automatic,petrol,2000,190,Sedan,AWD,5,european,executive
Land Rover,Range Rover Vogue,Range Rover,2019,Automatic,petrol,3000,400,SUV,4WD,5,european,luxury_suv
BMW,740,7 Series,2007,Automatic,petrol,3000,340,Sedan,RWD,5,european,luxury
Speranza,A516,A516,2008,Automatic,petrol,1600,109,Sedan,FWD,5,chinese,family
Renault,Fluence,Fluence,2011,Automatic,petrol,1600,100,Sedan,FWD,5,european,family
Audi,Q2,Q2,2021,Automatic,petrol,1000,115,Crossover,FWD,5,european,luxury_suv
Speranza,A620,A620,2012,Automatic,diesel,2000,145,Sedan,FWD,5,chinese,family
Jaguar,F-Pace,F-Pace,2024,Automatic,petrol,2000,250,SUV,AWD,5,european,luxury_suv
Skoda,Octavia Combi,Octavia,2010,Automatic,diesel,1500,150,Sedan,FWD,5,european,family
Porsche,Macan,Macan,2022,Automatic,petrol,2000,265,Crossover,AWD,5,european,luxury_suv
Mercedes,A200,A-Class,2021,Automatic,petrol,1400,163,Hatchback,FWD,5,european,executive
Fiat,Tipo,Tipo,2018,Automatic,petrol,1600,110,Sedan,FWD,5,european,family
Mercedes,CLE200,CLE,2025,Automatic,petrol,1600,156,Sedan,RWD,5,european,executive
Hyundai,Grand i10,Grand i10,2016,Automatic,petrol,1200,84,Hatchback,FWD,5,korean,city
Nissan,Qashqai,Qashqai,2014,Automatic,petrol,1500,163,SUV,FWD,5,japanese,suv
Mercedes,C30,C30,2023,Automatic,petrol,2000,258,Sedan,RWD,5,european,executive
Hyundai,Verna,Verna,2007,Automatic,hybrid,1600,123,Sedan,FWD,5,korean,city
Mercedes,EQS450,EQ,2023,Automatic,electric,0,355,Sedan,AWD,5,european,luxury
BMW,316,3 Series,2012,Automatic,diesel,1600,116,Sedan,RWD,5,european,executive
Jeep,Wrangler,Wrangler,1999,Automatic,petrol,2000,268,SUV,4WD,5,american,suv
Renault,Megane,Megane,2006,Automatic,diesel,1500,115,Hatchback,FWD,5,european,family
Toyota,Corolla Cross,Corolla Cross,2020,Automatic,petrol,1600,120,Crossover,FWD,5,japanese,crossover
Chery,Tiggo,Tiggo,2010,Automatic,petrol,1600,106,SUV,FWD,5,chinese,suv
Renault,Logan,Logan,2012,Automatic,petrol,1600,84,Sedan,FWD,5,european,family
BMW,X5,X5,2008,Automatic,petrol,3000,340,SUV,AWD,7,european,luxury_suv
Cupra,Formentor,Formentor,2023,Automatic,petrol,1500,150,Crossover,FWD,5,european,crossover
BMW,218i,2 Series,2026,Automatic,petrol,1500,136,Coupe,FWD,4,european,executive
Mercedes,G63,G63,2019,Automatic,petrol,4000,577,SUV,4WD,5,european,luxury_suv
Citroën,C3,C3,2022,Automatic,petrol,1200,83,Hatchback,FWD,5,european,city
Jeep,Grand Cherokee 4xe,Grand Cherokee,2004,Automatic,petrol,2000,375,SUV,4WD,5,american,luxury_suv
Toyota,Prado,Prado,2019,Automatic,petrol,2700,163,SUV,4WD,7,japanese,luxury_suv
Mercedes,GLE,GLE,2024,Automatic,petrol,1600,156,SUV,AWD,5,european,luxury_suv
Porsche,Cayman,Cayman,2023,Automatic,petrol,2500,300,Coupe,RWD,2,european,sport
Mazda,323,323,2017,Automatic,petrol,1600,98,Sedan,FWD,5,japanese,family
Chery,Arrizo 5 Pro,Arrizo 5,2025,Automatic,diesel,1500,147,Sedan,FWD,5,chinese,family
Opel,Corsa,Corsa,2010,Automatic,petrol,1200,75,Hatchback,FWD,5,european,city
Volkswagen,Polo,Polo,2001,Automatic,petrol,1000,95,Hatchback,FWD,5,european,city
Jeep,Grand Cherokee 4xe,Grand Cherokee,2016,Automatic,petrol,2000,375,SUV,4WD,5,american,luxury_suv
Hyundai,Accent,Accent,2013,Automatic,petrol,1600,123,Sedan,FWD,5,korean,city
Mercedes,GLA,GLA,2023,Automatic,petrol,1400,163,Crossover,FWD,5,european,luxury_suv
Toyota,Land Cruiser,Land Cruiser,2021,Automatic,petrol,4000,271,SUV,4WD,8,japanese,luxury_suv
Mercedes,E300,E-Class,2018,Automatic,petrol,2000,258,Sedan,RWD,5,european,executive
Land Rover,Range Rover Vogue,Range Rover,2020,Automatic,petrol,3000,400,SUV,4WD,5,european,luxury_suv
Mitsubishi,Lancer,Lancer,2016,Automatic,diesel,1600,113,Sedan,FWD,5,japanese,family
Chery,QQ,QQ,2008,Automatic,petrol,800,52,Hatchback,FWD,5,chinese,city
Mitsubishi,Pajero,Pajero,2014,Automatic,petrol,3000,178,SUV,4WD,7,japanese,suv
Porsche,Cayenne,Cayenne,2011,Automatic,petrol,3000,340,SUV,AWD,5,european,luxury_suv
Nissan,Qashqai,Qashqai,2012,Automatic,petrol,1500,163,SUV,FWD,5,japanese,suv
Porsche,Cayenne,Cayenne,2025,Automatic,petrol,3000,340,SUV,AWD,5,european,luxury_suv
Land Rover,Range Rover Sport,Range Rover,2023,Automatic,hybrid,3000,395,SUV,4WD,5,european,luxury_suv
Zeekr,001,001,2025,Automatic,electric,0,536,Sedan,AWD,5,chinese,executive
Hyundai,Accent,Accent,2017,Automatic,petrol,1600,123,Sedan,FWD,5,korean,city
Citroën,C4,C4,2023,Automatic,petrol,1200,130,Hatchback,FWD,5,european,family
Kia,Sephia,Sephia,2003,Automatic,petrol,1600,120,Sedan,FWD,5,korean,family
Geely,Emgrand X7,Emgrand X7,2013,Automatic,diesel,2400,137,SUV,FWD,7,chinese,suv
Mitsubishi,Lancer,Lancer,2006,Automatic,petrol,1600,113,Sedan,FWD,5,japanese,family
Hyundai,Creta,Creta,2017,Automatic,petrol,1500,115,SUV,FWD,5,korean,crossover
Citroën,Grand C4 Spacetourer,Grand C4 Spacetourer,2020,Automatic,petrol,1200,130,MPV,FWD,7,european,mpv
Peugeot,5008,5008,2015,Automatic,petrol,1200,130,SUV,FWD,7,european,suv
Chery,Tiggo 7,Tiggo 7,2025,Automatic,petrol,1500,156,SUV,FWD,5,chinese,suv
Audi,A3,A3,2025,Automatic,petrol,1500,150,Sedan,FWD,5,european,executive
Mazda,3,3,2017,Automatic,petrol,1500,120,Sedan,FWD,5,japanese,family
XPeng,G9,G9,2024,Automatic,electric,0,550,SUV,AWD,6,chinese,suv
Hyundai,Elantra,Elantra,2009,Automatic,petrol,1600,128,Sedan,FWD,5,korean,family
Toyota,Fortuner,Fortuner,2025,Automatic,petrol,2700,166,SUV,4WD,7,japanese,suv
SsangYong,Torres,Torres,2024,Automatic,petrol,1500,170,SUV,FWD,5,korean,suv
Mitsubishi,Xpander,Xpander,2023,Automatic,petrol,1500,105,MPV,FWD,7,japanese,mpv
Hyundai,Tucson,Tucson,1990,Automatic,petrol,1600,177,SUV,FWD,5,korean,suv
Mitsubishi,Outlander,Outlander,2004,Automatic,petrol,2400,167,SUV,AWD,7,japanese,suv
Mercedes,GLE,GLE,2022,Automatic,petrol,1600,156,SUV,AWD,5,european,luxury_suv
Speranza,A516,A516,2010,Automatic,cng,1600,109,Sedan,FWD,5,chinese,family
Kia,Carnival MPV,Carnival,2024,Automatic,hybrid,2200,202,MPV,FWD,8,korean,mpv
Volkswagen,Transporter,Transporter,2021,Automatic,hybrid,1400,130,Van,FWD,8,european,van
Volkswagen,Golf,Golf,2010,Automatic,petrol,1400,150,Hatchback,FWD,5,european,family
Mercedes,GLS580,GLS,2022,Automatic,petrol,1600,156,Sedan,RWD,5,european,executive
Mercedes,E200,E-Class,1986,Automatic,petrol,2000,184,Sedan,RWD,5,european,executive
BMW,530,5 Series,2007,Automatic,petrol,2000,258,Sedan,RWD,5,european,executive
BMW,330,3 Series,2011,Automatic,petrol,2000,258,Sedan,RWD,5,european,executive
Kia,Carens,Carens,2016,Automatic,petrol,1600,130,MPV,FWD,7,korean,mpv
Jeep,Wrangler,Wrangler,2017,Automatic,petrol,2000,268,SUV,4WD,5,american,suv
Mitsubishi,Lancer,Lancer,2011,Automatic,petrol,1600,113,Sedan,FWD,5,japanese,family
Ford,Focus,Focus,2007,Automatic,petrol,1500,150,Hatchback,FWD,5,american,family
Geely,Emgrand X7,Emgrand X7,2008,Automatic,petrol,2400,137,SUV,FWD,7,chinese,suv
Mini,John Cooper,John Cooper,2023,Automatic,petrol,2000,231,Hatchback,FWD,4,european,sport
Kia,Carnival,Carnival,2004,Automatic,petrol,2200,202,MPV,FWD,8,korean,mpv
Mercedes,E200,E-Class,1993,Automatic,petrol,2000,184,Sedan,RWD,5,european,executive
Mitsubishi,Lancer,Lancer,2014,Automatic,petrol,1600,113,Sedan,FWD,5,japanese,family
Seat,Leon,Leon,2014,Automatic,hybrid,1500,150,Hatchback,FWD,5,european,family
Mercedes,E230,E-Class,1992,Automatic,petrol,1600,156,Sedan,RWD,5,european,executive
Lada,Granta,Granta,2022,Automatic,petrol,1600,87,Sedan,FWD,5,other,city
Mitsubishi,Colt,Colt,1992,Automatic,petrol,1300,95,Hatchback,FWD,5,japanese,city
Skoda,Karoq,Karoq,2020,Automatic,petrol,1500,150,SUV,FWD,5,european,suv
Hyundai,Elantra AD,Elantra,2025,Automatic,petrol,1600,128,Sedan,FWD,5,korean,family
Kia,Soul,Soul,2011,Automatic,petrol,1600,130,Crossover,FWD,5,korean,crossover
Mercedes,E350,E-Class,2020,Automatic,petrol,3500,302,Sedan,RWD,5,european,executive
Lotus,Emira,Emira,2025,Automatic,petrol,3500,400,Coupe,RWD,2,european,sport
Skoda,Octavia,Octavia,2004,Automatic,cng,1500,150,Sedan,FWD,5,european,family
Hyundai,Sonata,Sonata,2008,Automatic,petrol,2000,154,Sedan,FWD,5,korean,executive
Fiat,132,132,1983,Automatic,petrol,1600,95,Sedan,RWD,5,european,family
Audi,Q8,Q8,2020,Automatic,petrol,3000,340,SUV,AWD,5,european,luxury_suv
BMW,520i,5 Series,1992,Automatic,petrol,2000,184,Sedan,RWD,5,european,executive
Mercedes,350,350,2007,Automatic,petrol,3500,272,Sedan,RWD,5,european,executive
Mitsubishi,Mirage,Mirage,2003,Automatic,petrol,1600,113,Hatchback,FWD,5,japanese,city
Chevrolet,Camaro,Camaro,2022,Automatic,petrol,2000,275,Coupe,RWD,4,american,sport
Chery,Arrizo 5 Pro,Arrizo 5,2018,Automatic,petrol,1500,147,Sedan,FWD,5,chinese,family
Ford,Kuga,Kuga,2017,Automatic,petrol,1600,125,Sedan,FWD,5,american,family
Mitsubishi,Eclipse,Eclipse,2018,Automatic,petrol,2000,147,Coupe,FWD,4,japanese,sport
Mercedes,GLC200,GLC,2019,Automatic,petrol,1500,197,SUV,4WD,5,european,luxury_suv
Mitsubishi,Attrage,Attrage,2023,Automatic,petrol,1200,78,Sedan,FWD,5,japanese,city
Hyundai,Creta,Creta,2019,Automatic,petrol,1500,115,SUV,FWD,5,korean,crossover
Jeep,Cherokee,Cherokee,2019,Automatic,petrol,2400,184,SUV,4WD,5,american,suv
Nissan,Sunny,Sunny,2006,Automatic,petrol,1600,110,Sedan,FWD,5,japanese,family
Jeep,Liberty,Liberty,2005,Automatic,petrol,2400,150,SUV,4WD,5,american,suv
Volkswagen,Golf,Golf,1993,Automatic,petrol,1400,150,Hatchback,FWD,5,european,family
Citroën,Grand C4 Spacetourer,Grand C4 Spacetourer,2014,Automatic,petrol,1200,130,MPV,FWD,7,european,mpv
Hyundai,Accent,Accent,2025,Automatic,petrol,1600,123,Sedan,FWD,5,korean,city
Brilliance,Galena,Galena,2011,Automatic,petrol,1500,150,SUV,FWD,5,chinese,suv
Mercedes,500,500,2024,Automatic,petrol,4700,435,Sedan,RWD,5,european,luxury
Cadillac,Escalade,Escalade,2025,Automatic,petrol,6200,420,SUV,4WD,8,american,luxury_suv
Mercedes,500,500,2021,Automatic,petrol,4700,435,Sedan,RWD,5,european,luxury
Honda,Accord,Accord,2008,Automatic,diesel,1500,192,Sedan,FWD,5,japanese,executive
BMW,420,4 Series,2025,Automatic,petrol,2000,184,Coupe,RWD,4,european,sport
Chery,A11,A11,2005,Automatic,petrol,1100,64,Hatchback,FWD,5,chinese,city
Suzuki,Baleno,Baleno,1998,Automatic,petrol,1200,90,Hatchback,FWD,5,japanese,city
Mercedes,A35,A-Class,2024,Automatic,petrol,1600,156,Sedan,RWD,5,european,executive
Fiat,500X,500X,2021,Automatic,petrol,1400,80,Crossover,FWD,5,european,crossover
Land Rover,Range Rover Evoque,Range Rover,2022,Automatic,petrol,1500,249,Crossover,AWD,5,european,luxury_suv
Toyota,Corolla Cross,Corolla Cross,2009,Automatic,petrol,1600,120,Sedan,FWD,5,japanese,family
Chevrolet,Camaro,Camaro,2023,Automatic,petrol,2000,275,Coupe,RWD,4,american,sport
Mercedes,V250,V250,2018,Automatic,petrol,2100,190,MPV,RWD,8,european,mpv
Chery,Tiggo 3,Tiggo 3,2020,Automatic,petrol,1500,113,SUV,FWD,5,chinese,suv
Volkswagen,Passat,Passat,2010,Automatic,petrol,1800,150,Sedan,FWD,5,european,executive
Jeep,Cherokee,Cherokee,1998,Automatic,hybrid,2400,184,SUV,4WD,5,american,suv
Mercedes,E200,E-Class,2010,Automatic,petrol,2000,184,Sedan,RWD,5,european,executive
Dodge,Challenger,Challenger,2021,Automatic,petrol,3600,305,Coupe,RWD,4,american,sport
Toyota,Corolla Cross,Corolla Cross,2022,Automatic,petrol,1600,120,Crossover,FWD,5,japanese,crossover
MG,RX5,RX5,2021,Automatic,petrol,1500,169,SUV,FWD,5,chinese,suv
Opel,Astra,Astra,2018,Automatic,diesel,1400,150,Hatchback,FWD,5,european,family
Mercedes,GT43,GT43,2023,Automatic,petrol,1600,156,Coupe,RWD,5,european,sport
Mercedes,GLE,GLE,2017,Automatic,petrol,1600,156,SUV,AWD,5,european,luxury_suv
Proton,Persona,Persona,2020,Automatic,petrol,1600,110,Sedan,FWD,5,other,family
Audi,Q4 E-Tron,Q4 E-Tron,2022,Automatic,electric,0,204,SUV,FWD,5,european,luxury_suv
Kia,Cerato,Cerato,2024,Automatic,petrol,1600,123,Sedan,FWD,5,korean,family
Hyundai,Elantra CN7,Elantra,2025,Automatic,petrol,1600,128,Sedan,FWD,5,korean,family
Kia,Sorento,Sorento,2025,Automatic,petrol,2400,173,SUV,AWD,7,korean,suv
Mercedes,C200,C-Class,2007,Automatic,petrol,1500,184,Sedan,RWD,5,european,executive
BMW,740,7 Series,2008,Automatic,petrol,3000,340,Sedan,RWD,5,european,luxury
Kia,Sorento,Sorento,2024,Automatic,petrol,2400,173,SUV,AWD,7,korean,suv
Hyundai,Accent,Accent,2019,Automatic,petrol,1600,123,Sedan,FWD,5,korean,city
Mini,Cooper,Cooper,2023,Automatic,petrol,1500,136,Hatchback,FWD,4,european,city
Citroën,C5,C5,2021,Automatic,petrol,1600,120,Sedan,FWD,5,european,executive
Chevrolet,Optra,Optra,2010,Automatic,cng,1600,109,Sedan,FWD,5,american,family
BMW,X4,X4,2021,Automatic,petrol,2000,184,SUV,AWD,5,european,luxury_suv
Nissan,Bluebird,Bluebird,2022,Automatic,petrol,1600,103,Sedan,FWD,5,japanese,family
Mercedes,S580,S580,2022,Automatic,petrol,1600,156,Sedan,RWD,5,european,executive
Mini,Cooper,Cooper,2018,Automatic,petrol,1500,136,Hatchback,FWD,4,european,city
BMW,740,7 Series,2017,Automatic,hybrid,3000,340,Sedan,RWD,5,european,luxury
Honda,Civic,Civic,2017,Automatic,petrol,1500,182,Sedan,FWD,5,japanese,family
Avatr,12,12,2023,Automatic,electric,0,578,Sedan,AWD,5,chinese,luxury
BMW,520i,5 Series,2013,Automatic,petrol,2000,184,Sedan,RWD,5,european,executive
Citroën,C Elysee,C Elysee,2023,Automatic,petrol,1200,82,Sedan,FWD,5,european,family
MG,5,5,2022,Automatic,diesel,1500,169,Sedan,FWD,5,chinese,family
Jaguar,F-Type,F-Type,2018,Automatic,petrol,3000,380,Coupe,AWD,2,european,sport
Daewoo,Lanos,Lanos,1996,Automatic,petrol,1500,86,Sedan,FWD,5,korean,city
Skoda,Fabia,Fabia,2002,Automatic,diesel,1000,95,Hatchback,FWD,5,european,city
Jeep,Cherokee,Cherokee,2023,Automatic,petrol,2400,184,SUV,4WD,5,american,suv
Jetour,X70 Plus,X70 Plus,2021,Automatic,petrol,1500,181,SUV,FWD,7,chinese,suv
Audi,A4,A4,2024,Automatic,petrol,2000,190,Sedan,AWD,5,european,executive
Mercedes,200,200,2020,Automatic,petrol,2000,136,Sedan,RWD,5,european,executive
Hyundai,Accent,Accent,1999,Automatic,petrol,1600,123,Sedan,FWD,5,korean,city
Ford,Kuga,Kuga,2018,Automatic,petrol,1600,125,Sedan,FWD,5,american,family
Opel,Grandland,Grandland,2023,Automatic,petrol,1200,130,SUV,FWD,5,european,suv
Volkswagen,Golf,Golf,1992,Automatic,petrol,1400,150,Hatchback,FWD,5,european,family
Daewoo,Lacetti,Lacetti,2006,Automatic,petrol,1600,109,Sedan,FWD,5,korean,family
Renault,Kadjar,Kadjar,2020,Automatic,petrol,1600,163,SUV,FWD,5,european,suv
Hyundai,Tucson,Tucson,2011,Automatic,petrol,1600,177,SUV,FWD,5,korean,suv
Renault,Captur,Captur,2019,Automatic,petrol,1000,90,Crossover,FWD,5,european,crossover
Toyota,Corolla,Corolla,2014,Automatic,petrol,1600,122,Sedan,FWD,5,japanese,family
MG,ZS,ZS,2019,Automatic,petrol,1500,106,SUV,FWD,5,chinese,suv
Geely,Emgrand X7,Emgrand X7,2022,Automatic,hybrid,2400,137,SUV,FWD,7,chinese,suv
Honda,Civic,Civic,2010,Automatic,petrol,1500,182,Sedan,FWD,5,japanese,family
Mercedes,B200,B-Class,2023,Automatic,petrol,1600,156,MPV,FWD,5,european,executive
BMW,X2,X2,2025,Automatic,petrol,1500,136,Crossover,FWD,5,european,luxury_suv
Daewoo,Lanos,Lanos,2006,Automatic,petrol,1500,86,Sedan,FWD,5,korean,city
Honda,Accord,Accord,1997,Automatic,petrol,1500,192,Sedan,FWD,5,japanese,executive
Porsche,Cayenne S,Cayenne,2018,Automatic,petrol,4000,440,SUV,AWD,5,european,luxury_suv
Daewoo,Nubira,Nubira,2005,Automatic,diesel,1600,100,Sedan,FWD,5,korean,family
Mercedes,GLA,GLA,2026,Automatic,petrol,1400,163,Crossover,FWD,5,european,luxury_suv
Citroën,Grand C4 Spacetourer,Grand C4 Spacetourer,2024,Automatic,petrol,1200,130,MPV,FWD,7,european,mpv
Daewoo,Nubira,Nubira,2000,Automatic,cng,1600,100,Sedan,FWD,5,korean,family
Dodge,Challenger,Challenger,2023,Automatic,petrol,3600,305,Coupe,RWD,4,american,sport
Mercedes,C280,C280,2009,Automatic,petrol,3000,231,Sedan,RWD,5,european,executive
Daewoo,Leganza,Leganza,2005,Automatic,petrol,2000,133,Sedan,FWD,5,korean,executive
Toyota,Yaris,Yaris,2014,Automatic,petrol,1500,107,Hatchback,FWD,5,japanese,city
Hyundai,Verna,Verna,2003,Automatic,diesel,1600,123,Sedan,FWD,5,korean,city
Chevrolet,Aveo,Aveo,2011,Automatic,petrol,1400,100,Sedan,FWD,5,american,city
Jaguar,F-Type,F-Type,2019,Automatic,petrol,3000,380,Coupe,AWD,2,european,sport
Mercedes,B200,B-Class,2022,Automatic,petrol,1600,156,MPV,FWD,5,european,executive
Honda,Accord,Accord,2016,Automatic,petrol,1500,192,Sedan,FWD,5,japanese,executive
BYD,Song L,Song L,2024,Automatic,electric,0,200,Sedan,FWD,5,chinese,family
Mercedes,GLE450,GLE,2024,Automatic,petrol,1600,156,Sedan,RWD,5,european,executive
BMW,3 Series,3 Series,2024,Automatic,petrol,2000,184,Sedan,RWD,5,european,executive
Chevrolet,Avalanche,Avalanche,2020,Automatic,hybrid,5300,320,Pickup,4WD,6,american,truck
Mini,Countryman S,Countryman,2026,Automatic,petrol,2000,178,Crossover,AWD,5,european,crossover
Chery,Tiggo,Tiggo,2020,Automatic,petrol,1400,130,Sedan,FWD,5,european,family
Peugeot,407,407,2005,Automatic,petrol,1400,95,Sedan,FWD,5,european,family
MG,5,5,2024,Automatic,petrol,1500,169,Sedan,FWD,5,chinese,family
Ford,Fusion,Fusion,2021,Automatic,petrol,1600,125,Sedan,FWD,5,american,family
Mercedes,C180,C-Class,2007,Automatic,petrol,1600,156,Sedan,RWD,5,european,executive
Mazda,323,323,2016,Automatic,petrol,1600,98,Sedan,FWD,5,japanese,family
Dodge,Challenger,Challenger,2008,Automatic,petrol,3600,305,Coupe,RWD,4,american,sport
Skoda,Fabia,Fabia,2009,Automatic,petrol,1000,95,Hatchback,FWD,5,european,city
Peugeot,508,508,2012,Automatic,petrol,1600,165,Sedan,FWD,5,european,executive
Opel,Astra,Astra,2012,Automatic,petrol,1400,150,Hatchback,FWD,5,european,family
Kia,Cerato,Cerato,2008,Automatic,petrol,1600,123,Sedan,FWD,5,korean,family
Mercedes,B150,B-Class,2007,Automatic,petrol,1600,156,Sedan,RWD,5,european,executive
Kia,Carens,Carens,2017,Automatic,petrol,1600,130,MPV,FWD,7,korean,mpv
Volkswagen,Jetta,Jetta,2012,Automatic,petrol,1400,150,Sedan,FWD,5,european,family
Audi,A5,A5,2022,Automatic,petrol,2000,190,Coupe,AWD,4,european,executive
Volkswagen,Passat,Passat,1997,Automatic,petrol,1800,150,Sedan,FWD,5,european,executive
BMW,316,3 Series,1997,Automatic,petrol,1600,116,Sedan,RWD,5,european,executive
Suzuki,Baleno,Baleno,1991,Automatic,diesel,1200,90,Hatchback,FWD,5,japanese,city
GMC,Yukon,Yukon,2023,Automatic,petrol,5300,355,SUV,4WD,9,american,luxury_suv
Citroën,Grand C4 Spacetourer,Grand C4 Spacetourer,2023,Automatic,petrol,1200,130,MPV,FWD,7,european,mpv
Renault,Duster,Duster,2025,Automatic,petrol,1600,114,Crossover,FWD,5,european,crossover
Mini,Countryman,Countryman,2020,Automatic,petrol,1500,136,Crossover,FWD,5,european,crossover
Audi,Q2,Q2,2019,Automatic,petrol,1000,115,Crossover,FWD,5,european,luxury_suv
Changan,Benni Mini,Benni Mini,2022,Automatic,petrol,1000,68,Hatchback,FWD,4,chinese,city
Mitsubishi,Lancer EX Shark,Lancer,2016,Automatic,petrol,1600,113,Sedan,FWD,5,japanese,family
Skoda,Octavia,Octavia,2005,Automatic,petrol,1500,150,Sedan,FWD,5,european,family
Kia,Cerato Koup,Cerato,2015,Automatic,petrol,1600,120,Sedan,FWD,5,korean,family
Seat,Arona,Arona,2020,Automatic,petrol,1000,95,Crossover,FWD,5,european,crossover
Audi,A4,A4,2017,Automatic,petrol,2000,190,Sedan,AWD,5,european,executive
Mercedes,C200,C-Class,2011,Automatic,petrol,1500,184,Sedan,RWD,5,european,executive
Toyota,Fortuner,Fortuner,2024,Automatic,petrol,2700,166,SUV,4WD,7,japanese,suv
Toyota,Corolla,Corolla,2006,Automatic,petrol,1600,122,Sedan,FWD,5,japanese,family
MG,5,5,2026,Automatic,petrol,1500,169,Sedan,FWD,5,chinese,family
BMW,116,1 Series,2006,Automatic,petrol,1500,109,Hatchback,RWD,5,european,executive
Mercedes,C30,C30,2019,Automatic,petrol,2000,258,Sedan,RWD,5,european,executive
Honda,Accord,Accord,2005,Automatic,petrol,1500,192,Sedan,FWD,5,japanese,executive
Volkswagen,Golf,Golf,2008,Automatic,petrol,1400,150,Hatchback,FWD,5,european,family
Volkswagen,Tiguan,Tiguan,2018,Automatic,petrol,1400,150,SUV,FWD,5,european,suv
Porsche,911,911,2021,Automatic,petrol,3000,385,Coupe,RWD,4,european,sport
Skoda,Octavia,Octavia,2025,Automatic,petrol,1395,150,Sedan,FWD,5,european,family
Toyota,Corolla,Corolla,2004,Automatic,petrol,1600,122,Sedan,FWD,5,japanese,family
Mitsubishi,Xpander,Xpander,2025,Automatic,petrol,1500,105,MPV,FWD,7,japanese,mpv
Skoda,Octavia,Octavia,2008,Automatic,petrol,1500,150,Sedan,FWD,5,european,family
Seat,Leon,Leon,2015,Automatic,petrol,1500,150,Hatchback,FWD,5,european,family
Opel,Corsa,Corsa,2017,Automatic,petrol,1200,75,Hatchback,FWD,5,european,city
Mazda,323,323,1982,Automatic,petrol,1600,98,Sedan,FWD,5,japanese,family
Fiat,Grand Punto,Grand Punto,2010,Automatic,petrol,1400,77,Hatchback,FWD,5,european,city
Mercedes,C30,C30,2021,Automatic,hybrid,2000,258,Sedan,RWD,5,european,executive
Toyota,Corolla,Corolla,2011,Automatic,petrol,1600,122,Sedan,FWD,5,japanese,family
BAIC,EU5 Plus,EU5 Plus,2020,Automatic,electric,0,163,Sedan,FWD,5,chinese,family
Brilliance,FRV,FRV,2013,Automatic,petrol,1600,116,Hatchback,FWD,5,chinese,family
Jeep,Grand Cherokee 4xe,Grand Cherokee,2018,Automatic,petrol,2000,375,SUV,4WD,5,american,luxury_suv
Chevrolet,Cruze,Cruze,2013,Automatic,petrol,1600,124,Sedan,FWD,5,american,family
BMW,523,5 Series,2006,Automatic,petrol,2500,177,Sedan,RWD,5,european,executive
Citroën,C4,C4,2009,Automatic,petrol,1200,130,Hatchback,FWD,5,european,family
Citroën,C3 Aircross,C3 Aircross,2020,Automatic,petrol,1200,110,Crossover,FWD,5,european,crossover
Kia,Carnival,Carnival,2013,Automatic,petrol,2200,202,MPV,FWD,8,korean,mpv
Chery,Arrizo 5 Pro,Arrizo 5,2024,Automatic,petrol,1500,147,Sedan,FWD,5,chinese,family
Jeep,Grand Cherokee,Grand Cherokee,2024,Automatic,petrol,3600,293,SUV,4WD,5,american,luxury_suv
Mercedes,EQS450,EQ,2022,Automatic,electric,0,355,Sedan,AWD,5,european,luxury
Skoda,Superb,Superb,2023,Automatic,petrol,1800,180,Sedan,FWD,5,european,executive
Alfa Romeo,Tonale,Tonale,2025,Automatic,petrol,1500,160,Crossover,FWD,5,european,crossover
Mercedes,CLA200,CLA,2013,Automatic,petrol,1400,163,Coupe,FWD,5,european,sport
BMW,X6 M,X6,2021,Automatic,petrol,4400,617,SUV,AWD,5,european,luxury_suv
Chevrolet,Spark,Spark,2012,Automatic,petrol,1000,68,Hatchback,FWD,4,american,city
Speranza,A620,A620,2006,Automatic,petrol,2000,145,Sedan,FWD,5,chinese,family
Porsche,Cayenne S,Cayenne,2022,Automatic,petrol,4000,440,SUV,AWD,5,european,luxury_suv
Nissan,Bluebird,Bluebird,2024,Automatic,petrol,1600,103,Sedan,FWD,5,japanese,family
Kia,Picanto,Picanto,2018,Automatic,petrol,1000,67,Hatchback,FWD,5,korean,city
Speranza,M11,M11,2006,Automatic,petrol,1100,73,Hatchback,FWD,5,chinese,city
Jetour,Dashing,Dashing,2026,Automatic,petrol,1500,156,Sedan,FWD,5,chinese,family
BMW,218i,2 Series,2017,Automatic,petrol,1500,136,Coupe,FWD,4,european,executive
Brilliance,V5,V5,2013,Automatic,petrol,1500,150,SUV,FWD,5,chinese,suv
Volvo,XC40,XC40,2025,Automatic,petrol,1500,163,Crossover,FWD,5,european,luxury_suv
Daewoo,Lanos,Lanos,2005,Automatic,petrol,1500,86,Sedan,FWD,5,korean,city
Mercedes,C200,C-Class,2004,Automatic,petrol,1500,184,Sedan,RWD,5,european,executive
Mercedes,EQE350,EQ,2024,Automatic,electric,0,288,Sedan,RWD,5,european,executive
Chevrolet,Aveo,Aveo,2010,Automatic,petrol,1400,100,Sedan,FWD,5,american,city
Daewoo,Nubira,Nubira,1997,Automatic,cng,1600,100,Sedan,FWD,5,korean,family
Volvo,XC60,XC60,2022,Automatic,petrol,2000,250,SUV,AWD,5,european,luxury_suv
Jeep,Cherokee,Cherokee,2001,Automatic,petrol,2400,184,SUV,4WD,5,american,suv
Mitsubishi,Colt,Colt,1999,Automatic,petrol,1300,95,Hatchback,FWD,5,japanese,city
Land Rover,Range Rover,Range Rover,2021,Automatic,hybrid,3000,400,SUV,4WD,5,european,luxury_suv
Toyota,Corolla Cross,Corolla Cross,2019,Automatic,petrol,1600,120,Sedan,FWD,5,japanese,family
Nissan,Tiida,Tiida,2009,Automatic,petrol,1600,110,Sedan,FWD,5,japanese,family
Peugeot,3008,3008,2016,Automatic,petrol,1200,130,SUV,FWD,5,european,suv
BYD,Song Plus,Song Plus,2023,Automatic,electric,0,200,Sedan,FWD,5,chinese,family
Jaguar,F-Pace,F-Pace,2025,Automatic,petrol,2000,250,SUV,AWD,5,european,luxury_suv
Kia,Sorento,Sorento,2006,Automatic,petrol,2400,173,SUV,AWD,7,korean,suv
MG,RX5,RX5,2025,Automatic,petrol,1500,169,SUV,FWD,5,chinese,suv
Peugeot,405,405,1991,Automatic,petrol,1600,90,Sedan,FWD,5,european,family
Hyundai,Elantra,Elantra,2024,Automatic,petrol,1600,128,Sedan,FWD,5,korean,family
Nissan,Livina,Livina,2009,Automatic,petrol,1600,110,MPV,FWD,7,japanese,mpv
Honda,Accord,Accord,1992,Automatic,petrol,1500,192,Sedan,FWD,5,japanese,executive
Skoda,Superb,Superb,2024,Automatic,hybrid,1800,180,Sedan,FWD,5,european,executive
Hyundai,Santa Fe,Santa Fe,2024,Automatic,petrol,2000,186,SUV,AWD,7,korean,suv
Kia,Cerato,Cerato,2009,Automatic,petrol,1600,123,Sedan,FWD,5,korean,family
Mercedes,C30,C30,2022,Automatic,petrol,2000,258,Sedan,RWD,5,european,executive
Changan,Benni Mini,Benni Mini,2013,Automatic,petrol,1000,68,Hatchback,FWD,4,chinese,city
Suzuki,Ciaz,Ciaz,2023,Automatic,petrol,1500,105,Sedan,FWD,5,japanese,family
Toyota,Corona,Corona,1998,Automatic,petrol,1600,120,Sedan,FWD,5,japanese,family
Mercedes,GT43,GT43,2021,Automatic,petrol,1600,156,Coupe,RWD,5,european,sport
Hyundai,Sonata,Sonata,2020,Automatic,petrol,2000,154,Sedan,FWD,5,korean,executive
Speranza,A620,A620,2009,Automatic,diesel,2000,145,Sedan,FWD,5,chinese,family
Subaru,XV,XV,2020,Automatic,petrol,2000,156,Crossover,AWD,5,japanese,crossover
Speranza,A620,A620,2009,Automatic,petrol,2000,145,Sedan,FWD,5,chinese,family
Toyota,Prado,Prado,2024,Automatic,petrol,2700,163,SUV,4WD,7,japanese,luxury_suv
Toyota,Fortuner,Fortuner,2022,Automatic,petrol,2700,166,SUV,4WD,7,japanese,suv
Peugeot,308 SW,308 SW,2013,Automatic,petrol,1400,95,Sedan,FWD,5,european,family
Mercedes,E300,E-Class,2024,Automatic,hybrid,2000,258,Sedan,RWD,5,european,executive
Land Rover,Discovery,Discovery,2017,Automatic,petrol,2000,249,SUV,4WD,7,european,luxury_suv
Mazda,3,3,2019,Automatic,petrol,1500,120,Sedan,FWD,5,japanese,family
Nissan,Sunny,Sunny,2013,Automatic,petrol,1600,110,Sedan,FWD,5,japanese,family
Mercedes,E300,E-Class,2022,Automatic,hybrid,2000,258,Sedan,RWD,5,european,executive
Mercedes,S580,S580,2023,Automatic,petrol,1600,156,Sedan,RWD,5,european,executive
Mini,Cooper,Cooper,2008,Automatic,petrol,1500,136,Hatchback,FWD,4,european,city
BMW,X1,X1,2016,Automatic,petrol,1500,136,Crossover,FWD,5,european,luxury_suv
Opel,Corsa,Corsa,1996,Automatic,petrol,1200,75,Hatchback,FWD,5,european,city
Changan,Eado,Eado,2022,Automatic,petrol,1500,156,Sedan,FWD,5,chinese,family
BMW,X6,X6,2012,Automatic,petrol,3000,340,SUV,AWD,5,european,luxury_suv
Chevrolet,Avalanche,Avalanche,2008,Automatic,petrol,5300,320,Pickup,4WD,6,american,truck
Renault,Sandero,Sandero,2014,Automatic,petrol,1600,84,Hatchback,FWD,5,european,city
Seat,Toledo,Toledo,2019,Automatic,petrol,1600,105,Sedan,FWD,5,european,family
Citroën,C4X,C4X,2026,Automatic,petrol,1200,130,Sedan,FWD,5,european,family
Proton,Gen-2,Gen-2,2008,Automatic,hybrid,1600,110,Hatchback,FWD,5,other,family
Volkswagen,Jetta,Jetta,2011,Automatic,petrol,1400,150,Sedan,FWD,5,european,family
Skoda,Octavia A4,Octavia,1998,Manual,petrol,1500,150,Sedan,FWD,5,european,family
Kia,Carnival MPV,Carnival,2000,Manual,petrol,2200,202,MPV,FWD,8,korean,mpv
Renault,Clio,Clio,2004,Manual,petrol,1000,90,Hatchback,FWD,5,european,city
Lada,Granta,Granta,2018,Manual,hybrid,1600,87,Sedan,FWD,5,other,city
Lada,2107,2107,1991,Manual,petrol,1600,75,Sedan,RWD,5,other,family
Fiat,127,127,1989,Manual,petrol,900,47,Hatchback,FWD,4,european,city
Mitsubishi,Lancer,Lancer,2007,Manual,petrol,1600,113,Sedan,FWD,5,japanese,family
Fiat,127,127,1985,Manual,petrol,900,47,Hatchback,FWD,4,european,city
Nissan,Sunny,Sunny,2010,Manual,petrol,1600,110,Sedan,FWD,5,japanese,family
Fiat,131,131,1977,Manual,cng,1300,65,Sedan,RWD,5,european,family
Chevrolet,Aveo,Aveo,2014,Manual,petrol,1400,100,Sedan,FWD,5,american,city
Fiat,128,128,1986,Manual,petrol,1100,55,Hatchback,FWD,5,european,city
Chevrolet,Aveo,Aveo,2006,Manual,cng,1400,100,Sedan,FWD,5,american,city
Speranza,A11,A11,2005,Manual,petrol,1100,64,Hatchback,FWD,5,chinese,city
Fiat,Punto,Punto,2012,Manual,petrol,1200,69,Hatchback,FWD,5,european,city
Geely,Ck,Ck,2010,Manual,petrol,1300,83,Sedan,FWD,5,chinese,city
Mahindra,Scorpio,Scorpio,2008,Manual,petrol,2200,140,SUV,4WD,7,other,suv
Daewoo,Nubira,Nubira,2007,Manual,petrol,1600,100,Sedan,FWD,5,korean,family
Lada,Samara,Samara,2009,Manual,petrol,1500,70,Hatchback,FWD,5,other,city
Fiat,Shahin,Shahin,1993,Manual,petrol,1400,80,Hatchback,FWD,5,european,city
BMW,316,3 Series,1991,Manual,diesel,1600,116,Sedan,RWD,5,european,executive
Suzuki,Grand Vitara,Grand Vitara,2023,Manual,diesel,2400,163,SUV,4WD,5,japanese,suv
Volkswagen,Pointer,Pointer,2007,Manual,petrol,1400,130,Sedan,FWD,5,european,family
Suzuki,Van,Van,2015,Manual,petrol,1200,83,Hatchback,FWD,5,japanese,city
Mazda,121,121,1997,Manual,petrol,1300,73,Hatchback,FWD,5,japanese,city
Volkswagen,Transporter,Transporter,2004,Manual,petrol,1400,130,Van,FWD,8,european,van
Chevrolet,N300,N300,2020,Manual,petrol,1600,110,Sedan,FWD,5,american,family
Daewoo,Nubira,Nubira,2008,Manual,diesel,1600,100,Sedan,FWD,5,korean,family
Hyundai,Verna,Verna,2015,Manual,hybrid,1600,123,Sedan,FWD,5,korean,city
Fiat,127,127,1979,Manual,petrol,900,47,Hatchback,FWD,4,european,city
Fiat,Grand Punto,Grand Punto,1987,Manual,petrol,1400,77,Hatchback,FWD,5,european,city
Toyota,Corolla,Corolla,1995,Manual,petrol,1600,122,Sedan,FWD,5,japanese,family
Mazda,121,121,1996,Manual,diesel,1300,73,Hatchback,FWD,5,japanese,city
Chevrolet,Spark,Spark,2011,Manual,petrol,1000,68,Hatchback,FWD,4,american,city
Fiat,Shahin,Shahin,2000,Manual,petrol,1400,80,Hatchback,FWD,5,european,city
Speranza,A516,A516,2012,Manual,petrol,1600,109,Sedan,FWD,5,chinese,family
Skoda,Fabia,Fabia,2012,Manual,petrol,1000,95,Hatchback,FWD,5,european,city
Fiat,Grand Punto,Grand Punto,2008,Manual,petrol,1400,77,Hatchback,FWD,5,european,city
Mercedes,200,200,1978,Manual,petrol,2000,136,Sedan,RWD,5,european,executive
Peugeot,206,206,2001,Manual,petrol,1400,75,Hatchback,FWD,5,european,city
Fiat,Uno,Uno,1994,Manual,petrol,1400,80,Hatchback,FWD,5,european,city
Lada,2107,2107,2013,Manual,petrol,1600,75,Sedan,RWD,5,other,family
Ford,Escort,Escort,1999,Manual,petrol,1600,90,Sedan,FWD,5,american,family
Skoda,Fabia,Fabia,2001,Manual,petrol,1000,95,Hatchback,FWD,5,european,city
Hyundai,Matrix,Matrix,2008,Manual,petrol,1600,120,MPV,FWD,5,korean,mpv
Fiat,Shahin,Shahin,2004,Manual,petrol,1400,80,Hatchback,FWD,5,european,city
Mitsubishi,Lancer EX Shark,Lancer,1977,Manual,petrol,1600,113,Sedan,FWD,5,japanese,family
Honda,Civic,Civic,1984,Manual,petrol,1500,182,Sedan,FWD,5,japanese,family
Suzuki,Alto,Alto,2021,Manual,petrol,1000,67,Hatchback,FWD,5,japanese,city
Suzuki,Swift,Swift,1994,Manual,petrol,1200,83,Hatchback,FWD,5,japanese,city
Geely,Emgrand,Emgrand,2014,Manual,hybrid,1500,107,Sedan,FWD,5,chinese,family
Suzuki,Van,Van,2016,Manual,cng,1200,83,Hatchback,FWD,5,japanese,city
Geely,Emgrand 7,Emgrand 7,2014,Manual,petrol,1800,132,Sedan,FWD,5,chinese,family
Mazda,323,323,1993,Manual,cng,1600,98,Sedan,FWD,5,japanese,family
Seat,Ibiza,Ibiza,1994,Manual,petrol,1000,95,Hatchback,FWD,5,european,city
Hyundai,Excel,Excel,1997,Manual,diesel,1600,120,Sedan,FWD,5,korean,family
Mitsubishi,Lancer,Lancer,2005,Manual,petrol,1600,113,Sedan,FWD,5,japanese,family
Hyundai,Tucson,Tucson,2006,Manual,petrol,1600,177,SUV,FWD,5,korean,suv
Speranza,A113,A113,2008,Manual,cng,1300,65,Hatchback,FWD,5,chinese,city
Lada,Granta,Granta,2020,Manual,cng,1600,87,Sedan,FWD,5,other,city
Toyota,Corolla,Corolla,1993,Manual,petrol,1600,122,Sedan,FWD,5,japanese,family
Chevrolet,Avalanche,Avalanche,2021,Manual,petrol,5300,320,Pickup,4WD,6,american,truck
Renault,Megane,Megane,2009,Manual,petrol,1500,115,Hatchback,FWD,5,european,family
BMW,316,3 Series,1994,Manual,petrol,1600,116,Sedan,RWD,5,european,executive
Proton,Persona,Persona,2010,Manual,petrol,1600,110,Sedan,FWD,5,other,family
Volkswagen,Caddy,Caddy,2002,Manual,cng,2000,122,Van,FWD,5,european,van
Nissan,Sunny,Sunny,2002,Manual,petrol,1600,110,Sedan,FWD,5,japanese,family
Citroën,Grand C4 Spacetourer,Grand C4 Spacetourer,2002,Manual,petrol,1200,130,MPV,FWD,7,european,mpv
Toyota,Corolla Cross,Corolla Cross,1990,Manual,petrol,1600,120,Sedan,FWD,5,japanese,family
Kia,Sephia,Sephia,2002,Manual,petrol,1600,120,Sedan,FWD,5,korean,family
Kia,Carnival MPV,Carnival,2002,Manual,petrol,2200,202,MPV,FWD,8,korean,mpv
Speranza,M12,M12,2014,Manual,petrol,1300,70,Hatchback,FWD,5,chinese,city
Fiat,Punto,Punto,2011,Manual,petrol,1200,69,Hatchback,FWD,5,european,city
Peugeot,504,504,2007,Manual,petrol,1400,95,Sedan,FWD,5,european,family
Suzuki,Swift,Swift,1998,Manual,petrol,1200,83,Hatchback,FWD,5,japanese,city
Renault,19,19,1997,Manual,petrol,1600,90,Sedan,FWD,5,european,family
Peugeot,206,206,2007,Manual,petrol,1400,75,Hatchback,FWD,5,european,city
Saipa,Pride,Pride,2009,Manual,cng,800,44,Hatchback,FWD,4,other,city
Fiat,Shahin,Shahin,2002,Manual,cng,1400,80,Hatchback,FWD,5,european,city
Renault,Sandero Stepway,Sandero,1998,Manual,petrol,1600,115,Hatchback,FWD,5,european,crossover
Chevrolet,N300,N300,2021,Manual,petrol,1600,110,Sedan,FWD,5,american,family
Volkswagen,Pointer,Pointer,2001,Manual,petrol,1400,130,Sedan,FWD,5,european,family
Lada,2107,2107,2006,Manual,petrol,1600,75,Sedan,RWD,5,other,family
Geely,Emgrand 7,Emgrand 7,2013,Manual,petrol,1800,132,Sedan,FWD,5,chinese,family
Fiat,127,127,1980,Manual,petrol,900,47,Hatchback,FWD,4,european,city
Suzuki,Grand Vitara,Grand Vitara,1994,Manual,petrol,2400,163,SUV,4WD,5,japanese,suv
Toyota,Prado,Prado,2007,Manual,diesel,2700,163,SUV,4WD,7,japanese,luxury_suv
Fiat,128,128,1978,Manual,petrol,1100,55,Hatchback,FWD,5,european,city
Kia,Shuma,Shuma,2000,Manual,petrol,1600,120,Sedan,FWD,5,korean,family
Toyota,Corolla,Corolla,1983,Manual,petrol,1600,122,Sedan,FWD,5,japanese,family
Chevrolet,Lanos,Lanos,2007,Manual,petrol,1500,86,Sedan,FWD,5,american,city
Seat,Cordoba,Cordoba,2009,Manual,petrol,1600,100,Sedan,FWD,5,european,family
Proton,Persona,Persona,2005,Manual,diesel,1600,110,Sedan,FWD,5,other,family
Changan,Benni,Benni,2013,Manual,cng,1500,136,Hatchback,FWD,4,european,city
Lada,2105,2105,1994,Manual,petrol,1300,64,Sedan,RWD,5,other,family
Changan,Benni,Benni,2008,Manual,diesel,1301,86,Hatchback,FWD,5,chinese,city
Proton,Gen-2,Gen-2,2006,Manual,diesel,1600,110,Hatchback,FWD,5,other,family
Renault,Logan,Logan,2014,Manual,petrol,1600,84,Sedan,FWD,5,european,family
Geely,Emgrand,Emgrand,2016,Manual,petrol,1500,107,Sedan,FWD,5,chinese,family
Chevrolet,Aveo,Aveo,2007,Manual,petrol,1400,100,Sedan,FWD,5,american,city
Lada,2110,2110,2005,Manual,petrol,1600,79,Sedan,FWD,5,other,family
Chevrolet,Lanos,Lanos,2009,Manual,cng,1500,86,Sedan,FWD,5,american,city
Fiat,128,128,1992,Manual,petrol,1100,55,Hatchback,FWD,5,european,city
Fiat,128,128,1980,Manual,diesel,1100,55,Hatchback,FWD,5,european,city
Opel,Vectra,Vectra,1994,Manual,petrol,1800,122,Sedan,FWD,5,european,executive
Chevrolet,Avalanche,Avalanche,2018,Manual,diesel,5300,320,Pickup,4WD,6,american,truck
Chevrolet,Avalanche,Avalanche,2012,Manual,diesel,5300,320,Pickup,4WD,6,american,truck
Chevrolet,Avalanche,Avalanche,2020,Manual,diesel,5300,320,Pickup,4WD,6,american,truck
Seat,Toledo,Toledo,1994,Manual,petrol,1600,105,Sedan,FWD,5,european,family
Kia,Pride,Pride,2004,Manual,diesel,1600,120,Sedan,FWD,5,korean,family
Hyundai,Verna,Verna,2008,Manual,hybrid,1600,123,Sedan,FWD,5,korean,city
Opel,Corsa,Corsa,2004,Manual,diesel,1200,75,Hatchback,FWD,5,european,city
Chevrolet,Lanos,Lanos,2015,Manual,hybrid,1500,86,Sedan,FWD,5,american,city
Volkswagen,Jetta,Jetta,1985,Manual,petrol,1400,80,Hatchback,FWD,5,european,city
Hyundai,Verna,Verna,2014,Manual,petrol,1600,123,Sedan,FWD,5,korean,city
Fiat,128,128,2007,Manual,petrol,1100,55,Hatchback,FWD,5,european,city
Brilliance,FRV Cross,FRV Cross,2009,Manual,cng,1800,136,Crossover,FWD,5,chinese,crossover
Mitsubishi,Colt,Colt,1993,Manual,petrol,1300,95,Hatchback,FWD,5,japanese,city
Volkswagen,Polo,Polo,1990,Manual,petrol,1400,80,Hatchback,FWD,5,european,city
Speranza,A620,A620,2007,Manual,cng,2000,145,Sedan,FWD,5,chinese,family
Peugeot,504,504,1993,Manual,petrol,1400,95,Sedan,FWD,5,european,family
Geely,Pandino,Pandino,2014,Manual,petrol,1500,110,Sedan,FWD,5,chinese,family
Geely,Emgrand X7,Emgrand X7,2010,Manual,petrol,2400,137,SUV,FWD,7,chinese,suv
Seat,Tarraco,Tarraco,1996,Manual,petrol,1500,150,SUV,FWD,7,european,suv
Chery,A11,A11,2008,Manual,petrol,1100,64,Hatchback,FWD,5,chinese,city
Fiat,Tipo,Tipo,2024,Manual,petrol,1600,110,Sedan,FWD,5,european,family
Peugeot,405,405,2007,Manual,petrol,1600,90,Sedan,FWD,5,european,family
Renault,Sandero,Sandero,2013,Manual,petrol,1600,84,Hatchback,FWD,5,european,city
Daewoo,Lanos,Lanos,2004,Manual,petrol,1500,86,Sedan,FWD,5,korean,city
Fiat,Punto,Punto,1997,Manual,petrol,1200,69,Hatchback,FWD,5,european,city
Chery,A15,A15,2008,Manual,petrol,1500,92,Sedan,FWD,5,chinese,family
Fiat,Shahin,Shahin,2002,Manual,petrol,1400,80,Hatchback,FWD,5,european,city
Fiat,Uno,Uno,1988,Manual,petrol,1400,80,Hatchback,FWD,5,european,city
Daewoo,Lanos,Lanos,2002,Manual,diesel,1500,86,Sedan,FWD,5,korean,city
Peugeot,405,405,1992,Manual,petrol,1600,90,Sedan,FWD,5,european,family
Lada,Granta,Granta,2017,Manual,hybrid,1600,87,Sedan,FWD,5,other,city
Daewoo,Lanos,Lanos,2000,Manual,cng,1500,86,Sedan,FWD,5,korean,city
BMW,316,3 Series,1981,Manual,petrol,1600,116,Sedan,RWD,5,european,executive
Kia,Carnival MPV,Carnival,2003,Manual,petrol,2200,202,MPV,FWD,8,korean,mpv
Chevrolet,Avalanche,Avalanche,2004,Manual,diesel,5300,320,Pickup,4WD,6,american,truck
Renault,Sandero,Sandero,2011,Manual,petrol,1600,84,Hatchback,FWD,5,european,city
Ford,Fiesta,Fiesta,1996,Manual,petrol,1000,100,Hatchback,FWD,5,american,city
Kia,Pride,Pride,2000,Manual,petrol,1600,120,Sedan,FWD,5,korean,family
Hyundai,Verna,Verna,2020,Manual,hybrid,1600,123,Sedan,FWD,5,korean,city
Renault,Sandero,Sandero,2011,Manual,diesel,1600,84,Hatchback,FWD,5,european,city
Fiat,128,128,2002,Manual,petrol,1100,55,Hatchback,FWD,5,european,city
Volkswagen,Polo,Polo,1988,Manual,petrol,1400,80,Hatchback,FWD,5,european,city
Daewoo,Lanos,Lanos,2006,Manual,diesel,1500,86,Sedan,FWD,5,korean,city
BMW,316,3 Series,2008,Manual,petrol,1600,116,Sedan,RWD,5,european,executive
Renault,Logan,Logan,2010,Manual,diesel,1600,84,Sedan,FWD,5,european,family
Citroën,C3,C3,2003,Manual,petrol,1200,83,Hatchback,FWD,5,european,city
Chevrolet,Avalanche,Avalanche,2011,Manual,diesel,5300,320,Pickup,4WD,6,american,truck
Peugeot,206,206,2005,Manual,petrol,1400,75,Hatchback,FWD,5,european,city
Fiat,Shahin,Shahin,1993,Manual,diesel,1400,80,Hatchback,FWD,5,european,city
Lada,Samara,Samara,1995,Manual,petrol,1500,70,Hatchback,FWD,5,other,city
Fiat,Grand Punto,Grand Punto,2019,Manual,petrol,1400,77,Hatchback,FWD,5,european,city
Lada,2105,2105,1995,Manual,cng,1300,64,Sedan,RWD,5,other,family
Renault,Logan,Logan,2016,Manual,diesel,1600,84,Sedan,FWD,5,european,family
Hyundai,Verna,Verna,2006,Manual,petrol,1600,123,Sedan,FWD,5,korean,city
Proton,Persona,Persona,2011,Manual,petrol,1600,110,Sedan,FWD,5,other,family
Seat,Ibiza,Ibiza,2006,Manual,petrol,1000,95,Hatchback,FWD,5,european,city
Suzuki,Alto,Alto,2000,Manual,petrol,1000,67,Hatchback,FWD,5,japanese,city
Daihatsu,Charade,Charade,1992,Manual,petrol,1000,56,Hatchback,FWD,5,japanese,city
Fiat,131,131,1982,Manual,petrol,1300,65,Sedan,RWD,5,european,family
Toyota,Echo,Echo,2000,Manual,petrol,1600,120,Sedan,FWD,5,japanese,family
Opel,Corsa,Corsa,1998,Manual,petrol,1200,75,Hatchback,FWD,5,european,city
Renault,Logan,Logan,2016,Manual,cng,1600,84,Sedan,FWD,5,european,family
Suzuki,Grand Vitara,Grand Vitara,2009,Manual,hybrid,2400,163,SUV,4WD,5,japanese,suv
Kia,Carnival MPV,Carnival,2001,Manual,petrol,2200,202,MPV,FWD,8,korean,mpv
Chevrolet,Pickup,Pickup,2007,Manual,diesel,1600,110,Sedan,FWD,5,american,family
Hyundai,Tucson,Tucson,2001,Manual,petrol,1600,177,SUV,FWD,5,korean,suv
Fiat,Grand Punto,Grand Punto,2021,Manual,petrol,1400,77,Hatchback,FWD,5,european,city
Lada,2105,2105,1984,Manual,cng,1300,64,Sedan,RWD,5,other,family
Chevrolet,Lanos,Lanos,2015,Manual,cng,1500,86,Sedan,FWD,5,american,city
Kia,Carnival MPV,Carnival,1998,Manual,petrol,2200,202,MPV,FWD,8,korean,mpv
Geely,Pandino,Pandino,2015,Manual,diesel,1500,110,Sedan,FWD,5,chinese,family
Fiat,1300,1300,2015,Manual,petrol,1300,65,Sedan,RWD,5,european,family
Opel,Vectra,Vectra,1995,Manual,cng,1800,122,Sedan,FWD,5,european,executive
Honda,Civic,Civic,1987,Manual,diesel,1500,182,Sedan,FWD,5,japanese,family
Lada,2105,2105,1992,Manual,petrol,1300,64,Sedan,RWD,5,other,family
Skoda,Octavia,Octavia,1997,Manual,petrol,1500,150,Sedan,FWD,5,european,family
Fiat,Siena,Siena,2005,Manual,petrol,1400,80,Hatchback,FWD,5,european,city
Skoda,Favorit,Favorit,1994,Manual,petrol,1300,58,Hatchback,FWD,5,european,city
Peugeot,307,307,2008,Manual,petrol,1400,95,Sedan,FWD,5,european,family
Renault,Megane,Megane,2007,Manual,petrol,1500,115,Hatchback,FWD,5,european,family
Geely,Emgrand X7,Emgrand X7,2014,Manual,petrol,2400,137,SUV,FWD,7,chinese,suv
Lada,Samara,Samara,1994,Manual,petrol,1500,70,Hatchback,FWD,5,other,city
Renault,Sandero Stepway,Sandero,2017,Manual,petrol,1600,115,Hatchback,FWD,5,european,crossover
Geely,Emgrand,Emgrand,2013,Manual,cng,1500,107,Sedan,FWD,5,chinese,family
Suzuki,Grand Vitara,Grand Vitara,2000,Manual,petrol,2400,163,SUV,4WD,5,japanese,suv
Chevrolet,Aveo,Aveo,2013,Manual,diesel,1400,100,Sedan,FWD,5,american,city
Suzuki,Alto,Alto,2015,Manual,cng,1000,67,Hatchback,FWD,5,japanese,city
BYD,F3,F3,2010,Manual,petrol,1500,109,Sedan,FWD,5,chinese,family
Hyundai,Tucson,Tucson,1996,Manual,cng,1600,177,SUV,FWD,5,korean,suv
Speranza,A11,A11,2007,Manual,petrol,1100,64,Hatchback,FWD,5,chinese,city
Toyota,Corolla,Corolla,2000,Manual,petrol,1600,122,Sedan,FWD,5,japanese,family
Hyundai,Tucson,Tucson,1992,Manual,petrol,1600,177,SUV,FWD,5,korean,suv
Volkswagen,Polo,Polo,1998,Manual,petrol,1000,95,Hatchback,FWD,5,european,city
Seat,Cordoba,Cordoba,1996,Manual,petrol,1600,100,Sedan,FWD,5,european,family
Fiat,Grand Punto,Grand Punto,2006,Manual,cng,1400,77,Hatchback,FWD,5,european,city
Peugeot,406,406,1998,Manual,petrol,1400,95,Sedan,FWD,5,european,family
Chevrolet,Cruze,Cruze,1994,Manual,petrol,1600,120,Sedan,FWD,5,japanese,family
Kia,Carnival MPV,Carnival,2000,Manual,cng,2200,202,MPV,FWD,8,korean,mpv
Toyota,Echo,Echo,2003,Manual,petrol,1600,120,Sedan,FWD,5,japanese,family
Fiat,Grand Punto,Grand Punto,2007,Manual,petrol,1400,77,Hatchback,FWD,5,european,city
Daewoo,Lanos,Lanos,1998,Manual,petrol,1500,86,Sedan,FWD,5,korean,city
Skoda,Octavia,Octavia,2009,Manual,petrol,1500,150,Sedan,FWD,5,european,family
Daewoo,Lanos,Lanos,2011,Manual,petrol,1500,86,Sedan,FWD,5,korean,city
Kia,Rio,Rio,2002,Manual,petrol,1400,100,Sedan,FWD,5,korean,city
Mitsubishi,Lancer EX Shark,Lancer,2015,Manual,diesel,1600,113,Sedan,FWD,5,japanese,family
Fiat,Grand Punto,Grand Punto,1989,Manual,petrol,1400,77,Hatchback,FWD,5,european,city
Renault,Clio,Clio,2003,Manual,cng,1000,90,Hatchback,FWD,5,european,city
Speranza,M11,M11,2012,Manual,petrol,1100,73,Hatchback,FWD,5,chinese,city
Renault,Logan,Logan,2012,Manual,diesel,1600,84,Sedan,FWD,5,european,family
Daewoo,Leganza,Leganza,1999,Manual,petrol,2000,133,Sedan,FWD,5,korean,executive
Fiat,Punto,Punto,2009,Manual,diesel,1200,69,Hatchback,FWD,5,european,city
Citroën,Grand C4 Spacetourer,Grand C4 Spacetourer,1995,Manual,petrol,1200,130,MPV,FWD,7,european,mpv
Toyota,Corolla,Corolla,1990,Manual,petrol,1600,122,Sedan,FWD,5,japanese,family
Kia,Rio,Rio,2004,Manual,petrol,1400,100,Sedan,FWD,5,korean,city
Daewoo,Lanos,Lanos,2008,Manual,diesel,1500,86,Sedan,FWD,5,korean,city
Volkswagen,Passat,Passat,2003,Manual,petrol,1800,150,Sedan,FWD,5,european,executive
Renault,Sandero,Sandero,2011,Manual,hybrid,1600,84,Hatchback,FWD,5,european,city
Chevrolet,N300,N300,2024,Manual,petrol,1600,110,Sedan,FWD,5,american,family
Citroën,Grand C4 Spacetourer,Grand C4 Spacetourer,1997,Manual,petrol,1200,130,MPV,FWD,7,european,mpv
Kia,Picanto,Picanto,2013,Manual,petrol,1000,67,Hatchback,FWD,5,korean,city
Nissan,Sunny,Sunny,2016,Manual,petrol,1600,110,Sedan,FWD,5,japanese,family
Chevrolet,Spark,Spark,2008,Manual,diesel,1000,68,Hatchback,FWD,4,american,city
Peugeot,504,504,1978,Manual,diesel,1400,95,Sedan,FWD,5,european,family
Chevrolet,Optra,Optra,2006,Manual,petrol,1600,109,Sedan,FWD,5,american,family
Proton,Gen-2,Gen-2,2006,Manual,petrol,1600,110,Hatchback,FWD,5,other,family
Renault,Duster,Duster,2015,Manual,petrol,1600,114,Crossover,FWD,5,european,crossover
Opel,Astra,Astra,2002,Manual,petrol,1400,150,Hatchback,FWD,5,european,family
Chevrolet,Avalanche,Avalanche,2006,Manual,diesel,5300,320,Pickup,4WD,6,american,truck
BYD,F3,F3,2012,Manual,petrol,1500,109,Sedan,FWD,5,chinese,family
Fiat,Grand Punto,Grand Punto,2006,Manual,petrol,1400,77,Hatchback,FWD,5,european,city
Fiat,Siena,Siena,2006,Manual,petrol,1400,80,Hatchback,FWD,5,european,city
Lada,2107,2107,1984,Manual,petrol,1600,75,Sedan,RWD,5,other,family
Zotye,Xplosion,Xplosion,2009,Manual,cng,1800,150,SUV,FWD,5,chinese,suv
Fiat,1300,1300,2008,Manual,petrol,1300,65,Sedan,RWD,5,european,family
Suzuki,Grand Vitara,Grand Vitara,2015,Manual,cng,2400,163,SUV,4WD,5,japanese,suv
Fiat,128,128,1988,Manual,cng,1100,55,Hatchback,FWD,5,european,city
BAIC,EU5 Plus,EU5 Plus,2019,Automatic,electric,0,163,Sedan,FWD,5,chinese,family
Skoda,Octavia A4,Octavia,2000,Manual,petrol,1500,150,Sedan,FWD,5,european,family
Honda,City,City,2008,Manual,petrol,1500,119,Sedan,FWD,5,japanese,family
Fiat,Punto,Punto,2012,Manual,cng,1200,69,Hatchback,FWD,5,european,city
Chery,Envy,Envy,2018,Manual,petrol,1500,113,Sedan,FWD,5,chinese,family
Geely,Emgrand 7,Emgrand 7,2016,Manual,petrol,1800,132,Sedan,FWD,5,chinese,family
Speranza,A113,A113,2009,Manual,petrol,1300,65,Hatchback,FWD,5,chinese,city
BYD,F3,F3,2010,Manual,diesel,1500,109,Sedan,FWD,5,chinese,family
Fiat,Grand Punto,Grand Punto,2003,Manual,petrol,1400,77,Hatchback,FWD,5,european,city
Mahindra,Scorpio,Scorpio,2008,Manual,diesel,2200,140,SUV,4WD,7,other,suv
Ford,Bronco Raptor,Bronco Raptor,2000,Manual,petrol,3000,418,SUV,4WD,5,american,suv
Lada,2107,2107,2009,Manual,cng,1600,75,Sedan,RWD,5,other,family
Hyundai,Tucson,Tucson,2009,Manual,petrol,1600,177,SUV,FWD,5,korean,suv
Fiat,Shahin,Shahin,2007,Manual,cng,1400,80,Hatchback,FWD,5,european,city
Chevrolet,Optra,Optra,2010,Manual,cng,1600,109,Sedan,FWD,5,american,family
Fiat,131,131,1981,Manual,cng,1300,65,Sedan,RWD,5,european,family
Fiat,Tempra,Tempra,1994,Manual,petrol,1600,90,Sedan,FWD,5,european,family
Honda,Civic,Civic,1996,Manual,petrol,1500,182,Sedan,FWD,5,japanese,family
Citroën,Grand C4 Spacetourer,Grand C4 Spacetourer,1998,Manual,petrol,1200,130,MPV,FWD,7,european,mpv
Ford,Mondeo,Mondeo,2000,Manual,petrol,2000,145,Sedan,FWD,5,american,executive
Speranza,A11,A11,2006,Manual,petrol,1100,64,Hatchback,FWD,5,chinese,city
Speranza,M11,M11,2011,Manual,cng,1100,73,Hatchback,FWD,5,chinese,city
Speranza,M12,M12,2012,Manual,petrol,1300,70,Hatchback,FWD,5,chinese,city
Chevrolet,Lanos,Lanos,2010,Manual,cng,1500,86,Sedan,FWD,5,american,city
Suzuki,Swift,Swift,1996,Manual,petrol,1200,83,Hatchback,FWD,5,japanese,city
Fiat,Punto,Punto,2003,Manual,diesel,1200,69,Hatchback,FWD,5,european,city
Hyundai,Matrix,Matrix,2005,Manual,diesel,1600,120,MPV,FWD,5,korean,mpv
Suzuki,Grand Vitara,Grand Vitara,2012,Manual,petrol,2400,163,SUV,4WD,5,japanese,suv
Mitsubishi,Lancer EX Shark,Lancer,1999,Manual,diesel,1600,113,Sedan,FWD,5,japanese,family
Audi,A4,A4,1995,Manual,petrol,2000,190,Sedan,AWD,5,european,executive
Mercedes,200,200,1982,Manual,petrol,2000,136,Sedan,RWD,5,european,executive
Mitsubishi,Lancer,Lancer,1982,Manual,petrol,1600,113,Sedan,FWD,5,japanese,family
Proton,Persona,Persona,2008,Manual,petrol,1600,110,Sedan,FWD,5,other,family
Proton,Gen-2,Gen-2,2008,Manual,petrol,1600,110,Hatchback,FWD,5,other,family
Hyundai,Verna,Verna,2004,Manual,petrol,1600,123,Sedan,FWD,5,korean,city
Daewoo,Matiz,Matiz,2002,Manual,petrol,800,52,Hatchback,FWD,4,korean,city
Speranza,A516,A516,2011,Manual,cng,1600,109,Sedan,FWD,5,chinese,family
Nissan,Bluebird,Bluebird,1991,Manual,petrol,1600,103,Sedan,FWD,5,japanese,family
Volkswagen,Beetle,Beetle,1975,Manual,petrol,1400,150,Coupe,FWD,4,european,sport
Suzuki,Grand Vitara,Grand Vitara,1995,Manual,petrol,2400,163,SUV,4WD,5,japanese,suv
Volkswagen,Transporter,Transporter,2005,Manual,petrol,1400,130,Van,FWD,8,european,van
Mercedes,E200,E-Class,1980,Manual,petrol,2000,184,Sedan,RWD,5,european,executive
Hyundai,Tucson,Tucson,2011,Manual,petrol,1600,177,SUV,FWD,5,korean,suv
Hyundai,Accent,Accent,1995,Manual,petrol,1600,123,Sedan,FWD,5,korean,city
Lada,2107,2107,1992,Manual,petrol,1600,75,Sedan,RWD,5,other,family
Peugeot,307,307,2006,Manual,petrol,1400,95,Sedan,FWD,5,european,family
Fiat,132,132,1979,Manual,petrol,1600,95,Sedan,RWD,5,european,family
Opel,Corsa,Corsa,2003,Manual,diesel,1200,75,Hatchback,FWD,5,european,city
Hyundai,Accent,Accent,2000,Manual,cng,1600,123,Sedan,FWD,5,korean,city
Daihatsu,Grand Terios,Terios,1982,Manual,diesel,1500,105,SUV,4WD,7,japanese,suv
Proton,Gen-2,Gen-2,2013,Manual,petrol,1600,110,Hatchback,FWD,5,other,family
Mitsubishi,Colt,Colt,1991,Manual,petrol,1300,95,Hatchback,FWD,5,japanese,city
Daewoo,Nubira,Nubira,2009,Manual,cng,1600,100,Sedan,FWD,5,korean,family
Honda,City,City,2008,Manual,diesel,1500,119,Sedan,FWD,5,japanese,family
Volkswagen,Golf,Golf,1999,Manual,petrol,1400,150,Hatchback,FWD,5,european,family
Peugeot,407,407,2008,Manual,diesel,1400,95,Sedan,FWD,5,european,family
Peugeot,308 SW,308 SW,1988,Manual,petrol,1400,95,Sedan,FWD,5,european,family
Toyota,Corolla,Corolla,2005,Manual,petrol,1600,122,Sedan,FWD,5,japanese,family
Suzuki,Alto,Alto,2013,Manual,petrol,1000,67,Hatchback,FWD,5,japanese,city
Chery,A5,A5,2007,Manual,cng,1600,109,Sedan,FWD,5,chinese,family
Kia,Carnival MPV,Carnival,2005,Manual,petrol,2200,202,MPV,FWD,8,korean,mpv
Mitsubishi,Attrage,Attrage,2014,Manual,petrol,1200,78,Sedan,FWD,5,japanese,city
Fiat,Shahin,Shahin,2003,Manual,petrol,1400,80,Hatchback,FWD,5,european,city
Renault,Sandero Stepway,Sandero,1983,Manual,petrol,1600,115,Hatchback,FWD,5,european,crossover
Peugeot,406,406,2000,Manual,petrol,1400,95,Sedan,FWD,5,european,family
Seat,Toledo,Toledo,1996,Manual,petrol,1600,105,Sedan,FWD,5,european,family
Opel,Astra,Astra,2003,Manual,petrol,1400,150,Hatchback,FWD,5,european,family
Toyota,Corolla Cross,Corolla Cross,1994,Manual,petrol,1600,120,Sedan,FWD,5,japanese,family
Opel,Vectra,Vectra,2008,Manual,petrol,1800,122,Sedan,FWD,5,european,executive
Lada,Samara,Samara,1990,Manual,petrol,1500,70,Hatchback,FWD,5,other,city
Chevrolet,Avalanche,Avalanche,2010,Manual,diesel,5300,320,Pickup,4WD,6,american,truck
Fiat,Punto,Punto,2016,Manual,petrol,1200,69,Hatchback,FWD,5,european,city
Peugeot,307,307,2007,Manual,hybrid,1400,95,Sedan,FWD,5,european,family
Renault,Sandero Stepway,Sandero,1990,Manual,petrol,1600,115,Hatchback,FWD,5,european,crossover
Renault,Sandero Stepway,Sandero,1995,Manual,petrol,1600,115,Hatchback,FWD,5,european,crossover
Mazda,323,323,1993,Manual,petrol,1600,98,Sedan,FWD,5,japanese,family
Mazda,323,323,1992,Manual,petrol,1600,98,Sedan,FWD,5,japanese,family
Honda,Civic,Civic,1998,Manual,petrol,1500,182,Sedan,FWD,5,japanese,family
Opel,Astra,Astra,1999,Manual,petrol,1400,150,Hatchback,FWD,5,european,family
Volkswagen,Beetle,Beetle,1981,Manual,petrol,1400,150,Coupe,FWD,4,european,sport
Skoda,Fabia,Fabia,2004,Manual,petrol,1000,95,Hatchback,FWD,5,european,city
Geely,Emgrand,Emgrand,2008,Manual,petrol,1500,107,Sedan,FWD,5,chinese,family
Changan,Benni,Benni,2008,Manual,cng,1301,86,Hatchback,FWD,5,chinese,city
Proton,Saga,Saga,2010,Manual,diesel,1300,95,Sedan,FWD,5,other,city
Citroën,Grand C4 Spacetourer,Grand C4 Spacetourer,2006,Manual,petrol,1200,130,MPV,FWD,7,european,mpv
Lada,2110,2110,2006,Manual,petrol,1600,79,Sedan,FWD,5,other,family
Fiat,Punto,Punto,2001,Manual,diesel,1200,69,Hatchback,FWD,5,european,city
Nissan,Sunny,Sunny,2006,Manual,petrol,1600,110,Sedan,FWD,5,japanese,family
Fiat,Grand Punto,Grand Punto,2017,Manual,petrol,1400,77,Hatchback,FWD,5,european,city
Volkswagen,Jetta,Jetta,1987,Manual,petrol,1400,80,Hatchback,FWD,5,european,city
Kia,Carnival,Carnival,2003,Manual,petrol,2200,202,MPV,FWD,8,korean,mpv
Fiat,Grand Punto,Grand Punto,2003,Manual,diesel,1400,77,Hatchback,FWD,5,european,city
Brilliance,FRV,FRV,2009,Manual,petrol,1600,116,Hatchback,FWD,5,chinese,family
Peugeot,405,405,2010,Manual,petrol,1600,90,Sedan,FWD,5,european,family
Geely,Emgrand,Emgrand,2014,Manual,cng,1500,107,Sedan,FWD,5,chinese,family
Seat,Toledo,Toledo,2001,Manual,petrol,1600,105,Sedan,FWD,5,european,family
Renault,Clio,Clio,1997,Manual,petrol,1000,90,Hatchback,FWD,5,european,city
Suzuki,Van,Van,2008,Manual,petrol,1200,83,Hatchback,FWD,5,japanese,city
Volkswagen,Pointer,Pointer,2005,Manual,diesel,1400,130,Sedan,FWD,5,european,family
BAIC,EU5 Plus,EU5 Plus,2003,Automatic,electric,0,163,Sedan,FWD,5,chinese,family
Peugeot,307,307,2007,Manual,diesel,1400,95,Sedan,FWD,5,european,family
Suzuki,Alto,Alto,2018,Manual,petrol,1000,67,Hatchback,FWD,5,japanese,city
Peugeot,206,206,2008,Manual,petrol,1400,75,Hatchback,FWD,5,european,city
Skoda,Fabia,Fabia,2009,Manual,petrol,1000,95,Hatchback,FWD,5,european,city
Lada,Samara,Samara,1983,Manual,petrol,1500,70,Hatchback,FWD,5,other,city
Suzuki,Baleno,Baleno,2000,Manual,diesel,1200,90,Hatchback,FWD,5,japanese,city
Geely,Pandino,Pandino,2010,Manual,petrol,1500,110,Sedan,FWD,5,chinese,family
Fiat,Grand Punto,Grand Punto,1980,Manual,petrol,1400,77,Hatchback,FWD,5,european,city
Peugeot,307,307,2007,Manual,petrol,1400,95,Sedan,FWD,5,european,family
Speranza,A113,A113,2013,Manual,petrol,1300,65,Hatchback,FWD,5,chinese,city
Chevrolet,Avalanche,Avalanche,2001,Manual,diesel,5300,320,Pickup,4WD,6,american,truck
Chevrolet,N300,N300,2013,Manual,petrol,1600,110,Sedan,FWD,5,american,family
Volkswagen,Golf,Golf,1984,Manual,petrol,1400,150,Hatchback,FWD,5,european,family
Brilliance,FRV,FRV,2015,Manual,petrol,1600,116,Hatchback,FWD,5,chinese,family
Nissan,Bluebird,Bluebird,1982,Manual,petrol,1600,103,Sedan,FWD,5,japanese,family
Nissan,Bluebird,Bluebird,2000,Manual,diesel,1600,103,Sedan,FWD,5,japanese,family
Volkswagen,Polo,Polo,1995,Manual,petrol,1000,95,Hatchback,FWD,5,european,city
Chevrolet,Aveo,Aveo,2016,Manual,petrol,1400,100,Sedan,FWD,5,american,city
Daewoo,Lanos,Lanos,2014,Manual,cng,1500,86,Sedan,FWD,5,korean,city
Toyota,Yaris,Yaris,2006,Manual,petrol,1500,107,Hatchback,FWD,5,japanese,city
Fiat,Punto,Punto,2007,Manual,petrol,1200,69,Hatchback,FWD,5,european,city
Chevrolet,Optra,Optra,2010,Manual,petrol,1600,109,Sedan,FWD,5,american,family
Renault,Sandero,Sandero,2015,Manual,petrol,1600,84,Hatchback,FWD,5,european,city
Honda,Fit,Fit,2007,Manual,petrol,1300,83,Hatchback,FWD,5,japanese,city
Fiat,Grand Punto,Grand Punto,2024,Manual,petrol,1400,77,Hatchback,FWD,5,european,city
Opel,Vectra,Vectra,2000,Manual,petrol,1800,122,Sedan,FWD,5,european,executive
Renault,Logan,Logan,2015,Manual,diesel,1600,84,Sedan,FWD,5,european,family
Hyundai,Tucson,Tucson,1993,Manual,petrol,1600,177,SUV,FWD,5,korean,suv
Honda,Fit,Fit,2008,Manual,petrol,1300,83,Hatchback,FWD,5,japanese,city
Suzuki,Swift,Swift,1991,Manual,petrol,1200,83,Hatchback,FWD,5,japanese,city
Honda,Civic,Civic,2017,Manual,petrol,1500,182,Sedan,FWD,5,japanese,family
Proton,Waja,Waja,2006,Manual,petrol,1600,110,Sedan,FWD,5,other,family
Volkswagen,Caddy,Caddy,2000,Manual,petrol,2000,122,Van,FWD,5,european,van
Renault,Sandero,Sandero,2012,Manual,petrol,1600,84,Hatchback,FWD,5,european,city
Daewoo,Nubira,Nubira,2007,Manual,cng,1600,100,Sedan,FWD,5,korean,family
Changhe,Super Panda,Super Panda,2012,Manual,petrol,1000,65,Hatchback,FWD,5,chinese,city
Fiat,128,128,1990,Manual,petrol,1100,55,Hatchback,FWD,5,european,city
Fiat,Shahin,Shahin,2001,Manual,petrol,1400,80,Hatchback,FWD,5,european,city
Volkswagen,Golf,Golf,1985,Manual,petrol,1400,150,Hatchback,FWD,5,european,family
Chevrolet,Avalanche,Avalanche,2019,Manual,diesel,5300,320,Pickup,4WD,6,american,truck
Seat,Ibiza,Ibiza,2000,Manual,petrol,1000,95,Hatchback,FWD,5,european,city
Skoda,Felicia,Felicia,1998,Manual,petrol,1300,68,Hatchback,FWD,5,european,city
Opel,Vectra,Vectra,2007,Manual,petrol,1800,122,Sedan,FWD,5,european,executive
Chevrolet,Optra,Optra,2008,Manual,cng,1600,109,Sedan,FWD,5,american,family
Mazda,323,323,1997,Manual,petrol,1600,98,Sedan,FWD,5,japanese,family
Peugeot,308 SW,308 SW,1979,Manual,petrol,1400,95,Sedan,FWD,5,european,family
Mitsubishi,Lancer,Lancer,1997,Manual,petrol,1600,113,Sedan,FWD,5,japanese,family
Fiat,Grand Punto,Grand Punto,1986,Manual,petrol,1400,77,Hatchback,FWD,5,european,city
Suzuki,Grand Vitara,Grand Vitara,2002,Manual,petrol,2400,163,SUV,4WD,5,japanese,suv
Honda,Accord,Accord,2004,Manual,petrol,1500,192,Sedan,FWD,5,japanese,executive
Volkswagen,Transporter,Transporter,2006,Manual,cng,1400,130,Van,FWD,8,european,van
Brilliance,FRV Cross,FRV Cross,2008,Manual,petrol,1800,136,Crossover,FWD,5,chinese,crossover
Senova,A1,A1,2015,Manual,petrol,1000,67,Hatchback,FWD,5,chinese,city
Subaru,Impreza,Impreza,2005,Manual,petrol,1498,107,Sedan,AWD,5,japanese,family
Toyota,Corolla,Corolla,1997,Manual,petrol,1600,122,Sedan,FWD,5,japanese,family
Mitsubishi,Mirage,Mirage,1997,Manual,petrol,1600,113,Hatchback,FWD,5,japanese,city
BMW,X3,X3,2015,Manual,petrol,2000,184,SUV,AWD,5,european,luxury_suv
Volkswagen,Transporter,Transporter,2011,Manual,diesel,1400,130,Van,FWD,8,european,van
Fiat,Regata,Regata,1986,Manual,petrol,1600,90,Sedan,FWD,5,european,family
Lada,2107,2107,2003,Manual,cng,1600,75,Sedan,RWD,5,other,family
Skoda,Fabia,Fabia,2003,Manual,petrol,1000,95,Hatchback,FWD,5,european,city
Proton,Gen-2,Gen-2,2010,Manual,petrol,1600,110,Hatchback,FWD,5,other,family
Hyundai,Tucson,Tucson,1997,Manual,diesel,1600,177,SUV,FWD,5,korean,suv
Lada,Samara,Samara,1991,Manual,petrol,1500,70,Hatchback,FWD,5,other,city
BYD,F3,F3,2016,Manual,cng,1500,109,Sedan,FWD,5,chinese,family
Fiat,Grand Punto,Grand Punto,2020,Manual,petrol,1400,77,Hatchback,FWD,5,european,city
Toyota,Corolla Cross,Corolla Cross,1992,Manual,petrol,1600,120,Sedan,FWD,5,japanese,family
Geely,Emgrand,Emgrand,2018,Manual,cng,1500,107,Sedan,FWD,5,chinese,family
Kia,Picanto,Picanto,2009,Manual,petrol,1000,67,Hatchback,FWD,5,korean,city
Hyundai,Excel,Excel,1996,Manual,petrol,1600,120,Sedan,FWD,5,korean,family
Renault,Sandero Stepway,Sandero,1984,Manual,diesel,1600,115,Hatchback,FWD,5,european,crossover
BMW,3 Series,3 Series,1986,Manual,petrol,2000,184,Sedan,RWD,5,european,executive
Daewoo,Lanos,Lanos,1994,Manual,petrol,1500,86,Sedan,FWD,5,korean,city
Fiat,Grand Punto,Grand Punto,1982,Manual,petrol,1400,77,Hatchback,FWD,5,european,city
Suzuki,Grand Vitara,Grand Vitara,2021,Manual,petrol,2400,163,SUV,4WD,5,japanese,suv
Speranza,A516,A516,2007,Manual,cng,1600,109,Sedan,FWD,5,chinese,family
Ford,Bronco Raptor,Bronco Raptor,1988,Manual,petrol,3000,418,SUV,4WD,5,american,suv
Fiat,131,131,1975,Manual,petrol,1300,65,Sedan,RWD,5,european,family
Chery,Arrizo 5 Pro,Arrizo 5,2023,Manual,petrol,1500,147,Sedan,FWD,5,chinese,family
Volkswagen,Passat,Passat,1997,Manual,petrol,1800,150,Sedan,FWD,5,european,executive
Hyundai,Verna,Verna,2005,Manual,petrol,1600,123,Sedan,FWD,5,korean,city
Brilliance,FRV,FRV,2009,Manual,cng,1600,116,Hatchback,FWD,5,chinese,family
Volkswagen,Jetta,Jetta,1985,Manual,cng,1400,80,Hatchback,FWD,5,european,city
Skoda,Octavia,Octavia,1998,Manual,diesel,1500,150,Sedan,FWD,5,european,family
Fiat,Petra,Petra,2004,Manual,petrol,1400,80,Hatchback,FWD,5,european,city
Kia,Pride,Pride,1989,Manual,petrol,1600,120,Sedan,FWD,5,korean,family
Lada,Samara,Samara,2005,Manual,petrol,1500,70,Hatchback,FWD,5,other,city
BYD,F3,F3,2010,Manual,cng,1500,109,Sedan,FWD,5,chinese,family
Speranza,A113,A113,2007,Manual,petrol,1300,65,Hatchback,FWD,5,chinese,city
Seat,Tarraco,Tarraco,1990,Manual,petrol,1500,150,SUV,FWD,7,european,suv
Chery,QQ,QQ,2009,Manual,petrol,800,52,Hatchback,FWD,5,chinese,city
Kia,Spectra,Spectra,2005,Manual,petrol,1600,120,Sedan,FWD,5,korean,family
Nissan,Sunny,Sunny,1995,Manual,petrol,1600,110,Sedan,FWD,5,japanese,family
Fiat,Shahin,Shahin,1998,Manual,petrol,1400,80,Hatchback,FWD,5,european,city
Volkswagen,Polo,Polo,1987,Manual,petrol,1400,80,Hatchback,FWD,5,european,city
Lada,2110,2110,2001,Manual,petrol,1600,79,Sedan,FWD,5,other,family
Peugeot,307,307,2003,Manual,petrol,1400,95,Sedan,FWD,5,european,family
Fiat,Grand Punto,Grand Punto,2009,Manual,diesel,1400,77,Hatchback,FWD,5,european,city
Toyota,Corolla Cross,Corolla Cross,2006,Manual,petrol,1600,120,Sedan,FWD,5,japanese,family
Lada,Samara,Samara,1982,Manual,diesel,1500,70,Hatchback,FWD,5,other,city
Chevrolet,Spark,Spark,2006,Manual,petrol,1000,68,Hatchback,FWD,4,american,city
Fiat,Grand Punto,Grand Punto,1979,Manual,petrol,1400,77,Hatchback,FWD,5,european,city
Daewoo,Lanos,Lanos,1999,Manual,diesel,1500,86,Sedan,FWD,5,korean,city
Toyota,Avanza,Avanza,2009,Manual,petrol,1500,103,MPV,FWD,7,japanese,mpv
Volkswagen,Golf,Golf,1983,Manual,petrol,1400,150,Hatchback,FWD,5,european,family
Lada,Granta,Granta,2019,Manual,cng,1600,87,Sedan,FWD,5,other,city
Toyota,Corolla Cross,Corolla Cross,2001,Manual,petrol,1600,120,Sedan,FWD,5,japanese,family
Geely,Emgrand X7,Emgrand X7,2011,Manual,cng,2400,137,SUV,FWD,7,chinese,suv
Speranza,M11,M11,2010,Manual,cng,1100,73,Hatchback,FWD,5,chinese,city
Peugeot,206,206,2003,Manual,petrol,1400,75,Hatchback,FWD,5,european,city
Hyundai,Matrix,Matrix,2002,Manual,cng,1600,120,MPV,FWD,5,korean,mpv
Hyundai,Verna,Verna,2011,Manual,cng,1600,123,Sedan,FWD,5,korean,city
Volkswagen,Golf,Golf,1979,Manual,petrol,1400,150,Hatchback,FWD,5,european,family
Peugeot,504,504,1975,Manual,petrol,1400,95,Sedan,FWD,5,european,family
Suzuki,Van,Van,2009,Manual,petrol,1200,83,Hatchback,FWD,5,japanese,city
Chevrolet,Optra,Optra,2006,Manual,cng,1600,109,Sedan,FWD,5,american,family
Kia,Picanto,Picanto,2011,Manual,petrol,1000,67,Hatchback,FWD,5,korean,city
Lada,2105,2105,1990,Manual,petrol,1300,64,Sedan,RWD,5,other,family
Chevrolet,Pickup,Pickup,2021,Manual,diesel,1600,110,Sedan,FWD,5,american,family
Chevrolet,Lanos,Lanos,2018,Manual,cng,1500,86,Sedan,FWD,5,american,city
Changan,Benni,Benni,2013,Manual,petrol,1500,136,Hatchback,FWD,4,european,city
Toyota,Corolla,Corolla,2009,Manual,petrol,1600,122,Sedan,FWD,5,japanese,family
Renault,Clio,Clio,1995,Manual,petrol,1000,90,Hatchback,FWD,5,european,city
Volvo,XC40,XC40,1988,Manual,petrol,1500,163,Crossover,FWD,5,european,luxury_suv
Skoda,Octavia,Octavia,2002,Manual,petrol,1500,150,Sedan,FWD,5,european,family
Fiat,Shahin,Shahin,2013,Manual,petrol,1400,80,Hatchback,FWD,5,european,city
Peugeot,405,405,1998,Manual,diesel,1600,90,Sedan,FWD,5,european,family
Speranza,A516,A516,2006,Manual,petrol,1600,109,Sedan,FWD,5,chinese,family
Geely,Emgrand X7,Emgrand X7,2013,Manual,petrol,2400,137,SUV,FWD,7,chinese,suv
Zotye,Xplosion,Xplosion,2007,Manual,petrol,1800,150,SUV,FWD,5,chinese,suv
Honda,Accord,Accord,2008,Manual,petrol,1500,192,Sedan,FWD,5,japanese,executive
Toyota,Yaris,Yaris,2008,Manual,petrol,1500,107,Hatchback,FWD,5,japanese,city
Nissan,Sunny,Sunny,1982,Manual,petrol,1600,110,Sedan,FWD,5,japanese,family
Daewoo,Lanos,Lanos,2009,Manual,petrol,1500,86,Sedan,FWD,5,korean,city
Proton,Saga,Saga,2010,Manual,petrol,1300,95,Sedan,FWD,5,other,city
Fiat,Shahin,Shahin,1995,Manual,diesel,1400,80,Hatchback,FWD,5,european,city
Daewoo,Lanos,Lanos,2001,Manual,cng,1500,86,Sedan,FWD,5,korean,city
Fiat,Shahin,Shahin,2009,Manual,petrol,1400,80,Hatchback,FWD,5,european,city
Kia,Carnival MPV,Carnival,2008,Manual,petrol,2200,202,MPV,FWD,8,korean,mpv
Peugeot,405,405,1976,Manual,petrol,1600,90,Sedan,FWD,5,european,family
Speranza,Tiggo,Tiggo,2012,Manual,cng,1300,70,Hatchback,FWD,5,chinese,city
Renault,Logan,Logan,2010,Manual,cng,1600,84,Sedan,FWD,5,european,family
Peugeot,505,505,1983,Manual,petrol,1400,95,Sedan,FWD,5,european,family
Geely,X7,X7,2014,Manual,petrol,2400,137,SUV,FWD,7,chinese,suv
Audi,A4,A4,2021,Manual,petrol,2000,190,Sedan,AWD,5,european,executive
Opel,Grandland,Grandland,1994,Manual,petrol,1200,130,SUV,FWD,5,european,suv
Peugeot,505,505,1987,Manual,petrol,1400,95,Sedan,FWD,5,european,family
Mercedes,E200,E-Class,1985,Manual,petrol,2000,184,Sedan,RWD,5,european,executive
Daewoo,Nubira,Nubira,2000,Manual,diesel,1600,100,Sedan,FWD,5,korean,family
Kia,Picanto,Picanto,2012,Manual,petrol,1000,67,Hatchback,FWD,5,korean,city
Kia,Spectra,Spectra,2001,Manual,petrol,1600,120,Sedan,FWD,5,korean,family
Hyundai,Verna,Verna,2017,Manual,hybrid,1600,123,Sedan,FWD,5,korean,city
Volkswagen,Golf,Golf,1989,Manual,petrol,1400,150,Hatchback,FWD,5,european,family
Daewoo,Nubira,Nubira,2004,Manual,diesel,1600,100,Sedan,FWD,5,korean,family
Volkswagen,Passat,Passat,1999,Manual,petrol,1800,150,Sedan,FWD,5,european,executive
Chevrolet,Lanos,Lanos,2009,Manual,diesel,1500,86,Sedan,FWD,5,american,city
Lada,2107,2107,2014,Manual,petrol,1600,75,Sedan,RWD,5,other,family
Fiat,Tipo,Tipo,1989,Manual,petrol,1600,110,Sedan,FWD,5,european,family
Opel,Vectra,Vectra,1998,Manual,petrol,1800,122,Sedan,FWD,5,european,executive
Fiat,Grand Punto,Grand Punto,1988,Manual,petrol,1400,77,Hatchback,FWD,5,european,city
Chery,Envy,Envy,2017,Manual,petrol,1500,113,Sedan,FWD,5,chinese,family
Nissan,Bluebird,Bluebird,1984,Manual,diesel,1600,103,Sedan,FWD,5,japanese,family
Hyundai,Coupe,Coupe,1993,Manual,petrol,1600,120,Sedan,FWD,5,korean,family
Renault,Sandero,Sandero,2014,Manual,petrol,1600,84,Hatchback,FWD,5,european,city
BMW,520i,5 Series,1982,Manual,petrol,2000,184,Sedan,RWD,5,european,executive
Daihatsu,Grand Terios,Terios,1991,Manual,petrol,1500,105,SUV,4WD,7,japanese,suv
Fiat,Uno,Uno,1993,Manual,petrol,1400,80,Hatchback,FWD,5,european,city
Toyota,Corolla Cross,Corolla Cross,1997,Manual,petrol,1600,120,Sedan,FWD,5,japanese,family
Hyundai,Verna,Verna,2019,Manual,cng,1600,123,Sedan,FWD,5,korean,city
Chery,Tiggo,Tiggo,2011,Manual,petrol,1600,106,SUV,FWD,5,chinese,suv
Ford,Bronco Raptor,Bronco Raptor,2002,Manual,petrol,3000,418,SUV,4WD,5,american,suv
Changhe,Super Panda,Super Panda,2013,Manual,petrol,1000,65,Hatchback,FWD,5,chinese,city
Hyundai,Verna,Verna,2014,Manual,cng,1600,123,Sedan,FWD,5,korean,city
Fiat,Grand Punto,Grand Punto,1998,Manual,cng,1400,77,Hatchback,FWD,5,european,city
Honda,Accord,Accord,1980,Manual,petrol,1500,192,Sedan,FWD,5,japanese,executive
Lada,Granta,Granta,2016,Manual,diesel,1600,87,Sedan,FWD,5,other,city
Changan,Benni Mini,Benni Mini,2022,Manual,petrol,1000,68,Hatchback,FWD,4,chinese,city
Chevrolet,Aveo,Aveo,2011,Manual,diesel,1400,100,Sedan,FWD,5,american,city
Peugeot,405,405,2000,Manual,petrol,1600,90,Sedan,FWD,5,european,family
Renault,Megane,Megane,2003,Manual,petrol,1500,115,Hatchback,FWD,5,european,family
Renault,Clio,Clio,2000,Manual,petrol,1000,90,Hatchback,FWD,5,european,city
Chevrolet,N300,N300,2014,Manual,petrol,1600,110,Sedan,FWD,5,american,family
Peugeot,505,505,1980,Manual,cng,1400,95,Sedan,FWD,5,european,family
Mercedes,200,200,1977,Manual,petrol,2000,136,Sedan,RWD,5,european,executive
Mitsubishi,Lancer EX Shark,Lancer,2003,Manual,diesel,1600,113,Sedan,FWD,5,japanese,family
Geely,Emgrand X7,Emgrand X7,2006,Manual,petrol,2400,137,SUV,FWD,7,chinese,suv
Renault,Sandero Stepway,Sandero,1999,Manual,petrol,1600,115,Hatchback,FWD,5,european,crossover
Suzuki,Grand Vitara,Grand Vitara,2024,Manual,petrol,2400,163,SUV,4WD,5,japanese,suv
BYD,F3,F3,2025,Manual,diesel,1500,109,Sedan,FWD,5,chinese,family
Kia,Picanto,Picanto,2010,Manual,petrol,1000,67,Hatchback,FWD,5,korean,city
Chevrolet,Lanos,Lanos,2010,Manual,diesel,1500,86,Sedan,FWD,5,american,city
BMW,316,3 Series,1992,Manual,petrol,1600,116,Sedan,RWD,5,european,executive
Fiat,127,127,1984,Manual,diesel,900,47,Hatchback,FWD,4,european,city
Fiat,Punto,Punto,1998,Manual,petrol,1200,69,Hatchback,FWD,5,european,city
Suzuki,S-Presso,S-Presso,2021,Manual,petrol,1200,83,Hatchback,FWD,5,japanese,city
Volkswagen,Golf,Golf,2006,Manual,petrol,1400,150,Hatchback,FWD,5,european,family
Chevrolet,Aveo,Aveo,2008,Manual,cng,1400,100,Sedan,FWD,5,american,city
BMW,316,3 Series,2006,Manual,petrol,1600,116,Sedan,RWD,5,european,executive
Mercedes,200,200,1984,Manual,petrol,2000,136,Sedan,RWD,5,european,executive
Renault,Logan,Logan,2018,Manual,petrol,1600,84,Sedan,FWD,5,european,family
Honda,Civic,Civic,1993,Manual,petrol,1500,182,Sedan,FWD,5,japanese,family
Chevrolet,Pickup,Pickup,2022,Manual,diesel,1600,110,Sedan,FWD,5,american,family
Speranza,A113,A113,2014,Manual,petrol,1300,65,Hatchback,FWD,5,chinese,city
Mini,Paceman,Paceman,2016,Manual,petrol,1500,136,Hatchback,FWD,4,european,city
Chery,Tiggo,Tiggo,2013,Manual,petrol,1600,106,SUV,FWD,5,chinese,suv
Suzuki,Van,Van,2013,Manual,petrol,1200,83,Hatchback,FWD,5,japanese,city
Great Wall,Peri,Peri,2008,Manual,petrol,1300,90,Hatchback,FWD,5,chinese,city
Toyota,Corolla,Corolla,1994,Manual,petrol,1600,122,Sedan,FWD,5,japanese,family
Lada,Samara,Samara,2007,Manual,petrol,1500,70,Hatchback,FWD,5,other,city
Fiat,131,131,1984,Manual,petrol,1300,65,Sedan,RWD,5,european,family
Lada,Granta,Granta,2020,Manual,diesel,1600,87,Sedan,FWD,5,other,city
Volkswagen,Pointer,Pointer,2004,Manual,diesel,1400,130,Sedan,FWD,5,european,family
Toyota,Corolla,Corolla,2002,Manual,petrol,1600,122,Sedan,FWD,5,japanese,family
BAIC,EU5 Plus,EU5 Plus,2006,Automatic,electric,0,163,Sedan,FWD,5,chinese,family
BMW,518,518,1992,Manual,petrol,2000,170,Sedan,RWD,5,european,executive
Fiat,127,127,1985,Manual,diesel,900,47,Hatchback,FWD,4,european,city
Kia,Picanto,Picanto,2004,Manual,petrol,1000,67,Hatchback,FWD,5,korean,city
Fiat,1300,1300,1993,Manual,petrol,1300,65,Sedan,RWD,5,european,family
DFSK,EAGLE 580,EAGLE 580,2010,Manual,petrol,1500,150,SUV,FWD,7,chinese,suv
Nissan,Bluebird,Bluebird,2021,Manual,petrol,1600,103,Sedan,FWD,5,japanese,family
Renault,Sandero Stepway,Sandero,1979,Manual,petrol,1600,115,Hatchback,FWD,5,european,crossover
Geely,Pandino,Pandino,2012,Automatic,petrol,1500,110,Sedan,FWD,5,chinese,family
Mercedes,C180,C-Class,2026,Automatic,petrol,1600,156,Sedan,RWD,5,european,executive
Proton,Saga,Saga,2026,Automatic,petrol,1300,95,Sedan,FWD,5,other,city
Mercedes,C200,C-Class,2026,Automatic,petrol,1500,184,Sedan,RWD,5,european,executive
Mercedes,Viano,Viano,2025,Automatic,petrol,1600,156,Van,RWD,8,european,van
BAIC,BJ30,BJ30,2026,Automatic,hybrid,2000,170,SUV,AWD,5,chinese,suv
Jetour,T2,T2,2026,Automatic,petrol,2000,254,SUV,AWD,7,chinese,suv
Volkswagen,Golf 6,Golf,2004,Automatic,petrol,1400,122,Hatchback,FWD,5,european,family
MG,ZS,ZS,2021,Automatic,cng,1500,106,SUV,FWD,5,chinese,suv
Opel,Crossland,Crossland,2021,Automatic,cng,1200,110,Crossover,FWD,5,european,crossover
Chery,Arrizo 5,Arrizo 5,2021,Automatic,petrol,1500,115,Sedan,FWD,5,chinese,family
Chevrolet,Cruze,Cruze,2011,Automatic,diesel,1600,124,Sedan,FWD,5,american,family
Toyota,Land Cruiser,Land Cruiser,2025,Automatic,petrol,4000,271,SUV,4WD,8,japanese,luxury_suv
Suzuki,S-Presso,S-Presso,2026,Automatic,petrol,1200,83,Hatchback,FWD,5,japanese,city
MG,One,One,2026,Automatic,petrol,1500,181,SUV,FWD,5,chinese,suv
Mercedes,B180,B-Class,2014,Automatic,petrol,1600,122,MPV,FWD,5,european,executive
Opel,Crossland,Crossland,2025,Automatic,petrol,1200,110,Crossover,FWD,5,european,crossover
Mercedes,A200,A-Class,2023,Automatic,petrol,1400,163,Hatchback,FWD,5,european,executive
Changan,CS55 Plus,CS55 Plus,2026,Automatic,petrol,1500,156,SUV,FWD,5,chinese,suv
Jeep,Grand Cherokee,Grand Cherokee,2011,Automatic,petrol,3600,293,SUV,4WD,5,american,luxury_suv
DFSK,EAGLE 580,EAGLE 580,2019,Automatic,petrol,1500,150,SUV,FWD,7,chinese,suv
Skoda,Octavia A4,Octavia,2000,Automatic,cng,1500,150,Sedan,FWD,5,european,family
Kia,Cerato,Cerato,2022,Automatic,cng,1600,123,Sedan,FWD,5,korean,family
MG,ZS,ZS,2025,Automatic,petrol,1500,106,SUV,FWD,5,chinese,suv
Chevrolet,Aveo,Aveo,2020,Automatic,diesel,1400,100,Sedan,FWD,5,american,city
Cupra,Terramar,Terramar,2026,Automatic,petrol,1500,204,SUV,AWD,5,european,suv
Opel,Vectra,Vectra,2007,Manual,diesel,1800,122,Sedan,FWD,5,european,executive
Jeep,Renegade,Renegade,2020,Automatic,petrol,1400,150,Crossover,FWD,5,american,crossover
Soueast,S05,S05,2026,Automatic,petrol,1500,113,SUV,FWD,5,chinese,suv
Seat,Arona,Arona,2026,Automatic,petrol,1000,95,Crossover,FWD,5,european,crossover
Renault,Taliant,Taliant,2026,Automatic,petrol,1600,100,Sedan,FWD,5,european,family
Nissan,Sunny,Sunny,2013,Manual,diesel,1600,110,Sedan,FWD,5,japanese,family
BMW,IX3,IX3,2025,Automatic,electric,0,286,SUV,RWD,5,european,luxury_suv
Volvo,XC60,XC60,2021,Automatic,petrol,2000,250,SUV,AWD,5,european,luxury_suv
BMW,520i,5 Series,2025,Automatic,diesel,2000,184,Sedan,RWD,5,european,executive
BYD,Sealion 6,Sealion 6,2025,Automatic,electric,0,200,Sedan,FWD,5,chinese,family
Mitsubishi,Lancer Crystala,Lancer,1997,Automatic,diesel,1600,113,Sedan,FWD,5,japanese,family
Chery,Tiggo 4 Pro,Tiggo 4,2025,Automatic,diesel,1500,147,SUV,FWD,5,chinese,suv
Nissan,Qashqai,Qashqai,2026,Automatic,petrol,1500,163,SUV,FWD,5,japanese,suv
Renault,Megane,Megane,2026,Automatic,petrol,1500,115,Hatchback,FWD,5,european,family
Jetour,X70S,X70S,2026,Automatic,petrol,1500,156,SUV,FWD,5,chinese,suv
Jetour,T1,T1,2026,Automatic,petrol,1500,156,Crossover,FWD,5,chinese,crossover
Jetour,X90,X90,2026,Automatic,petrol,2000,230,SUV,AWD,7,chinese,suv
Skoda,Octavia A7,Octavia,2020,Automatic,petrol,1500,150,Sedan,FWD,5,european,family
Chevrolet,Optra,Optra,2026,Automatic,petrol,1600,109,Sedan,FWD,5,american,family
Chery,Arrizo 5,Arrizo 5,2020,Manual,petrol,1500,115,Sedan,FWD,5,chinese,family
Renault,Fluence,Fluence,2013,Automatic,petrol,1600,100,Sedan,FWD,5,european,family
Mitsubishi,Lancer EX Shark,Lancer,2015,Automatic,petrol,1600,113,Sedan,FWD,5,japanese,family
Renault,Logan,Logan,2018,Automatic,diesel,1600,84,Sedan,FWD,5,european,family
Kia,Cerato,Cerato,2014,Automatic,diesel,1600,123,Sedan,FWD,5,korean,family
Volkswagen,Tiguan,Tiguan,2026,Automatic,petrol,1400,150,SUV,FWD,5,european,suv
Jetour,X70,X70,2021,Automatic,petrol,1500,156,SUV,FWD,7,chinese,suv
Hyundai,Santa Fe,Santa Fe,2025,Automatic,hybrid,2000,186,SUV,AWD,7,korean,suv
Land Rover,Range Rover Vogue,Range Rover,2026,Automatic,petrol,3000,400,SUV,4WD,5,european,luxury_suv
Opel,Insignia,Insignia,2014,Automatic,diesel,1500,165,Sedan,FWD,5,european,executive
Kia,K4,K4,2026,Automatic,petrol,1600,120,Sedan,FWD,5,korean,family
Porsche,Cayenne S,Cayenne,2014,Automatic,petrol,4000,440,SUV,AWD,5,european,luxury_suv
Kia,Carens,Carens,2024,Automatic,petrol,1600,130,MPV,FWD,7,korean,mpv
Hyundai,I10,I10,2014,Automatic,cng,1000,67,Hatchback,FWD,5,korean,city
Nissan,Sunny,Sunny,2018,Automatic,diesel,1600,110,Sedan,FWD,5,japanese,family
Hyundai,Avante,Avante,2004,Automatic,petrol,1600,120,Sedan,FWD,5,korean,family
Mitsubishi,Eclipse Cross,Eclipse Cross,2018,Automatic,petrol,1500,163,SUV,AWD,5,japanese,suv
Volkswagen,Jetta,Jetta,2011,Automatic,diesel,1400,150,Sedan,FWD,5,european,family
MG,5,5,2023,Automatic,petrol,1500,169,Sedan,FWD,5,chinese,family
MG,HS,HS,2026,Automatic,hybrid,1500,162,SUV,FWD,5,chinese,suv
Peugeot,508,508,2023,Automatic,petrol,1600,165,Sedan,FWD,5,european,executive
Land Rover,Range Rover Evoque,Range Rover,2026,Automatic,petrol,1500,249,Crossover,AWD,5,european,luxury_suv
Soueast,S09,S09,2026,Automatic,petrol,2000,197,SUV,AWD,7,chinese,suv
Chery,Tiggo 7 Pro,Tiggo 7,2022,Automatic,petrol,1500,156,SUV,FWD,5,chinese,suv
Mitsubishi,Lancer EX Shark,Lancer,2016,Automatic,diesel,1600,113,Sedan,FWD,5,japanese,family
Opel,Grandland,Grandland,2019,Automatic,petrol,1200,130,SUV,FWD,5,european,suv
Mitsubishi,Lancer Crystala,Lancer,2000,Automatic,petrol,1600,113,Sedan,FWD,5,japanese,family
Mitsubishi,Lancer Puma,Lancer,2008,Automatic,petrol,1600,113,Sedan,FWD,5,japanese,family
Ford,Kuga,Kuga,2018,Automatic,diesel,1600,125,Sedan,FWD,5,american,family
Chevrolet,Lanos,Lanos,2017,Manual,diesel,1500,86,Sedan,FWD,5,american,city
Mercedes,GLC300,GLC,2026,Automatic,petrol,2000,258,SUV,4WD,5,european,luxury_suv
MG,RX5,RX5,2022,Automatic,petrol,1500,169,SUV,FWD,5,chinese,suv
Hyundai,Elantra HD,Elantra,2017,Automatic,petrol,1600,122,Sedan,FWD,5,korean,family
Mercedes,A35,A-Class,2026,Automatic,petrol,1600,156,Sedan,RWD,5,european,executive
Mitsubishi,Lancer EX Shark,Lancer,2012,Automatic,petrol,1600,113,Sedan,FWD,5,japanese,family
Kia,Carnival,Carnival,2016,Manual,petrol,2200,202,MPV,FWD,8,korean,mpv
Mini,Countryman S,Countryman,2020,Automatic,petrol,2000,178,Crossover,AWD,5,european,crossover
Volkswagen,Golf 7,Golf,2014,Automatic,petrol,1400,150,Hatchback,FWD,5,european,family
Chery,Tiggo 3,Tiggo 3,2022,Automatic,diesel,1500,113,SUV,FWD,5,chinese,suv
Chery,Tiggo 3,Tiggo 3,2023,Automatic,petrol,1500,113,SUV,FWD,5,chinese,suv
Xiaomi,Yu7,Yu7,2025,Automatic,electric,0,385,SUV,AWD,5,chinese,suv
Haval,H6,H6,2022,Automatic,petrol,1500,169,SUV,FWD,5,chinese,suv
Suzuki,Swift Dzire,Swift Dzire,2022,Automatic,petrol,1200,83,Hatchback,FWD,5,japanese,city
Mercedes,GLA200,GLA,2018,Automatic,petrol,1400,163,Crossover,FWD,5,european,luxury_suv
Porsche,Cayenne S,Cayenne,2025,Automatic,petrol,4000,440,SUV,AWD,5,european,luxury_suv
JAC,JS4,JS4,2021,Automatic,petrol,1500,147,SUV,FWD,5,chinese,suv
Mercedes,Viano,Viano,2026,Automatic,petrol,1600,156,Van,RWD,8,european,van
MG,ZS,ZS,2026,Automatic,petrol,1500,106,SUV,FWD,5,chinese,suv
Volkswagen,T-Roc,T-Roc,2026,Automatic,petrol,1000,115,Crossover,FWD,5,european,crossover
Suzuki,Vitara,Vitara,2023,Automatic,petrol,1400,140,SUV,AWD,5,japanese,suv
Mercedes,GLA200,GLA,2023,Automatic,petrol,1400,163,Crossover,FWD,5,european,luxury_suv
JAC,S3,S3,2016,Automatic,petrol,1500,113,Crossover,FWD,5,chinese,crossover
Kia,Cerato,Cerato,2013,Automatic,diesel,1600,123,Sedan,FWD,5,korean,family
Fiat,Tipo,Tipo,2021,Automatic,diesel,1600,110,Sedan,FWD,5,european,family
Mercedes,CLS,CLS,2020,Automatic,petrol,1600,156,Coupe,RWD,5,european,sport
Daihatsu,Charade,Charade,2007,Automatic,petrol,1000,56,Hatchback,FWD,5,japanese,city
Suzuki,Swift,Swift,2026,Automatic,petrol,1200,83,Hatchback,FWD,5,japanese,city
BMW,320i,3 Series,2024,Automatic,cng,2000,184,Sedan,RWD,5,european,executive
Chery,Arrizo 6,Arrizo 6,2026,Automatic,petrol,1600,145,Sedan,FWD,5,chinese,family
Chery,Arrizo 6,Arrizo 6,2026,Automatic,diesel,1600,145,Sedan,FWD,5,chinese,family
Chery,Arrizo 5,Arrizo 5,2026,Automatic,petrol,1500,115,Sedan,FWD,5,chinese,family
Soueast,S07,S07,2026,Automatic,petrol,2000,197,SUV,AWD,7,chinese,suv
Changan,CS55,CS55,2026,Automatic,petrol,1500,156,SUV,FWD,5,chinese,suv
MG,7,7,2026,Automatic,petrol,1500,181,Sedan,FWD,5,chinese,executive
Volkswagen,Bora,Bora,2002,Automatic,petrol,1600,105,Sedan,FWD,5,european,family
Hyundai,Atos,Atos,2010,Automatic,petrol,1000,57,Hatchback,FWD,5,korean,city
Kia,Sportage,Sportage,2020,Automatic,diesel,1600,177,SUV,FWD,5,korean,suv
Volkswagen,Golf 7,Golf,2019,Automatic,petrol,1400,150,Hatchback,FWD,5,european,family
MG,GT,GT,2026,Automatic,petrol,1500,143,Sedan,FWD,5,chinese,family
Land Rover,Range Rover Evoque,Range Rover,2025,Automatic,petrol,1500,249,Crossover,AWD,5,european,luxury_suv
Hyundai,Elantra,Elantra,2026,Automatic,petrol,1600,128,Sedan,FWD,5,korean,family
Chery,Tiggo 8,Tiggo 8,2026,Automatic,petrol,1500,197,SUV,FWD,7,chinese,suv
Shineray,X30,X30,2026,Manual,petrol,1500,113,SUV,FWD,5,chinese,suv
Volkswagen,Golf 6,Golf,2011,Automatic,petrol,1400,122,Hatchback,FWD,5,european,family
Suzuki,Swift Dzire,Swift Dzire,2021,Automatic,petrol,1200,83,Hatchback,FWD,5,japanese,city
Hyundai,Elantra,Elantra,2017,Automatic,petrol,1600,128,Sedan,FWD,5,korean,family
Audi,Q2,Q2,2025,Automatic,petrol,1000,115,Crossover,FWD,5,european,luxury_suv
Kia,Cerato,Cerato,2004,Automatic,petrol,1600,123,Sedan,FWD,5,korean,family
Chevrolet,Pickup,Pickup,2026,Manual,petrol,1600,110,Sedan,FWD,5,american,family
Jetour,X70 Plus,X70 Plus,2024,Automatic,petrol,1500,181,SUV,FWD,7,chinese,suv
Chevrolet,Pickup,Pickup,2026,Manual,diesel,1600,110,Sedan,FWD,5,american,family
MG,RX5,RX5,2023,Automatic,petrol,1500,169,SUV,FWD,5,chinese,suv
Toyota,Urban Cruiser,Urban Cruiser,2026,Automatic,petrol,1600,120,Crossover,FWD,5,japanese,crossover
Chevrolet,Captiva,Captiva,2026,Automatic,petrol,1500,150,SUV,FWD,7,american,suv
Hyundai,Elantra,Elantra,2020,Automatic,petrol,1600,128,Sedan,FWD,5,korean,family
Mitsubishi,Lancer Puma,Lancer,2008,Manual,petrol,1600,113,Sedan,FWD,5,japanese,family
Hyundai,Elantra,Elantra,2006,Automatic,diesel,1600,128,Sedan,FWD,5,korean,family
Peugeot,3008,3008,2026,Automatic,petrol,1200,130,SUV,FWD,5,european,suv
Hyundai,Accent RB,Accent,2006,Automatic,petrol,1600,123,Sedan,FWD,5,korean,city
Kia,K3,K3,2024,Automatic,petrol,1600,120,Sedan,FWD,5,korean,family
Renault,Megane,Megane,2022,Automatic,diesel,1500,115,Hatchback,FWD,5,european,family
Hyundai,Elantra AD,Elantra,2017,Automatic,petrol,1600,128,Sedan,FWD,5,korean,family
Toyota,Corolla,Corolla,2026,Automatic,petrol,1600,122,Sedan,FWD,5,japanese,family
Toyota,Yaris,Yaris,2008,Manual,diesel,1500,107,Hatchback,FWD,5,japanese,city
Toyota,Land Cruiser,Land Cruiser,2024,Automatic,petrol,4000,271,SUV,4WD,8,japanese,luxury_suv
JAC,S3,S3,2016,Automatic,cng,1500,113,Crossover,FWD,5,chinese,crossover
Mercedes,E250,E-Class,2013,Automatic,cng,1800,204,Sedan,RWD,5,european,executive
Citroën,C Elysee,C Elysee,2022,Automatic,petrol,1200,82,Sedan,FWD,5,european,family
Mercedes,GT43,GT43,2022,Automatic,petrol,1600,156,Coupe,RWD,5,european,sport
Chery,Arrizo 5,Arrizo 5,2022,Automatic,petrol,1500,115,Sedan,FWD,5,chinese,family
GAC,Emzoom,Emzoom,2025,Automatic,petrol,1500,147,Crossover,FWD,5,chinese,crossover
Citroën,C5 Aircross,C5 Aircross,2026,Automatic,petrol,1200,130,SUV,FWD,5,european,suv
Chery,Tiggo 4 Pro,Tiggo 4,2025,Automatic,petrol,1500,147,SUV,FWD,5,chinese,suv
Hyundai,Avante,Avante,2011,Automatic,petrol,1600,120,Sedan,FWD,5,korean,family
Kia,Sportage,Sportage,2026,Automatic,diesel,1600,177,SUV,FWD,5,korean,suv
BMW,X6 M,X6,2017,Automatic,petrol,4400,617,SUV,AWD,5,european,luxury_suv
Kia,Sportage,Sportage,2025,Automatic,diesel,1600,177,SUV,FWD,5,korean,suv
Toyota,Corolla,Corolla,2007,Automatic,petrol,1600,122,Sedan,FWD,5,japanese,family
Toyota,Belta,Belta,2022,Automatic,diesel,1500,107,Sedan,FWD,5,japanese,city
Seat,Ibiza,Ibiza,2026,Automatic,petrol,1000,95,Hatchback,FWD,5,european,city
Chery,Tiggo 7,Tiggo 7,2026,Automatic,petrol,1500,156,SUV,FWD,5,chinese,suv
Nissan,Juke,Juke,2026,Automatic,petrol,1000,117,Crossover,FWD,5,japanese,crossover
Cupra,Leon,Leon,2026,Automatic,petrol,2000,265,Hatchback,FWD,5,european,sport
Peugeot,408,408,2023,Automatic,petrol,1600,165,Sedan,FWD,5,european,family
Seat,Leon,Leon,2026,Automatic,petrol,1500,150,Hatchback,FWD,5,european,family
Renault,Logan,Logan,2016,Automatic,diesel,1600,84,Sedan,FWD,5,european,family
BMW,316,3 Series,1992,Manual,cng,1600,116,Sedan,RWD,5,european,executive
Volkswagen,Tiguan,Tiguan,2024,Automatic,petrol,1400,150,SUV,FWD,5,european,suv
Citroën,C Elysee,C Elysee,2016,Automatic,petrol,1200,82,Sedan,FWD,5,european,family
Zeekr,7X,7X,2025,Automatic,electric,0,475,SUV,AWD,5,chinese,suv
Mercedes,CLA200,CLA,2026,Automatic,petrol,1400,163,Coupe,FWD,5,european,sport
Mercedes,A200,A-Class,2026,Automatic,petrol,1400,163,Hatchback,FWD,5,european,executive
Mercedes,C180,C-Class,2024,Automatic,diesel,1600,156,Sedan,RWD,5,european,executive
Hyundai,Elantra AD,Elantra,2019,Automatic,diesel,1600,128,Sedan,FWD,5,korean,family
Changan,UNI-T,UNI-T,2025,Automatic,petrol,1500,181,SUV,FWD,5,chinese,suv
Fiat,500X,500X,2024,Automatic,diesel,1400,80,Crossover,FWD,5,european,crossover
Mitsubishi,Lancer Puma,Lancer,2013,Automatic,petrol,1600,113,Sedan,FWD,5,japanese,family
Subaru,XV,XV,2017,Automatic,cng,2000,156,Crossover,AWD,5,japanese,crossover
Peugeot,307 SW,307 SW,2004,Automatic,petrol,1400,95,Sedan,FWD,5,european,family
BMW,Z4,Z4,2022,Automatic,petrol,2000,197,Convertible,RWD,2,european,sport
Mercedes,EQA260,EQ,2025,Automatic,electric,0,188,Crossover,AWD,5,european,luxury_suv
Mercedes,GLC300,GLC,2025,Automatic,petrol,2000,258,SUV,4WD,5,european,luxury_suv
Skoda,Karoq,Karoq,2026,Automatic,petrol,1500,150,SUV,FWD,5,european,suv
Volkswagen,Golf 6,Golf,2012,Automatic,petrol,1400,122,Hatchback,FWD,5,european,family
MG,One,One,2025,Automatic,petrol,1500,181,SUV,FWD,5,chinese,suv
Hyundai,Excel,Excel,1997,Manual,petrol,1600,120,Sedan,FWD,5,korean,family
Porsche,Boxster,Boxster,2024,Automatic,petrol,2500,265,Convertible,RWD,2,european,sport
Citroën,C5,C5,2026,Automatic,petrol,1600,120,Sedan,FWD,5,european,executive
Chery,Tiggo 3,Tiggo 3,2017,Automatic,petrol,1500,113,SUV,FWD,5,chinese,suv
Mitsubishi,Lancer Puma,Lancer,2005,Manual,petrol,1600,113,Sedan,FWD,5,japanese,family
Proton,Saga,Saga,2025,Automatic,petrol,1300,95,Sedan,FWD,5,other,city
Mercedes,A35,A-Class,2021,Automatic,petrol,1600,156,Sedan,RWD,5,european,executive
Rox,01,01,2026,Automatic,electric,0,400,SUV,AWD,5,chinese,suv
Mercedes,GLC43,GLC,2026,Automatic,petrol,1600,156,Sedan,RWD,5,european,executive
Mercedes,S450,S-Class,2019,Automatic,electric,0,329,Sedan,AWD,5,european,luxury
Citroën,C Elysee,C Elysee,2015,Manual,diesel,1200,82,Sedan,FWD,5,european,family
Kia,Cerato,Cerato,2020,Automatic,cng,1600,123,Sedan,FWD,5,korean,family
Jeep,Wrangler,Wrangler,2015,Automatic,cng,2000,268,SUV,4WD,5,american,suv
Fiat,Uno,Uno,1997,Manual,petrol,1400,80,Hatchback,FWD,5,european,city
Skoda,Octavia A5,Octavia,2009,Manual,petrol,1500,150,Sedan,FWD,5,european,family
Land Rover,Range Rover,Range Rover,2023,Automatic,hybrid,3000,400,SUV,4WD,5,european,luxury_suv
Hyundai,Accent RB,Accent,2026,Automatic,petrol,1600,123,Sedan,FWD,5,korean,city
Toyota,Fortuner,Fortuner,2026,Automatic,petrol,2700,166,SUV,4WD,7,japanese,suv
Kia,Carnival,Carnival,2025,Automatic,hybrid,2200,202,MPV,FWD,8,korean,mpv
Ford,EcoSport,EcoSport,2018,Automatic,petrol,1000,125,Crossover,FWD,5,american,crossover
Renault,Megane,Megane,2018,Automatic,diesel,1500,115,Hatchback,FWD,5,european,family
Chery,Tiggo 7,Tiggo 7,2023,Automatic,petrol,1500,156,SUV,FWD,5,chinese,suv
Honda,Civic,Civic,2009,Automatic,diesel,1500,182,Sedan,FWD,5,japanese,family
Volvo,XC40,XC40,2026,Automatic,hybrid,1500,163,Crossover,FWD,5,european,luxury_suv
Changan,UNI-V,UNI-V,2026,Automatic,petrol,1500,181,Sedan,FWD,5,chinese,executive
JAC,S2,S2,2026,Automatic,petrol,1500,109,Crossover,FWD,5,chinese,crossover
MG,RX5,RX5,2026,Automatic,petrol,1500,169,SUV,FWD,5,chinese,suv
Chery,Tiggo 4,Tiggo 4,2026,Automatic,petrol,1500,147,SUV,FWD,5,chinese,suv
Renault,Logan,Logan,2013,Automatic,diesel,1600,84,Sedan,FWD,5,european,family
Hyundai,Elantra MD,Elantra,2016,Automatic,petrol,1600,120,Sedan,FWD,5,korean,family
BMW,IX3,IX3,2019,Automatic,electric,0,286,SUV,RWD,5,european,luxury_suv
Renault,Duster,Duster,2016,Manual,petrol,1600,114,Crossover,FWD,5,european,crossover
Fiat,Tipo,Tipo,2020,Automatic,diesel,1600,110,Sedan,FWD,5,european,family
Kia,Soul,Soul,2010,Automatic,petrol,1600,130,Crossover,FWD,5,korean,crossover
Chevrolet,Optra,Optra,2016,Automatic,diesel,1600,109,Sedan,FWD,5,american,family
Opel,Grandland,Grandland,2026,Automatic,petrol,1200,130,SUV,FWD,5,european,suv
Changan,Eado Plus,Eado Plus,2026,Automatic,petrol,1500,177,Sedan,FWD,5,chinese,executive
Proton,Saga,Saga,2020,Automatic,petrol,1300,95,Sedan,FWD,5,other,city
Peugeot,5008,5008,2026,Automatic,petrol,1200,130,SUV,FWD,7,european,suv
Skoda,Octavia A5,Octavia,2008,Automatic,petrol,1500,150,Sedan,FWD,5,european,family
Fiat,Tempra,Tempra,1993,Manual,petrol,1600,90,Sedan,FWD,5,european,family
Kia,Xceed,Xceed,2023,Automatic,petrol,1500,160,Crossover,FWD,5,korean,crossover
Hyundai,Elantra,Elantra,2004,Automatic,petrol,1600,128,Sedan,FWD,5,korean,family
GMC,Terrain,Terrain,2026,Automatic,petrol,1500,170,SUV,AWD,5,american,suv
Mitsubishi,Lancer EX Shark,Lancer,2014,Automatic,petrol,1600,113,Sedan,FWD,5,japanese,family
Jetour,X70,X70,2022,Automatic,petrol,1500,156,SUV,FWD,7,chinese,suv
Peugeot,2008,2008,2026,Automatic,petrol,1200,130,Crossover,FWD,5,european,crossover
Mercedes,250,250,2013,Automatic,petrol,2500,150,Sedan,RWD,5,european,executive
Mitsubishi,Attrage,Attrage,2019,Automatic,diesel,1200,78,Sedan,FWD,5,japanese,city
BMW,420,4 Series,2026,Automatic,petrol,2000,184,Coupe,RWD,4,european,sport
GMC,Hummer EV,Hummer EV,2026,Automatic,electric,0,1000,Pickup,AWD,5,american,truck
Kia,Sportage,Sportage,2023,Automatic,diesel,1600,177,SUV,FWD,5,korean,suv
Volvo,XC60,XC60,2026,Automatic,petrol,2000,250,SUV,AWD,5,european,luxury_suv
MG,ZS,ZS,2022,Automatic,cng,1500,106,SUV,FWD,5,chinese,suv
Volvo,XC40,XC40,2026,Automatic,petrol,1500,163,Crossover,FWD,5,european,luxury_suv
Renault,Sandero Stepway,Sandero,2023,Automatic,petrol,1600,115,Hatchback,FWD,5,european,crossover
BMW,M4,M4,2026,Automatic,petrol,3000,510,Coupe,RWD,4,european,sport
Porsche,Cayenne S,Cayenne,2026,Automatic,petrol,4000,440,SUV,AWD,5,european,luxury_suv
Porsche,Cayenne S,Cayenne,2011,Automatic,petrol,4000,440,SUV,AWD,5,european,luxury_suv
Kia,Rio,Rio,2009,Automatic,petrol,1400,100,Sedan,FWD,5,korean,city
Lada,Granta,Granta,2023,Automatic,diesel,1600,87,Sedan,FWD,5,other,city
Mercedes,E350,E-Class,2018,Automatic,petrol,3500,302,Sedan,RWD,5,european,executive
Hyundai,Accent RB,Accent,2024,Automatic,petrol,1600,123,Sedan,FWD,5,korean,city
Ford,Fusion,Fusion,2020,Automatic,petrol,1600,125,Sedan,FWD,5,american,family
Chery,Tiggo 7,Tiggo 7,2022,Automatic,petrol,1500,156,SUV,FWD,5,chinese,suv
Chery,Arrizo 8,Arrizo 8,2026,Automatic,petrol,2000,197,Sedan,FWD,5,chinese,executive
Chery,Tiggo 7,Tiggo 7,2021,Automatic,petrol,1500,156,SUV,FWD,5,chinese,suv
Nissan,Qashqai,Qashqai,2015,Automatic,petrol,1500,163,SUV,FWD,5,japanese,suv
Honda,Civic,Civic,2008,Automatic,cng,1500,182,Sedan,FWD,5,japanese,family
Kia,Sportage,Sportage,2013,Automatic,diesel,1600,177,SUV,FWD,5,korean,suv
Chery,Tiggo 4 Pro,Tiggo 4,2026,Automatic,petrol,1500,147,SUV,FWD,5,chinese,suv
Fiat,500X,500X,2026,Automatic,petrol,1400,80,Crossover,FWD,5,european,crossover
Suzuki,Van,Van,2022,Manual,diesel,1200,83,Hatchback,FWD,5,japanese,city
Haval,Jolion Pro,Jolion Pro,2025,Automatic,petrol,1500,169,SUV,FWD,5,chinese,suv
Renault,Kardian,Kardian,2026,Automatic,petrol,1600,100,Crossover,FWD,5,european,crossover
Hyundai,I30,I30,2026,Automatic,petrol,1600,120,Sedan,FWD,5,korean,family
Seat,Leon,Leon,2024,Automatic,petrol,1500,150,Hatchback,FWD,5,european,family
Haval,H6,H6,2026,Automatic,petrol,1500,169,SUV,FWD,5,chinese,suv
Audi,Q8,Q8,2024,Automatic,petrol,3000,340,SUV,AWD,5,european,luxury_suv
Nissan,Sentra,Sentra,2016,Automatic,petrol,1600,122,Sedan,FWD,5,japanese,family
Hyundai,Accent RB,Accent,2015,Automatic,hybrid,1600,123,Sedan,FWD,5,korean,city
Audi,A4,A4,2019,Automatic,petrol,2000,190,Sedan,AWD,5,european,executive
Audi,Q3,Q3,2026,Automatic,petrol,1500,150,SUV,FWD,5,european,luxury_suv
Opel,Astra,Astra,2008,Automatic,diesel,1400,150,Hatchback,FWD,5,european,family
Changan,CS35,CS35,2017,Automatic,petrol,1500,113,SUV,FWD,5,chinese,suv
Fiat,Tipo,Tipo,2021,Automatic,cng,1600,110,Sedan,FWD,5,european,family
Daihatsu,Sirion,Sirion,2000,Automatic,petrol,1000,58,Hatchback,FWD,5,japanese,city
Proton,Waja,Waja,2005,Manual,diesel,1600,110,Sedan,FWD,5,other,family
BYD,F3,F3,2020,Manual,cng,1500,109,Sedan,FWD,5,chinese,family
Kia,Picanto,Picanto,2006,Manual,diesel,1000,67,Hatchback,FWD,5,korean,city
Porsche,Macan,Macan,2025,Automatic,petrol,2000,265,Crossover,AWD,5,european,luxury_suv
Changan,Benni Mini,Benni Mini,2013,Manual,cng,1000,68,Hatchback,FWD,4,chinese,city
Suzuki,Swift Dzire,Swift Dzire,2022,Automatic,cng,1200,83,Hatchback,FWD,5,japanese,city
Kia,Rio,Rio,2012,Manual,diesel,1400,100,Sedan,FWD,5,korean,city
Chery,Tiggo 7 Pro,Tiggo 7,2026,Automatic,petrol,1500,156,SUV,FWD,5,chinese,suv
Hyundai,Santa Fe,Santa Fe,2013,Automatic,petrol,2000,186,SUV,AWD,7,korean,suv
Chery,Arrizo 5,Arrizo 5,2022,Manual,petrol,1500,115,Sedan,FWD,5,chinese,family
Chery,Tiggo 8 Pro Max,Tiggo 8,2026,Automatic,petrol,1500,113,SUV,FWD,5,chinese,suv
Ford,Mondeo,Mondeo,1998,Manual,petrol,2000,145,Sedan,FWD,5,american,executive
Skoda,Octavia A4,Octavia,2007,Automatic,petrol,1500,150,Sedan,FWD,5,european,family
Chevrolet,Captiva,Captiva,2020,Automatic,petrol,1500,150,SUV,FWD,7,american,suv
Fiat,Tipo,Tipo,2019,Automatic,petrol,1600,110,Sedan,FWD,5,european,family
Chery,Arrizo 5,Arrizo 5,2025,Automatic,petrol,1500,115,Sedan,FWD,5,chinese,family
Kia,Cerato,Cerato,2017,Automatic,diesel,1600,123,Sedan,FWD,5,korean,family
Hyundai,Accent RB,Accent,2021,Automatic,petrol,1600,123,Sedan,FWD,5,korean,city
Hyundai,Elantra AD,Elantra,2018,Automatic,petrol,1600,128,Sedan,FWD,5,korean,family
Suzuki,Ciaz,Ciaz,2022,Automatic,diesel,1500,105,Sedan,FWD,5,japanese,family
Chery,Tiggo 7,Tiggo 7,2021,Automatic,cng,1500,156,SUV,FWD,5,chinese,suv
Kia,K3,K3,2025,Automatic,petrol,1600,120,Sedan,FWD,5,korean,family
Suzuki,S-Presso,S-Presso,2021,Manual,cng,1200,83,Hatchback,FWD,5,japanese,city
Avatr,11,11,2025,Automatic,electric,0,425,SUV,AWD,5,chinese,luxury_suv
Nissan,Sunny,Sunny,2020,Automatic,diesel,1600,110,Sedan,FWD,5,japanese,family
Hyundai,I30,I30,2011,Automatic,diesel,1600,120,Sedan,FWD,5,korean,family
Renault,Megane,Megane,2021,Automatic,diesel,1500,115,Hatchback,FWD,5,european,family
Hyundai,Accent RB,Accent,2015,Automatic,petrol,1600,123,Sedan,FWD,5,korean,city
Skoda,Octavia A4,Octavia,2004,Automatic,cng,1500,150,Sedan,FWD,5,european,family
Mercedes,S450,S-Class,2026,Automatic,electric,0,329,Sedan,AWD,5,european,luxury
Mitsubishi,Eclipse Cross,Eclipse Cross,2026,Automatic,petrol,1500,163,SUV,AWD,5,japanese,suv
Nissan,Sentra,Sentra,2015,Automatic,petrol,1600,122,Sedan,FWD,5,japanese,family
Mercedes,GLC,GLC,2026,Automatic,hybrid,1500,197,SUV,4WD,5,european,luxury_suv
BMW,IX3,IX3,2024,Automatic,electric,0,286,SUV,RWD,5,european,luxury_suv
Mercedes,CLA200,CLA,2026,Automatic,hybrid,1400,163,Coupe,FWD,5,european,sport
Volkswagen,Tayron,Tayron,2026,Automatic,petrol,1400,130,Sedan,FWD,5,european,family
BMW,IX3,IX3,2012,Automatic,electric,0,286,SUV,RWD,5,european,luxury_suv
Audi,Q7,Q7,2025,Automatic,petrol,3000,340,SUV,AWD,7,european,luxury_suv
Chevrolet,Cruze,Cruze,2015,Automatic,diesel,1600,124,Sedan,FWD,5,american,family
Honda,City,City,2009,Automatic,diesel,1500,119,Sedan,FWD,5,japanese,family
Chery,Tiggo 3,Tiggo 3,2022,Automatic,hybrid,1500,113,SUV,FWD,5,chinese,suv
Nissan,X-Trail,X-Trail,2009,Automatic,petrol,1700,158,SUV,AWD,7,japanese,suv
Mercedes,GLA200,GLA,2017,Automatic,petrol,1400,163,Crossover,FWD,5,european,luxury_suv
Fiat,Siena,Siena,2003,Manual,diesel,1400,80,Hatchback,FWD,5,european,city
Hyundai,Elantra HD,Elantra,2019,Automatic,cng,1600,122,Sedan,FWD,5,korean,family
Skoda,Octavia A4,Octavia,2004,Automatic,diesel,1500,150,Sedan,FWD,5,european,family
Hyundai,Matrix,Matrix,2008,Automatic,diesel,1600,120,MPV,FWD,5,korean,mpv
BYD,Leopard 5,Leopard 5,2025,Automatic,hybrid,2000,600,SUV,AWD,5,chinese,luxury_suv
Citroën,C5,C5,2014,Automatic,petrol,1600,120,Sedan,FWD,5,european,executive
MG,RX5,RX5,2020,Automatic,diesel,1500,169,SUV,FWD,5,chinese,suv
Renault,Kadjar,Kadjar,2021,Automatic,petrol,1600,163,SUV,FWD,5,european,suv
Volkswagen,Bora,Bora,2005,Automatic,petrol,1600,105,Sedan,FWD,5,european,family
Mitsubishi,Lancer Puma,Lancer,2014,Automatic,petrol,1600,113,Sedan,FWD,5,japanese,family
Seat,Ibiza,Ibiza,2021,Automatic,cng,1000,95,Hatchback,FWD,5,european,city
BMW,316,3 Series,2012,Automatic,petrol,1600,116,Sedan,RWD,5,european,executive
Kia,K3,K3,2018,Automatic,petrol,1600,120,Sedan,FWD,5,korean,family
Geely,GX3 Pro,GX3 Pro,2025,Automatic,petrol,1500,110,Sedan,FWD,5,chinese,family
Honda,City,City,2008,Automatic,diesel,1500,119,Sedan,FWD,5,japanese,family
Hyundai,Avante,Avante,2025,Automatic,petrol,1600,120,Sedan,FWD,5,korean,family
Opel,Crossland,Crossland,2024,Automatic,petrol,1200,110,Crossover,FWD,5,european,crossover
Seat,Ateca,Ateca,2025,Automatic,petrol,1500,150,SUV,FWD,5,european,suv
Fiat,500X,500X,2024,Automatic,petrol,1400,80,Crossover,FWD,5,european,crossover
Geely,Coolray,Coolray,2025,Automatic,petrol,1500,177,Crossover,FWD,5,chinese,crossover
Toyota,Land Cruiser,Land Cruiser,2026,Automatic,petrol,4000,271,SUV,4WD,8,japanese,luxury_suv
Opel,Mokka,Mokka,2026,Automatic,petrol,1200,100,Crossover,FWD,5,european,crossover
Mitsubishi,Lancer Puma,Lancer,2004,Automatic,petrol,1600,113,Sedan,FWD,5,japanese,family
Skoda,Octavia A7,Octavia,2019,Automatic,petrol,1500,150,Sedan,FWD,5,european,family
Subaru,XV,XV,2014,Automatic,petrol,2000,156,Crossover,AWD,5,japanese,crossover
Mitsubishi,Eclipse Cross,Eclipse Cross,2024,Automatic,petrol,1500,163,SUV,AWD,5,japanese,suv
Mazda,3,3,2016,Automatic,diesel,1500,120,Sedan,FWD,5,japanese,family
Hyundai,Verna,Verna,2012,Manual,diesel,1600,123,Sedan,FWD,5,korean,city
JAC,J7,J7,2026,Automatic,petrol,1500,169,Sedan,FWD,5,chinese,executive
GAC,Emzoom,Emzoom,2026,Automatic,petrol,1500,147,Crossover,FWD,5,chinese,crossover
GAC,Empow,Empow,2026,Automatic,petrol,1500,174,Sedan,FWD,5,chinese,executive
Mazda,3,3,2026,Automatic,petrol,1500,120,Sedan,FWD,5,japanese,family
Dodge,Ram,Ram,2021,Automatic,petrol,3600,305,Pickup,4WD,5,american,truck
Geely,Coolray,Coolray,2026,Automatic,petrol,1500,177,Crossover,FWD,5,chinese,crossover
Toyota,Rush,Rush,2022,Automatic,petrol,1500,104,SUV,FWD,7,japanese,suv
Hyundai,Elantra MD,Elantra,2012,Automatic,petrol,1600,120,Sedan,FWD,5,korean,family
BMW,I3,I3,2024,Automatic,electric,0,170,Hatchback,RWD,4,european,city
Mini,John Cooper,John Cooper,2021,Automatic,petrol,2000,231,Hatchback,FWD,4,european,sport
Renault,Megane,Megane,2023,Automatic,diesel,1500,115,Hatchback,FWD,5,european,family
Haval,Jolion,Jolion,2022,Automatic,cng,1500,147,SUV,FWD,5,chinese,suv
Jetour,Dashing,Dashing,2025,Automatic,petrol,1500,156,Sedan,FWD,5,chinese,family
Renault,Logan,Logan,2019,Automatic,hybrid,1600,84,Sedan,FWD,5,european,family
Volkswagen,ID4,ID4,2025,Automatic,electric,0,204,SUV,FWD,5,european,suv
Peugeot,3008,3008,2019,Automatic,cng,1200,130,SUV,FWD,5,european,suv
Nissan,Qashqai,Qashqai,2022,Automatic,petrol,1500,163,SUV,FWD,5,japanese,suv
Mercedes,C200,C-Class,2009,Automatic,cng,1500,184,Sedan,RWD,5,european,executive
Mercedes,GLA200,GLA,2026,Automatic,petrol,1400,163,Crossover,FWD,5,european,luxury_suv
Hyundai,Getz,Getz,2006,Automatic,petrol,1400,97,Hatchback,FWD,5,korean,city
Chery,Tiggo 8 Pro,Tiggo 8,2021,Automatic,petrol,2000,254,SUV,FWD,7,chinese,suv
Jetour,X95,X95,2023,Automatic,petrol,2000,230,SUV,AWD,7,chinese,suv
Haval,H6,H6,2025,Automatic,hybrid,1500,169,SUV,FWD,5,chinese,suv
Suzuki,Swift Dzire,Swift Dzire,2022,Automatic,diesel,1200,83,Hatchback,FWD,5,japanese,city
Jeep,Grand Cherokee,Grand Cherokee,2020,Automatic,diesel,3600,293,SUV,4WD,5,american,luxury_suv
MG,RX5,RX5,2019,Automatic,diesel,1500,169,SUV,FWD,5,chinese,suv
Skoda,Octavia A4,Octavia,1999,Manual,petrol,1500,150,Sedan,FWD,5,european,family
Chery,Arrizo 5,Arrizo 5,2020,Manual,diesel,1500,115,Sedan,FWD,5,chinese,family
Renault,Duster,Duster,2015,Manual,diesel,1600,114,Crossover,FWD,5,european,crossover
Volkswagen,Beetle,Beetle,2003,Automatic,petrol,1400,150,Coupe,FWD,4,european,sport
Geely,Okavango,Okavango,2022,Automatic,hybrid,1500,190,SUV,AWD,7,chinese,suv
Toyota,C-HR,C-HR,2022,Automatic,petrol,1200,116,Crossover,FWD,5,japanese,crossover
Mercedes,CLE200,CLE,2026,Automatic,petrol,1600,156,Sedan,RWD,5,european,executive
BYD,B2,B2,2025,Automatic,electric,0,218,Sedan,FWD,5,chinese,family
Kaiyi,X7,X7,2026,Automatic,petrol,2000,204,SUV,FWD,5,chinese,suv
Mitsubishi,Outlander,Outlander,2026,Automatic,petrol,2400,167,SUV,AWD,7,japanese,suv
Chevrolet,Optra,Optra,2016,Automatic,petrol,1600,109,Sedan,FWD,5,american,family
Ford,Fiesta,Fiesta,2010,Automatic,petrol,1000,100,Hatchback,FWD,5,american,city
BYD,Song Plus,Song Plus,2025,Automatic,electric,0,200,Sedan,FWD,5,chinese,family
Mercedes,V250,V250,2026,Automatic,petrol,2100,190,MPV,RWD,8,european,mpv
Hyundai,Elantra HD,Elantra,2017,Automatic,cng,1600,122,Sedan,FWD,5,korean,family
BYD,Tang L,Tang L,2025,Automatic,electric,0,200,Sedan,FWD,5,chinese,family
BYD,Seagull,Seagull,2025,Automatic,electric,0,200,Sedan,FWD,5,chinese,family
Mitsubishi,Xpander,Xpander,2026,Automatic,petrol,1500,105,MPV,FWD,7,japanese,mpv
Hyundai,Elantra,Elantra,2011,Automatic,cng,1600,128,Sedan,FWD,5,korean,family
Peugeot,301,301,2015,Automatic,cng,1200,82,Sedan,FWD,5,european,family
Hyundai,Verna,Verna,2014,Manual,diesel,1600,123,Sedan,FWD,5,korean,city
Chery,Tiggo 7 Pro,Tiggo 7,2025,Automatic,petrol,1500,156,SUV,FWD,5,chinese,suv
BMW,330,3 Series,2023,Automatic,petrol,2000,258,Sedan,RWD,5,european,executive
Hyundai,Elantra HD,Elantra,2018,Automatic,petrol,1600,122,Sedan,FWD,5,korean,family
Opel,Crossland,Crossland,2021,Automatic,petrol,1200,110,Crossover,FWD,5,european,crossover
Nissan,Patrol,Patrol,2026,Automatic,petrol,4000,275,SUV,4WD,8,japanese,luxury_suv
Hyundai,Matrix,Matrix,2005,Automatic,cng,1600,120,MPV,FWD,5,korean,mpv
Mercedes,GLC300,GLC,2022,Automatic,petrol,2000,258,SUV,4WD,5,european,luxury_suv
Peugeot,206,206,2004,Manual,petrol,1400,75,Hatchback,FWD,5,european,city
Chevrolet,Captiva,Captiva,2021,Automatic,cng,1500,150,SUV,FWD,7,american,suv
Citroën,C4 Grand Picasso,C4 Grand Picasso,2012,Automatic,petrol,1600,120,MPV,FWD,7,european,mpv
Hyundai,I10,I10,2015,Automatic,diesel,1000,67,Hatchback,FWD,5,korean,city
Renault,Megane,Megane,2008,Automatic,diesel,1500,115,Hatchback,FWD,5,european,family
Hyundai,Elantra AD,Elantra,2019,Automatic,petrol,1600,128,Sedan,FWD,5,korean,family
Suzuki,Swift Dzire,Swift Dzire,2015,Automatic,diesel,1200,83,Hatchback,FWD,5,japanese,city
Chrysler,Town & Country,Town & Country,2013,Automatic,petrol,3600,283,MPV,FWD,7,american,mpv
Opel,Crossland,Crossland,2023,Automatic,petrol,1200,110,Crossover,FWD,5,european,crossover
Volkswagen,Golf 3,Golf,1992,Automatic,petrol,1800,75,Hatchback,FWD,5,european,family
Kia,Picanto,Picanto,2013,Automatic,diesel,1000,67,Hatchback,FWD,5,korean,city
Skoda,Octavia A4,Octavia,2003,Automatic,petrol,1500,150,Sedan,FWD,5,european,family
Mini,Countryman,Countryman,2026,Automatic,petrol,1500,136,Crossover,FWD,5,european,crossover
BMW,520i,5 Series,2026,Automatic,petrol,2000,184,Sedan,RWD,5,european,executive
Porsche,Macan,Macan,2026,Automatic,petrol,2000,265,Crossover,AWD,5,european,luxury_suv
Mitsubishi,Lancer EX Shark,Lancer,2015,Automatic,hybrid,1600,113,Sedan,FWD,5,japanese,family
Seat,Ibiza,Ibiza,2018,Automatic,petrol,1000,95,Hatchback,FWD,5,european,city
Deepal,S 05,S 05,2026,Automatic,electric,0,218,SUV,FWD,5,chinese,suv
BMW,X3,X3,2010,Automatic,diesel,2000,184,SUV,AWD,5,european,luxury_suv
BYD,L3,L3,2017,Automatic,cng,1500,107,Sedan,FWD,5,chinese,family
Suzuki,Ciaz,Ciaz,2015,Automatic,diesel,1500,105,Sedan,FWD,5,japanese,family
Nissan,Sentra,Sentra,2014,Automatic,petrol,1600,122,Sedan,FWD,5,japanese,family
BMW,330,3 Series,2024,Automatic,petrol,2000,258,Sedan,RWD,5,european,executive
Fiat,Tipo,Tipo,2021,Manual,diesel,1600,110,Sedan,FWD,5,european,family
Skoda,Octavia A4,Octavia,1998,Automatic,diesel,1500,150,Sedan,FWD,5,european,family
Honda,City,City,2013,Automatic,petrol,1500,119,Sedan,FWD,5,japanese,family
BMW,IX1,IX1,2025,Automatic,electric,0,313,Crossover,AWD,5,european,luxury_suv
Renault,Sandero Stepway,Sandero,2013,Manual,petrol,1600,115,Hatchback,FWD,5,european,crossover
Renault,Logan,Logan,2020,Automatic,diesel,1600,84,Sedan,FWD,5,european,family
Volkswagen,Tiguan,Tiguan,2020,Automatic,cng,1400,150,SUV,FWD,5,european,suv
Hyundai,Getz,Getz,2011,Automatic,petrol,1400,97,Hatchback,FWD,5,korean,city
Kia,Cerato Koup,Cerato,2010,Automatic,petrol,1600,120,Sedan,FWD,5,korean,family
Ford,Focus,Focus,2012,Automatic,petrol,1500,150,Hatchback,FWD,5,american,family
Chevrolet,Camaro,Camaro,2024,Automatic,petrol,2000,275,Coupe,RWD,4,american,sport
Cadillac,Escalade,Escalade,2026,Automatic,petrol,6200,420,SUV,4WD,8,american,luxury_suv
Haval,Jolion,Jolion,2022,Automatic,petrol,1500,147,SUV,FWD,5,chinese,suv
Hyundai,Elantra MD,Elantra,2015,Automatic,petrol,1600,120,Sedan,FWD,5,korean,family
Skoda,Felicia,Felicia,1996,Manual,petrol,1300,68,Hatchback,FWD,5,european,city
Renault,Sandero Stepway,Sandero,2017,Automatic,diesel,1600,115,Hatchback,FWD,5,european,crossover
Avatr,07,07,2025,Automatic,electric,0,578,SUV,AWD,5,chinese,luxury_suv
MG,ZS,ZS,2026,Automatic,diesel,1500,106,SUV,FWD,5,chinese,suv
Renault,Duster,Duster,2018,Automatic,diesel,1600,114,Crossover,FWD,5,european,crossover
Skoda,Octavia A4,Octavia,2004,Automatic,petrol,1500,150,Sedan,FWD,5,european,family
MG,HS,HS,2026,Automatic,petrol,1500,162,SUV,FWD,5,chinese,suv
Renault,Logan,Logan,2017,Automatic,diesel,1600,84,Sedan,FWD,5,european,family
Volkswagen,Passat,Passat,2002,Manual,petrol,1800,150,Sedan,FWD,5,european,executive
Mitsubishi,Lancer Puma,Lancer,2007,Automatic,petrol,1600,113,Sedan,FWD,5,japanese,family
Skoda,Octavia A4,Octavia,2002,Manual,diesel,1500,150,Sedan,FWD,5,european,family
Seat,Cordoba,Cordoba,2002,Manual,petrol,1600,100,Sedan,FWD,5,european,family
Renault,Sandero Stepway,Sandero,2016,Automatic,diesel,1600,115,Hatchback,FWD,5,european,crossover
Suzuki,Vitara,Vitara,2021,Automatic,diesel,1400,140,SUV,AWD,5,japanese,suv
Kia,Soul,Soul,2012,Automatic,petrol,1600,130,Crossover,FWD,5,korean,crossover
Hyundai,Elantra HD,Elantra,2019,Automatic,petrol,1600,122,Sedan,FWD,5,korean,family
Mercedes,G63,G63,2025,Automatic,petrol,4000,577,SUV,4WD,5,european,luxury_suv
Jetour,X70S,X70S,2024,Automatic,petrol,1500,156,SUV,FWD,5,chinese,suv
Renault,Duster,Duster,2017,Manual,petrol,1600,114,Crossover,FWD,5,european,crossover
Hyundai,Elantra HD,Elantra,2023,Automatic,petrol,1600,122,Sedan,FWD,5,korean,family
Geely,Emgrand 7,Emgrand 7,2013,Manual,cng,1800,132,Sedan,FWD,5,chinese,family
Mitsubishi,Lancer Puma,Lancer,2008,Manual,cng,1600,113,Sedan,FWD,5,japanese,family
Mitsubishi,Xpander,Xpander,2024,Automatic,petrol,1500,105,MPV,FWD,7,japanese,mpv
Skoda,Octavia A8,Octavia,2022,Automatic,diesel,1500,150,Sedan,FWD,5,european,family
Fiat,Tipo,Tipo,2019,Manual,petrol,1600,110,Sedan,FWD,5,european,family
Geely,Pandino,Pandino,2015,Automatic,petrol,1500,110,Sedan,FWD,5,chinese,family
Kia,Rio,Rio,2014,Automatic,cng,1400,100,Sedan,FWD,5,korean,city
Hyundai,IX35,IX35,2016,Automatic,petrol,1600,120,SUV,FWD,5,korean,suv
Opel,Vectra,Vectra,2008,Automatic,diesel,1800,122,Sedan,FWD,5,european,executive
Kia,Carnival,Carnival,2025,Automatic,diesel,2200,202,MPV,FWD,8,korean,mpv
Kia,Picanto,Picanto,2010,Automatic,diesel,1000,67,Hatchback,FWD,5,korean,city
Opel,Astra,Astra,2013,Automatic,diesel,1400,150,Hatchback,FWD,5,european,family
Land Rover,Discovery,Discovery,2005,Automatic,petrol,2000,249,SUV,4WD,7,european,luxury_suv
Volkswagen,Touareg,Touareg,2025,Automatic,petrol,3000,282,SUV,AWD,5,european,luxury_suv
Chevrolet,T-Series,T-Series,2015,Manual,diesel,1600,110,Sedan,FWD,5,american,family
BAIC,X3,X3,2023,Automatic,petrol,1500,109,Crossover,FWD,5,chinese,crossover
BMW,525,5 Series,2009,Automatic,petrol,2500,218,Sedan,RWD,5,european,executive
BMW,418,4 Series,2017,Automatic,diesel,2000,184,Coupe,RWD,4,european,sport
Opel,Astra,Astra,2014,Automatic,cng,1400,150,Hatchback,FWD,5,european,family
Nissan,Sentra,Sentra,2022,Automatic,petrol,1600,122,Sedan,FWD,5,japanese,family
Mercedes,AMG,AMG,2026,Automatic,petrol,4000,510,Sedan,AWD,5,european,sport
Hyundai,Grand i10,Grand i10,2017,Automatic,petrol,1200,84,Hatchback,FWD,5,korean,city
Peugeot,2008,2008,2015,Automatic,petrol,1200,130,Crossover,FWD,5,european,crossover
Renault,Kadjar,Kadjar,2018,Automatic,diesel,1600,163,SUV,FWD,5,european,suv
Fiat,Palio,Palio,2006,Manual,cng,1400,80,Hatchback,FWD,5,european,city
BMW,Z4,Z4,2023,Automatic,petrol,2000,197,Convertible,RWD,2,european,sport
Geely,Starray,Starray,2025,Automatic,petrol,1500,110,MPV,FWD,7,chinese,mpv
Mercedes,C300,C-Class,2022,Automatic,petrol,2000,258,Sedan,RWD,5,european,executive
BMW,530,5 Series,2024,Automatic,hybrid,2000,258,Sedan,RWD,5,european,executive
Peugeot,2008,2008,2016,Automatic,petrol,1200,130,Crossover,FWD,5,european,crossover
Land Rover,Defender,Defender,2021,Automatic,petrol,2000,300,SUV,4WD,5,european,luxury_suv
Mercedes,GLE,GLE,2025,Automatic,petrol,1600,156,SUV,AWD,5,european,luxury_suv
Skoda,Octavia A7,Octavia,2014,Automatic,diesel,1500,150,Sedan,FWD,5,european,family
Chevrolet,Cruze,Cruze,2016,Automatic,diesel,1600,124,Sedan,FWD,5,american,family
GMC,Yukon,Yukon,2024,Automatic,petrol,5300,355,SUV,4WD,9,american,luxury_suv
Mercedes,GLC200,GLC,2025,Automatic,hybrid,1500,197,SUV,4WD,5,european,luxury_suv
Audi,Q3,Q3,2022,Automatic,petrol,1500,150,SUV,FWD,5,european,luxury_suv
Chevrolet,N300,N300,2021,Manual,diesel,1600,110,Sedan,FWD,5,american,family
Ford,Focus,Focus,2006,Automatic,diesel,1500,150,Hatchback,FWD,5,american,family
Seat,Toledo,Toledo,2019,Automatic,diesel,1600,105,Sedan,FWD,5,european,family
Speranza,Tiggo,Tiggo,2017,Automatic,diesel,1300,70,Hatchback,FWD,5,chinese,city
Fiat,500X,500X,2019,Automatic,petrol,1400,80,Crossover,FWD,5,european,crossover
Chevrolet,N300,N300,2015,Manual,petrol,1600,110,Sedan,FWD,5,american,family
Volkswagen,Golf 6,Golf,2024,Automatic,petrol,1400,122,Hatchback,FWD,5,european,family
Changan,Benni Mini,Benni Mini,2016,Automatic,diesel,1000,68,Hatchback,FWD,4,chinese,city
BMW,X5 M,X5,2020,Automatic,petrol,4400,617,SUV,AWD,7,european,luxury_suv
Toyota,BZ3,BZ3,2025,Automatic,electric,0,218,Sedan,FWD,5,japanese,family
Fiat,Regata,Regata,1989,Manual,petrol,1600,90,Sedan,FWD,5,european,family
Toyota,Rush,Rush,2020,Automatic,petrol,1500,104,SUV,FWD,7,japanese,suv
Volvo,S60,S60,2016,Automatic,petrol,2000,197,Sedan,FWD,5,european,luxury
BMW,320i,3 Series,2015,Automatic,diesel,2000,184,Sedan,RWD,5,european,executive
Mitsubishi,Xpander,Xpander,2021,Automatic,petrol,1500,105,MPV,FWD,7,japanese,mpv
Seat,Ateca,Ateca,2026,Automatic,petrol,1500,150,SUV,FWD,5,european,suv
Peugeot,301,301,2014,Automatic,hybrid,1200,82,Sedan,FWD,5,european,family
Nissan,Sunny,Sunny,2011,Manual,cng,1600,110,Sedan,FWD,5,japanese,family
Chery,Tiggo 7 Pro Max,Tiggo 7,2026,Automatic,petrol,1500,113,SUV,FWD,5,chinese,suv
Mini,Cooper,Cooper,2024,Automatic,petrol,1500,136,Hatchback,FWD,4,european,city
BMW,523,5 Series,2011,Automatic,petrol,2500,177,Sedan,RWD,5,european,executive
Hyundai,Sonata,Sonata,2010,Automatic,petrol,2000,154,Sedan,FWD,5,korean,executive
Hyundai,Avante,Avante,2005,Automatic,petrol,1600,120,Sedan,FWD,5,korean,family
Hyundai,Atos,Atos,2011,Manual,cng,1000,57,Hatchback,FWD,5,korean,city
Skoda,Octavia A4,Octavia,1998,Manual,diesel,1500,150,Sedan,FWD,5,european,family
Audi,Q3,Q3,2022,Automatic,hybrid,1500,150,SUV,FWD,5,european,luxury_suv
Subaru,Impreza,Impreza,2013,Automatic,petrol,2000,154,Sedan,AWD,5,japanese,family
Citroën,C3,C3,2020,Automatic,cng,1200,83,Hatchback,FWD,5,european,city
Toyota,Land Cruiser,Land Cruiser,2020,Automatic,petrol,4000,271,SUV,4WD,8,japanese,luxury_suv
Toyota,Corolla,Corolla,2004,Manual,petrol,1600,122,Sedan,FWD,5,japanese,family
Lada,Granta,Granta,2017,Automatic,petrol,1600,87,Sedan,FWD,5,other,city
Renault,Captur,Captur,2018,Automatic,petrol,1000,90,Crossover,FWD,5,european,crossover
Hyundai,Accent RB,Accent,2022,Automatic,petrol,1600,123,Sedan,FWD,5,korean,city
Peugeot,2008,2008,2021,Automatic,petrol,1200,130,Crossover,FWD,5,european,crossover
Skoda,Octavia A5,Octavia,2006,Automatic,diesel,1500,150,Sedan,FWD,5,european,family
Chery,Arrizo 5,Arrizo 5,2020,Automatic,petrol,1500,115,Sedan,FWD,5,chinese,family
Chevrolet,Optra,Optra,2019,Automatic,cng,1600,109,Sedan,FWD,5,american,family
BAIC,X55,X55,2025,Automatic,petrol,1500,150,SUV,FWD,5,chinese,suv
Peugeot,307,307,2007,Automatic,diesel,1400,95,Sedan,FWD,5,european,family
Mitsubishi,Lancer Puma,Lancer,2005,Automatic,petrol,1600,113,Sedan,FWD,5,japanese,family
Nissan,Sentra,Sentra,2020,Automatic,petrol,1600,122,Sedan,FWD,5,japanese,family
Hyundai,Accent RB,Accent,2019,Automatic,petrol,1600,123,Sedan,FWD,5,korean,city
GMC,Hummer EV,Hummer EV,2025,Automatic,electric,0,1000,Pickup,AWD,5,american,truck
Zeekr,7X,7X,2026,Automatic,electric,0,475,SUV,AWD,5,chinese,suv
Suzuki,Baleno,Baleno,2026,Automatic,petrol,1200,90,Hatchback,FWD,5,japanese,city
Toyota,Prado,Prado,2009,Automatic,petrol,2700,163,SUV,4WD,7,japanese,luxury_suv
Toyota,Rush,Rush,2019,Automatic,petrol,1500,104,SUV,FWD,7,japanese,suv
MG,RX5,RX5,2020,Automatic,cng,1500,169,SUV,FWD,5,chinese,suv
Volkswagen,Bora,Bora,2001,Automatic,diesel,1600,105,Sedan,FWD,5,european,family
Citroën,C4 Grand Picasso,C4 Grand Picasso,2014,Automatic,petrol,1600,120,MPV,FWD,7,european,mpv
BMW,3 Series,3 Series,2005,Automatic,petrol,2000,184,Sedan,RWD,5,european,executive
Chery,Tiggo 8 Pro,Tiggo 8,2023,Automatic,petrol,2000,254,SUV,FWD,7,chinese,suv
Nissan,Sentra,Sentra,2024,Automatic,petrol,1600,122,Sedan,FWD,5,japanese,family
Mercedes,GLC200,GLC,2026,Automatic,petrol,1500,197,SUV,4WD,5,european,luxury_suv
Toyota,Land Cruiser,Land Cruiser,2008,Automatic,petrol,4000,271,SUV,4WD,8,japanese,luxury_suv
Ford,Focus,Focus,2013,Automatic,diesel,1500,150,Hatchback,FWD,5,american,family
Mitsubishi,Lancer Crystala,Lancer,1999,Manual,petrol,1600,113,Sedan,FWD,5,japanese,family
Chery,Arrizo 5,Arrizo 5,2023,Manual,petrol,1500,115,Sedan,FWD,5,chinese,family
Nissan,Tiida,Tiida,2007,Automatic,diesel,1600,110,Sedan,FWD,5,japanese,family
Volkswagen,ID4,ID4,2024,Automatic,electric,0,204,SUV,FWD,5,european,suv
Deepal,S 05,S 05,2025,Automatic,electric,0,218,SUV,FWD,5,chinese,suv
Porsche,911,911,2025,Automatic,petrol,3000,385,Coupe,RWD,4,european,sport
Hyundai,Accent RB,Accent,2024,Automatic,diesel,1600,123,Sedan,FWD,5,korean,city
Hyundai,IX35,IX35,2013,Automatic,petrol,1600,120,SUV,FWD,5,korean,suv
Seat,Leon,Leon,2014,Automatic,petrol,1500,150,Hatchback,FWD,5,european,family
Mercedes,Viano,Viano,2021,Automatic,petrol,1600,156,Van,RWD,8,european,van
Land Rover,Defender,Defender,2021,Automatic,diesel,2000,300,SUV,4WD,5,european,luxury_suv
Chery,Tiggo 7 Pro,Tiggo 7,2025,Automatic,cng,1500,156,SUV,FWD,5,chinese,suv
Citroën,C Elysee,C Elysee,2014,Automatic,petrol,1200,82,Sedan,FWD,5,european,family
Opel,Astra,Astra,2016,Automatic,diesel,1400,150,Hatchback,FWD,5,european,family
Chevrolet,Aveo,Aveo,2014,Manual,cng,1400,100,Sedan,FWD,5,american,city
Mercedes,A35,A-Class,2021,Automatic,diesel,1600,156,Sedan,RWD,5,european,executive
Kia,Carens,Carens,2010,Manual,diesel,1600,130,MPV,FWD,7,korean,mpv
Mercedes,E350,E-Class,2018,Automatic,hybrid,3500,302,Sedan,RWD,5,european,executive
Nissan,Juke,Juke,2017,Automatic,petrol,1000,117,Crossover,FWD,5,japanese,crossover
Chery,Tiggo 8 Pro,Tiggo 8,2025,Automatic,petrol,2000,254,SUV,FWD,7,chinese,suv
Peugeot,301,301,2016,Automatic,petrol,1200,82,Sedan,FWD,5,european,family
Honda,ZRV,ZRV,2025,Automatic,petrol,1500,120,Sedan,FWD,5,japanese,family
Toyota,Corolla,Corolla,2014,Automatic,cng,1600,122,Sedan,FWD,5,japanese,family
Citroën,C Elysee,C Elysee,2022,Automatic,diesel,1200,82,Sedan,FWD,5,european,family
Volvo,XC90,XC90,2026,Automatic,petrol,2000,300,SUV,AWD,7,european,luxury_suv
Hyundai,Elantra CN7,Elantra,2022,Automatic,petrol,1600,128,Sedan,FWD,5,korean,family
Chevrolet,Optra,Optra,2019,Automatic,diesel,1600,109,Sedan,FWD,5,american,family
Toyota,Corolla,Corolla,2015,Automatic,diesel,1600,122,Sedan,FWD,5,japanese,family
Hyundai,Matrix,Matrix,2011,Automatic,petrol,1600,120,MPV,FWD,5,korean,mpv
Hyundai,Accent RB,Accent,2012,Automatic,cng,1600,123,Sedan,FWD,5,korean,city
Toyota,Corolla,Corolla,2013,Automatic,diesel,1600,122,Sedan,FWD,5,japanese,family
Mercedes,C180,C-Class,2018,Manual,petrol,1600,156,Sedan,RWD,5,european,executive
Renault,Fluence,Fluence,2011,Automatic,cng,1600,100,Sedan,FWD,5,european,family
Land Rover,Range Rover,Range Rover,2024,Automatic,diesel,3000,400,SUV,4WD,5,european,luxury_suv
Volkswagen,ID6,ID6,2024,Automatic,electric,0,204,SUV,AWD,7,european,suv
Toyota,Corona,Corona,1998,Automatic,diesel,1600,120,Sedan,FWD,5,japanese,family
Geely,Emgrand 7,Emgrand 7,2019,Automatic,petrol,1800,132,Sedan,FWD,5,chinese,family
Nissan,Sunny,Sunny,2026,Automatic,diesel,1600,110,Sedan,FWD,5,japanese,family
BMW,I3,I3,2026,Automatic,electric,0,170,Hatchback,RWD,4,european,city
Chery,Arrizo 5 Pro,Arrizo 5,2026,Automatic,petrol,1500,147,Sedan,FWD,5,chinese,family
Mercedes,GLC43,GLC,2025,Automatic,petrol,1600,156,Sedan,RWD,5,european,executive
SsangYong,Torres,Torres,2026,Automatic,petrol,1500,170,SUV,FWD,5,korean,suv
Peugeot,307 SW,307 SW,2007,Automatic,petrol,1400,95,Sedan,FWD,5,european,family
Mini,Countryman S,Countryman,2011,Automatic,petrol,2000,178,Crossover,AWD,5,european,crossover
BAIC,U5 Plus,U5 Plus,2025,Automatic,petrol,1500,109,Sedan,FWD,5,chinese,family
BAIC,BJ30,BJ30,2026,Automatic,petrol,2000,170,SUV,AWD,5,chinese,suv
Opel,Corsa,Corsa,2026,Automatic,petrol,1200,75,Hatchback,FWD,5,european,city
BAIC,X55,X55,2026,Automatic,petrol,1500,150,SUV,FWD,5,chinese,suv
Skoda,Octavia A4,Octavia,2006,Automatic,diesel,1500,150,Sedan,FWD,5,european,family
Seat,Ibiza,Ibiza,2020,Automatic,cng,1000,95,Hatchback,FWD,5,european,city
Seat,Arona,Arona,2021,Automatic,petrol,1000,95,Crossover,FWD,5,european,crossover
MG,5,5,2021,Automatic,cng,1500,169,Sedan,FWD,5,chinese,family
Kia,Ceed,Ceed,2016,Automatic,diesel,1600,128,Hatchback,FWD,5,korean,family
JAC,S2,S2,2024,Automatic,petrol,1500,109,Crossover,FWD,5,chinese,crossover
Daihatsu,Sirion,Sirion,2009,Automatic,petrol,1000,58,Hatchback,FWD,5,japanese,city
Suzuki,Swift Dzire,Swift Dzire,2022,Manual,petrol,1200,83,Hatchback,FWD,5,japanese,city
Hyundai,Elantra,Elantra,2011,Automatic,petrol,1600,128,Sedan,FWD,5,korean,family
MG,350,350,2014,Automatic,petrol,1500,106,Sedan,FWD,5,chinese,family
Mitsubishi,Lancer Puma,Lancer,2012,Automatic,petrol,1600,113,Sedan,FWD,5,japanese,family
Changan,Benni Mini,Benni Mini,2015,Manual,petrol,1000,68,Hatchback,FWD,4,chinese,city
Daihatsu,Terios,Terios,2000,Automatic,petrol,1500,105,SUV,4WD,5,japanese,suv
Changan,Alsvin,Alsvin,2016,Automatic,petrol,1500,109,Sedan,FWD,5,chinese,family
Renault,Duster,Duster,2012,Manual,petrol,1600,114,Crossover,FWD,5,european,crossover
Renault,Kadjar,Kadjar,2019,Automatic,cng,1600,163,SUV,FWD,5,european,suv
Hyundai,Avante,Avante,2012,Automatic,diesel,1600,120,Sedan,FWD,5,korean,family
GMC,Yukon,Yukon,2026,Automatic,petrol,5300,355,SUV,4WD,9,american,luxury_suv
Nissan,Sunny,Sunny,2022,Automatic,cng,1600,110,Sedan,FWD,5,japanese,family
Renault,Fluence,Fluence,2014,Automatic,diesel,1600,100,Sedan,FWD,5,european,family
Mercedes,CLS,CLS,2005,Automatic,petrol,1600,156,Coupe,RWD,5,european,sport
Seat,Toledo,Toledo,2015,Automatic,petrol,1600,105,Sedan,FWD,5,european,family
Toyota,Land Cruiser,Land Cruiser,2014,Automatic,petrol,4000,271,SUV,4WD,8,japanese,luxury_suv
Hyundai,Santa Fe,Santa Fe,2026,Automatic,hybrid,2000,186,SUV,AWD,7,korean,suv
Hyundai,Elantra,Elantra,2010,Automatic,cng,1600,128,Sedan,FWD,5,korean,family
Changan,Alsvin,Alsvin,2022,Automatic,diesel,1500,109,Sedan,FWD,5,chinese,family
Changan,CS35,CS35,2016,Automatic,petrol,1500,113,SUV,FWD,5,chinese,suv
Kia,Sportage,Sportage,2016,Automatic,diesel,1600,177,SUV,FWD,5,korean,suv
Citroën,C3,C3,2021,Automatic,diesel,1200,83,Hatchback,FWD,5,european,city
Skoda,Octavia A4,Octavia,2002,Manual,petrol,1500,150,Sedan,FWD,5,european,family
Mitsubishi,Lancer Puma,Lancer,2008,Automatic,diesel,1600,113,Sedan,FWD,5,japanese,family
Hyundai,Elantra,Elantra,2017,Automatic,diesel,1600,128,Sedan,FWD,5,korean,family
Proton,Persona,Persona,2014,Automatic,petrol,1600,110,Sedan,FWD,5,other,family
Mercedes,E280,E-Class,2006,Automatic,petrol,3000,231,Sedan,RWD,5,european,executive
Volkswagen,Tiguan,Tiguan,2018,Automatic,cng,1400,150,SUV,FWD,5,european,suv
Peugeot,3008,3008,2014,Automatic,diesel,1200,130,SUV,FWD,5,european,suv
Kia,Rio,Rio,2011,Automatic,petrol,1400,100,Sedan,FWD,5,korean,city
Fiat,Tipo,Tipo,2022,Automatic,diesel,1600,110,Sedan,FWD,5,european,family
Subaru,Impreza,Impreza,2014,Automatic,petrol,2000,154,Sedan,AWD,5,japanese,family
Mercedes,EQE500,EQ,2023,Automatic,electric,0,402,Sedan,AWD,5,european,executive
Skoda,Octavia A4,Octavia,1998,Automatic,hybrid,1500,150,Sedan,FWD,5,european,family
Renault,Sandero Stepway,Sandero,2020,Automatic,diesel,1600,115,Hatchback,FWD,5,european,crossover
Daewoo,Lacetti,Lacetti,2003,Automatic,petrol,1600,109,Sedan,FWD,5,korean,family
Kia,Shuma,Shuma,1998,Automatic,petrol,1600,120,Sedan,FWD,5,korean,family
Mercedes,B200,B-Class,2013,Automatic,diesel,1600,156,MPV,FWD,5,european,executive
Brilliance,V5,V5,2014,Automatic,petrol,1500,150,SUV,FWD,5,chinese,suv
Volkswagen,Parati,Parati,2006,Manual,petrol,1400,130,Sedan,FWD,5,european,family
Jeep,Grand Cherokee,Grand Cherokee,2006,Automatic,petrol,3600,293,SUV,4WD,5,american,luxury_suv
JAC,S2,S2,2024,Automatic,diesel,1500,109,Crossover,FWD,5,chinese,crossover
Mercedes,E300,E-Class,2025,Automatic,hybrid,2000,258,Sedan,RWD,5,european,executive
Chery,Tiggo 4,Tiggo 4,2025,Automatic,petrol,1500,147,SUV,FWD,5,chinese,suv
Kia,Rio,Rio,2009,Manual,petrol,1400,100,Sedan,FWD,5,korean,city
Skoda,Octavia A8,Octavia,2022,Automatic,petrol,1500,150,Sedan,FWD,5,european,family
Honda,Civic,Civic,1985,Automatic,petrol,1500,182,Sedan,FWD,5,japanese,family
Chevrolet,N300,N300,2016,Automatic,petrol,1600,110,Sedan,FWD,5,american,family
Nissan,Sunny,Sunny,2012,Manual,petrol,1600,110,Sedan,FWD,5,japanese,family
Mercedes,200,200,2008,Automatic,petrol,2000,136,Sedan,RWD,5,european,executive
Volkswagen,Tiguan,Tiguan,2015,Automatic,petrol,1400,150,SUV,FWD,5,european,suv
Skoda,Octavia A5,Octavia,2009,Automatic,petrol,1500,150,Sedan,FWD,5,european,family
Haval,Jolion,Jolion,2026,Automatic,petrol,1500,147,SUV,FWD,5,chinese,suv
Geely,Starray,Starray,2026,Automatic,petrol,1500,110,MPV,FWD,7,chinese,mpv
Kia,Rio,Rio,2011,Automatic,diesel,1400,100,Sedan,FWD,5,korean,city
GAC,Empow,Empow,2024,Automatic,petrol,1500,174,Sedan,FWD,5,chinese,executive
Hyundai,Avante,Avante,2007,Automatic,petrol,1600,120,Sedan,FWD,5,korean,family
Toyota,Yaris,Yaris,2007,Automatic,diesel,1500,107,Hatchback,FWD,5,japanese,city
Chery,Tiggo 3,Tiggo 3,2024,Automatic,diesel,1500,113,SUV,FWD,5,chinese,suv
JAC,J7,J7,2022,Automatic,diesel,1500,169,Sedan,FWD,5,chinese,executive
Ford,Kuga,Kuga,2019,Automatic,petrol,1600,125,Sedan,FWD,5,american,family
Suzuki,Ciaz,Ciaz,2016,Automatic,diesel,1500,105,Sedan,FWD,5,japanese,family
Kia,Cerato,Cerato,2010,Automatic,cng,1600,123,Sedan,FWD,5,korean,family
Renault,Sandero Stepway,Sandero,2014,Manual,petrol,1600,115,Hatchback,FWD,5,european,crossover
Skoda,Octavia A4,Octavia,2008,Manual,diesel,1500,150,Sedan,FWD,5,european,family
Geely,GX3 Pro,GX3 Pro,2024,Automatic,petrol,1500,110,Sedan,FWD,5,chinese,family
Hyundai,Matrix,Matrix,2009,Manual,diesel,1600,120,MPV,FWD,5,korean,mpv
Kia,Soul,Soul,2010,Automatic,cng,1600,130,Crossover,FWD,5,korean,crossover
Skoda,Octavia A7,Octavia,2019,Automatic,cng,1500,150,Sedan,FWD,5,european,family
Jeep,Wrangler,Wrangler,2010,Automatic,cng,2000,268,SUV,4WD,5,american,suv
Mercedes,V250,V250,2023,Automatic,petrol,2100,190,MPV,RWD,8,european,mpv
Peugeot,2008,2008,2017,Automatic,diesel,1200,130,Crossover,FWD,5,european,crossover
Seat,Toledo,Toledo,2016,Automatic,cng,1600,105,Sedan,FWD,5,european,family
Nissan,Sunny,Sunny,2008,Automatic,diesel,1600,110,Sedan,FWD,5,japanese,family
Peugeot,3008,3008,2011,Automatic,diesel,1200,130,SUV,FWD,5,european,suv
Renault,Sandero Stepway,Sandero,2015,Manual,petrol,1600,115,Hatchback,FWD,5,european,crossover
Nissan,Sunny,Sunny,2004,Automatic,petrol,1600,110,Sedan,FWD,5,japanese,family
Hyundai,Elantra HD,Elantra,2021,Automatic,petrol,1600,122,Sedan,FWD,5,korean,family
Lada,Granta,Granta,2016,Automatic,diesel,1600,87,Sedan,FWD,5,other,city
Mitsubishi,Lancer EX Shark,Lancer,2015,Automatic,diesel,1600,113,Sedan,FWD,5,japanese,family
Mini,Countryman S,Countryman,2019,Automatic,cng,2000,178,Crossover,AWD,5,european,crossover
Skoda,Superb,Superb,2025,Automatic,petrol,1800,180,Sedan,FWD,5,european,executive
Mitsubishi,Lancer EX Shark,Lancer,2016,Automatic,cng,1600,113,Sedan,FWD,5,japanese,family
Jaguar,F-Pace,F-Pace,2019,Automatic,petrol,2000,250,SUV,AWD,5,european,luxury_suv
Skoda,Superb,Superb,2021,Automatic,diesel,1800,180,Sedan,FWD,5,european,executive
Jeep,Renegade,Renegade,2021,Automatic,diesel,1400,150,Crossover,FWD,5,american,crossover
Jetour,X70S,X70S,2021,Automatic,petrol,1500,156,SUV,FWD,5,chinese,suv
Renault,Megane,Megane,2025,Automatic,petrol,1500,115,Hatchback,FWD,5,european,family
Hyundai,Tucson,Tucson,2022,Automatic,cng,1600,177,SUV,FWD,5,korean,suv
Haval,Jolion Pro,Jolion Pro,2026,Automatic,petrol,1500,169,SUV,FWD,5,chinese,suv
Nissan,Sunny,Sunny,2011,Manual,petrol,1600,110,Sedan,FWD,5,japanese,family
Renault,Kadjar,Kadjar,2016,Automatic,cng,1600,163,SUV,FWD,5,european,suv
Opel,Corsa,Corsa,2025,Automatic,petrol,1200,75,Hatchback,FWD,5,european,city
Toyota,Rush,Rush,2023,Automatic,petrol,1500,104,SUV,FWD,7,japanese,suv
Subaru,Impreza,Impreza,2006,Automatic,petrol,1498,107,Sedan,AWD,5,japanese,family
Chery,Arrizo 5,Arrizo 5,2023,Automatic,diesel,1500,115,Sedan,FWD,5,chinese,family
Chery,Arrizo 5,Arrizo 5,2021,Automatic,hybrid,1500,115,Sedan,FWD,5,chinese,family
Kia,Ceed,Ceed,2018,Automatic,petrol,1600,128,Hatchback,FWD,5,korean,family
Skoda,Octavia A4,Octavia,2007,Manual,diesel,1500,150,Sedan,FWD,5,european,family
Renault,Logan,Logan,2016,Automatic,cng,1600,84,Sedan,FWD,5,european,family
Mercedes,C200,C-Class,2008,Automatic,cng,1500,184,Sedan,RWD,5,european,executive
Kia,Carnival,Carnival,2026,Automatic,hybrid,2200,202,MPV,FWD,8,korean,mpv
Kia,Forte,Forte,2010,Automatic,petrol,1600,120,Sedan,FWD,5,korean,family
Jetour,X90 Plus,X90 Plus,2024,Automatic,petrol,1598,197,SUV,FWD,7,chinese,suv
MG,6,6,2022,Automatic,hybrid,1500,169,Sedan,FWD,5,chinese,executive
Jeep,Liberty,Liberty,2007,Automatic,petrol,2400,150,SUV,4WD,5,american,suv
Kia,Xceed,Xceed,2025,Automatic,diesel,1500,160,Crossover,FWD,5,korean,crossover
BYD,Sealion 6,Sealion 6,2026,Automatic,electric,0,200,Sedan,FWD,5,chinese,family
Avatr,11,11,2026,Automatic,electric,0,425,SUV,AWD,5,chinese,luxury_suv
Hyundai,Atos,Atos,2005,Automatic,petrol,1000,57,Hatchback,FWD,5,korean,city
BMW,X5,X5,2007,Automatic,diesel,3000,340,SUV,AWD,7,european,luxury_suv
Mercedes,180,180,2022,Automatic,petrol,1800,122,Sedan,RWD,5,european,executive
Avatr,12,12,2026,Automatic,electric,0,578,Sedan,AWD,5,chinese,luxury
Hyundai,IX35,IX35,2015,Automatic,petrol,1600,120,SUV,FWD,5,korean,suv
Subaru,XV,XV,2017,Automatic,petrol,2000,156,Crossover,AWD,5,japanese,crossover
Skoda,Octavia A7,Octavia,2014,Automatic,petrol,1500,150,Sedan,FWD,5,european,family
Hyundai,Accent HCI,Accent,2021,Automatic,petrol,1500,100,Hatchback,FWD,5,korean,city
Avatr,12,12,2024,Automatic,electric,0,578,Sedan,AWD,5,chinese,luxury
Hyundai,Elantra MD,Elantra,2012,Automatic,diesel,1600,120,Sedan,FWD,5,korean,family
Kia,K4,K4,2017,Automatic,petrol,1600,120,Sedan,FWD,5,korean,family
Renault,Fluence,Fluence,2011,Automatic,diesel,1600,100,Sedan,FWD,5,european,family
Kia,Sportage,Sportage,2013,Automatic,petrol,1600,177,SUV,FWD,5,korean,suv
Tesla,Model Y,Model Y,2025,Automatic,electric,0,283,SUV,RWD,5,american,suv
Hyundai,Getz,Getz,2007,Automatic,diesel,1400,97,Hatchback,FWD,5,korean,city
Mitsubishi,Lancer Puma,Lancer,2006,Manual,petrol,1600,113,Sedan,FWD,5,japanese,family
Land Rover,Range Rover,Range Rover,2025,Automatic,petrol,3000,400,SUV,4WD,5,european,luxury_suv
Chevrolet,Aveo,Aveo,2016,Automatic,diesel,1400,100,Sedan,FWD,5,american,city
Chevrolet,Optra,Optra,2011,Automatic,diesel,1600,109,Sedan,FWD,5,american,family
Daihatsu,Terios,Terios,2015,Automatic,petrol,1500,105,SUV,4WD,5,japanese,suv
Hyundai,Verna,Verna,2014,Manual,hybrid,1600,123,Sedan,FWD,5,korean,city
Hyundai,I10,I10,2014,Manual,petrol,1000,67,Hatchback,FWD,5,korean,city
Chevrolet,Equinox,Equinox,2018,Automatic,diesel,1500,170,SUV,FWD,5,american,suv
Kia,K3,K3,2015,Automatic,petrol,1600,120,Sedan,FWD,5,korean,family
Hyundai,Veloster,Veloster,2012,Automatic,diesel,1600,120,Coupe,FWD,4,korean,sport
Jeep,Grand Cherokee,Grand Cherokee,2008,Automatic,petrol,3600,293,SUV,4WD,5,american,luxury_suv
Citroën,C Elysee,C Elysee,2019,Automatic,petrol,1200,82,Sedan,FWD,5,european,family
Kia,Rio,Rio,2016,Automatic,diesel,1400,100,Sedan,FWD,5,korean,city
Chery,Tiggo 7 Pro,Tiggo 7,2024,Automatic,petrol,1500,156,SUV,FWD,5,chinese,suv
Mitsubishi,Lancer Puma,Lancer,2008,Manual,diesel,1600,113,Sedan,FWD,5,japanese,family
Haval,H6,H6,2025,Automatic,petrol,1500,169,SUV,FWD,5,chinese,suv
Toyota,Corolla,Corolla,2012,Automatic,diesel,1600,122,Sedan,FWD,5,japanese,family
Volkswagen,T-Roc,T-Roc,2024,Automatic,petrol,1000,115,Crossover,FWD,5,european,crossover
Mitsubishi,Eclipse Cross,Eclipse Cross,2019,Automatic,petrol,1500,163,SUV,AWD,5,japanese,suv
Land Rover,Range Rover Evoque,Range Rover,2021,Automatic,petrol,1500,249,Crossover,AWD,5,european,luxury_suv
Hyundai,Atos,Atos,2005,Manual,petrol,1000,57,Hatchback,FWD,5,korean,city
Chevrolet,Malibu,Malibu,2021,Automatic,petrol,1500,163,Sedan,FWD,5,american,executive
Renault,Duster,Duster,2014,Manual,diesel,1600,114,Crossover,FWD,5,european,crossover
Toyota,Corolla,Corolla,2006,Manual,diesel,1600,122,Sedan,FWD,5,japanese,family
BMW,520i,5 Series,2002,Automatic,diesel,2000,184,Sedan,RWD,5,european,executive
Renault,Duster,Duster,2023,Automatic,petrol,1600,114,Crossover,FWD,5,european,crossover
Mercedes,V250,V250,2023,Automatic,diesel,2100,190,MPV,RWD,8,european,mpv
Peugeot,2008,2008,2020,Automatic,petrol,1200,130,Crossover,FWD,5,european,crossover
Mercedes,C180,C-Class,1993,Automatic,petrol,1600,156,Sedan,RWD,5,european,executive
Kia,Ceed,Ceed,2017,Automatic,petrol,1600,128,Hatchback,FWD,5,korean,family
JAC,J7,J7,2022,Automatic,petrol,1500,169,Sedan,FWD,5,chinese,executive
Kia,Cerato,Cerato,2010,Automatic,diesel,1600,123,Sedan,FWD,5,korean,family
Volkswagen,Golf 6,Golf,2003,Automatic,petrol,1400,122,Hatchback,FWD,5,european,family
Mini,Cooper,Cooper,2026,Automatic,hybrid,1500,136,Hatchback,FWD,4,european,city
Daihatsu,Terios,Terios,2012,Automatic,petrol,1500,105,SUV,4WD,5,japanese,suv
MG,5,5,2020,Automatic,diesel,1500,169,Sedan,FWD,5,chinese,family
Citroën,C4,C4,2013,Automatic,petrol,1200,130,Hatchback,FWD,5,european,family
Fiat,Linea,Linea,2016,Manual,petrol,1600,120,Sedan,FWD,5,european,family
Volkswagen,Touareg,Touareg,2026,Automatic,petrol,3000,282,SUV,AWD,5,european,luxury_suv
Suzuki,Grand Vitara,Grand Vitara,2024,Automatic,diesel,2400,163,SUV,4WD,5,japanese,suv
Chery,Tiggo 3,Tiggo 3,2019,Automatic,petrol,1500,113,SUV,FWD,5,chinese,suv
Hyundai,Elantra HD,Elantra,2018,Automatic,diesel,1600,122,Sedan,FWD,5,korean,family
Toyota,Yaris,Yaris,2015,Automatic,diesel,1500,107,Hatchback,FWD,5,japanese,city
Skoda,Octavia Combi,Octavia,2009,Manual,petrol,1500,150,Sedan,FWD,5,european,family
Volkswagen,Golf 7,Golf,2018,Manual,diesel,1400,150,Hatchback,FWD,5,european,family
Kia,Sorento,Sorento,2026,Automatic,petrol,2400,173,SUV,AWD,7,korean,suv
Changan,Alsvin,Alsvin,2022,Manual,petrol,1500,109,Sedan,FWD,5,chinese,family
Mercedes,C200,C-Class,2022,Automatic,diesel,1500,184,Sedan,RWD,5,european,executive
Land Rover,Range Rover Evoque,Range Rover,2026,Automatic,hybrid,1500,249,Crossover,AWD,5,european,luxury_suv
Mitsubishi,Xpander,Xpander,2025,Automatic,diesel,1500,105,MPV,FWD,7,japanese,mpv
Kia,Cerato,Cerato,2015,Automatic,diesel,1600,123,Sedan,FWD,5,korean,family
Chevrolet,Pickup,Pickup,2002,Manual,diesel,1600,110,Sedan,FWD,5,american,family
Hyundai,Excel,Excel,1988,Automatic,petrol,1600,120,Sedan,FWD,5,korean,family
Volkswagen,T-Roc,T-Roc,2023,Automatic,petrol,1000,115,Crossover,FWD,5,european,crossover
BMW,X2,X2,2019,Automatic,petrol,1500,136,Crossover,FWD,5,european,luxury_suv
Geely,Coolray,Coolray,2024,Automatic,petrol,1500,177,Crossover,FWD,5,chinese,crossover
Mercedes,GLA,GLA,2025,Automatic,petrol,1400,163,Crossover,FWD,5,european,luxury_suv
Hyundai,Accent RB,Accent,2002,Automatic,petrol,1600,123,Sedan,FWD,5,korean,city
SsangYong,Tivoli XLV,Tivoli,2019,Automatic,petrol,1500,163,SUV,FWD,5,korean,suv
Kia,Carnival,Carnival,2024,Automatic,hybrid,2200,202,MPV,FWD,8,korean,mpv
Changan,Eado,Eado,2026,Automatic,petrol,1500,156,Sedan,FWD,5,chinese,family
Toyota,Fortuner,Fortuner,2019,Automatic,petrol,2700,166,SUV,4WD,7,japanese,suv
Toyota,Yaris,Yaris,2011,Automatic,petrol,1500,107,Hatchback,FWD,5,japanese,city
Fiat,Linea,Linea,2017,Manual,petrol,1600,120,Sedan,FWD,5,european,family
Mercedes,E230,E-Class,1990,Automatic,petrol,1600,156,Sedan,RWD,5,european,executive
Volkswagen,Golf 6,Golf,2010,Automatic,petrol,1400,122,Hatchback,FWD,5,european,family
Nissan,Sentra,Sentra,2020,Automatic,diesel,1600,122,Sedan,FWD,5,japanese,family
Geely,Emgrand 7,Emgrand 7,2014,Automatic,petrol,1800,132,Sedan,FWD,5,chinese,family
Hyundai,Elantra AD,Elantra,2020,Automatic,petrol,1600,128,Sedan,FWD,5,korean,family
Mercedes,GLC,GLC,2026,Automatic,petrol,1500,197,SUV,4WD,5,european,luxury_suv
Kia,Cerato Koup,Cerato,2012,Automatic,petrol,1600,120,Sedan,FWD,5,korean,family
Mitsubishi,Attrage,Attrage,2014,Automatic,cng,1200,78,Sedan,FWD,5,japanese,city
BMW,330,3 Series,2010,Automatic,petrol,2000,258,Sedan,RWD,5,european,executive
BMW,118,1 Series,2012,Automatic,cng,1500,136,Hatchback,RWD,5,european,executive
Skoda,Octavia A7,Octavia,2016,Automatic,diesel,1500,150,Sedan,FWD,5,european,family
Kia,Carens,Carens,2025,Automatic,petrol,1600,130,MPV,FWD,7,korean,mpv
Hyundai,I10,I10,2012,Automatic,petrol,1000,67,Hatchback,FWD,5,korean,city
Toyota,Corolla,Corolla,2021,Automatic,diesel,1600,122,Sedan,FWD,5,japanese,family
BYD,F3,F3,2021,Manual,cng,1500,109,Sedan,FWD,5,chinese,family
Mazda,3,3,2020,Automatic,petrol,1500,120,Sedan,FWD,5,japanese,family
Nissan,Qashqai,Qashqai,2013,Automatic,diesel,1500,163,SUV,FWD,5,japanese,suv
Opel,Grandland,Grandland,2021,Automatic,cng,1200,130,SUV,FWD,5,european,suv
Peugeot,301,301,2014,Automatic,diesel,1200,82,Sedan,FWD,5,european,family
Subaru,XV,XV,2019,Automatic,cng,2000,156,Crossover,AWD,5,japanese,crossover
Kia,Sephia,Sephia,1999,Manual,petrol,1600,120,Sedan,FWD,5,korean,family
BYD,Seagull,Seagull,2024,Automatic,electric,0,200,Sedan,FWD,5,chinese,family
Chevrolet,Aveo,Aveo,2015,Manual,petrol,1400,100,Sedan,FWD,5,american,city
BMW,316,3 Series,2007,Manual,cng,1600,116,Sedan,RWD,5,european,executive
Kia,Pride,Pride,1998,Automatic,petrol,1600,120,Sedan,FWD,5,korean,family
Volkswagen,Golf 6,Golf,2019,Automatic,petrol,1400,122,Hatchback,FWD,5,european,family
Jetour,T1,T1,2025,Automatic,hybrid,1500,156,Crossover,FWD,5,chinese,crossover
Kia,Sportage,Sportage,2015,Automatic,diesel,1600,177,SUV,FWD,5,korean,suv
Kia,Sephia,Sephia,2001,Automatic,petrol,1600,120,Sedan,FWD,5,korean,family
Ford,Fiesta,Fiesta,2012,Automatic,petrol,1000,100,Hatchback,FWD,5,american,city
Jeep,Grand Cherokee,Grand Cherokee,1999,Automatic,petrol,3600,293,SUV,4WD,5,american,luxury_suv
Skoda,Octavia A8,Octavia,2024,Automatic,petrol,1395,150,Sedan,FWD,5,european,family
BMW,X1,X1,2025,Automatic,diesel,1500,136,Crossover,FWD,5,european,luxury_suv
Mercedes,C250,C-Class,2011,Automatic,petrol,1800,204,Sedan,RWD,5,european,executive
Peugeot,5008,5008,2025,Automatic,petrol,1200,130,SUV,FWD,7,european,suv
Hyundai,Atos,Atos,2009,Automatic,petrol,1000,57,Hatchback,FWD,5,korean,city
Fiat,Tipo,Tipo,2024,Manual,diesel,1600,110,Sedan,FWD,5,european,family
Daihatsu,Charade,Charade,1990,Automatic,petrol,1000,56,Hatchback,FWD,5,japanese,city
Ford,Focus,Focus,2016,Automatic,diesel,1500,150,Hatchback,FWD,5,american,family
Mercedes,200,200,1997,Automatic,petrol,2000,136,Sedan,RWD,5,european,executive
Hyundai,Avante,Avante,2014,Automatic,petrol,1600,120,Sedan,FWD,5,korean,family
Seat,Ibiza,Ibiza,1990,Manual,petrol,1000,95,Hatchback,FWD,5,european,city
Speranza,Chery QQ,Chery QQ,2009,Manual,petrol,1300,70,Hatchback,FWD,5,chinese,city
Kia,Sephia,Sephia,1995,Manual,petrol,1600,120,Sedan,FWD,5,korean,family
Hyundai,Excel,Excel,1997,Automatic,diesel,1600,120,Sedan,FWD,5,korean,family
Mini,Cooper,Cooper,2017,Automatic,petrol,1500,136,Hatchback,FWD,4,european,city
Kia,Grand Cerato,Cerato,2019,Automatic,petrol,1600,120,Sedan,FWD,5,korean,family
Renault,Sandero Stepway,Sandero,2019,Automatic,diesel,1600,115,Hatchback,FWD,5,european,crossover
Volkswagen,Passat,Passat,2011,Automatic,diesel,1800,150,Sedan,FWD,5,european,executive
Toyota,Corolla,Corolla,2014,Automatic,diesel,1600,122,Sedan,FWD,5,japanese,family
MG,6,6,2019,Automatic,petrol,1500,169,Sedan,FWD,5,chinese,executive
Hyundai,I10,I10,2016,Automatic,petrol,1000,67,Hatchback,FWD,5,korean,city
BMW,IX1,IX1,2026,Automatic,electric,0,313,Crossover,AWD,5,european,luxury_suv
Audi,A5,A5,2026,Automatic,petrol,2000,190,Coupe,AWD,4,european,executive
Kia,Rio,Rio,2014,Automatic,diesel,1400,100,Sedan,FWD,5,korean,city
Brilliance,V5,V5,2017,Automatic,petrol,1500,150,SUV,FWD,5,chinese,suv
Mercedes,E200,E-Class,2020,Automatic,cng,2000,184,Sedan,RWD,5,european,executive
Skoda,Octavia A4,Octavia,2003,Manual,diesel,1500,150,Sedan,FWD,5,european,family
Skoda,Octavia A4,Octavia,2006,Automatic,petrol,1500,150,Sedan,FWD,5,european,family
Kia,Grand Cerato,Cerato,2021,Automatic,petrol,1600,120,Sedan,FWD,5,korean,family
Kia,Sportage,Sportage,2016,Automatic,petrol,1600,177,SUV,FWD,5,korean,suv
Land Rover,Defender,Defender,2024,Automatic,petrol,2000,300,SUV,4WD,5,european,luxury_suv
Hyundai,Bayon,Bayon,2022,Automatic,petrol,1600,120,Crossover,FWD,5,korean,crossover
Hyundai,Verna,Verna,2017,Manual,cng,1600,123,Sedan,FWD,5,korean,city
Kia,Soul,Soul,2016,Automatic,petrol,1600,130,Crossover,FWD,5,korean,crossover
Proton,Gen-2,Gen-2,2011,Automatic,petrol,1600,110,Hatchback,FWD,5,other,family
Chery,Tiggo 7,Tiggo 7,2022,Automatic,diesel,1500,156,SUV,FWD,5,chinese,suv
Mitsubishi,Mirage,Mirage,2026,Automatic,petrol,1600,113,Hatchback,FWD,5,japanese,city
JAC,S2,S2,2019,Automatic,petrol,1500,109,Crossover,FWD,5,chinese,crossover
Jeep,Grand Cherokee 4xe,Grand Cherokee,2010,Automatic,cng,2000,375,SUV,4WD,5,american,luxury_suv
Mercedes,A200,A-Class,2024,Automatic,petrol,1400,163,Hatchback,FWD,5,european,executive
Mercedes,C180,C-Class,2019,Automatic,diesel,1600,156,Sedan,RWD,5,european,executive
Mitsubishi,Lancer Crystala,Lancer,1998,Manual,diesel,1600,113,Sedan,FWD,5,japanese,family
Mercedes,V250,V250,2025,Automatic,petrol,2100,190,MPV,RWD,8,european,mpv
Chevrolet,Pickup,Pickup,2026,Automatic,petrol,1600,110,Sedan,FWD,5,american,family
Land Rover,Range Rover Evoque,Range Rover,2012,Automatic,petrol,1500,249,Crossover,AWD,5,european,luxury_suv
Hyundai,Tucson,Tucson,2022,Automatic,diesel,1600,177,SUV,FWD,5,korean,suv
Suzuki,Vitara,Vitara,2002,Automatic,petrol,1400,140,SUV,AWD,5,japanese,suv
Mercedes,500,500,2025,Automatic,petrol,4700,435,Sedan,RWD,5,european,luxury
Kia,K4,K4,2016,Automatic,petrol,1600,120,Sedan,FWD,5,korean,family
Hyundai,Elantra HD,Elantra,2009,Automatic,petrol,1600,122,Sedan,FWD,5,korean,family
Mercedes,E280,E-Class,2007,Automatic,petrol,3000,231,Sedan,RWD,5,european,executive
Chevrolet,Captiva,Captiva,2025,Automatic,petrol,1500,150,SUV,FWD,7,american,suv
DS,DS7,DS7,2024,Automatic,petrol,1600,225,SUV,AWD,5,european,luxury_suv
Volkswagen,Beetle,Beetle,2014,Automatic,petrol,1400,150,Coupe,FWD,4,european,sport
Peugeot,5008,5008,2020,Automatic,cng,1200,130,SUV,FWD,7,european,suv
Honda,Civic,Civic,1993,Automatic,diesel,1500,182,Sedan,FWD,5,japanese,family
Jetour,Dashing,Dashing,2025,Automatic,diesel,1500,156,Sedan,FWD,5,chinese,family
Mercedes,GLS,GLS,2025,Automatic,petrol,1600,156,SUV,AWD,5,european,luxury_suv
Peugeot,2008,2008,2019,Automatic,petrol,1200,130,Crossover,FWD,5,european,crossover
Jetour,Dashing,Dashing,2024,Automatic,petrol,1500,156,Sedan,FWD,5,chinese,family
Hyundai,Sonata,Sonata,2025,Automatic,petrol,2000,154,Sedan,FWD,5,korean,executive
Kia,Carens,Carens,2011,Automatic,diesel,1600,130,MPV,FWD,7,korean,mpv
Chery,Tiggo 8 Pro Max,Tiggo 8,2026,Automatic,hybrid,1500,113,SUV,FWD,5,chinese,suv
Renault,Sandero,Sandero,2022,Automatic,diesel,1600,84,Hatchback,FWD,5,european,city
Chevrolet,Aveo,Aveo,2009,Automatic,diesel,1400,100,Sedan,FWD,5,american,city
Toyota,Corolla,Corolla,2007,Manual,diesel,1600,122,Sedan,FWD,5,japanese,family
Mercedes,E200,E-Class,2021,Automatic,hybrid,2000,184,Sedan,RWD,5,european,executive
Lada,Granta,Granta,2023,Automatic,petrol,1600,87,Sedan,FWD,5,other,city
Volkswagen,Passat,Passat,2026,Automatic,petrol,1800,150,Sedan,FWD,5,european,executive
Chevrolet,Aveo,Aveo,2015,Automatic,diesel,1400,100,Sedan,FWD,5,american,city
Mitsubishi,Lancer,Lancer,2008,Automatic,diesel,1600,113,Sedan,FWD,5,japanese,family
Hyundai,Elantra AD,Elantra,2025,Automatic,diesel,1600,128,Sedan,FWD,5,korean,family
Suzuki,Swift,Swift,2021,Automatic,diesel,1200,83,Hatchback,FWD,5,japanese,city
Seat,Ibiza,Ibiza,2025,Automatic,diesel,1000,95,Hatchback,FWD,5,european,city
Peugeot,3008,3008,2021,Automatic,hybrid,1200,130,SUV,FWD,5,european,suv
BMW,M4,M4,2025,Automatic,petrol,3000,510,Coupe,RWD,4,european,sport
Kaiyi,X7,X7,2025,Automatic,petrol,2000,204,SUV,FWD,5,chinese,suv
Jaguar,F-Pace,F-Pace,2022,Automatic,petrol,2000,250,SUV,AWD,5,european,luxury_suv
Seat,Arona,Arona,2025,Automatic,petrol,1000,95,Crossover,FWD,5,european,crossover
Toyota,Prado,Prado,2015,Automatic,petrol,2700,163,SUV,4WD,7,japanese,luxury_suv
Ford,Mondeo,Mondeo,1998,Automatic,petrol,2000,145,Sedan,FWD,5,american,executive
Daihatsu,Terios,Terios,2008,Automatic,diesel,1500,105,SUV,4WD,5,japanese,suv
Chery,Arrizo 8,Arrizo 8,2025,Automatic,petrol,2000,197,Sedan,FWD,5,chinese,executive
Jeep,Cherokee,Cherokee,2025,Automatic,petrol,2400,184,SUV,4WD,5,american,suv
GMC,Terrain,Terrain,2023,Automatic,diesel,1500,170,SUV,AWD,5,american,suv
MG,6,6,2023,Automatic,petrol,1500,169,Sedan,FWD,5,chinese,executive
Kia,K3,K3,2022,Automatic,petrol,1600,120,Sedan,FWD,5,korean,family
Audi,Q3,Q3,2025,Automatic,petrol,1500,150,SUV,FWD,5,european,luxury_suv
Mini,Countryman,Countryman,2016,Automatic,petrol,1500,136,Crossover,FWD,5,european,crossover
Peugeot,301,301,2015,Automatic,diesel,1200,82,Sedan,FWD,5,european,family
Mercedes,E240,E-Class,2003,Automatic,diesel,1600,156,Sedan,RWD,5,european,executive
Hyundai,Grand i10,Grand i10,2015,Automatic,petrol,1200,84,Hatchback,FWD,5,korean,city
SsangYong,Torres,Torres,2023,Automatic,petrol,1500,170,SUV,FWD,5,korean,suv
Skoda,Kodiaq,Kodiaq,2025,Dsg,petrol,2000,190,SUV,AWD,7,european,suv
Mitsubishi,Lancer EX Shark,Lancer,2017,Automatic,petrol,1600,113,Sedan,FWD,5,japanese,family
Ford,EcoSport,EcoSport,2019,Automatic,diesel,1000,125,Crossover,FWD,5,american,crossover
Volkswagen,Golf,Golf,2018,Manual,petrol,1400,150,Hatchback,FWD,5,european,family
Opel,Astra,Astra,2015,Automatic,diesel,1400,150,Hatchback,FWD,5,european,family
Jeep,Grand Cherokee,Grand Cherokee,2012,Automatic,petrol,3600,293,SUV,4WD,5,american,luxury_suv
MG,One,One,2025,Automatic,diesel,1500,181,SUV,FWD,5,chinese,suv
Mercedes,A200,A-Class,2022,Automatic,diesel,1400,163,Hatchback,FWD,5,european,executive
Mercedes,GT43,GT43,2025,Automatic,petrol,1600,156,Coupe,RWD,5,european,sport
Renault,Sandero,Sandero,2014,Manual,diesel,1600,84,Hatchback,FWD,5,european,city
Volkswagen,Golf 4,Golf,1999,Automatic,petrol,1600,100,Hatchback,FWD,5,european,family
Peugeot,308 SW,308 SW,2011,Automatic,diesel,1400,95,Sedan,FWD,5,european,family
Nissan,Qashqai,Qashqai,2010,Automatic,petrol,1500,163,SUV,FWD,5,japanese,suv
Jetour,X70S,X70S,2022,Automatic,petrol,1500,156,SUV,FWD,5,chinese,suv
Kia,Shuma,Shuma,2008,Manual,petrol,1600,120,Sedan,FWD,5,korean,family
Peugeot,301,301,2020,Automatic,diesel,1200,82,Sedan,FWD,5,european,family
BYD,F3,F3,2018,Manual,diesel,1500,109,Sedan,FWD,5,chinese,family
Changan,CS55,CS55,2022,Automatic,petrol,1500,156,SUV,FWD,5,chinese,suv
Toyota,Land Cruiser,Land Cruiser,2012,Automatic,petrol,4000,271,SUV,4WD,8,japanese,luxury_suv
Jetour,Dashing,Dashing,2026,Automatic,diesel,1500,156,Sedan,FWD,5,chinese,family
Nissan,Tiida,Tiida,2014,Automatic,petrol,1600,110,Sedan,FWD,5,japanese,family
Skoda,Fabia,Fabia,2008,Manual,petrol,1000,95,Hatchback,FWD,5,european,city
Mitsubishi,Attrage,Attrage,2018,Manual,petrol,1200,78,Sedan,FWD,5,japanese,city
Mazda,3,3,2015,Automatic,diesel,1500,120,Sedan,FWD,5,japanese,family
Fiat,Punto,Punto,2017,Manual,petrol,1200,69,Hatchback,FWD,5,european,city
Chery,Arrizo 5,Arrizo 5,2020,Automatic,diesel,1500,115,Sedan,FWD,5,chinese,family
Renault,Kadjar,Kadjar,2020,Automatic,diesel,1600,163,SUV,FWD,5,european,suv
Volkswagen,Tiguan,Tiguan,2018,Automatic,diesel,1400,150,SUV,FWD,5,european,suv
Nissan,Sunny,Sunny,2022,Manual,cng,1600,110,Sedan,FWD,5,japanese,family
Hyundai,Accent,Accent,2009,Automatic,petrol,1600,123,Sedan,FWD,5,korean,city
Jeep,Grand Cherokee,Grand Cherokee,2010,Automatic,petrol,3600,293,SUV,4WD,5,american,luxury_suv
Kia,Rio,Rio,2013,Automatic,cng,1400,100,Sedan,FWD,5,korean,city
Kia,Sportage,Sportage,2023,Automatic,hybrid,1600,177,SUV,FWD,5,korean,suv
BMW,IX3,IX3,2013,Automatic,electric,0,286,SUV,RWD,5,european,luxury_suv
Peugeot,308,308,2011,Manual,petrol,1200,130,Hatchback,FWD,5,european,family
SsangYong,Torres,Torres,2025,Automatic,petrol,1500,170,SUV,FWD,5,korean,suv
Geely,Emgrand,Emgrand,2025,Automatic,petrol,1500,107,Sedan,FWD,5,chinese,family
Volvo,XC90,XC90,2011,Automatic,petrol,2000,300,SUV,AWD,7,european,luxury_suv
Hyundai,Excel,Excel,1994,Manual,petrol,1600,120,Sedan,FWD,5,korean,family
Suzuki,Ciaz,Ciaz,2016,Automatic,petrol,1500,105,Sedan,FWD,5,japanese,family
Nissan,Sunny,Sunny,2016,Automatic,diesel,1600,110,Sedan,FWD,5,japanese,family
Hyundai,Tucson,Tucson,2019,Automatic,diesel,1600,177,SUV,FWD,5,korean,suv
Jeep,Grand Cherokee,Grand Cherokee,2001,Automatic,petrol,3600,293,SUV,4WD,5,american,luxury_suv
Fiat,Tipo,Tipo,2024,Automatic,petrol,1600,110,Sedan,FWD,5,european,family
Citroën,C5 Aircross,C5 Aircross,2023,Automatic,petrol,1200,130,SUV,FWD,5,european,suv
Mercedes,E180,E-Class,2018,Automatic,cng,1600,156,Sedan,RWD,5,european,executive
Nissan,Sentra,Sentra,2015,Automatic,cng,1600,122,Sedan,FWD,5,japanese,family
Nissan,Sunny,Sunny,2023,Automatic,diesel,1600,110,Sedan,FWD,5,japanese,family
Chevrolet,N300,N300,2023,Manual,petrol,1600,110,Sedan,FWD,5,american,family
Opel,Astra,Astra,2014,Automatic,diesel,1400,150,Hatchback,FWD,5,european,family
Lada,Granta,Granta,2022,Manual,petrol,1600,87,Sedan,FWD,5,other,city
Chevrolet,Optra,Optra,2023,Automatic,diesel,1600,109,Sedan,FWD,5,american,family
Toyota,Yaris,Yaris,2008,Automatic,cng,1500,107,Hatchback,FWD,5,japanese,city
Nissan,Sunny,Sunny,2021,Manual,cng,1600,110,Sedan,FWD,5,japanese,family
Peugeot,508,508,2020,Automatic,diesel,1600,165,Sedan,FWD,5,european,executive
Fiat,Uno,Uno,1998,Manual,cng,1400,80,Hatchback,FWD,5,european,city
Hyundai,Elantra HD,Elantra,2022,Automatic,petrol,1600,122,Sedan,FWD,5,korean,family
Mercedes,CLA180,CLA,2019,Automatic,petrol,1400,136,Coupe,FWD,5,european,sport
Kia,Carens,Carens,2015,Automatic,petrol,1600,130,MPV,FWD,7,korean,mpv
Chery,Envy,Envy,2014,Automatic,petrol,1500,113,Sedan,FWD,5,chinese,family
Mitsubishi,Xpander Cross,Xpander Cross,2025,Automatic,petrol,1600,113,MPV,FWD,7,japanese,mpv
DS,DS7,DS7,2023,Automatic,diesel,1600,225,SUV,AWD,5,european,luxury_suv
Land Rover,Range Rover Velar,Range Rover,2025,Automatic,diesel,2000,247,SUV,AWD,5,european,luxury_suv
Toyota,Corolla,Corolla,2016,Automatic,diesel,1600,122,Sedan,FWD,5,japanese,family
Hyundai,Accent RB,Accent,2025,Automatic,petrol,1600,123,Sedan,FWD,5,korean,city
Geely,Emgrand 7,Emgrand 7,2018,Manual,petrol,1800,132,Sedan,FWD,5,chinese,family
BMW,X6 M,X6,2016,Automatic,diesel,4400,617,SUV,AWD,5,european,luxury_suv
Peugeot,2008,2008,2021,Automatic,diesel,1200,130,Crossover,FWD,5,european,crossover
Kia,Cerato,Cerato,2018,Automatic,hybrid,1600,123,Sedan,FWD,5,korean,family
Toyota,Corolla,Corolla,2020,Automatic,diesel,1600,122,Sedan,FWD,5,japanese,family
Mitsubishi,Lancer Puma,Lancer,2009,Automatic,petrol,1600,113,Sedan,FWD,5,japanese,family
Toyota,Corolla,Corolla,2003,Automatic,petrol,1600,122,Sedan,FWD,5,japanese,family
Kia,Picanto,Picanto,2008,Automatic,petrol,1000,67,Hatchback,FWD,5,korean,city
Nissan,Juke,Juke,2020,Automatic,cng,1000,117,Crossover,FWD,5,japanese,crossover
Peugeot,5008,5008,2023,Automatic,petrol,1200,130,SUV,FWD,7,european,suv
BAIC,EU5 Plus,EU5 Plus,2025,Automatic,electric,0,163,Sedan,FWD,5,chinese,family
Isuzu,D-Max,D-Max,2026,Automatic,diesel,3000,163,Pickup,4WD,5,japanese,truck
BMW,X5 M,X5,2017,Automatic,petrol,4400,617,SUV,AWD,7,european,luxury_suv
Renault,Kardian,Kardian,2025,Automatic,petrol,1600,100,Crossover,FWD,5,european,crossover
Hyundai,Elantra CN7,Elantra,2023,Automatic,petrol,1600,128,Sedan,FWD,5,korean,family
Mercedes,C180,C-Class,2004,Automatic,petrol,1600,156,Sedan,RWD,5,european,executive
Volkswagen,Passat,Passat,2021,Automatic,cng,1800,150,Sedan,FWD,5,european,executive
Honda,City,City,2019,Automatic,cng,1500,119,Sedan,FWD,5,japanese,family
Citroën,C5,C5,2016,Automatic,petrol,1600,120,Sedan,FWD,5,european,executive
Jaguar,XE,XE,2021,Automatic,petrol,2000,250,Sedan,RWD,5,european,luxury
Mercedes,A200,A-Class,2019,Automatic,petrol,1400,163,Hatchback,FWD,5,european,executive
Hyundai,Elantra HD,Elantra,2020,Automatic,diesel,1600,122,Sedan,FWD,5,korean,family
Hyundai,Getz,Getz,2008,Manual,petrol,1400,97,Hatchback,FWD,5,korean,city
Renault,Duster,Duster,2019,Automatic,diesel,1600,114,Crossover,FWD,5,european,crossover
Chery,Tiggo 8,Tiggo 8,2022,Automatic,hybrid,1500,197,SUV,FWD,7,chinese,suv
Chery,Arrizo 5,Arrizo 5,2022,Manual,cng,1500,115,Sedan,FWD,5,chinese,family
GMC,Yukon,Yukon,2025,Automatic,petrol,5300,355,SUV,4WD,9,american,luxury_suv
Suzuki,Swift Dzire,Swift Dzire,2023,Automatic,petrol,1200,83,Hatchback,FWD,5,japanese,city
Mercedes,E180,E-Class,2016,Automatic,diesel,1600,156,Sedan,RWD,5,european,executive
Porsche,Cayenne S,Cayenne,2016,Automatic,petrol,4000,440,SUV,AWD,5,european,luxury_suv
Toyota,Corolla,Corolla,2003,Manual,petrol,1600,122,Sedan,FWD,5,japanese,family
Chevrolet,Optra,Optra,2020,Automatic,hybrid,1600,109,Sedan,FWD,5,american,family
Jeep,Renegade,Renegade,2020,Automatic,diesel,1400,150,Crossover,FWD,5,american,crossover
Hyundai,I30,I30,2017,Automatic,petrol,1600,120,Sedan,FWD,5,korean,family
Mitsubishi,Pajero,Pajero,2006,Automatic,diesel,3000,178,SUV,4WD,7,japanese,suv
Suzuki,Swift,Swift,2022,Automatic,diesel,1200,83,Hatchback,FWD,5,japanese,city
Hyundai,Avante,Avante,2021,Automatic,petrol,1600,120,Sedan,FWD,5,korean,family
MG,HS,HS,2022,Automatic,diesel,1500,162,SUV,FWD,5,chinese,suv
BMW,318i,3 Series,2019,Automatic,diesel,2000,136,Sedan,RWD,5,european,executive
Hyundai,XD,XD,2004,Automatic,petrol,1600,120,Sedan,FWD,5,korean,family
BMW,X6,X6,2024,Automatic,cng,3000,340,SUV,AWD,5,european,luxury_suv
Skoda,Rapid,Rapid,2015,Automatic,petrol,1500,150,Sedan,FWD,5,european,family
Hyundai,Accent,Accent,2009,Manual,diesel,1600,123,Sedan,FWD,5,korean,city
BMW,318i,3 Series,2016,Automatic,cng,2000,136,Sedan,RWD,5,european,executive
JAC,S2,S2,2025,Automatic,petrol,1500,109,Crossover,FWD,5,chinese,crossover
Kia,Sportage,Sportage,2022,Automatic,cng,1600,177,SUV,FWD,5,korean,suv
Chery,Tiggo 4 Pro,Tiggo 4,2026,Cvt,petrol,1500,147,SUV,FWD,5,chinese,suv
Volkswagen,Golf 6,Golf,2014,Automatic,petrol,1400,122,Hatchback,FWD,5,european,family
Kia,Cerato,Cerato,2010,Automatic,hybrid,1600,123,Sedan,FWD,5,korean,family
BMW,528,5 Series,2014,Automatic,petrol,2000,245,Sedan,RWD,5,european,executive
Proton,Persona,Persona,2015,Automatic,petrol,1600,110,Sedan,FWD,5,other,family
Speranza,Chery QQ,Chery QQ,2006,Manual,petrol,1300,70,Hatchback,FWD,5,chinese,city
Skoda,Karoq,Karoq,2022,Automatic,petrol,1500,150,SUV,FWD,5,european,suv
Opel,Astra,Astra,2011,Automatic,diesel,1400,150,Hatchback,FWD,5,european,family
Chery,Arrizo 5,Arrizo 5,2021,Manual,hybrid,1500,115,Sedan,FWD,5,chinese,family
Renault,Austral,Austral,2026,Automatic,petrol,1300,158,SUV,FWD,5,european,suv
Toyota,Corolla,Corolla,1997,Automatic,petrol,1600,122,Sedan,FWD,5,japanese,family
Alfa Romeo,Giulietta,Giulietta,2021,Automatic,cng,1400,150,Hatchback,FWD,5,european,executive
Fiat,Tempra,Tempra,1990,Manual,petrol,1600,90,Sedan,FWD,5,european,family
Chery,Tiggo 7 Pro,Tiggo 7,2023,Automatic,petrol,1500,156,SUV,FWD,5,chinese,suv
Renault,Megane,Megane,2020,Automatic,diesel,1500,115,Hatchback,FWD,5,european,family
Kia,Cerato,Cerato,2008,Manual,petrol,1600,123,Sedan,FWD,5,korean,family
Hyundai,IX35,IX35,2016,Manual,petrol,1600,120,SUV,FWD,5,korean,suv
Renault,Sandero,Sandero,2014,Automatic,diesel,1600,84,Hatchback,FWD,5,european,city
Hyundai,Solaris,Solaris,2017,Automatic,petrol,1600,120,Sedan,FWD,5,korean,family
Kia,Cerato,Cerato,2005,Automatic,petrol,1600,123,Sedan,FWD,5,korean,family
Peugeot,301,301,2017,Automatic,diesel,1200,82,Sedan,FWD,5,european,family
Chevrolet,Optra,Optra,2018,Automatic,diesel,1600,109,Sedan,FWD,5,american,family
Volkswagen,Golf 6,Golf,2015,Automatic,hybrid,1400,122,Hatchback,FWD,5,european,family
Kia,Soul,Soul,2015,Automatic,hybrid,1600,130,Crossover,FWD,5,korean,crossover
Suzuki,S-Presso,S-Presso,2022,Manual,petrol,1200,83,Hatchback,FWD,5,japanese,city
Honda,City,City,2016,Automatic,petrol,1500,119,Sedan,FWD,5,japanese,family
Hyundai,Avante,Avante,2001,Automatic,petrol,1600,120,Sedan,FWD,5,korean,family
Daihatsu,Terios,Terios,2012,Automatic,diesel,1500,105,SUV,4WD,5,japanese,suv
Nissan,Sunny,Sunny,2016,Automatic,hybrid,1600,110,Sedan,FWD,5,japanese,family
Seat,Ibiza,Ibiza,2009,Automatic,petrol,1000,95,Hatchback,FWD,5,european,city
Mitsubishi,Lancer Crystala,Lancer,1998,Manual,petrol,1600,113,Sedan,FWD,5,japanese,family
Speranza,Chery QQ,Chery QQ,2005,Manual,petrol,1300,70,Hatchback,FWD,5,chinese,city
Land Rover,Range Rover,Range Rover,2022,Automatic,hybrid,3000,400,SUV,4WD,5,european,luxury_suv
Skoda,Octavia A4,Octavia,2006,Manual,petrol,1500,150,Sedan,FWD,5,european,family
Hyundai,Accent RB,Accent,2012,Automatic,petrol,1600,123,Sedan,FWD,5,korean,city
Kia,Cerato,Cerato,2013,Manual,petrol,1600,123,Sedan,FWD,5,korean,family
Nissan,Juke,Juke,2015,Automatic,diesel,1000,117,Crossover,FWD,5,japanese,crossover
BYD,F3,F3,2024,Automatic,diesel,1500,109,Sedan,FWD,5,chinese,family
Audi,Q3,Q3,2021,Automatic,diesel,1500,150,SUV,FWD,5,european,luxury_suv
Hyundai,Getz,Getz,2009,Automatic,diesel,1400,97,Hatchback,FWD,5,korean,city
BMW,523,5 Series,2001,Automatic,petrol,2500,177,Sedan,RWD,5,european,executive
Opel,Astra,Astra,2020,Automatic,diesel,1400,150,Hatchback,FWD,5,european,family
Speranza,A620,A620,2008,Automatic,petrol,2000,145,Sedan,FWD,5,chinese,family
Hyundai,Elantra MD,Elantra,2013,Automatic,petrol,1600,120,Sedan,FWD,5,korean,family
Kia,Spectra,Spectra,2004,Manual,petrol,1600,120,Sedan,FWD,5,korean,family
Citroën,C5,C5,2022,Automatic,petrol,1600,120,Sedan,FWD,5,european,executive
Jeep,Wrangler,Wrangler,2012,Automatic,diesel,2000,268,SUV,4WD,5,american,suv
Citroën,C Elysee,C Elysee,2021,Automatic,diesel,1200,82,Sedan,FWD,5,european,family
Hyundai,I30,I30,2026,Dsg,petrol,1600,120,Sedan,FWD,5,korean,family
Hyundai,Excel,Excel,1990,Manual,petrol,1600,120,Sedan,FWD,5,korean,family
Volkswagen,ID4,ID4,2021,Automatic,electric,0,204,SUV,FWD,5,european,suv
Proton,Saga,Saga,2013,Automatic,diesel,1300,95,Sedan,FWD,5,other,city
Hyundai,Elantra HD,Elantra,2024,Automatic,petrol,1600,122,Sedan,FWD,5,korean,family
Proton,Waja,Waja,2009,Automatic,petrol,1600,110,Sedan,FWD,5,other,family
Suzuki,Swift Dzire,Swift Dzire,2016,Automatic,diesel,1200,83,Hatchback,FWD,5,japanese,city
Mitsubishi,Eclipse Cross,Eclipse Cross,2021,Automatic,petrol,1500,163,SUV,AWD,5,japanese,suv
Kia,Grand Cerato,Cerato,2024,Automatic,diesel,1600,120,Sedan,FWD,5,korean,family
Hyundai,Elantra,Elantra,2007,Automatic,petrol,1600,128,Sedan,FWD,5,korean,family
Mini,Countryman,Countryman,2023,Automatic,petrol,1500,136,Crossover,FWD,5,european,crossover
Chery,Arrizo 5,Arrizo 5,2022,Automatic,diesel,1500,115,Sedan,FWD,5,chinese,family
Hyundai,Accent RB,Accent,2013,Automatic,petrol,1600,123,Sedan,FWD,5,korean,city
Kia,Picanto,Picanto,2015,Automatic,diesel,1000,67,Hatchback,FWD,5,korean,city
Audi,A3,A3,2023,Automatic,petrol,1500,150,Sedan,FWD,5,european,executive
Rox,01,01,2025,Automatic,electric,0,400,SUV,AWD,5,chinese,suv
Speranza,Chery QQ,Chery QQ,2007,Manual,petrol,1300,70,Hatchback,FWD,5,chinese,city
Honda,Civic,Civic,2018,Automatic,diesel,1500,182,Sedan,FWD,5,japanese,family
JAC,JS3,JS3,2022,Automatic,diesel,1500,113,Crossover,FWD,5,chinese,crossover
Nissan,Sunny,Sunny,2021,Automatic,diesel,1600,110,Sedan,FWD,5,japanese,family
Mercedes,E300,E-Class,2025,Automatic,petrol,2000,258,Sedan,RWD,5,european,executive
Mitsubishi,Pajero,Pajero,2004,Automatic,petrol,3000,178,SUV,4WD,7,japanese,suv
Mercedes,C200,C-Class,2023,Automatic,cng,1500,184,Sedan,RWD,5,european,executive
Fiat,Uno,Uno,2000,Manual,petrol,1400,80,Hatchback,FWD,5,european,city
Geely,Okavango,Okavango,2022,Automatic,petrol,1500,190,SUV,AWD,7,chinese,suv
Ford,EcoSport,EcoSport,2018,Automatic,cng,1000,125,Crossover,FWD,5,american,crossover
MG,GT,GT,2025,Automatic,petrol,1500,143,Sedan,FWD,5,chinese,family
Peugeot,2008,2008,2022,Automatic,petrol,1200,130,Crossover,FWD,5,european,crossover
Mercedes,C200,C-Class,2022,Automatic,hybrid,1500,184,Sedan,RWD,5,european,executive
Mercedes,C180,C-Class,2021,Automatic,diesel,1600,156,Sedan,RWD,5,european,executive
Hyundai,Accent RB,Accent,2024,Automatic,cng,1600,123,Sedan,FWD,5,korean,city
BMW,218i,2 Series,2018,Automatic,petrol,1500,136,Coupe,FWD,4,european,executive
Nissan,X-Trail,X-Trail,2014,Automatic,petrol,1700,158,SUV,AWD,7,japanese,suv
Geely,Emgrand 7,Emgrand 7,2014,Manual,diesel,1800,132,Sedan,FWD,5,chinese,family
Peugeot,2008,2008,2018,Automatic,petrol,1200,130,Crossover,FWD,5,european,crossover
Skoda,Felicia,Felicia,1995,Manual,petrol,1300,68,Hatchback,FWD,5,european,city
Skoda,Octavia A8,Octavia,2006,Automatic,petrol,1500,150,Sedan,FWD,5,european,family
Daihatsu,Charade,Charade,2003,Automatic,cng,1000,56,Hatchback,FWD,5,japanese,city
Mercedes,E200,E-Class,2019,Automatic,diesel,2000,184,Sedan,RWD,5,european,executive
Geely,Pandino,Pandino,2016,Automatic,petrol,1500,110,Sedan,FWD,5,chinese,family
FAW,X40,X40,2018,Automatic,diesel,1600,120,SUV,FWD,5,chinese,suv
Honda,City,City,2012,Automatic,petrol,1500,119,Sedan,FWD,5,japanese,family
Chevrolet,Cruze,Cruze,2009,Automatic,petrol,1600,124,Sedan,FWD,5,american,family
Toyota,Corolla,Corolla,2008,Automatic,diesel,1600,122,Sedan,FWD,5,japanese,family
Jeep,Liberty,Liberty,2006,Automatic,petrol,2400,150,SUV,4WD,5,american,suv
Mitsubishi,Lancer Puma,Lancer,2011,Automatic,petrol,1600,113,Sedan,FWD,5,japanese,family
Fiat,Tipo,Tipo,2017,Automatic,petrol,1600,110,Sedan,FWD,5,european,family
BMW,418,4 Series,2016,Automatic,diesel,2000,184,Coupe,RWD,4,european,sport
Proton,Gen-2,Gen-2,2016,Automatic,diesel,1600,110,Hatchback,FWD,5,other,family
Mitsubishi,Eclipse Cross,Eclipse Cross,2025,Automatic,petrol,1500,163,SUV,AWD,5,japanese,suv
JAC,J7,J7,2025,Automatic,petrol,1500,169,Sedan,FWD,5,chinese,executive
BMW,320i,3 Series,2023,Automatic,diesel,2000,184,Sedan,RWD,5,european,executive
DFSK,EAGLE 580,EAGLE 580,2021,Automatic,petrol,1500,150,SUV,FWD,7,chinese,suv
Proton,Saga,Saga,2010,Automatic,diesel,1300,95,Sedan,FWD,5,other,city
BYD,Song L,Song L,2026,Automatic,electric,0,200,Sedan,FWD,5,chinese,family
Suzuki,Vitara,Vitara,1997,Automatic,petrol,1400,140,SUV,AWD,5,japanese,suv
Renault,Taliant,Taliant,2025,Automatic,petrol,1600,100,Sedan,FWD,5,european,family
Opel,Corsa,Corsa,2024,Automatic,cng,1200,75,Hatchback,FWD,5,european,city
Haval,H6,H6,2026,Automatic,cng,1500,169,SUV,FWD,5,chinese,suv
Hyundai,Elantra CN7,Elantra,2023,Automatic,diesel,1600,128,Sedan,FWD,5,korean,family
Mercedes,C180,C-Class,2022,Automatic,hybrid,1600,156,Sedan,RWD,5,european,executive
Peugeot,2008,2008,2017,Automatic,petrol,1200,130,Crossover,FWD,5,european,crossover
Opel,Meriva,Meriva,2015,Automatic,petrol,1400,100,MPV,FWD,5,european,mpv
Nissan,Sentra,Sentra,2017,Automatic,diesel,1600,122,Sedan,FWD,5,japanese,family
Nissan,Tiida,Tiida,2013,Automatic,petrol,1600,110,Sedan,FWD,5,japanese,family
Hyundai,Elantra CN7,Elantra,2022,Automatic,diesel,1600,128,Sedan,FWD,5,korean,family
Fiat,Siena,Siena,2007,Manual,cng,1400,80,Hatchback,FWD,5,european,city
Changan,Alsvin,Alsvin,2010,Automatic,petrol,1500,109,Sedan,FWD,5,chinese,family
Ford,Focus,Focus,2017,Automatic,diesel,1500,150,Hatchback,FWD,5,american,family
Proton,Gen-2,Gen-2,2008,Automatic,diesel,1600,110,Hatchback,FWD,5,other,family
Changan,Benni,Benni,2016,Manual,petrol,1000,68,Hatchback,FWD,4,chinese,city
Skoda,Octavia A5,Octavia,2006,Manual,petrol,1500,150,Sedan,FWD,5,european,family
Renault,Duster,Duster,2015,Automatic,petrol,1600,114,Crossover,FWD,5,european,crossover
Renault,Fluence,Fluence,2016,Automatic,diesel,1600,100,Sedan,FWD,5,european,family
Ford,Fiesta,Fiesta,1998,Manual,petrol,1000,100,Hatchback,FWD,5,american,city
Skoda,Octavia A4,Octavia,2005,Manual,petrol,1500,150,Sedan,FWD,5,european,family
GMC,Terrain,Terrain,2023,Automatic,petrol,1500,170,SUV,AWD,5,american,suv
Audi,Q2,Q2,2026,Automatic,petrol,1000,115,Crossover,FWD,5,european,luxury_suv
Hyundai,Creta,Creta,2023,Automatic,petrol,1500,115,SUV,FWD,5,korean,crossover
Seat,Ateca,Ateca,2021,Automatic,petrol,1500,150,SUV,FWD,5,european,suv
Chevrolet,Captiva,Captiva,2022,Automatic,petrol,1500,150,SUV,FWD,7,american,suv
Hyundai,Matrix,Matrix,2008,Automatic,cng,1600,120,MPV,FWD,5,korean,mpv
Suzuki,Baleno,Baleno,1999,Automatic,petrol,1200,90,Hatchback,FWD,5,japanese,city
Kia,Forte,Forte,2010,Automatic,diesel,1600,120,Sedan,FWD,5,korean,family
XPeng,G9,G9,2026,Automatic,electric,0,550,SUV,AWD,6,chinese,suv
Kia,Sportage,Sportage,2024,Automatic,diesel,1600,177,SUV,FWD,5,korean,suv
Opel,Astra,Astra,2019,Automatic,cng,1400,150,Hatchback,FWD,5,european,family
Chevrolet,Malibu,Malibu,2019,Automatic,cng,1500,163,Sedan,FWD,5,american,executive
Mercedes,C200,C-Class,2020,Automatic,cng,1500,197,Sedan,RWD,5,european,executive
Toyota,Prado,Prado,2020,Automatic,petrol,2700,163,SUV,4WD,7,japanese,luxury_suv
Honda,Civic,Civic,2007,Automatic,cng,1500,182,Sedan,FWD,5,japanese,family
Seat,Ibiza,Ibiza,2024,Automatic,petrol,1000,95,Hatchback,FWD,5,european,city
Tesla,Cybertruck,Cybertruck,2025,Automatic,electric,0,600,Pickup,AWD,5,american,truck
Seat,Tarraco,Tarraco,2023,Automatic,diesel,1500,150,SUV,FWD,7,european,suv
Opel,Corsa,Corsa,2017,Automatic,diesel,1200,75,Hatchback,FWD,5,european,city
Nissan,Sunny,Sunny,2007,Automatic,diesel,1600,110,Sedan,FWD,5,japanese,family
Daihatsu,Grand Terios,Terios,2009,Automatic,petrol,1500,105,SUV,4WD,7,japanese,suv
Toyota,C-HR,C-HR,2023,Automatic,petrol,1200,116,Crossover,FWD,5,japanese,crossover
Hyundai,Elantra HD,Elantra,2007,Automatic,petrol,1600,122,Sedan,FWD,5,korean,family
BMW,X4,X4,2024,Automatic,petrol,2000,184,SUV,AWD,5,european,luxury_suv
Hyundai,Elantra HD,Elantra,2012,Automatic,petrol,1600,122,Sedan,FWD,5,korean,family
Suzuki,Swift Dzire,Swift Dzire,2021,Manual,petrol,1200,83,Hatchback,FWD,5,japanese,city
Mercedes,B150,B-Class,2008,Automatic,petrol,1600,156,Sedan,RWD,5,european,executive
Fiat,Grand Punto,Grand Punto,2007,Manual,diesel,1400,77,Hatchback,FWD,5,european,city
Kia,Picanto,Picanto,2011,Manual,diesel,1000,67,Hatchback,FWD,5,korean,city
Seat,Ibiza,Ibiza,1994,Manual,diesel,1000,95,Hatchback,FWD,5,european,city
Seat,Ibiza,Ibiza,1994,Automatic,petrol,1000,95,Hatchback,FWD,5,european,city
Mercedes,B180,B-Class,2015,Automatic,petrol,1600,122,MPV,FWD,5,european,executive
Chery,Tiggo,Tiggo,2018,Automatic,petrol,1600,106,SUV,FWD,5,chinese,suv
BMW,118,1 Series,2019,Automatic,petrol,1500,136,Hatchback,RWD,5,european,executive
Mercedes,CLA200,CLA,2019,Automatic,petrol,1400,163,Coupe,FWD,5,european,sport
Land Rover,Range Rover,Range Rover,2006,Automatic,petrol,3000,400,SUV,4WD,5,european,luxury_suv
Volvo,XC90,XC90,2019,Automatic,petrol,2000,300,SUV,AWD,7,european,luxury_suv
Volkswagen,Passat,Passat,2008,Automatic,diesel,1800,150,Sedan,FWD,5,european,executive
Audi,Q7,Q7,2023,Automatic,diesel,3000,340,SUV,AWD,7,european,luxury_suv
Seat,Ibiza,Ibiza,2022,Automatic,diesel,1000,95,Hatchback,FWD,5,european,city
Skoda,Octavia A4,Octavia,1999,Automatic,petrol,1500,150,Sedan,FWD,5,european,family
Volvo,XC40,XC40,2022,Automatic,petrol,1500,163,Crossover,FWD,5,european,luxury_suv
Mitsubishi,Pajero,Pajero,2009,Automatic,petrol,3000,178,SUV,4WD,7,japanese,suv
BMW,X1,X1,2018,Automatic,diesel,1500,136,Crossover,FWD,5,european,luxury_suv
Seat,Ateca,Ateca,2022,Automatic,petrol,1500,150,SUV,FWD,5,european,suv
Mitsubishi,Eclipse Cross,Eclipse Cross,2022,Automatic,petrol,1500,163,SUV,AWD,5,japanese,suv
Suzuki,Vitara,Vitara,2016,Automatic,petrol,1400,140,SUV,AWD,5,japanese,suv
Hyundai,I30,I30,2009,Automatic,petrol,1600,120,Sedan,FWD,5,korean,family
Hyundai,Elantra MD,Elantra,2013,Automatic,diesel,1600,120,Sedan,FWD,5,korean,family
Kia,Spectra,Spectra,2005,Manual,diesel,1600,120,Sedan,FWD,5,korean,family
Chevrolet,Optra,Optra,2011,Manual,petrol,1600,109,Sedan,FWD,5,american,family
Kia,Carens,Carens,2009,Automatic,petrol,1600,130,MPV,FWD,7,korean,mpv
Seat,Ibiza,Ibiza,2008,Manual,diesel,1000,95,Hatchback,FWD,5,european,city
Daihatsu,Sirion,Sirion,2010,Automatic,diesel,1000,58,Hatchback,FWD,5,japanese,city
MG,6,6,2021,Automatic,diesel,1500,169,Sedan,FWD,5,chinese,executive
Kia,Sportage,Sportage,2022,Automatic,diesel,1600,177,SUV,FWD,5,korean,suv
Kia,Sephia,Sephia,2000,Automatic,petrol,1600,120,Sedan,FWD,5,korean,family
Hyundai,Accent RB,Accent,2011,Automatic,petrol,1600,123,Sedan,FWD,5,korean,city
Kia,Cerato,Cerato,2006,Automatic,petrol,1600,123,Sedan,FWD,5,korean,family
Hyundai,Elantra MD,Elantra,2016,Automatic,diesel,1600,120,Sedan,FWD,5,korean,family
Mitsubishi,Outlander,Outlander,2025,Automatic,petrol,2400,167,SUV,AWD,7,japanese,suv
Chevrolet,Aveo,Aveo,2013,Automatic,diesel,1400,100,Sedan,FWD,5,american,city
Jetour,X70,X70,2021,Automatic,diesel,1500,156,SUV,FWD,7,chinese,suv
Citroën,C4,C4,2007,Automatic,petrol,1200,130,Hatchback,FWD,5,european,family
Mitsubishi,Eclipse Cross,Eclipse Cross,2020,Automatic,diesel,1500,163,SUV,AWD,5,japanese,suv
Suzuki,Vitara,Vitara,1998,Automatic,petrol,1400,140,SUV,AWD,5,japanese,suv
Mercedes,E250,E-Class,2015,Automatic,petrol,1800,204,Sedan,RWD,5,european,executive
Skoda,Karoq,Karoq,2021,Automatic,diesel,1500,150,SUV,FWD,5,european,suv
Peugeot,504,504,1979,Manual,diesel,1400,95,Sedan,FWD,5,european,family
Kia,Carens,Carens,2015,Automatic,diesel,1600,130,MPV,FWD,7,korean,mpv
Volkswagen,Golf 4,Golf,2002,Automatic,petrol,1600,100,Hatchback,FWD,5,european,family
Chevrolet,Equinox,Equinox,2020,Automatic,petrol,1500,170,SUV,FWD,5,american,suv
MG,7,7,2025,Dsg,petrol,1500,181,Sedan,FWD,5,chinese,executive
Honda,Civic,Civic,2008,Automatic,diesel,1500,182,Sedan,FWD,5,japanese,family
Mercedes,E200,E-Class,2004,Automatic,petrol,2000,184,Sedan,RWD,5,european,executive
DFSK,EAGLE 580,EAGLE 580,2018,Automatic,petrol,1500,150,SUV,FWD,7,chinese,suv
Kia,Rio,Rio,2015,Automatic,diesel,1400,100,Sedan,FWD,5,korean,city
Jeep,Grand Cherokee,Grand Cherokee,1993,Automatic,petrol,3600,293,SUV,4WD,5,american,luxury_suv
Kia,Shuma,Shuma,2000,Manual,diesel,1600,120,Sedan,FWD,5,korean,family
Suzuki,Ertiga,Ertiga,2021,Automatic,petrol,1500,105,MPV,FWD,7,japanese,mpv
Renault,Kadjar,Kadjar,2019,Automatic,diesel,1600,163,SUV,FWD,5,european,suv
Porsche,Cayenne S,Cayenne,2012,Automatic,petrol,4000,440,SUV,AWD,5,european,luxury_suv
Chery,Tiggo 8 Pro,Tiggo 8,2022,Automatic,petrol,2000,254,SUV,FWD,7,chinese,suv
Fiat,Grand Punto,Grand Punto,2009,Automatic,petrol,1400,77,Hatchback,FWD,5,european,city
Volvo,XC40,XC40,2021,Automatic,petrol,1500,163,Crossover,FWD,5,european,luxury_suv
Jeep,Cherokee,Cherokee,2009,Automatic,diesel,2400,184,SUV,4WD,5,american,suv
Mini,John Cooper,John Cooper,2006,Automatic,petrol,2000,231,Hatchback,FWD,4,european,sport
Seat,Ibiza,Ibiza,2006,Automatic,petrol,1000,95,Hatchback,FWD,5,european,city
Renault,Logan,Logan,2017,Manual,diesel,1600,84,Sedan,FWD,5,european,family
Renault,Clio,Clio,2008,Manual,diesel,1000,90,Hatchback,FWD,5,european,city
Isuzu,D-Max,D-Max,2015,Manual,petrol,3000,163,Pickup,4WD,5,japanese,truck
Skoda,Octavia A5,Octavia,2008,Automatic,diesel,1500,150,Sedan,FWD,5,european,family
Toyota,Corolla,Corolla,2002,Automatic,petrol,1600,122,Sedan,FWD,5,japanese,family
Hyundai,Grand i10,Grand i10,2019,Automatic,petrol,1200,84,Hatchback,FWD,5,korean,city
Proton,Waja,Waja,2005,Automatic,petrol,1600,110,Sedan,FWD,5,other,family
Nissan,Sunny,Sunny,2014,Manual,petrol,1600,110,Sedan,FWD,5,japanese,family
Mercedes,E240,E-Class,1999,Automatic,petrol,1600,156,Sedan,RWD,5,european,executive
Speranza,A516,A516,2007,Manual,diesel,1600,109,Sedan,FWD,5,chinese,family
Ford,Focus,Focus,2013,Automatic,petrol,1500,150,Hatchback,FWD,5,american,family
Toyota,Avanza,Avanza,2008,Automatic,petrol,1500,103,MPV,FWD,7,japanese,mpv
Jetour,X95,X95,2022,Automatic,petrol,2000,230,SUV,AWD,7,chinese,suv
Lada,Granta,Granta,2022,Manual,diesel,1600,87,Sedan,FWD,5,other,city
Nissan,Sunny,Sunny,2000,Manual,diesel,1600,110,Sedan,FWD,5,japanese,family
Kia,Picanto,Picanto,2009,Automatic,diesel,1000,67,Hatchback,FWD,5,korean,city
Hyundai,Elantra,Elantra,1996,Automatic,petrol,1600,128,Sedan,FWD,5,korean,family
Hyundai,Accent,Accent,2011,Manual,diesel,1600,123,Sedan,FWD,5,korean,city
Kia,Carens,Carens,2013,Automatic,petrol,1600,130,MPV,FWD,7,korean,mpv
Land Rover,Range Rover Evoque,Range Rover,2022,Automatic,diesel,1500,249,Crossover,AWD,5,european,luxury_suv
Volkswagen,Bora,Bora,2003,Automatic,petrol,1600,105,Sedan,FWD,5,european,family
Volkswagen,Jetta,Jetta,2010,Automatic,diesel,1400,150,Sedan,FWD,5,european,family
Hyundai,Tucson,Tucson,2021,Automatic,diesel,1600,177,SUV,FWD,5,korean,suv
MG,ZS,ZS,2020,Automatic,diesel,1500,106,SUV,FWD,5,chinese,suv
Nissan,Sunny,Sunny,2015,Automatic,diesel,1600,110,Sedan,FWD,5,japanese,family
Mitsubishi,Lancer,Lancer,2003,Manual,petrol,1600,113,Sedan,FWD,5,japanese,family
Hyundai,Getz,Getz,2010,Automatic,diesel,1400,97,Hatchback,FWD,5,korean,city
Honda,CRV,CRV,2026,Automatic,petrol,1500,190,SUV,AWD,5,japanese,suv
Chery,Arrizo 5,Arrizo 5,2021,Manual,diesel,1500,115,Sedan,FWD,5,chinese,family
Kia,Sportage,Sportage,2021,Automatic,diesel,1600,177,SUV,FWD,5,korean,suv
Skoda,Kodiaq,Kodiaq,2024,Automatic,diesel,2000,190,SUV,AWD,7,european,suv
Mitsubishi,Eclipse,Eclipse,2021,Automatic,petrol,2000,147,Coupe,FWD,4,japanese,sport
Skoda,Felicia,Felicia,1996,Manual,diesel,1300,68,Hatchback,FWD,5,european,city
Kia,Pride,Pride,2006,Manual,petrol,1600,120,Sedan,FWD,5,korean,family
Skoda,Octavia,Octavia,2016,Automatic,diesel,1500,150,Sedan,FWD,5,european,family
Chevrolet,Equinox,Equinox,2019,Automatic,petrol,1500,170,SUV,FWD,5,american,suv
Kia,Carens,Carens,2013,Automatic,diesel,1600,130,MPV,FWD,7,korean,mpv
MG,One,One,2025,Cvt,petrol,1500,181,SUV,FWD,5,chinese,suv
Ford,Fiesta,Fiesta,2018,Automatic,petrol,1000,100,Hatchback,FWD,5,american,city
Citroën,C5 Aircross,C5 Aircross,2021,Automatic,diesel,1200,130,SUV,FWD,5,european,suv
Chevrolet,Malibu,Malibu,2021,Automatic,diesel,1500,163,Sedan,FWD,5,american,executive
Daihatsu,Sirion,Sirion,2000,Manual,petrol,1000,58,Hatchback,FWD,5,japanese,city
Hyundai,Elantra MD,Elantra,2011,Automatic,petrol,1600,120,Sedan,FWD,5,korean,family
Kia,Forte,Forte,2009,Automatic,petrol,1600,120,Sedan,FWD,5,korean,family
Volkswagen,Tiguan,Tiguan,2021,Automatic,diesel,1400,150,SUV,FWD,5,european,suv
Mercedes,EQE500,EQ,2025,Automatic,electric,0,402,Sedan,AWD,5,european,executive
BMW,X5,X5,2009,Automatic,petrol,3000,340,SUV,AWD,7,european,luxury_suv
Jeep,Liberty,Liberty,2011,Automatic,petrol,2400,150,SUV,4WD,5,american,suv
Brilliance,Galena,Galena,2012,Automatic,diesel,1500,150,SUV,FWD,5,chinese,suv
Nissan,Sunny,Sunny,2022,Automatic,diesel,1600,110,Sedan,FWD,5,japanese,family
Daihatsu,Terios,Terios,2007,Automatic,diesel,1500,105,SUV,4WD,5,japanese,suv
Chery,Arrizo 5,Arrizo 5,2021,Automatic,diesel,1500,115,Sedan,FWD,5,chinese,family
BMW,X6 M,X6,2016,Automatic,petrol,4400,617,SUV,AWD,5,european,luxury_suv
Fiat,128,128,1999,Manual,petrol,1100,55,Hatchback,FWD,5,european,city
Hyundai,Accent,Accent,2016,Automatic,diesel,1600,123,Sedan,FWD,5,korean,city
Toyota,Corolla,Corolla,2008,Manual,petrol,1600,122,Sedan,FWD,5,japanese,family
Jeep,Cherokee,Cherokee,2013,Automatic,diesel,2400,184,SUV,4WD,5,american,suv
MG,5,5,2021,Automatic,diesel,1500,169,Sedan,FWD,5,chinese,family
Mitsubishi,Lancer EX Shark,Lancer,2017,Automatic,diesel,1600,113,Sedan,FWD,5,japanese,family
Suzuki,Van,Van,2025,Manual,petrol,1200,83,Hatchback,FWD,5,japanese,city
Kia,Spectra,Spectra,2003,Manual,diesel,1600,120,Sedan,FWD,5,korean,family
Zotye,T600,T600,2019,Automatic,diesel,2000,197,SUV,FWD,5,chinese,suv
Opel,Astra,Astra,2000,Manual,cng,1400,150,Hatchback,FWD,5,european,family
DFSK,EAGLE 580,EAGLE 580,2019,Automatic,cng,1500,150,SUV,FWD,7,chinese,suv
Daewoo,Leganza,Leganza,2001,Automatic,cng,2000,133,Sedan,FWD,5,korean,executive
Suzuki,Baleno,Baleno,2021,Automatic,petrol,1200,90,Hatchback,FWD,5,japanese,city
Hyundai,Accent HCI,Accent,2020,Automatic,petrol,1500,100,Hatchback,FWD,5,korean,city
Opel,Crossland,Crossland,2019,Automatic,petrol,1200,110,Crossover,FWD,5,european,crossover
Fiat,Tipo,Tipo,2021,Manual,cng,1600,110,Sedan,FWD,5,european,family
Brilliance,V5,V5,2019,Manual,petrol,1500,150,SUV,FWD,5,chinese,suv
Peugeot,5008,5008,2016,Automatic,petrol,1200,130,SUV,FWD,7,european,suv
Opel,Astra,Astra,2017,Automatic,diesel,1400,150,Hatchback,FWD,5,european,family
Jeep,Liberty,Liberty,2002,Automatic,petrol,2400,150,SUV,4WD,5,american,suv
Honda,City,City,2007,Automatic,petrol,1500,119,Sedan,FWD,5,japanese,family
Suzuki,Ciaz,Ciaz,2021,Automatic,diesel,1500,105,Sedan,FWD,5,japanese,family
Ford,EcoSport,EcoSport,2018,Automatic,diesel,1000,125,Crossover,FWD,5,american,crossover
Hyundai,Avante,Avante,2021,Automatic,diesel,1600,120,Sedan,FWD,5,korean,family
Seat,Toledo,Toledo,2016,Automatic,diesel,1600,105,Sedan,FWD,5,european,family
Fiat,Shahin,Shahin,1996,Manual,cng,1400,80,Hatchback,FWD,5,european,city
Chrysler,Town & Country,Town & Country,2003,Automatic,petrol,3600,283,MPV,FWD,7,american,mpv
Volkswagen,Golf 3,Golf,1992,Manual,petrol,1800,75,Hatchback,FWD,5,european,family
Chevrolet,Aveo,Aveo,2012,Automatic,diesel,1400,100,Sedan,FWD,5,american,city
Mitsubishi,Lancer Puma,Lancer,2006,Automatic,petrol,1600,113,Sedan,FWD,5,japanese,family
Opel,Vectra,Vectra,1996,Manual,petrol,1800,122,Sedan,FWD,5,european,executive
Fiat,Uno,Uno,1998,Manual,diesel,1400,80,Hatchback,FWD,5,european,city
BYD,L3,L3,2023,Automatic,cng,1500,107,Sedan,FWD,5,chinese,family
Nissan,Sunny,Sunny,2026,Automatic,cng,1600,110,Sedan,FWD,5,japanese,family
Opel,Astra,Astra,2019,Automatic,diesel,1400,150,Hatchback,FWD,5,european,family
Skoda,Kodiaq,Kodiaq,2025,Automatic,cng,2000,190,SUV,AWD,7,european,suv
BYD,F3,F3,2017,Manual,petrol,1500,109,Sedan,FWD,5,chinese,family
MG,GT,GT,2023,Automatic,petrol,1500,143,Sedan,FWD,5,chinese,family
Opel,Astra,Astra,2015,Manual,cng,1400,150,Hatchback,FWD,5,european,family
Nissan,Sentra,Sentra,2018,Automatic,diesel,1600,122,Sedan,FWD,5,japanese,family
Mitsubishi,Eclipse Cross,Eclipse Cross,2018,Automatic,cng,1500,163,SUV,AWD,5,japanese,suv
Toyota,Corolla,Corolla,2009,Automatic,cng,1600,122,Sedan,FWD,5,japanese,family
Proton,Saga,Saga,2011,Automatic,diesel,1300,95,Sedan,FWD,5,other,city
Chevrolet,Cruze,Cruze,2016,Automatic,cng,1600,124,Sedan,FWD,5,american,family
Kia,Sorento,Sorento,2021,Automatic,petrol,2400,173,SUV,AWD,7,korean,suv
Geely,Okavango,Okavango,2024,Automatic,petrol,1500,190,SUV,AWD,7,chinese,suv
Kia,K3,K3,2016,Automatic,petrol,1600,120,Sedan,FWD,5,korean,family
Hyundai,I10,I10,2016,Automatic,cng,1000,67,Hatchback,FWD,5,korean,city
MG,350,350,2012,Automatic,diesel,1500,106,Sedan,FWD,5,chinese,family
Hyundai,Elantra HD,Elantra,2007,Manual,petrol,1600,122,Sedan,FWD,5,korean,family
Mitsubishi,Lancer Puma,Lancer,2013,Automatic,diesel,1600,113,Sedan,FWD,5,japanese,family
Skoda,Octavia A4,Octavia,2009,Automatic,petrol,1500,150,Sedan,FWD,5,european,family
Opel,Corsa,Corsa,2007,Manual,petrol,1200,75,Hatchback,FWD,5,european,city
Peugeot,301,301,2018,Automatic,petrol,1200,82,Sedan,FWD,5,european,family
Mercedes,B180,B-Class,2014,Automatic,diesel,1600,122,MPV,FWD,5,european,executive
Opel,Mokka,Mokka,2016,Automatic,diesel,1200,100,Crossover,FWD,5,european,crossover
Chery,Tiggo 8,Tiggo 8,2022,Automatic,petrol,1500,197,SUV,FWD,7,chinese,suv
Hyundai,Coupe,Coupe,2007,Manual,petrol,1600,120,Sedan,FWD,5,korean,family
Hyundai,Elantra,Elantra,2005,Manual,petrol,1600,128,Sedan,FWD,5,korean,family
BMW,116,1 Series,2012,Automatic,petrol,1500,109,Hatchback,RWD,5,european,executive
BMW,316,3 Series,2007,Manual,petrol,1600,116,Sedan,RWD,5,european,executive
Porsche,Cayenne,Cayenne,2009,Automatic,petrol,3000,340,SUV,AWD,5,european,luxury_suv
Renault,Logan,Logan,2015,Automatic,diesel,1600,84,Sedan,FWD,5,european,family
Speranza,Tiggo,Tiggo,2017,Automatic,petrol,1300,70,Hatchback,FWD,5,chinese,city
Peugeot,405,405,1991,Manual,cng,1600,90,Sedan,FWD,5,european,family
Kia,Cerato,Cerato,2014,Automatic,cng,1600,123,Sedan,FWD,5,korean,family
Skoda,Octavia A5,Octavia,2005,Manual,petrol,1500,150,Sedan,FWD,5,european,family
Mitsubishi,Lancer EX Shark,Lancer,2017,Automatic,cng,1600,113,Sedan,FWD,5,japanese,family
Mitsubishi,Lancer EX Shark,Lancer,2008,Automatic,petrol,1600,113,Sedan,FWD,5,japanese,family
Mitsubishi,Xpander Cross,Xpander Cross,2023,Automatic,petrol,1600,113,MPV,FWD,7,japanese,mpv
Nissan,Sentra,Sentra,2019,Automatic,diesel,1600,122,Sedan,FWD,5,japanese,family
Mahindra,Scorpio,Scorpio,2012,Automatic,diesel,2200,140,SUV,4WD,7,other,suv
Citroën,C5,C5,2021,Automatic,diesel,1600,120,Sedan,FWD,5,european,executive
Fiat,Grand Punto,Grand Punto,2019,Automatic,cng,1400,77,Hatchback,FWD,5,european,city
Mercedes,180,180,2014,Automatic,petrol,1800,122,Sedan,RWD,5,european,executive
Chery,Tiggo 8,Tiggo 8,2021,Automatic,petrol,1500,197,SUV,FWD,7,chinese,suv
Speranza,M12,M12,2011,Manual,diesel,1300,70,Hatchback,FWD,5,chinese,city
Volkswagen,Passat,Passat,2006,Automatic,diesel,1800,150,Sedan,FWD,5,european,executive
Mercedes,C180,C-Class,2016,Automatic,diesel,1600,156,Sedan,RWD,5,european,executive
Peugeot,207,207,2008,Automatic,petrol,1400,95,Hatchback,FWD,5,european,city
Hyundai,Verna,Verna,2013,Manual,diesel,1600,123,Sedan,FWD,5,korean,city
Hyundai,Accent RB,Accent,2012,Manual,petrol,1600,123,Sedan,FWD,5,korean,city
Kia,Cerato,Cerato,2016,Automatic,diesel,1600,123,Sedan,FWD,5,korean,family
Kia,Grand Cerato,Cerato,2023,Automatic,petrol,1600,120,Sedan,FWD,5,korean,family
Fiat,128,128,1977,Manual,diesel,1100,55,Hatchback,FWD,5,european,city
Renault,Sandero,Sandero,2015,Automatic,diesel,1600,84,Hatchback,FWD,5,european,city
Mercedes,C200,C-Class,2019,Automatic,hybrid,1500,184,Sedan,RWD,5,european,executive
Seat,Cordoba,Cordoba,2009,Automatic,diesel,1600,100,Sedan,FWD,5,european,family
Geely,Ck,Ck,2009,Manual,diesel,1300,83,Sedan,FWD,5,chinese,city
Porsche,Macan,Macan,2026,Automatic,diesel,2000,265,Crossover,AWD,5,european,luxury_suv
Mitsubishi,Pajero,Pajero,2010,Automatic,petrol,3000,178,SUV,4WD,7,japanese,suv
Citroën,C5 Aircross,C5 Aircross,2022,Automatic,diesel,1200,130,SUV,FWD,5,european,suv
Nissan,Sunny,Sunny,2022,Manual,petrol,1600,110,Sedan,FWD,5,japanese,family
MG,6,6,2022,Automatic,diesel,1500,169,Sedan,FWD,5,chinese,executive
Fiat,Linea,Linea,2013,Automatic,petrol,1600,120,Sedan,FWD,5,european,family
Chevrolet,Pickup,Pickup,2017,Manual,diesel,1600,110,Sedan,FWD,5,american,family
Fiat,Punto,Punto,2003,Automatic,petrol,1200,69,Hatchback,FWD,5,european,city
Daewoo,Nubira,Nubira,2007,Automatic,petrol,1600,100,Sedan,FWD,5,korean,family
Fiat,Uno,Uno,2002,Manual,petrol,1400,80,Hatchback,FWD,5,european,city
Mitsubishi,Lancer Puma,Lancer,2010,Automatic,petrol,1600,113,Sedan,FWD,5,japanese,family
Geely,Emgrand X7,Emgrand X7,2019,Automatic,diesel,2400,137,SUV,FWD,7,chinese,suv
Hyundai,Accent RB,Accent,2011,Manual,petrol,1600,123,Sedan,FWD,5,korean,city
Fiat,Siena,Siena,2002,Manual,diesel,1400,80,Hatchback,FWD,5,european,city
Peugeot,2008,2008,2024,Automatic,petrol,1200,130,Crossover,FWD,5,european,crossover
Chery,A5,A5,2025,Automatic,diesel,1600,109,Sedan,FWD,5,chinese,family
Jetour,X70,X70,2023,Automatic,petrol,1500,156,SUV,FWD,7,chinese,suv
Skoda,Fabia,Fabia,2004,Manual,diesel,1000,95,Hatchback,FWD,5,european,city
Suzuki,Swift Dzire,Swift Dzire,2018,Automatic,petrol,1200,83,Hatchback,FWD,5,japanese,city
Volkswagen,Golf 6,Golf,2010,Automatic,diesel,1400,122,Hatchback,FWD,5,european,family
Hyundai,Elantra,Elantra,1994,Manual,petrol,1600,128,Sedan,FWD,5,korean,family
MG,5,5,2013,Automatic,petrol,1500,169,Sedan,FWD,5,chinese,family
Lada,Granta,Granta,2022,Automatic,diesel,1600,87,Sedan,FWD,5,other,city
Senova,A1,A1,2018,Automatic,petrol,1000,67,Hatchback,FWD,5,chinese,city
Hyundai,Elantra MD,Elantra,2009,Automatic,petrol,1600,120,Sedan,FWD,5,korean,family
Nissan,Qashqai,Qashqai,2014,Manual,petrol,1500,163,SUV,FWD,5,japanese,suv
BMW,X3,X3,2006,Automatic,petrol,2000,184,SUV,AWD,5,european,luxury_suv
Mercedes,180,180,2012,Automatic,petrol,1800,122,Sedan,RWD,5,european,executive
Hyundai,Elantra AD,Elantra,2020,Automatic,diesel,1600,128,Sedan,FWD,5,korean,family
Renault,Duster,Duster,2016,Manual,diesel,1600,114,Crossover,FWD,5,european,crossover
Peugeot,405,405,1997,Manual,petrol,1600,90,Sedan,FWD,5,european,family
Skoda,Octavia A4,Octavia,2000,Automatic,petrol,1500,150,Sedan,FWD,5,european,family
Toyota,Corolla,Corolla,1989,Automatic,petrol,1600,122,Sedan,FWD,5,japanese,family
Kia,Grand Cerato,Cerato,2020,Automatic,petrol,1600,120,Sedan,FWD,5,korean,family
Speranza,A113,A113,2009,Manual,diesel,1300,65,Hatchback,FWD,5,chinese,city
Peugeot,406,406,2006,Automatic,diesel,1400,95,Sedan,FWD,5,european,family
Nissan,Sentra,Sentra,2016,Automatic,diesel,1600,122,Sedan,FWD,5,japanese,family
Changan,Benni Mini,Benni Mini,2014,Manual,petrol,1000,68,Hatchback,FWD,4,chinese,city
Chevrolet,Optra,Optra,2017,Automatic,diesel,1600,109,Sedan,FWD,5,american,family
Hyundai,Avante,Avante,2006,Automatic,petrol,1600,120,Sedan,FWD,5,korean,family
Fiat,Tipo,Tipo,2025,Manual,petrol,1600,110,Sedan,FWD,5,european,family
Toyota,Yaris,Yaris,2000,Manual,diesel,1500,107,Hatchback,FWD,5,japanese,city
Jeep,Renegade,Renegade,2016,Automatic,cng,1400,150,Crossover,FWD,5,american,crossover
Fiat,Siena,Siena,2000,Manual,diesel,1400,80,Hatchback,FWD,5,european,city
Kia,Sportage,Sportage,2012,Automatic,diesel,1600,177,SUV,FWD,5,korean,suv
Hyundai,Elantra,Elantra,2017,Automatic,cng,1600,128,Sedan,FWD,5,korean,family
Nissan,Qashqai,Qashqai,2018,Automatic,cng,1500,163,SUV,FWD,5,japanese,suv
Hyundai,Verna,Verna,2009,Manual,cng,1600,123,Sedan,FWD,5,korean,city
Hyundai,Elantra MD,Elantra,2012,Automatic,cng,1600,120,Sedan,FWD,5,korean,family
Opel,Crossland,Crossland,2022,Automatic,diesel,1200,110,Crossover,FWD,5,european,crossover
Peugeot,207,207,2007,Manual,petrol,1400,95,Hatchback,FWD,5,european,city
Kia,Cerato,Cerato,2010,Manual,diesel,1600,123,Sedan,FWD,5,korean,family
Nissan,Sunny,Sunny,2025,Automatic,diesel,1600,110,Sedan,FWD,5,japanese,family
Nissan,Sunny,Sunny,2012,Automatic,diesel,1600,110,Sedan,FWD,5,japanese,family
Chevrolet,T-Series,T-Series,2016,Manual,diesel,1600,110,Sedan,FWD,5,american,family
Suzuki,Swift Dzire,Swift Dzire,2021,Automatic,diesel,1200,83,Hatchback,FWD,5,japanese,city
Skoda,Octavia A4,Octavia,2009,Manual,petrol,1500,150,Sedan,FWD,5,european,family
Fiat,Tempra,Tempra,1991,Manual,petrol,1600,90,Sedan,FWD,5,european,family
Opel,Astra,Astra,2017,Automatic,cng,1400,150,Hatchback,FWD,5,european,family
Chevrolet,Optra,Optra,2021,Automatic,cng,1600,109,Sedan,FWD,5,american,family
Chevrolet,T-Series,T-Series,2018,Manual,petrol,1600,110,Sedan,FWD,5,american,family
Volkswagen,Golf 4,Golf,2002,Automatic,diesel,1600,100,Hatchback,FWD,5,european,family
Suzuki,Van,Van,2011,Manual,petrol,1200,83,Hatchback,FWD,5,japanese,city
Honda,CRV,CRV,2008,Automatic,petrol,1500,190,SUV,AWD,5,japanese,suv
BMW,X5,X5,2019,Automatic,petrol,3000,340,SUV,AWD,7,european,luxury_suv
Hyundai,Accent RB,Accent,2017,Automatic,diesel,1600,123,Sedan,FWD,5,korean,city
Hyundai,Elantra HD,Elantra,2010,Automatic,diesel,1600,122,Sedan,FWD,5,korean,family
Peugeot,308,308,2013,Automatic,petrol,1200,130,Hatchback,FWD,5,european,family
Kia,Shuma,Shuma,2001,Automatic,petrol,1600,120,Sedan,FWD,5,korean,family
Hyundai,Verna,Verna,2000,Automatic,diesel,1600,123,Sedan,FWD,5,korean,city
Suzuki,Vitara,Vitara,2017,Automatic,diesel,1400,140,SUV,AWD,5,japanese,suv
Peugeot,406,406,2002,Automatic,petrol,1400,95,Sedan,FWD,5,european,family
Hyundai,Elantra HD,Elantra,2017,Automatic,diesel,1600,122,Sedan,FWD,5,korean,family
Hyundai,Elantra MD,Elantra,2014,Automatic,petrol,1600,120,Sedan,FWD,5,korean,family
Honda,ZRV,ZRV,2024,Automatic,petrol,1500,120,Sedan,FWD,5,japanese,family
Suzuki,Baleno,Baleno,2022,Automatic,diesel,1200,90,Hatchback,FWD,5,japanese,city
Opel,Insignia,Insignia,2017,Automatic,diesel,1500,165,Sedan,FWD,5,european,executive
Chery,Tiggo 8,Tiggo 8,2026,Dsg,petrol,1500,197,SUV,FWD,7,chinese,suv
Audi,A5,A5,2016,Automatic,petrol,2000,190,Coupe,AWD,4,european,executive
Isuzu,D-Max,D-Max,2024,Automatic,petrol,3000,163,Pickup,4WD,5,japanese,truck
Renault,Logan,Logan,2019,Automatic,diesel,1600,84,Sedan,FWD,5,european,family
Mitsubishi,Mirage,Mirage,2025,Automatic,petrol,1600,113,Hatchback,FWD,5,japanese,city
Toyota,Corolla,Corolla,2022,Automatic,diesel,1600,122,Sedan,FWD,5,japanese,family
Skoda,Octavia A5,Octavia,2007,Automatic,petrol,1500,150,Sedan,FWD,5,european,family
Fiat,Petra,Petra,2003,Manual,petrol,1400,80,Hatchback,FWD,5,european,city
Mitsubishi,Lancer Crystala,Lancer,2000,Manual,petrol,1600,113,Sedan,FWD,5,japanese,family
Kia,Carens,Carens,2010,Manual,petrol,1600,130,MPV,FWD,7,korean,mpv
Suzuki,Van,Van,2024,Manual,diesel,1200,83,Hatchback,FWD,5,japanese,city
Brilliance,V6,V6,2020,Automatic,petrol,2000,163,SUV,FWD,7,chinese,suv
Honda,City,City,2015,Automatic,petrol,1500,119,Sedan,FWD,5,japanese,family
Peugeot,308,308,2012,Automatic,petrol,1200,130,Hatchback,FWD,5,european,family
Ford,Focus,Focus,2004,Automatic,petrol,1500,150,Hatchback,FWD,5,american,family
Proton,Waja,Waja,2006,Automatic,petrol,1600,110,Sedan,FWD,5,other,family
Audi,Q7,Q7,2016,Automatic,petrol,3000,340,SUV,AWD,7,european,luxury_suv
Subaru,Impreza,Impreza,2010,Manual,petrol,1498,107,Sedan,AWD,5,japanese,family
Renault,Captur,Captur,2016,Automatic,diesel,1000,90,Crossover,FWD,5,european,crossover
Fiat,Uno,Uno,2006,Manual,petrol,1400,80,Hatchback,FWD,5,european,city
Volkswagen,Golf 3,Golf,1994,Automatic,petrol,1800,75,Hatchback,FWD,5,european,family
Volvo,S60,S60,2004,Automatic,petrol,2000,197,Sedan,FWD,5,european,luxury
Mitsubishi,Lancer Puma,Lancer,2013,Manual,petrol,1600,113,Sedan,FWD,5,japanese,family
Hyundai,Coupe,Coupe,2013,Automatic,petrol,1600,120,Sedan,FWD,5,korean,family
Nissan,Sunny,Sunny,2014,Automatic,diesel,1600,110,Sedan,FWD,5,japanese,family
Chevrolet,Aveo,Aveo,2009,Manual,diesel,1400,100,Sedan,FWD,5,american,city
Hyundai,Atos,Atos,1998,Manual,diesel,1000,57,Hatchback,FWD,5,korean,city
Kia,K3,K3,2014,Automatic,petrol,1600,120,Sedan,FWD,5,korean,family
Daihatsu,Sirion,Sirion,2007,Automatic,petrol,1000,58,Hatchback,FWD,5,japanese,city
Skoda,Octavia,Octavia,2006,Automatic,diesel,1500,150,Sedan,FWD,5,european,family
Changan,Alsvin,Alsvin,2022,Automatic,petrol,1500,109,Sedan,FWD,5,chinese,family
Nissan,Juke,Juke,2014,Automatic,petrol,1000,117,Crossover,FWD,5,japanese,crossover
Brilliance,Galena,Galena,2009,Automatic,diesel,1500,150,SUV,FWD,5,chinese,suv
Citroën,C4 Grand Picasso,C4 Grand Picasso,2020,Automatic,diesel,1600,120,MPV,FWD,7,european,mpv
Skoda,Felicia,Felicia,1997,Manual,diesel,1300,68,Hatchback,FWD,5,european,city
BMW,X3,X3,2008,Automatic,petrol,2000,184,SUV,AWD,5,european,luxury_suv
Kia,Xceed,Xceed,2022,Automatic,diesel,1500,160,Crossover,FWD,5,korean,crossover
Mitsubishi,Lancer EX Shark,Lancer,2014,Automatic,diesel,1600,113,Sedan,FWD,5,japanese,family
Kia,Rio,Rio,2017,Automatic,diesel,1400,100,Sedan,FWD,5,korean,city
Mercedes,E300,E-Class,2022,Automatic,diesel,2000,258,Sedan,RWD,5,european,executive
Toyota,Fortuner,Fortuner,2015,Automatic,petrol,2700,166,SUV,4WD,7,japanese,suv
Geely,Pandino,Pandino,2015,Manual,petrol,1500,110,Sedan,FWD,5,chinese,family
Hyundai,Accent RB,Accent,2016,Automatic,petrol,1600,123,Sedan,FWD,5,korean,city
Citroën,C4 Grand Picasso,C4 Grand Picasso,2020,Automatic,petrol,1600,120,MPV,FWD,7,european,mpv
Mercedes,C180,C-Class,2023,Automatic,diesel,1600,156,Sedan,RWD,5,european,executive
Renault,Sandero Stepway,Sandero,2015,Automatic,diesel,1600,115,Hatchback,FWD,5,european,crossover
Volkswagen,Beetle,Beetle,1979,Manual,petrol,1400,150,Coupe,FWD,4,european,sport
Hyundai,I10,I10,2011,Manual,petrol,1000,67,Hatchback,FWD,5,korean,city
Peugeot,405,405,1996,Automatic,petrol,1600,90,Sedan,FWD,5,european,family
Daewoo,Nubira,Nubira,1999,Automatic,diesel,1600,100,Sedan,FWD,5,korean,family
Opel,Vectra,Vectra,2006,Manual,petrol,1800,122,Sedan,FWD,5,european,executive
Kia,Sorento,Sorento,2008,Automatic,petrol,2400,173,SUV,AWD,7,korean,suv
Citroën,C3,C3,2004,Manual,diesel,1200,83,Hatchback,FWD,5,european,city
Peugeot,3008,3008,2022,Automatic,diesel,1200,130,SUV,FWD,5,european,suv
Renault,Sandero,Sandero,2017,Automatic,diesel,1600,84,Hatchback,FWD,5,european,city
Citroën,C4,C4,2006,Manual,petrol,1200,130,Hatchback,FWD,5,european,family
Suzuki,Swift Dzire,Swift Dzire,1995,Manual,petrol,1200,83,Hatchback,FWD,5,japanese,city
Chevrolet,T-Series,T-Series,2013,Manual,diesel,1600,110,Sedan,FWD,5,american,family
BMW,X1,X1,2017,Automatic,diesel,1500,136,Crossover,FWD,5,european,luxury_suv
Skoda,Octavia A4,Octavia,2003,Manual,petrol,1500,150,Sedan,FWD,5,european,family
Volkswagen,Tiguan,Tiguan,2020,Automatic,diesel,1400,150,SUV,FWD,5,european,suv
Peugeot,308 SW,308 SW,2009,Automatic,petrol,1400,95,Sedan,FWD,5,european,family
Ford,Mondeo,Mondeo,1997,Manual,petrol,2000,145,Sedan,FWD,5,american,executive
SsangYong,Torres,Torres,2024,Automatic,hybrid,1500,170,SUV,FWD,5,korean,suv
Hyundai,Avante,Avante,2008,Automatic,petrol,1600,120,Sedan,FWD,5,korean,family
Volkswagen,Jetta,Jetta,2016,Automatic,petrol,1400,150,Sedan,FWD,5,european,family
Mercedes,E200,E-Class,1999,Automatic,petrol,2000,184,Sedan,RWD,5,european,executive
Hyundai,I20,I20,2011,Automatic,diesel,1400,100,Hatchback,FWD,5,korean,city
Mercedes,180,180,2015,Automatic,petrol,1800,122,Sedan,RWD,5,european,executive
Ford,Fiesta,Fiesta,2014,Automatic,diesel,1000,100,Hatchback,FWD,5,american,city
Volkswagen,Jetta,Jetta,2014,Automatic,petrol,1400,150,Sedan,FWD,5,european,family
Seat,Ibiza,Ibiza,1998,Automatic,petrol,1000,95,Hatchback,FWD,5,european,city
Volkswagen,Touareg,Touareg,2024,Automatic,petrol,3000,282,SUV,AWD,5,european,luxury_suv
Honda,Civic,Civic,2012,Automatic,petrol,1500,182,Sedan,FWD,5,japanese,family
Brilliance,V6,V6,2019,Automatic,petrol,2000,163,SUV,FWD,7,chinese,suv
BMW,X3 M,X3,2011,Automatic,petrol,3000,480,SUV,AWD,5,european,luxury_suv
Mercedes,C180,C-Class,2002,Automatic,petrol,1600,156,Sedan,RWD,5,european,executive
JAC,S2,S2,2017,Automatic,petrol,1500,109,Crossover,FWD,5,chinese,crossover
Mitsubishi,Xpander Cross,Xpander Cross,2021,Automatic,petrol,1600,113,MPV,FWD,7,japanese,mpv
Mitsubishi,Lancer EX Shark,Lancer,2016,Automatic,hybrid,1600,113,Sedan,FWD,5,japanese,family
Skoda,Octavia A4,Octavia,2003,Automatic,diesel,1500,150,Sedan,FWD,5,european,family
Fiat,Tipo,Tipo,2018,Manual,petrol,1600,110,Sedan,FWD,5,european,family
Skoda,Fabia,Fabia,2005,Automatic,diesel,1000,95,Hatchback,FWD,5,european,city
Changan,Benni Mini,Benni Mini,2013,Manual,diesel,1000,68,Hatchback,FWD,4,chinese,city
Volkswagen,Tiguan,Tiguan,2016,Automatic,petrol,1400,150,SUV,FWD,5,european,suv
Hyundai,Matrix,Matrix,2009,Manual,petrol,1600,120,MPV,FWD,5,korean,mpv
Honda,CRV,CRV,2021,Automatic,diesel,1500,190,SUV,AWD,5,japanese,suv
Toyota,Corolla,Corolla,1999,Automatic,diesel,1600,122,Sedan,FWD,5,japanese,family
Fiat,Tempra,Tempra,1999,Manual,petrol,1600,90,Sedan,FWD,5,european,family
Mitsubishi,Lancer EX Shark,Lancer,2009,Automatic,petrol,1600,113,Sedan,FWD,5,japanese,family
Chevrolet,Lanos,Lanos,2013,Manual,diesel,1500,86,Sedan,FWD,5,american,city
Skoda,Octavia A4,Octavia,2000,Automatic,diesel,1500,150,Sedan,FWD,5,european,family
Daewoo,Matiz,Matiz,2001,Automatic,petrol,800,52,Hatchback,FWD,4,korean,city
Suzuki,Vitara,Vitara,2022,Automatic,petrol,1400,140,SUV,AWD,5,japanese,suv
Kia,K3,K3,2014,Manual,petrol,1600,120,Sedan,FWD,5,korean,family
Kia,Cerato,Cerato,2009,Manual,petrol,1600,123,Sedan,FWD,5,korean,family
Geely,Coolray,Coolray,2023,Automatic,petrol,1500,177,Crossover,FWD,5,chinese,crossover
Seat,Ibiza,Ibiza,2021,Automatic,diesel,1000,95,Hatchback,FWD,5,european,city
Daihatsu,Terios,Terios,2000,Manual,petrol,1500,105,SUV,4WD,5,japanese,suv
Mitsubishi,Eclipse Cross,Eclipse Cross,2023,Automatic,petrol,1500,163,SUV,AWD,5,japanese,suv
Audi,Q7,Q7,2024,Automatic,petrol,3000,340,SUV,AWD,7,european,luxury_suv
JAC,JS3,JS3,2023,Automatic,petrol,1500,113,Crossover,FWD,5,chinese,crossover
Kia,Soul,Soul,2009,Automatic,petrol,1600,130,Crossover,FWD,5,korean,crossover
SsangYong,Tivoli,Tivoli,2021,Automatic,diesel,1500,163,SUV,FWD,5,korean,suv
Honda,ZRV,ZRV,2021,Automatic,hybrid,1500,120,Sedan,FWD,5,japanese,family
BYD,L3,L3,2023,Automatic,petrol,1500,107,Sedan,FWD,5,chinese,family
Mercedes,E200,E-Class,1975,Manual,petrol,2000,184,Sedan,RWD,5,european,executive
Jeep,Cherokee,Cherokee,1991,Automatic,petrol,2400,184,SUV,4WD,5,american,suv
Hyundai,Elantra,Elantra,1995,Automatic,diesel,1600,128,Sedan,FWD,5,korean,family
Kia,Soul,Soul,2015,Automatic,diesel,1600,130,Crossover,FWD,5,korean,crossover
Fiat,Linea,Linea,2023,Manual,petrol,1600,120,Sedan,FWD,5,european,family
BMW,X4,X4,2018,Automatic,diesel,2000,184,SUV,AWD,5,european,luxury_suv
Geely,Emgrand X7,Emgrand X7,2011,Automatic,petrol,2400,137,SUV,FWD,7,chinese,suv
Jeep,Renegade,Renegade,1977,Manual,petrol,1400,150,Crossover,FWD,5,american,crossover
Nissan,Sunny,Sunny,2019,Manual,petrol,1600,110,Sedan,FWD,5,japanese,family
Hyundai,Avante,Avante,2012,Automatic,petrol,1600,120,Sedan,FWD,5,korean,family
Honda,Civic,Civic,1997,Manual,diesel,1500,182,Sedan,FWD,5,japanese,family
Nissan,Juke,Juke,2017,Automatic,diesel,1000,117,Crossover,FWD,5,japanese,crossover
Hyundai,Accent RB,Accent,2021,Automatic,diesel,1600,123,Sedan,FWD,5,korean,city
Toyota,Corolla,Corolla,1993,Manual,diesel,1600,122,Sedan,FWD,5,japanese,family
Chery,A5,A5,2022,Automatic,petrol,1600,109,Sedan,FWD,5,chinese,family
Hyundai,Verna,Verna,2004,Manual,hybrid,1600,123,Sedan,FWD,5,korean,city
Kia,Shuma,Shuma,2000,Automatic,petrol,1600,120,Sedan,FWD,5,korean,family
Opel,Astra,Astra,2003,Automatic,diesel,1400,150,Hatchback,FWD,5,european,family
SsangYong,Tivoli XLV,Tivoli,2019,Automatic,diesel,1500,163,SUV,FWD,5,korean,suv
Mercedes,500,500,2026,Automatic,petrol,4700,435,Sedan,RWD,5,european,luxury
Hyundai,Verna,Verna,2016,Manual,diesel,1600,123,Sedan,FWD,5,korean,city
Hyundai,IX35,IX35,2015,Automatic,diesel,1600,120,SUV,FWD,5,korean,suv
Renault,Duster,Duster,2013,Manual,diesel,1600,114,Crossover,FWD,5,european,crossover
Renault,Sandero,Sandero,2015,Automatic,petrol,1600,84,Hatchback,FWD,5,european,city
Hyundai,Avante,Avante,2004,Automatic,diesel,1600,120,Sedan,FWD,5,korean,family
Toyota,Corolla,Corolla,2021,Manual,petrol,1600,122,Sedan,FWD,5,japanese,family
Mercedes,C180,C-Class,2013,Automatic,diesel,1600,156,Sedan,RWD,5,european,executive
Chery,Tiggo,Tiggo,2015,Automatic,hybrid,1600,106,SUV,FWD,5,chinese,suv
BYD,L3,L3,2016,Manual,petrol,1500,107,Sedan,FWD,5,chinese,family
Hyundai,XD,XD,2006,Manual,petrol,1600,120,Sedan,FWD,5,korean,family
BAIC,X7,X7,2023,Automatic,diesel,2000,204,SUV,AWD,7,chinese,suv
Volkswagen,T-Roc,T-Roc,2022,Automatic,petrol,1000,115,Crossover,FWD,5,european,crossover
Nissan,Sunny,Sunny,2015,Manual,petrol,1600,110,Sedan,FWD,5,japanese,family
Nissan,Sunny,Sunny,1998,Manual,cng,1600,110,Sedan,FWD,5,japanese,family
Opel,Insignia,Insignia,2017,Automatic,cng,1500,165,Sedan,FWD,5,european,executive
Seat,Tarraco,Tarraco,2022,Automatic,petrol,1500,150,SUV,FWD,7,european,suv
Suzuki,Ciaz,Ciaz,2024,Automatic,diesel,1500,105,Sedan,FWD,5,japanese,family
Peugeot,5008,5008,2013,Automatic,petrol,1200,130,SUV,FWD,7,european,suv
Opel,Corsa,Corsa,2012,Automatic,diesel,1200,75,Hatchback,FWD,5,european,city
Ford,Focus,Focus,2014,Automatic,cng,1500,150,Hatchback,FWD,5,american,family
Volkswagen,Passat,Passat,2010,Automatic,diesel,1800,150,Sedan,FWD,5,european,executive
Chevrolet,Optra,Optra,2021,Automatic,diesel,1600,109,Sedan,FWD,5,american,family
Hyundai,Accent,Accent,2009,Automatic,diesel,1600,123,Sedan,FWD,5,korean,city
BYD,F3,F3,2020,Manual,diesel,1500,109,Sedan,FWD,5,chinese,family
Fiat,Tipo,Tipo,2020,Manual,diesel,1600,110,Sedan,FWD,5,european,family
Hyundai,Getz,Getz,2011,Manual,cng,1400,97,Hatchback,FWD,5,korean,city
BMW,X3,X3,2017,Automatic,hybrid,2000,184,SUV,AWD,5,european,luxury_suv
Kia,Picanto,Picanto,2016,Automatic,diesel,1000,67,Hatchback,FWD,5,korean,city
Nissan,Sunny,Sunny,2019,Automatic,cng,1600,110,Sedan,FWD,5,japanese,family
Mercedes,E200,E-Class,2006,Automatic,petrol,2000,184,Sedan,RWD,5,european,executive
Speranza,Tiggo,Tiggo,2011,Manual,petrol,1300,70,Hatchback,FWD,5,chinese,city
Honda,Accord,Accord,2022,Automatic,diesel,1500,192,Sedan,FWD,5,japanese,executive
Fiat,Dogan,Dogan,1997,Manual,petrol,1400,80,Hatchback,FWD,5,european,city
Chevrolet,Optra,Optra,2014,Automatic,petrol,1600,109,Sedan,FWD,5,american,family
Mercedes,CLA200,CLA,2020,Automatic,diesel,1400,163,Coupe,FWD,5,european,sport
Renault,Duster,Duster,2011,Manual,petrol,1600,114,Crossover,FWD,5,european,crossover
Hyundai,Tucson,Tucson,2025,Automatic,diesel,1600,177,SUV,FWD,5,korean,suv
Mercedes,GLA200,GLA,2021,Automatic,diesel,1400,163,Crossover,FWD,5,european,luxury_suv
SsangYong,Tivoli,Tivoli,2017,Automatic,petrol,1500,163,SUV,FWD,5,korean,suv
Fiat,Dogan,Dogan,1996,Manual,petrol,1400,80,Hatchback,FWD,5,european,city
BMW,X3,X3,2012,Automatic,petrol,2000,184,SUV,AWD,5,european,luxury_suv
Hyundai,Santa Fe,Santa Fe,2022,Automatic,hybrid,2000,186,SUV,AWD,7,korean,suv
Suzuki,Baleno,Baleno,2025,Automatic,petrol,1200,90,Hatchback,FWD,5,japanese,city
Opel,Vectra,Vectra,2001,Automatic,diesel,1800,122,Sedan,FWD,5,european,executive
Daewoo,Lacetti,Lacetti,2005,Automatic,petrol,1600,109,Sedan,FWD,5,korean,family
Renault,Duster,Duster,2013,Manual,petrol,1600,114,Crossover,FWD,5,european,crossover
Kia,Sephia,Sephia,1996,Manual,petrol,1600,120,Sedan,FWD,5,korean,family
Fiat,Grand Punto,Grand Punto,2019,Automatic,diesel,1400,77,Hatchback,FWD,5,european,city
Kia,Carnival,Carnival,2011,Automatic,petrol,2200,202,MPV,FWD,8,korean,mpv
Mercedes,E200,E-Class,2002,Automatic,petrol,2000,184,Sedan,RWD,5,european,executive
Hyundai,Excel,Excel,1998,Manual,diesel,1600,120,Sedan,FWD,5,korean,family
Daewoo,Matiz,Matiz,2001,Automatic,hybrid,800,52,Hatchback,FWD,4,korean,city
Chery,Tiggo,Tiggo,2014,Manual,petrol,1600,106,SUV,FWD,5,chinese,suv
Kia,Soul,Soul,2009,Automatic,diesel,1600,130,Crossover,FWD,5,korean,crossover
Changan,Alsvin,Alsvin,2024,Automatic,petrol,1500,109,Sedan,FWD,5,chinese,family
Volkswagen,T-Roc,T-Roc,2022,Automatic,diesel,1000,115,Crossover,FWD,5,european,crossover
Peugeot,405,405,2009,Automatic,petrol,1600,90,Sedan,FWD,5,european,family
Chevrolet,Lanos,Lanos,2004,Automatic,petrol,1500,86,Sedan,FWD,5,american,city
Skoda,Octavia A4,Octavia,1999,Manual,diesel,1500,150,Sedan,FWD,5,european,family
Fiat,500,500,2020,Automatic,diesel,1200,69,Hatchback,FWD,4,european,city
Skoda,Octavia A4,Octavia,2005,Automatic,petrol,1500,150,Sedan,FWD,5,european,family
BYD,F3,F3,2016,Manual,petrol,1500,109,Sedan,FWD,5,chinese,family
Volkswagen,Passat,Passat,2015,Automatic,petrol,1800,150,Sedan,FWD,5,european,executive
Suzuki,S-Presso,S-Presso,2025,Automatic,petrol,1200,83,Hatchback,FWD,5,japanese,city
Hyundai,Elantra HD,Elantra,2021,Automatic,hybrid,1600,122,Sedan,FWD,5,korean,family
Nissan,X-Trail,X-Trail,2012,Automatic,petrol,1700,158,SUV,AWD,7,japanese,suv
Hyundai,Verna,Verna,2013,Automatic,petrol,1600,123,Sedan,FWD,5,korean,city
Hyundai,Elantra CN7,Elantra,2021,Automatic,diesel,1600,128,Sedan,FWD,5,korean,family
Daewoo,Matiz,Matiz,1999,Manual,diesel,800,52,Hatchback,FWD,4,korean,city
Chery,Tiggo 7,Tiggo 7,2023,Manual,petrol,1500,156,SUV,FWD,5,chinese,suv
Opel,Astra,Astra,2004,Manual,petrol,1400,150,Hatchback,FWD,5,european,family
Daihatsu,Terios,Terios,1999,Manual,petrol,1500,105,SUV,4WD,5,japanese,suv
Speranza,Tiggo,Tiggo,2011,Manual,diesel,1300,70,Hatchback,FWD,5,chinese,city
Citroën,C4,C4,2005,Manual,petrol,1200,130,Hatchback,FWD,5,european,family
Seat,Ibiza,Ibiza,1993,Manual,petrol,1000,95,Hatchback,FWD,5,european,city
Jetour,X95,X95,2023,Automatic,diesel,2000,230,SUV,AWD,7,chinese,suv
Jetour,X90 Plus,X90 Plus,2024,Automatic,diesel,1598,197,SUV,FWD,7,chinese,suv
Fiat,Regata,Regata,1988,Manual,petrol,1600,90,Sedan,FWD,5,european,family
Kia,Sephia,Sephia,2000,Manual,petrol,1600,120,Sedan,FWD,5,korean,family
Citroën,C5,C5,2015,Automatic,petrol,1600,120,Sedan,FWD,5,european,executive
Mitsubishi,Lancer Puma,Lancer,2007,Manual,diesel,1600,113,Sedan,FWD,5,japanese,family
Fiat,Punto,Punto,2015,Automatic,petrol,1200,69,Hatchback,FWD,5,european,city
Chevrolet,N300,N300,2016,Manual,diesel,1600,110,Sedan,FWD,5,american,family
Peugeot,508,508,2017,Automatic,diesel,1600,165,Sedan,FWD,5,european,executive
Peugeot,301,301,2016,Automatic,diesel,1200,82,Sedan,FWD,5,european,family
Peugeot,406,406,1999,Automatic,petrol,1400,95,Sedan,FWD,5,european,family
Ford,Focus,Focus,2012,Automatic,diesel,1500,150,Hatchback,FWD,5,american,family
Renault,Duster,Duster,2014,Manual,petrol,1600,114,Crossover,FWD,5,european,crossover
Chevrolet,T-Series,T-Series,2021,Manual,diesel,1600,110,Sedan,FWD,5,american,family
Skoda,Octavia,Octavia,2003,Manual,petrol,1500,150,Sedan,FWD,5,european,family
Skoda,Felicia,Felicia,1995,Manual,diesel,1300,68,Hatchback,FWD,5,european,city
Toyota,Corolla,Corolla,2019,Automatic,hybrid,1600,122,Sedan,FWD,5,japanese,family
Renault,Fluence,Fluence,2012,Automatic,diesel,1600,100,Sedan,FWD,5,european,family
Land Rover,Range Rover,Range Rover,2007,Automatic,petrol,3000,400,SUV,4WD,5,european,luxury_suv
Hyundai,Verna,Verna,2010,Automatic,diesel,1600,123,Sedan,FWD,5,korean,city
Mitsubishi,Eclipse Cross,Eclipse Cross,2018,Automatic,diesel,1500,163,SUV,AWD,5,japanese,suv
Chery,Arrizo 5,Arrizo 5,2021,Manual,petrol,1500,115,Sedan,FWD,5,chinese,family
Lada,Granta,Granta,2021,Automatic,hybrid,1600,87,Sedan,FWD,5,other,city
Chery,Tiggo 3,Tiggo 3,2017,Automatic,hybrid,1500,113,SUV,FWD,5,chinese,suv
Daihatsu,Grand Terios,Terios,2012,Automatic,petrol,1500,105,SUV,4WD,7,japanese,suv
Kia,Pride,Pride,2001,Automatic,diesel,1600,120,Sedan,FWD,5,korean,family
Speranza,A516,A516,2007,Automatic,diesel,1600,109,Sedan,FWD,5,chinese,family
Subaru,XV,XV,2017,Automatic,diesel,2000,156,Crossover,AWD,5,japanese,crossover
Changan,CS35,CS35,2022,Automatic,petrol,1500,113,SUV,FWD,5,chinese,suv
Lada,2107,2107,2007,Manual,diesel,1600,75,Sedan,RWD,5,other,family
Speranza,A213,A213,2008,Manual,diesel,1300,65,Hatchback,FWD,5,chinese,city
Peugeot,307,307,2005,Manual,diesel,1400,95,Sedan,FWD,5,european,family
Audi,Q2,Q2,2020,Automatic,diesel,1000,115,Crossover,FWD,5,european,luxury_suv
Chevrolet,Spark,Spark,2012,Manual,diesel,1000,68,Hatchback,FWD,4,american,city
Seat,Ateca,Ateca,2019,Automatic,petrol,1500,150,SUV,FWD,5,european,suv
Peugeot,3008,3008,2020,Automatic,diesel,1200,130,SUV,FWD,5,european,suv
Geely,Emgrand 7,Emgrand 7,2015,Manual,hybrid,1800,132,Sedan,FWD,5,chinese,family
Peugeot,301,301,2018,Manual,petrol,1200,82,Sedan,FWD,5,european,family
Volkswagen,Jetta,Jetta,2008,Automatic,diesel,1400,150,Sedan,FWD,5,european,family
Peugeot,308,308,2016,Automatic,petrol,1200,130,Hatchback,FWD,5,european,family
BMW,116,1 Series,2008,Automatic,petrol,1500,109,Hatchback,RWD,5,european,executive
Mitsubishi,Lancer,Lancer,1993,Manual,diesel,1600,113,Sedan,FWD,5,japanese,family
Proton,Waja,Waja,2008,Automatic,petrol,1600,110,Sedan,FWD,5,other,family
Chery,Envy,Envy,2018,Automatic,diesel,1500,113,Sedan,FWD,5,chinese,family
Volkswagen,Passat,Passat,1998,Manual,petrol,1800,150,Sedan,FWD,5,european,executive
Honda,Civic,Civic,2003,Manual,petrol,1500,182,Sedan,FWD,5,japanese,family
Mitsubishi,Lancer Puma,Lancer,2003,Automatic,diesel,1600,113,Sedan,FWD,5,japanese,family
Skoda,Octavia A4,Octavia,1997,Automatic,diesel,1500,150,Sedan,FWD,5,european,family
Fiat,Shahin,Shahin,1998,Manual,diesel,1400,80,Hatchback,FWD,5,european,city
Kia,Spectra,Spectra,2001,Automatic,diesel,1600,120,Sedan,FWD,5,korean,family
Skoda,Octavia A5,Octavia,2009,Automatic,diesel,1500,150,Sedan,FWD,5,european,family
Mercedes,GLC300,GLC,2020,Automatic,diesel,2000,258,SUV,4WD,5,european,luxury_suv
Chevrolet,N300,N300,2016,Manual,petrol,1600,110,Sedan,FWD,5,american,family
Honda,City,City,2005,Manual,petrol,1500,119,Sedan,FWD,5,japanese,family
Mini,Cooper,Cooper,2016,Automatic,diesel,1500,136,Hatchback,FWD,4,european,city
Speranza,Tiggo,Tiggo,2012,Manual,petrol,1300,70,Hatchback,FWD,5,chinese,city
Hyundai,Avante,Avante,2006,Manual,petrol,1600,120,Sedan,FWD,5,korean,family
Renault,Logan,Logan,2021,Automatic,diesel,1600,84,Sedan,FWD,5,european,family
Renault,19,19,1991,Manual,petrol,1600,90,Sedan,FWD,5,european,family
Mercedes,200,200,2023,Automatic,diesel,2000,136,Sedan,RWD,5,european,executive
Seat,Arona,Arona,2022,Automatic,petrol,1000,95,Crossover,FWD,5,european,crossover
Volkswagen,Golf 3,Golf,1994,Manual,diesel,1800,75,Hatchback,FWD,5,european,family
Daewoo,Lanos,Lanos,2001,Automatic,diesel,1500,86,Sedan,FWD,5,korean,city
Changan,CS35,CS35,2021,Automatic,diesel,1500,113,SUV,FWD,5,chinese,suv
Jeep,Cherokee,Cherokee,1996,Automatic,diesel,2400,184,SUV,4WD,5,american,suv
Renault,Logan,Logan,2021,Manual,petrol,1600,84,Sedan,FWD,5,european,family
Toyota,Corolla,Corolla,1996,Automatic,petrol,1600,122,Sedan,FWD,5,japanese,family
Nissan,Tiida,Tiida,2010,Automatic,cng,1600,110,Sedan,FWD,5,japanese,family
Hyundai,IX35,IX35,2013,Automatic,diesel,1600,120,SUV,FWD,5,korean,suv
Suzuki,Swift,Swift,2017,Automatic,petrol,1200,83,Hatchback,FWD,5,japanese,city
Skoda,Superb,Superb,2023,Automatic,diesel,1800,180,Sedan,FWD,5,european,executive
Volkswagen,Golf 4,Golf,1999,Manual,petrol,1600,100,Hatchback,FWD,5,european,family
Chery,Tiggo 7,Tiggo 7,2023,Automatic,diesel,1500,156,SUV,FWD,5,chinese,suv
Hyundai,Getz,Getz,2005,Manual,petrol,1400,97,Hatchback,FWD,5,korean,city
Suzuki,Van,Van,2023,Manual,petrol,1200,83,Hatchback,FWD,5,japanese,city
BMW,740,7 Series,2011,Automatic,petrol,3000,340,Sedan,RWD,5,european,luxury
MG,ZS,ZS,2025,Automatic,cng,1500,106,SUV,FWD,5,chinese,suv
Seat,Toledo,Toledo,2005,Manual,petrol,1600,105,Sedan,FWD,5,european,family
Hyundai,Matrix,Matrix,2001,Manual,petrol,1600,120,MPV,FWD,5,korean,mpv
Kia,Rio,Rio,2004,Automatic,diesel,1400,100,Sedan,FWD,5,korean,city
Chevrolet,N300,N300,2019,Manual,petrol,1600,110,Sedan,FWD,5,american,family
Chevrolet,Spark,Spark,2008,Manual,cng,1000,68,Hatchback,FWD,4,american,city
Ford,EcoSport,EcoSport,2017,Automatic,petrol,1000,125,Crossover,FWD,5,american,crossover
Mercedes,180,180,2019,Automatic,petrol,1800,122,Sedan,RWD,5,european,executive
Chery,Tiggo,Tiggo,2009,Manual,petrol,1600,106,SUV,FWD,5,chinese,suv
Mercedes,E200,E-Class,2014,Automatic,cng,2000,184,Sedan,RWD,5,european,executive
Opel,Corsa,Corsa,2003,Automatic,cng,1200,75,Hatchback,FWD,5,european,city
Kia,Cerato,Cerato,2018,Automatic,diesel,1600,123,Sedan,FWD,5,korean,family
Skoda,Fabia,Fabia,2022,Automatic,petrol,1000,95,Hatchback,FWD,5,european,city
Fiat,128,128,1988,Manual,diesel,1100,55,Hatchback,FWD,5,european,city
BMW,520i,5 Series,2005,Automatic,cng,2000,184,Sedan,RWD,5,european,executive
Kia,K3,K3,2022,Automatic,cng,1600,120,Sedan,FWD,5,korean,family
Chevrolet,Optra,Optra,2015,Automatic,diesel,1600,109,Sedan,FWD,5,american,family
Ford,Focus,Focus,2023,Automatic,petrol,1500,150,Hatchback,FWD,5,american,family
Volkswagen,Tiguan,Tiguan,2010,Manual,petrol,1400,150,SUV,FWD,5,european,suv
Peugeot,307 SW,307 SW,2007,Automatic,diesel,1400,95,Sedan,FWD,5,european,family
Renault,Megane,Megane,2019,Automatic,cng,1500,115,Hatchback,FWD,5,european,family
Speranza,M11,M11,2012,Automatic,petrol,1100,73,Hatchback,FWD,5,chinese,city
Mercedes,A200,A-Class,2021,Automatic,diesel,1400,163,Hatchback,FWD,5,european,executive
Kia,Soul,Soul,2018,Automatic,petrol,1600,130,Crossover,FWD,5,korean,crossover
Mercedes,C180,C-Class,2020,Automatic,diesel,1600,156,Sedan,RWD,5,european,executive
Hyundai,Matrix,Matrix,2002,Automatic,diesel,1600,120,MPV,FWD,5,korean,mpv
Lada,Granta,Granta,2021,Manual,petrol,1600,87,Sedan,FWD,5,other,city
Volkswagen,Jetta,Jetta,2013,Automatic,petrol,1400,150,Sedan,FWD,5,european,family
Volkswagen,Golf 7,Golf,2014,Automatic,diesel,1400,150,Hatchback,FWD,5,european,family
Kia,Sephia,Sephia,1998,Manual,petrol,1600,120,Sedan,FWD,5,korean,family
DFSK,Glory,Glory,2016,Manual,petrol,1500,150,SUV,FWD,5,chinese,suv
Chery,Arrizo 5,Arrizo 5,2022,Manual,diesel,1500,115,Sedan,FWD,5,chinese,family
Toyota,Yaris,Yaris,2014,Automatic,diesel,1500,107,Hatchback,FWD,5,japanese,city
Lada,Granta,Granta,2022,Manual,cng,1600,87,Sedan,FWD,5,other,city
Brilliance,FRV Cross,FRV Cross,2011,Manual,petrol,1800,136,Crossover,FWD,5,chinese,crossover
Toyota,Yaris,Yaris,2018,Automatic,petrol,1500,107,Hatchback,FWD,5,japanese,city
Hyundai,Accent,Accent,2005,Manual,diesel,1600,123,Sedan,FWD,5,korean,city
Opel,Corsa,Corsa,2016,Automatic,diesel,1200,75,Hatchback,FWD,5,european,city
Volkswagen,Bora,Bora,2000,Manual,petrol,1600,105,Sedan,FWD,5,european,family
Toyota,Corolla,Corolla,2026,Automatic,hybrid,1600,122,Sedan,FWD,5,japanese,family
Toyota,Urban Cruiser,Urban Cruiser,2025,Automatic,petrol,1600,120,Crossover,FWD,5,japanese,crossover
Kia,Forte,Forte,2013,Automatic,petrol,1600,120,Sedan,FWD,5,korean,family
Subaru,Impreza,Impreza,2019,Automatic,diesel,2000,154,Sedan,AWD,5,japanese,family
Mercedes,C200,C-Class,2022,Automatic,cng,1500,184,Sedan,RWD,5,european,executive
Toyota,Corolla,Corolla,1999,Manual,diesel,1600,122,Sedan,FWD,5,japanese,family
Skoda,Kodiaq,Kodiaq,2022,Automatic,cng,2000,190,SUV,AWD,7,european,suv
Mercedes,E180,E-Class,2019,Automatic,cng,1600,156,Sedan,RWD,5,european,executive
BMW,320i,3 Series,2026,Automatic,cng,2000,184,Sedan,RWD,5,european,executive
Chevrolet,Optra,Optra,2022,Automatic,cng,1600,109,Sedan,FWD,5,american,family
Hyundai,Verna,Verna,2015,Manual,cng,1600,123,Sedan,FWD,5,korean,city
BMW,X1,X1,2021,Automatic,diesel,1500,136,Crossover,FWD,5,european,luxury_suv
Nissan,Sunny,Sunny,2026,Manual,diesel,1600,110,Sedan,FWD,5,japanese,family
BMW,523,5 Series,1999,Automatic,petrol,2500,177,Sedan,RWD,5,european,executive
Renault,Megane,Megane,2015,Automatic,petrol,1500,115,Hatchback,FWD,5,european,family
Kia,Carnival MPV,Carnival,2025,Automatic,hybrid,2200,202,MPV,FWD,8,korean,mpv
Mercedes,E240,E-Class,2004,Automatic,petrol,1600,156,Sedan,RWD,5,european,executive
Mazda,3,3,2010,Automatic,diesel,1500,120,Sedan,FWD,5,japanese,family
DS,DS7,DS7,2020,Automatic,petrol,1600,225,SUV,AWD,5,european,luxury_suv
Hyundai,Accent,Accent,2001,Automatic,petrol,1600,123,Sedan,FWD,5,korean,city
Skoda,Octavia A4,Octavia,2001,Manual,diesel,1500,150,Sedan,FWD,5,european,family
Mitsubishi,Lancer,Lancer,2005,Automatic,diesel,1600,113,Sedan,FWD,5,japanese,family
Mitsubishi,Lancer,Lancer,2007,Automatic,diesel,1600,113,Sedan,FWD,5,japanese,family
JAC,JS4,JS4,2022,Automatic,petrol,1500,147,SUV,FWD,5,chinese,suv
Chery,Tiggo 3,Tiggo 3,2019,Automatic,diesel,1500,113,SUV,FWD,5,chinese,suv
Kia,Forte,Forte,2012,Automatic,petrol,1600,120,Sedan,FWD,5,korean,family
Seat,Ibiza,Ibiza,2007,Manual,petrol,1000,95,Hatchback,FWD,5,european,city
Citroën,C5 Aircross,C5 Aircross,2022,Automatic,petrol,1200,130,SUV,FWD,5,european,suv
Renault,Clio,Clio,2003,Manual,diesel,1000,90,Hatchback,FWD,5,european,city
Mini,Countryman S,Countryman,2014,Automatic,petrol,2000,178,Crossover,AWD,5,european,crossover
Peugeot,405,405,2007,Automatic,petrol,1600,90,Sedan,FWD,5,european,family
Kia,Rio,Rio,2013,Automatic,diesel,1400,100,Sedan,FWD,5,korean,city
Chrysler,Town & Country,Town & Country,2012,Automatic,petrol,3600,283,MPV,FWD,7,american,mpv
Peugeot,207,207,2008,Manual,petrol,1400,95,Hatchback,FWD,5,european,city
SsangYong,Tivoli XLV,Tivoli,2017,Automatic,petrol,1500,163,SUV,FWD,5,korean,suv
Peugeot,406,406,1997,Manual,petrol,1400,95,Sedan,FWD,5,european,family
Fiat,Tipo,Tipo,2019,Manual,diesel,1600,110,Sedan,FWD,5,european,family
Kia,Xceed,Xceed,2024,Automatic,hybrid,1500,160,Crossover,FWD,5,korean,crossover
Kia,Cerato,Cerato,2007,Automatic,petrol,1600,123,Sedan,FWD,5,korean,family
Nissan,Sunny,Sunny,2013,Automatic,diesel,1600,110,Sedan,FWD,5,japanese,family
Suzuki,Swift,Swift,2006,Automatic,petrol,1200,83,Hatchback,FWD,5,japanese,city
Opel,Vectra,Vectra,1991,Manual,petrol,1800,122,Sedan,FWD,5,european,executive
Volkswagen,Passat,Passat,2007,Automatic,diesel,1800,150,Sedan,FWD,5,european,executive
BYD,F3,F3,2018,Automatic,diesel,1500,109,Sedan,FWD,5,chinese,family
Kia,Spectra,Spectra,2001,Automatic,petrol,1600,120,Sedan,FWD,5,korean,family
Daewoo,Nubira,Nubira,1998,Manual,diesel,1600,100,Sedan,FWD,5,korean,family
Nissan,Sunny,Sunny,1999,Manual,diesel,1600,110,Sedan,FWD,5,japanese,family
Fiat,Tempra,Tempra,1996,Manual,petrol,1600,90,Sedan,FWD,5,european,family
Fiat,1300,1300,1998,Manual,diesel,1300,65,Sedan,RWD,5,european,family
Chery,A15,A15,2009,Manual,petrol,1500,92,Sedan,FWD,5,chinese,family
Senova,A1,A1,2016,Automatic,diesel,1000,67,Hatchback,FWD,5,chinese,city
Proton,Saga,Saga,2021,Automatic,petrol,1300,95,Sedan,FWD,5,other,city
Hyundai,Elantra HD,Elantra,2007,Automatic,diesel,1600,122,Sedan,FWD,5,korean,family
Mercedes,CLA180,CLA,2016,Automatic,petrol,1400,136,Coupe,FWD,5,european,sport
Speranza,A620,A620,2007,Automatic,diesel,2000,145,Sedan,FWD,5,chinese,family
Lada,Granta,Granta,2019,Manual,diesel,1600,87,Sedan,FWD,5,other,city
Hyundai,Verna,Verna,2008,Automatic,petrol,1600,123,Sedan,FWD,5,korean,city
Hyundai,Elantra,Elantra,2006,Automatic,petrol,1600,128,Sedan,FWD,5,korean,family
Volkswagen,Tiguan,Tiguan,2017,Automatic,petrol,1400,150,SUV,FWD,5,european,suv
BYD,F3,F3,2023,Automatic,diesel,1500,109,Sedan,FWD,5,chinese,family
Nissan,Sunny,Sunny,1992,Manual,petrol,1600,110,Sedan,FWD,5,japanese,family
Lada,Granta,Granta,2015,Manual,petrol,1600,87,Sedan,FWD,5,other,city
Honda,City,City,2013,Automatic,diesel,1500,119,Sedan,FWD,5,japanese,family
Nissan,X-Trail,X-Trail,2010,Automatic,petrol,1700,158,SUV,AWD,7,japanese,suv
Honda,Civic,Civic,1999,Manual,petrol,1500,182,Sedan,FWD,5,japanese,family
Geely,Emgrand X7,Emgrand X7,2020,Automatic,petrol,2400,137,SUV,FWD,7,chinese,suv
BYD,L3,L3,2017,Manual,petrol,1500,107,Sedan,FWD,5,chinese,family
Volkswagen,Tiguan,Tiguan,2024,Manual,petrol,1400,150,SUV,FWD,5,european,suv
Toyota,Echo,Echo,2002,Manual,petrol,1600,120,Sedan,FWD,5,japanese,family
Mercedes,200,200,1994,Manual,petrol,2000,136,Sedan,RWD,5,european,executive
Citroën,C5,C5,2020,Automatic,cng,1600,120,Sedan,FWD,5,european,executive
BMW,X1,X1,2020,Automatic,cng,1500,136,Crossover,FWD,5,european,luxury_suv
Mercedes,C200,C-Class,2002,Automatic,petrol,1500,184,Sedan,RWD,5,european,executive
Mitsubishi,Lancer EX Shark,Lancer,2015,Automatic,cng,1600,113,Sedan,FWD,5,japanese,family
Jeep,Liberty,Liberty,2007,Automatic,diesel,2400,150,SUV,4WD,5,american,suv
Toyota,Echo,Echo,2000,Automatic,petrol,1600,120,Sedan,FWD,5,japanese,family
Honda,CRV,CRV,2020,Automatic,petrol,1500,190,SUV,AWD,5,japanese,suv
Daewoo,Nubira,Nubira,2002,Automatic,cng,1600,100,Sedan,FWD,5,korean,family
Fiat,Punto,Punto,2008,Manual,diesel,1200,69,Hatchback,FWD,5,european,city
Skoda,Kodiaq,Kodiaq,2026,Automatic,diesel,2000,190,SUV,AWD,7,european,suv
Dodge,Challenger,Challenger,2022,Automatic,diesel,3600,305,Coupe,RWD,4,american,sport
Volkswagen,Passat,Passat,2006,Automatic,cng,1800,150,Sedan,FWD,5,european,executive
Geely,Coolray,Coolray,2024,Automatic,diesel,1500,177,Crossover,FWD,5,chinese,crossover
SsangYong,Torres,Torres,2024,Automatic,cng,1500,170,SUV,FWD,5,korean,suv
Kia,Soul,Soul,2010,Automatic,diesel,1600,130,Crossover,FWD,5,korean,crossover
Brilliance,FSV,FSV,2010,Automatic,petrol,1600,116,Sedan,FWD,5,chinese,family
Hyundai,Accent,Accent,2018,Automatic,petrol,1600,123,Sedan,FWD,5,korean,city
Mercedes,CLA180,CLA,2015,Automatic,diesel,1400,136,Coupe,FWD,5,european,sport
Land Rover,Range Rover Vogue,Range Rover,2010,Automatic,cng,3000,400,SUV,4WD,5,european,luxury_suv
Skoda,Octavia A4,Octavia,1999,Automatic,cng,1500,150,Sedan,FWD,5,european,family
Peugeot,508,508,2018,Automatic,petrol,1600,165,Sedan,FWD,5,european,executive
Renault,Logan,Logan,2021,Manual,diesel,1600,84,Sedan,FWD,5,european,family
Kia,Sephia,Sephia,2021,Manual,petrol,1600,120,Sedan,FWD,5,korean,family
Subaru,XV,XV,2018,Automatic,petrol,2000,156,Crossover,AWD,5,japanese,crossover
Mitsubishi,Colt,Colt,1996,Manual,petrol,1300,95,Hatchback,FWD,5,japanese,city
Hyundai,Accent RB,Accent,2006,Manual,petrol,1600,123,Sedan,FWD,5,korean,city
BYD,F3,F3,2014,Manual,petrol,1500,109,Sedan,FWD,5,chinese,family
Hyundai,Accent RB,Accent,2016,Automatic,cng,1600,123,Sedan,FWD,5,korean,city
Chevrolet,Aveo,Aveo,2013,Automatic,cng,1400,100,Sedan,FWD,5,american,city
Hyundai,Tucson,Tucson,2019,Automatic,cng,1600,177,SUV,FWD,5,korean,suv
Daewoo,Lanos,Lanos,2004,Automatic,petrol,1500,86,Sedan,FWD,5,korean,city
Nissan,Qashqai,Qashqai,2023,Automatic,petrol,1500,163,SUV,FWD,5,japanese,suv
Audi,A4,A4,2016,Automatic,petrol,2000,190,Sedan,AWD,5,european,executive
Fiat,Grand Punto,Grand Punto,2019,Automatic,petrol,1400,77,Hatchback,FWD,5,european,city
Volkswagen,T-Roc,T-Roc,2023,Automatic,hybrid,1000,115,Crossover,FWD,5,european,crossover
Land Rover,Range Rover Vogue,Range Rover,2018,Automatic,petrol,3000,400,SUV,4WD,5,european,luxury_suv
BAIC,X7,X7,2022,Automatic,petrol,2000,204,SUV,AWD,7,chinese,suv
Subaru,XV,XV,2015,Automatic,cng,2000,156,Crossover,AWD,5,japanese,crossover
Mercedes,C180,C-Class,2026,Automatic,diesel,1600,156,Sedan,RWD,5,european,executive
Honda,Accord,Accord,1986,Automatic,petrol,1500,192,Sedan,FWD,5,japanese,executive
Mercedes,E200,E-Class,2022,Automatic,hybrid,2000,184,Sedan,RWD,5,european,executive
Mercedes,C180,C-Class,2018,Automatic,diesel,1600,156,Sedan,RWD,5,european,executive
Peugeot,406,406,2003,Automatic,cng,1400,95,Sedan,FWD,5,european,family
Hyundai,Excel,Excel,1996,Automatic,diesel,1600,120,Sedan,FWD,5,korean,family
Mercedes,C180,C-Class,2002,Automatic,hybrid,1600,156,Sedan,RWD,5,european,executive
Nissan,Tiida,Tiida,2010,Automatic,petrol,1600,110,Sedan,FWD,5,japanese,family
Skoda,Octavia A4,Octavia,2003,Automatic,cng,1500,150,Sedan,FWD,5,european,family
Volvo,S60,S60,2015,Automatic,petrol,2000,197,Sedan,FWD,5,european,luxury
Renault,Duster,Duster,2015,Manual,cng,1600,114,Crossover,FWD,5,european,crossover
Skoda,Octavia A4,Octavia,2001,Automatic,diesel,1500,150,Sedan,FWD,5,european,family
Fiat,132,132,1978,Manual,petrol,1600,95,Sedan,RWD,5,european,family
BYD,F3,F3,2022,Manual,cng,1500,109,Sedan,FWD,5,chinese,family
Brilliance,FRV Cross,FRV Cross,2010,Manual,petrol,1800,136,Crossover,FWD,5,chinese,crossover
Skoda,Octavia A7,Octavia,2015,Automatic,diesel,1500,150,Sedan,FWD,5,european,family
BMW,118,1 Series,2023,Automatic,petrol,1500,136,Hatchback,RWD,5,european,executive
Fiat,127,127,1987,Manual,diesel,900,47,Hatchback,FWD,4,european,city
Nissan,Sunny,Sunny,2019,Automatic,diesel,1600,110,Sedan,FWD,5,japanese,family
MG,350,350,2011,Automatic,petrol,1500,106,Sedan,FWD,5,chinese,family
Fiat,Tipo,Tipo,2020,Automatic,cng,1600,110,Sedan,FWD,5,european,family
Daewoo,Nubira,Nubira,1997,Manual,diesel,1600,100,Sedan,FWD,5,korean,family
Audi,Q3,Q3,2025,Automatic,diesel,1500,150,SUV,FWD,5,european,luxury_suv
Peugeot,208,208,2016,Automatic,diesel,1200,100,Hatchback,FWD,5,european,city
Daewoo,Nubira,Nubira,2006,Manual,diesel,1600,100,Sedan,FWD,5,korean,family
BMW,X2,X2,2026,Automatic,diesel,1500,136,Crossover,FWD,5,european,luxury_suv
Kia,Sorento,Sorento,2010,Automatic,petrol,2400,173,SUV,AWD,7,korean,suv
Jetour,X70,X70,2022,Manual,petrol,1500,156,SUV,FWD,7,chinese,suv
Hyundai,Elantra,Elantra,2023,Automatic,diesel,1600,128,Sedan,FWD,5,korean,family
Volkswagen,Caddy,Caddy,2019,Manual,petrol,2000,122,Van,FWD,5,european,van
Hyundai,Excel,Excel,1996,Manual,diesel,1600,120,Sedan,FWD,5,korean,family
BYD,F3,F3,2023,Manual,diesel,1500,109,Sedan,FWD,5,chinese,family
Toyota,Fortuner,Fortuner,2024,Automatic,diesel,2700,166,SUV,4WD,7,japanese,suv
Kia,Sportage,Sportage,2017,Automatic,diesel,1600,177,SUV,FWD,5,korean,suv
Hyundai,XD,XD,2006,Automatic,petrol,1600,120,Sedan,FWD,5,korean,family
Speranza,Tiggo,Tiggo,2013,Manual,petrol,1300,70,Hatchback,FWD,5,chinese,city
Mercedes,C180,C-Class,2011,Automatic,cng,1600,156,Sedan,RWD,5,european,executive
Volkswagen,Passat,Passat,2015,Automatic,diesel,1800,150,Sedan,FWD,5,european,executive
Opel,Corsa,Corsa,2022,Automatic,diesel,1200,75,Hatchback,FWD,5,european,city
Chevrolet,Spark,Spark,2009,Manual,diesel,1000,68,Hatchback,FWD,4,american,city
Mercedes,200,200,2021,Automatic,diesel,2000,136,Sedan,RWD,5,european,executive
Volkswagen,Golf 4,Golf,2001,Automatic,petrol,1600,100,Hatchback,FWD,5,european,family
Ford,Fiesta,Fiesta,2014,Automatic,cng,1000,100,Hatchback,FWD,5,american,city
BYD,F3,F3,2023,Automatic,cng,1500,109,Sedan,FWD,5,chinese,family
Fiat,Regata,Regata,1987,Manual,diesel,1600,90,Sedan,FWD,5,european,family
Opel,Astra,Astra,2000,Automatic,petrol,1400,150,Hatchback,FWD,5,european,family
Renault,Kadjar,Kadjar,2021,Automatic,diesel,1600,163,SUV,FWD,5,european,suv
Opel,Meriva,Meriva,2016,Automatic,diesel,1400,100,MPV,FWD,5,european,mpv
Hyundai,Elantra,Elantra,2005,Automatic,petrol,1600,128,Sedan,FWD,5,korean,family
Toyota,Land Cruiser,Land Cruiser,1997,Automatic,petrol,4000,271,SUV,4WD,8,japanese,luxury_suv
Peugeot,508,508,2015,Automatic,diesel,1600,165,Sedan,FWD,5,european,executive
Peugeot,308,308,2017,Automatic,petrol,1200,130,Hatchback,FWD,5,european,family
Chevrolet,Optra,Optra,2006,Manual,diesel,1600,109,Sedan,FWD,5,american,family
Skoda,Octavia A5,Octavia,2010,Automatic,petrol,1500,150,Sedan,FWD,5,european,family
Mitsubishi,Lancer EX Shark,Lancer,2008,Automatic,diesel,1600,113,Sedan,FWD,5,japanese,family
MG,RX5,RX5,2023,Automatic,diesel,1500,169,SUV,FWD,5,chinese,suv
Cupra,Leon,Leon,2026,Automatic,hybrid,2000,265,Hatchback,FWD,5,european,sport
Kia,Picanto,Picanto,2010,Manual,diesel,1000,67,Hatchback,FWD,5,korean,city
Renault,Captur,Captur,2015,Automatic,petrol,1000,90,Crossover,FWD,5,european,crossover
Daewoo,Leganza,Leganza,2000,Automatic,diesel,2000,133,Sedan,FWD,5,korean,executive
Peugeot,308 SW,308 SW,2010,Automatic,petrol,1400,95,Sedan,FWD,5,european,family
Peugeot,407,407,2007,Automatic,petrol,1400,95,Sedan,FWD,5,european,family
Hyundai,Elantra HD,Elantra,2008,Automatic,petrol,1600,122,Sedan,FWD,5,korean,family
Mercedes,C180,C-Class,2025,Automatic,diesel,1600,156,Sedan,RWD,5,european,executive
Nissan,Sentra,Sentra,2021,Manual,diesel,1600,122,Sedan,FWD,5,japanese,family
Speranza,A516,A516,2009,Automatic,hybrid,1600,109,Sedan,FWD,5,chinese,family
Kia,Carens,Carens,2010,Automatic,diesel,1600,130,MPV,FWD,7,korean,mpv
Audi,Q7,Q7,2014,Automatic,petrol,3000,340,SUV,AWD,7,european,luxury_suv
Hyundai,Elantra HD,Elantra,2008,Automatic,hybrid,1600,122,Sedan,FWD,5,korean,family
BMW,528,5 Series,2013,Automatic,petrol,2000,245,Sedan,RWD,5,european,executive
Skoda,Octavia A4,Octavia,2008,Automatic,diesel,1500,150,Sedan,FWD,5,european,family
Mitsubishi,Colt,Colt,1988,Manual,petrol,1300,95,Hatchback,FWD,5,japanese,city
Seat,Ibiza,Ibiza,2023,Automatic,petrol,1000,95,Hatchback,FWD,5,european,city
Honda,CRV,CRV,2025,Automatic,petrol,1500,190,SUV,AWD,5,japanese,suv
Citroën,C4,C4,2025,Automatic,petrol,1200,130,Hatchback,FWD,5,european,family
Mercedes,GLA200,GLA,2023,Automatic,diesel,1400,163,Crossover,FWD,5,european,luxury_suv
Fiat,132,132,1978,Manual,diesel,1600,95,Sedan,RWD,5,european,family
Peugeot,5008,5008,2020,Automatic,diesel,1200,130,SUV,FWD,7,european,suv
BMW,528,5 Series,2015,Automatic,petrol,2000,245,Sedan,RWD,5,european,executive
Lada,Granta,Granta,2018,Automatic,petrol,1600,87,Sedan,FWD,5,other,city
Chevrolet,Aveo,Aveo,2014,Automatic,diesel,1400,100,Sedan,FWD,5,american,city
Chery,Arrizo 5,Arrizo 5,2019,Automatic,diesel,1500,115,Sedan,FWD,5,chinese,family
Hyundai,Avante,Avante,2002,Automatic,petrol,1600,120,Sedan,FWD,5,korean,family
Chrysler,Town & Country,Town & Country,2015,Automatic,petrol,3600,283,MPV,FWD,7,american,mpv
Hyundai,IX35,IX35,2016,Automatic,cng,1600,120,SUV,FWD,5,korean,suv
Daihatsu,Sirion,Sirion,2008,Automatic,petrol,1000,58,Hatchback,FWD,5,japanese,city
Chevrolet,Lanos,Lanos,2011,Manual,diesel,1500,86,Sedan,FWD,5,american,city
Volkswagen,Golf 3,Golf,1994,Manual,petrol,1800,75,Hatchback,FWD,5,european,family
Kia,Sportage,Sportage,2019,Automatic,cng,1600,177,SUV,FWD,5,korean,suv
Brilliance,FSV,FSV,2013,Automatic,diesel,1600,116,Sedan,FWD,5,chinese,family
SsangYong,Tivoli,Tivoli,2016,Automatic,diesel,1500,163,SUV,FWD,5,korean,suv
Mercedes,C180,C-Class,2010,Automatic,cng,1600,156,Sedan,RWD,5,european,executive
Mercedes,E200,E-Class,2022,Automatic,diesel,2000,184,Sedan,RWD,5,european,executive
Mazda,3,3,2019,Automatic,diesel,1500,120,Sedan,FWD,5,japanese,family
Subaru,XV,XV,2020,Automatic,cng,2000,156,Crossover,AWD,5,japanese,crossover
Daewoo,Nubira,Nubira,2004,Automatic,diesel,1600,100,Sedan,FWD,5,korean,family
Speranza,Tiggo,Tiggo,2014,Manual,diesel,1300,70,Hatchback,FWD,5,chinese,city
Mercedes,C300,C-Class,2011,Automatic,diesel,2000,258,Sedan,RWD,5,european,executive
Jeep,Cherokee,Cherokee,2011,Automatic,cng,2400,184,SUV,4WD,5,american,suv
Hyundai,Accent,Accent,2012,Automatic,diesel,1600,123,Sedan,FWD,5,korean,city
BMW,520i,5 Series,1992,Automatic,diesel,2000,184,Sedan,RWD,5,european,executive
Land Rover,Range Rover Evoque,Range Rover,2015,Automatic,petrol,1500,249,Crossover,AWD,5,european,luxury_suv
Nissan,Sunny,Sunny,2020,Automatic,hybrid,1600,110,Sedan,FWD,5,japanese,family
Hyundai,Elantra HD,Elantra,2011,Automatic,cng,1600,122,Sedan,FWD,5,korean,family
Renault,Sandero,Sandero,2012,Manual,diesel,1600,84,Hatchback,FWD,5,european,city
Peugeot,307 SW,307 SW,2008,Automatic,diesel,1400,95,Sedan,FWD,5,european,family
Skoda,Kodiaq,Kodiaq,2023,Automatic,diesel,2000,190,SUV,AWD,7,european,suv
Mercedes,180,180,2000,Automatic,petrol,1800,122,Sedan,RWD,5,european,executive
Toyota,C-HR,C-HR,2017,Automatic,diesel,1200,116,Crossover,FWD,5,japanese,crossover
Lada,Granta,Granta,2022,Automatic,cng,1600,87,Sedan,FWD,5,other,city
Mitsubishi,Lancer Crystala,Lancer,1999,Manual,hybrid,1600,113,Sedan,FWD,5,japanese,family
Opel,Corsa,Corsa,2008,Manual,petrol,1200,75,Hatchback,FWD,5,european,city
BMW,Z4,Z4,2019,Automatic,petrol,2000,197,Convertible,RWD,2,european,sport
BMW,316,3 Series,1993,Automatic,petrol,1600,116,Sedan,RWD,5,european,executive
Soueast,S07,S07,2026,Dsg,petrol,2000,197,SUV,AWD,7,chinese,suv
Changan,CS55 Plus,CS55 Plus,2026,Dsg,petrol,1500,156,SUV,FWD,5,chinese,suv
Mercedes,E180,E-Class,2018,Automatic,diesel,1600,156,Sedan,RWD,5,european,executive
Nissan,Sunny,Sunny,2013,Manual,petrol,1600,110,Sedan,FWD,5,japanese,family
Geely,GX3 Pro,GX3 Pro,2024,Automatic,cng,1500,110,Sedan,FWD,5,chinese,family
Toyota,Corona,Corona,1993,Automatic,petrol,1600,120,Sedan,FWD,5,japanese,family
Nissan,Sentra,Sentra,2021,Automatic,cng,1600,122,Sedan,FWD,5,japanese,family
BMW,X1,X1,2022,Automatic,petrol,1500,136,Crossover,FWD,5,european,luxury_suv
Hyundai,Tucson,Tucson,2023,Automatic,diesel,1600,177,SUV,FWD,5,korean,suv
Proton,Gen-2,Gen-2,2010,Automatic,petrol,1600,110,Hatchback,FWD,5,other,family
Renault,Taliant,Taliant,2024,Automatic,petrol,1600,100,Sedan,FWD,5,european,family
Seat,Ateca,Ateca,2018,Automatic,cng,1500,150,SUV,FWD,5,european,suv
Mercedes,180,180,2011,Automatic,petrol,1800,122,Sedan,RWD,5,european,executive
Mitsubishi,Lancer,Lancer,2016,Automatic,cng,1600,113,Sedan,FWD,5,japanese,family
Jeep,Liberty,Liberty,2005,Automatic,diesel,2400,150,SUV,4WD,5,american,suv
Seat,Toledo,Toledo,2014,Automatic,petrol,1600,105,Sedan,FWD,5,european,family
Maserati,Grecale,Grecale,2024,Automatic,petrol,2000,300,SUV,AWD,5,european,luxury_suv
Suzuki,Alto,Alto,2019,Manual,diesel,1000,67,Hatchback,FWD,5,japanese,city
Hyundai,Avante,Avante,2013,Automatic,diesel,1600,120,Sedan,FWD,5,korean,family
Chevrolet,T-Series,T-Series,2022,Manual,diesel,1600,110,Sedan,FWD,5,american,family
BMW,X4,X4,2023,Automatic,petrol,2000,184,SUV,AWD,5,european,luxury_suv
Daewoo,Lanos,Lanos,2003,Manual,cng,1500,86,Sedan,FWD,5,korean,city
Skoda,Octavia A4,Octavia,2008,Automatic,hybrid,1500,150,Sedan,FWD,5,european,family
Citroën,C3 Aircross,C3 Aircross,2020,Automatic,diesel,1200,110,Crossover,FWD,5,european,crossover
MG,7,7,2026,Dsg,petrol,1500,181,Sedan,FWD,5,chinese,executive
BMW,316,3 Series,2005,Automatic,petrol,1600,116,Sedan,RWD,5,european,executive
Kia,Cerato,Cerato,2018,Manual,petrol,1600,123,Sedan,FWD,5,korean,family
Hyundai,Matrix,Matrix,2007,Automatic,diesel,1600,120,MPV,FWD,5,korean,mpv
BMW,525,5 Series,1998,Automatic,petrol,2500,218,Sedan,RWD,5,european,executive
Renault,Duster,Duster,2020,Automatic,cng,1600,114,Crossover,FWD,5,european,crossover
Nissan,X-Trail,X-Trail,2013,Automatic,petrol,1700,158,SUV,AWD,7,japanese,suv
Chery,Tiggo,Tiggo,2012,Manual,petrol,1600,106,SUV,FWD,5,chinese,suv
Honda,Civic,Civic,1990,Automatic,petrol,1500,182,Sedan,FWD,5,japanese,family
Fiat,Grand Punto,Grand Punto,2015,Automatic,petrol,1400,77,Hatchback,FWD,5,european,city
Mercedes,EQS450,EQ,2025,Automatic,electric,0,355,Sedan,AWD,5,european,luxury
JAC,JS3,JS3,2015,Automatic,petrol,1500,113,Crossover,FWD,5,chinese,crossover
Hyundai,Verna,Verna,2013,Automatic,diesel,1600,123,Sedan,FWD,5,korean,city
Kia,Soul,Soul,2020,Automatic,petrol,1600,130,Crossover,FWD,5,korean,crossover
Citroën,C5,C5,2020,Automatic,diesel,1600,120,Sedan,FWD,5,european,executive
Kia,Grand Cerato,Cerato,2022,Automatic,diesel,1600,120,Sedan,FWD,5,korean,family
Daihatsu,Charade,Charade,1990,Manual,petrol,1000,56,Hatchback,FWD,5,japanese,city
Seat,Toledo,Toledo,2001,Automatic,petrol,1600,105,Sedan,FWD,5,european,family
Geely,Emgrand,Emgrand,2017,Manual,cng,1500,107,Sedan,FWD,5,chinese,family
Jeep,Cherokee,Cherokee,2012,Automatic,diesel,2400,184,SUV,4WD,5,american,suv
Proton,Gen-2,Gen-2,2008,Manual,diesel,1600,110,Hatchback,FWD,5,other,family
Peugeot,301,301,2023,Automatic,petrol,1200,82,Sedan,FWD,5,european,family
Suzuki,Ertiga,Ertiga,2019,Automatic,cng,1500,105,MPV,FWD,7,japanese,mpv
Volkswagen,Golf 6,Golf,2012,Automatic,cng,1400,122,Hatchback,FWD,5,european,family
Mercedes,C180,C-Class,2005,Automatic,diesel,1600,156,Sedan,RWD,5,european,executive
Opel,Corsa,Corsa,2012,Manual,diesel,1200,75,Hatchback,FWD,5,european,city
Kia,Carens,Carens,2023,Automatic,petrol,1600,130,MPV,FWD,7,korean,mpv
Hyundai,Getz,Getz,2007,Manual,petrol,1400,97,Hatchback,FWD,5,korean,city
Jetour,T2,T2,2025,Dsg,petrol,2000,254,SUV,AWD,7,chinese,suv
Kia,Sorento,Sorento,2019,Automatic,diesel,2400,173,SUV,AWD,7,korean,suv
BMW,523,5 Series,2006,Automatic,hybrid,2500,177,Sedan,RWD,5,european,executive
Fiat,Tempra,Tempra,1990,Manual,diesel,1600,90,Sedan,FWD,5,european,family
Seat,Ibiza,Ibiza,1991,Manual,petrol,1000,95,Hatchback,FWD,5,european,city
Toyota,Corolla,Corolla,2019,Automatic,diesel,1600,122,Sedan,FWD,5,japanese,family
Hyundai,Tucson,Tucson,2017,Automatic,diesel,1600,177,SUV,FWD,5,korean,suv
Hyundai,Elantra HD,Elantra,2010,Automatic,petrol,1600,122,Sedan,FWD,5,korean,family
Renault,Clio,Clio,1998,Manual,petrol,1000,90,Hatchback,FWD,5,european,city
Kia,Cerato Koup,Cerato,2011,Automatic,petrol,1600,120,Sedan,FWD,5,korean,family
Hyundai,I20,I20,2011,Automatic,petrol,1400,100,Hatchback,FWD,5,korean,city
Chevrolet,Captiva,Captiva,2011,Automatic,diesel,1500,150,SUV,FWD,7,american,suv
Kia,Sportage,Sportage,2019,Automatic,diesel,1600,177,SUV,FWD,5,korean,suv
Changan,CS35,CS35,2017,Automatic,cng,1500,113,SUV,FWD,5,chinese,suv
Nissan,Qashqai,Qashqai,2017,Automatic,cng,1500,163,SUV,FWD,5,japanese,suv
Opel,Corsa,Corsa,2018,Automatic,cng,1200,75,Hatchback,FWD,5,european,city
Chrysler,Town & Country,Town & Country,2001,Automatic,petrol,3600,283,MPV,FWD,7,american,mpv
MG,One,One,2026,Automatic,cng,1500,181,SUV,FWD,5,chinese,suv
Hyundai,Sonata,Sonata,2021,Automatic,petrol,2000,154,Sedan,FWD,5,korean,executive
Ford,Focus,Focus,2002,Automatic,diesel,1500,150,Hatchback,FWD,5,american,family
Seat,Ateca,Ateca,2021,Automatic,diesel,1500,150,SUV,FWD,5,european,suv
Land Rover,Range Rover,Range Rover,2017,Automatic,petrol,3000,400,SUV,4WD,5,european,luxury_suv
Changan,CS55,CS55,2021,Automatic,petrol,1500,156,SUV,FWD,5,chinese,suv
BMW,740,7 Series,2018,Automatic,petrol,3000,340,Sedan,RWD,5,european,luxury
Fiat,500X,500X,2017,Automatic,petrol,1400,80,Crossover,FWD,5,european,crossover
Volkswagen,Caddy,Caddy,2012,Manual,petrol,2000,122,Van,FWD,5,european,van
Mercedes,S500,S-Class,2014,Automatic,petrol,4700,435,Sedan,RWD,5,european,luxury
Speranza,Tiggo,Tiggo,2014,Manual,petrol,1300,70,Hatchback,FWD,5,chinese,city
Lada,2107,2107,1989,Manual,petrol,1600,75,Sedan,RWD,5,other,family
Kia,Cerato,Cerato,2021,Automatic,diesel,1600,123,Sedan,FWD,5,korean,family
Hyundai,Elantra HD,Elantra,2011,Automatic,petrol,1600,122,Sedan,FWD,5,korean,family
Suzuki,Van,Van,2021,Manual,petrol,1200,83,Hatchback,FWD,5,japanese,city
Hyundai,Elantra MD,Elantra,2019,Automatic,petrol,1600,120,Sedan,FWD,5,korean,family
Mazda,3,3,2006,Manual,petrol,1500,120,Sedan,FWD,5,japanese,family
Kia,Ceed,Ceed,2019,Automatic,petrol,1600,128,Hatchback,FWD,5,korean,family
Mitsubishi,Eclipse Cross,Eclipse Cross,2020,Automatic,petrol,1500,163,SUV,AWD,5,japanese,suv
Mercedes,CLA200,CLA,2026,Automatic,diesel,1400,163,Coupe,FWD,5,european,sport
Nissan,Juke,Juke,2022,Automatic,cng,1000,117,Crossover,FWD,5,japanese,crossover
Peugeot,3008,3008,2012,Automatic,diesel,1200,130,SUV,FWD,5,european,suv
Hyundai,XD,XD,2000,Automatic,petrol,1600,120,Sedan,FWD,5,korean,family
DFSK,Glory,Glory,2019,Manual,petrol,1500,150,SUV,FWD,5,chinese,suv
Hyundai,Avante,Avante,2015,Automatic,petrol,1600,120,Sedan,FWD,5,korean,family
Changan,Eado,Eado,2022,Automatic,diesel,1500,156,Sedan,FWD,5,chinese,family
Chery,A5,A5,2010,Manual,cng,1600,109,Sedan,FWD,5,chinese,family
Nissan,Juke,Juke,2026,Automatic,diesel,1000,117,Crossover,FWD,5,japanese,crossover
Honda,CRV,CRV,2024,Automatic,diesel,1500,190,SUV,AWD,5,japanese,suv
Volkswagen,Jetta,Jetta,2009,Automatic,diesel,1400,150,Sedan,FWD,5,european,family
Suzuki,Van,Van,2016,Manual,diesel,1200,83,Hatchback,FWD,5,japanese,city
Chery,Tiggo 7,Tiggo 7,2014,Automatic,cng,1500,156,SUV,FWD,5,chinese,suv
BYD,L3,L3,2022,Automatic,petrol,1500,107,Sedan,FWD,5,chinese,family
Peugeot,405,405,2002,Automatic,petrol,1600,90,Sedan,FWD,5,european,family
Ford,Fiesta,Fiesta,1997,Manual,cng,1000,100,Hatchback,FWD,5,american,city
Volkswagen,Passat,Passat,2022,Automatic,diesel,1800,150,Sedan,FWD,5,european,executive
Mercedes,180,180,2007,Automatic,petrol,1800,122,Sedan,RWD,5,european,executive
BMW,X3,X3,2009,Automatic,diesel,2000,184,SUV,AWD,5,european,luxury_suv
Opel,Corsa,Corsa,1997,Manual,petrol,1200,75,Hatchback,FWD,5,european,city
Hyundai,Excel,Excel,1992,Manual,petrol,1600,120,Sedan,FWD,5,korean,family
Fiat,Dogan,Dogan,1992,Manual,petrol,1400,80,Hatchback,FWD,5,european,city
Kia,Cerato,Cerato,2016,Automatic,cng,1600,123,Sedan,FWD,5,korean,family
Peugeot,308,308,2014,Automatic,petrol,1200,130,Hatchback,FWD,5,european,family
MG,One,One,2022,Automatic,petrol,1500,181,SUV,FWD,5,chinese,suv
Peugeot,508,508,2022,Automatic,diesel,1600,165,Sedan,FWD,5,european,executive
Subaru,XV,XV,2020,Automatic,diesel,2000,156,Crossover,AWD,5,japanese,crossover
Volkswagen,Touareg,Touareg,2008,Automatic,petrol,3000,282,SUV,AWD,5,european,luxury_suv
Chery,Arrizo 5,Arrizo 5,2024,Automatic,diesel,1500,115,Sedan,FWD,5,chinese,family
Kia,Cerato,Cerato,2006,Manual,cng,1600,123,Sedan,FWD,5,korean,family
Chevrolet,Cruze,Cruze,2011,Manual,diesel,1600,124,Sedan,FWD,5,american,family
Suzuki,Van,Van,2015,Manual,diesel,1200,83,Hatchback,FWD,5,japanese,city
Chevrolet,T-Series,T-Series,2008,Manual,diesel,1600,110,Sedan,FWD,5,american,family
Chevrolet,Pickup,Pickup,2011,Automatic,petrol,1600,110,Sedan,FWD,5,american,family
Volkswagen,Golf 6,Golf,2009,Automatic,petrol,1400,122,Hatchback,FWD,5,european,family
Suzuki,Ciaz,Ciaz,2015,Automatic,petrol,1500,105,Sedan,FWD,5,japanese,family
Hyundai,Accent RB,Accent,2023,Automatic,petrol,1600,123,Sedan,FWD,5,korean,city
Geely,Emgrand 7,Emgrand 7,2017,Automatic,cng,1800,132,Sedan,FWD,5,chinese,family
Toyota,Corolla,Corolla,1986,Manual,petrol,1600,122,Sedan,FWD,5,japanese,family
Mitsubishi,Lancer Puma,Lancer,2007,Manual,petrol,1600,113,Sedan,FWD,5,japanese,family
Kia,Shuma,Shuma,1999,Manual,petrol,1600,120,Sedan,FWD,5,korean,family
Chery,A5,A5,2022,Manual,petrol,1600,109,Sedan,FWD,5,chinese,family
Kia,Carnival,Carnival,2003,Automatic,petrol,2200,202,MPV,FWD,8,korean,mpv
Speranza,M11,M11,2011,Manual,petrol,1100,73,Hatchback,FWD,5,chinese,city
MG,HS,HS,2026,Dsg,petrol,1500,162,SUV,FWD,5,chinese,suv
Chery,Tiggo 8 Pro,Tiggo 8,2026,Dsg,petrol,2000,254,SUV,FWD,7,chinese,suv
Hyundai,Tucson,Tucson,2026,Dsg,petrol,1600,177,SUV,FWD,5,korean,suv
Mitsubishi,Pajero,Pajero,2010,Automatic,diesel,3000,178,SUV,4WD,7,japanese,suv
Kia,Picanto,Picanto,2017,Automatic,petrol,1000,67,Hatchback,FWD,5,korean,city
BMW,525,5 Series,2002,Automatic,petrol,2500,218,Sedan,RWD,5,european,executive
Mercedes,200,200,1994,Automatic,petrol,2000,136,Sedan,RWD,5,european,executive
BMW,520i,5 Series,1996,Automatic,petrol,2000,184,Sedan,RWD,5,european,executive
Jeep,Cherokee,Cherokee,2000,Manual,petrol,2400,184,SUV,4WD,5,american,suv
Hyundai,Atos,Atos,2008,Automatic,petrol,1000,57,Hatchback,FWD,5,korean,city
Chevrolet,Spark,Spark,2014,Manual,petrol,1000,68,Hatchback,FWD,4,american,city
Chery,Arrizo 5,Arrizo 5,2019,Automatic,petrol,1500,115,Sedan,FWD,5,chinese,family
Kia,Sorento,Sorento,2021,Automatic,hybrid,2400,173,SUV,AWD,7,korean,suv
Audi,Q3,Q3,2018,Automatic,petrol,1500,150,SUV,FWD,5,european,luxury_suv
JAC,JS3,JS3,2018,Automatic,diesel,1500,113,Crossover,FWD,5,chinese,crossover
Speranza,Tiggo,Tiggo,2018,Automatic,petrol,1300,70,Hatchback,FWD,5,chinese,city
Nissan,Sunny,Sunny,2005,Manual,petrol,1600,110,Sedan,FWD,5,japanese,family
Mitsubishi,Lancer Crystala,Lancer,1998,Automatic,petrol,1600,113,Sedan,FWD,5,japanese,family
Senova,A1,A1,2018,Manual,petrol,1000,67,Hatchback,FWD,5,chinese,city
Kia,K3,K3,2015,Manual,petrol,1600,120,Sedan,FWD,5,korean,family
Nissan,Sunny,Sunny,2023,Manual,petrol,1600,110,Sedan,FWD,5,japanese,family
Volkswagen,Beetle,Beetle,2005,Automatic,petrol,1400,150,Coupe,FWD,4,european,sport
Renault,Clio,Clio,2003,Automatic,petrol,1000,90,Hatchback,FWD,5,european,city
Porsche,Cayenne S,Cayenne,2023,Manual,petrol,4000,440,SUV,AWD,5,european,luxury_suv
Brilliance,V5,V5,2015,Automatic,petrol,1500,150,SUV,FWD,5,chinese,suv
Honda,Accord,Accord,2024,Automatic,petrol,1500,192,Sedan,FWD,5,japanese,executive
Mitsubishi,Lancer Crystala,Lancer,1999,Automatic,petrol,1600,113,Sedan,FWD,5,japanese,family
Mercedes,230,230,1976,Manual,petrol,2300,150,Sedan,RWD,5,european,executive
Ford,Focus,Focus,2015,Automatic,petrol,1500,150,Hatchback,FWD,5,american,family
Hyundai,Excel,Excel,1994,Automatic,petrol,1600,120,Sedan,FWD,5,korean,family
Opel,Grandland,Grandland,2024,Manual,petrol,1200,130,SUV,FWD,5,european,suv
Hyundai,Elantra MD,Elantra,2012,Manual,petrol,1600,120,Sedan,FWD,5,korean,family
Kia,Sephia,Sephia,2001,Manual,petrol,1600,120,Sedan,FWD,5,korean,family
Mercedes,E200,E-Class,1981,Automatic,petrol,2000,184,Sedan,RWD,5,european,executive
BYD,F3,F3,2017,Automatic,cng,1500,109,Sedan,FWD,5,chinese,family
Haval,H6,H6,2025,Dsg,petrol,1500,169,SUV,FWD,5,chinese,suv
BMW,316,3 Series,2006,Automatic,petrol,1600,116,Sedan,RWD,5,european,executive
Honda,Civic,Civic,2016,Automatic,petrol,1500,182,Sedan,FWD,5,japanese,family
Chevrolet,Captiva,Captiva,2013,Automatic,petrol,1500,150,SUV,FWD,7,american,suv
Chevrolet,T-Series,T-Series,2005,Manual,diesel,1600,110,Sedan,FWD,5,american,family
Hyundai,Avante,Avante,2010,Automatic,petrol,1600,120,Sedan,FWD,5,korean,family
Speranza,Envy,Envy,2015,Manual,petrol,1500,109,Sedan,FWD,5,chinese,family
Land Rover,Range Rover,Range Rover,2010,Automatic,petrol,3000,400,SUV,4WD,5,european,luxury_suv
Suzuki,Van,Van,2018,Manual,petrol,1200,83,Hatchback,FWD,5,japanese,city
Skoda,Octavia A4,Octavia,2008,Manual,petrol,1500,150,Sedan,FWD,5,european,family
Nissan,Sunny,Sunny,2001,Manual,petrol,1600,110,Sedan,FWD,5,japanese,family
Kia,Grand Cerato,Cerato,2018,Automatic,petrol,1600,120,Sedan,FWD,5,korean,family
Kia,Soul,Soul,2013,Automatic,petrol,1600,130,Crossover,FWD,5,korean,crossover
Audi,A5,A5,2013,Automatic,petrol,2000,190,Coupe,AWD,4,european,executive
Honda,Civic,Civic,1991,Automatic,petrol,1500,182,Sedan,FWD,5,japanese,family
Toyota,Yaris,Yaris,2016,Automatic,petrol,1500,107,Hatchback,FWD,5,japanese,city
Hyundai,I10,I10,2013,Manual,petrol,1000,67,Hatchback,FWD,5,korean,city
Nissan,Sentra,Sentra,2020,Manual,petrol,1600,122,Sedan,FWD,5,japanese,family
Isuzu,D-Max,D-Max,2013,Manual,petrol,3000,163,Pickup,4WD,5,japanese,truck
Hyundai,Verna,Verna,2018,Manual,petrol,1600,123,Sedan,FWD,5,korean,city
Hyundai,I30,I30,1998,Manual,petrol,1600,120,Sedan,FWD,5,korean,family
Nissan,Sunny,Sunny,1998,Manual,petrol,1600,110,Sedan,FWD,5,japanese,family
Hyundai,Matrix,Matrix,2004,Automatic,petrol,1600,120,MPV,FWD,5,korean,mpv
Mitsubishi,Lancer Puma,Lancer,2004,Manual,petrol,1600,113,Sedan,FWD,5,japanese,family
Fiat,1300,1300,1997,Manual,petrol,1300,65,Sedan,RWD,5,european,family
Mercedes,E240,E-Class,2005,Automatic,petrol,1600,156,Sedan,RWD,5,european,executive
Isuzu,D-Max,D-Max,2015,Automatic,petrol,3000,163,Pickup,4WD,5,japanese,truck
Chery,Arrizo 5,Arrizo 5,2024,Automatic,petrol,1500,115,Sedan,FWD,5,chinese,family
Kia,Cerato Koup,Cerato,2013,Automatic,petrol,1600,120,Sedan,FWD,5,korean,family
JAC,S3,S3,2022,Automatic,petrol,1500,113,Crossover,FWD,5,chinese,crossover
Changan,Eado Plus,Eado Plus,2022,Automatic,petrol,1500,177,Sedan,FWD,5,chinese,executive
Hyundai,XD,XD,2005,Manual,petrol,1600,120,Sedan,FWD,5,korean,family
Lada,Granta,Granta,2024,Automatic,petrol,1600,87,Sedan,FWD,5,other,city
Peugeot,301,301,2021,Manual,petrol,1200,82,Sedan,FWD,5,european,family
Seat,Leon,Leon,2011,Automatic,petrol,1500,150,Hatchback,FWD,5,european,family
Nissan,Sunny,Sunny,2013,Automatic,cng,1600,110,Sedan,FWD,5,japanese,family
Chevrolet,T-Series,T-Series,2026,Manual,petrol,1600,110,Sedan,FWD,5,american,family
Seat,Ibiza,Ibiza,2025,Dsg,petrol,1000,95,Hatchback,FWD,5,european,city
Seat,Ibiza,Ibiza,2026,Dsg,petrol,1000,95,Hatchback,FWD,5,european,city
Nissan,Qashqai,Qashqai,2025,Cvt,petrol,1500,163,SUV,FWD,5,japanese,suv
Jetour,T2,T2,2026,Dsg,petrol,2000,254,SUV,AWD,7,chinese,suv
Cupra,Terramar,Terramar,2026,Dsg,petrol,1500,204,SUV,AWD,5,european,suv
Soueast,S09,S09,2026,Dsg,petrol,2000,197,SUV,AWD,7,chinese,suv
Fiat,500X,500X,2025,Automatic,petrol,1400,80,Crossover,FWD,5,european,crossover
MG,RX5,RX5,2026,Dsg,petrol,1500,169,SUV,FWD,5,chinese,suv
Nissan,Juke,Juke,2025,Dsg,petrol,1000,117,Crossover,FWD,5,japanese,crossover
Renault,Kardian,Kardian,2026,Cvt,petrol,1600,100,Crossover,FWD,5,european,crossover
Suzuki,Swift,Swift,2025,Cvt,petrol,1200,83,Hatchback,FWD,5,japanese,city
Kia,Sportage,Sportage,2025,Dsg,petrol,1600,177,SUV,FWD,5,korean,suv
Audi,A5,A5,2026,Dsg,petrol,2000,190,Coupe,AWD,4,european,executive
Chery,Arrizo 5,Arrizo 5,2025,Cvt,petrol,1500,115,Sedan,FWD,5,chinese,family
MG,ZS,ZS,2026,Cvt,petrol,1500,106,SUV,FWD,5,chinese,suv
Mercedes,EQE350,EQ,2026,Automatic,electric,0,288,Sedan,RWD,5,european,executive
Changan,CS55 Plus,CS55 Plus,2025,Dsg,petrol,1500,156,SUV,FWD,5,chinese,suv
Volkswagen,T-Roc,T-Roc,2025,Dsg,petrol,1000,115,Crossover,FWD,5,european,crossover
Kia,Xceed,Xceed,2025,Dsg,petrol,1500,160,Crossover,FWD,5,korean,crossover
Renault,Austral,Austral,2025,Cvt,petrol,1300,158,SUV,FWD,5,european,suv
Renault,Taliant,Taliant,2026,Cvt,petrol,1600,100,Sedan,FWD,5,european,family
Soueast,S05,S05,2026,Dsg,petrol,1500,113,SUV,FWD,5,chinese,suv
Kia,Sportage,Sportage,2026,Dsg,petrol,1600,177,SUV,FWD,5,korean,suv
Chery,Arrizo 5,Arrizo 5,2026,Cvt,petrol,1500,115,Sedan,FWD,5,chinese,family
MG,5,5,2026,Cvt,petrol,1500,169,Sedan,FWD,5,chinese,family
Chery,Tiggo 7,Tiggo 7,2026,Dsg,petrol,1500,156,SUV,FWD,5,chinese,suv
BAIC,U5 Plus,U5 Plus,2025,Cvt,petrol,1500,109,Sedan,FWD,5,chinese,family
Chevrolet,Optra,Optra,2026,Cvt,petrol,1600,109,Sedan,FWD,5,american,family
Audi,Q8,Q8,2021,Automatic,petrol,3000,340,SUV,AWD,5,european,luxury_suv
Zeekr,001,001,2023,Automatic,electric,0,536,Sedan,AWD,5,chinese,executive
Geely,Coolray,Coolray,2025,Dsg,petrol,1500,177,Crossover,FWD,5,chinese,crossover
Hyundai,Tucson,Tucson,2025,Dsg,petrol,1600,177,SUV,FWD,5,korean,suv
Renault,Duster,Duster,2026,Dsg,petrol,1600,114,Crossover,FWD,5,european,crossover
Chery,Tiggo 4 Pro,Tiggo 4,2025,Cvt,petrol,1500,147,SUV,FWD,5,chinese,suv
Jetour,X70 Plus,X70 Plus,2025,Dsg,petrol,1500,181,SUV,FWD,7,chinese,suv
Citroën,C4 Grand Picasso,C4 Grand Picasso,2016,Automatic,petrol,1598,165,MPV,FWD,7,european,mpv
Toyota,Corolla,Corolla,2025,Cvt,petrol,1600,122,Sedan,FWD,5,japanese,family
Nissan,Sentra,Sentra,2026,Cvt,petrol,1600,122,Sedan,FWD,5,japanese,family
Soueast,S06,S06,2026,Dsg,petrol,1500,147,SUV,FWD,5,chinese,suv
Chery,Tiggo 7,Tiggo 7,2025,Dsg,petrol,1500,156,SUV,FWD,5,chinese,suv
Chevrolet,Optra,Optra,2025,Cvt,petrol,1600,109,Sedan,FWD,5,american,family
Jetour,X90 Plus,X90 Plus,2026,Dsg,petrol,1598,197,SUV,FWD,7,chinese,suv
MG,One,One,2026,Cvt,petrol,1500,181,SUV,FWD,5,chinese,suv
JAC,J7,J7,2025,Cvt,petrol,1500,169,Sedan,FWD,5,chinese,executive
GAC,Empow,Empow,2025,Dsg,petrol,1500,174,Sedan,FWD,5,chinese,executive
Zeekr,7X,7X,2024,Automatic,electric,0,475,SUV,AWD,5,chinese,suv
Avatr,11,11,2023,Automatic,electric,0,425,SUV,AWD,5,chinese,luxury_suv
Haval,Jolion,Jolion,2025,Dsg,petrol,1500,147,SUV,FWD,5,chinese,suv
Mercedes,G63,G63,2026,Automatic,petrol,4000,577,SUV,4WD,5,european,luxury_suv
Cupra,Terramar,Terramar,2025,Dsg,petrol,1500,204,SUV,AWD,5,european,suv
Skoda,Octavia A8,Octavia,2025,Automatic,petrol,1395,150,Sedan,FWD,5,european,family
Mitsubishi,Eclipse Cross,Eclipse Cross,2025,Cvt,petrol,1500,163,SUV,AWD,5,japanese,suv
Kia,Grand Cerato,Cerato,2024,Automatic,petrol,1600,120,Sedan,FWD,5,korean,family
Kaiyi,X3 Pro,X3 Pro,2026,Cvt,petrol,1500,147,Crossover,FWD,5,chinese,crossover
Mercedes,GLC200,GLC,2023,Automatic,hybrid,1500,197,SUV,4WD,5,european,luxury_suv
Kaiyi,X7,X7,2026,Dsg,petrol,2000,204,SUV,FWD,5,chinese,suv
Jetour,T1,T1,2026,Dsg,petrol,1500,156,Crossover,FWD,5,chinese,crossover
Peugeot,2008,2008,2025,Automatic,petrol,1200,130,Crossover,FWD,5,european,crossover
Changan,Eado Plus,Eado Plus,2026,Dsg,petrol,1500,177,Sedan,FWD,5,chinese,executive
Renault,Austral,Austral,2026,Cvt,petrol,1300,158,SUV,FWD,5,european,suv
Volkswagen,Tiguan,Tiguan,2025,Dsg,petrol,1400,150,SUV,FWD,5,european,suv
Haval,H6,H6,2026,Dsg,petrol,1500,169,SUV,FWD,5,chinese,suv
BAIC,BJ30,BJ30,2025,Dsg,hybrid,2000,170,SUV,AWD,5,chinese,suv
Opel,Grandland,Grandland,2025,Automatic,petrol,1200,130,SUV,FWD,5,european,suv
Nissan,X-Trail,X-Trail,2026,Cvt,hybrid,1700,158,SUV,AWD,7,japanese,suv
MG,RX5,RX5,2025,Dsg,petrol,1500,169,SUV,FWD,5,chinese,suv
Renault,Megane,Megane,2026,Cvt,petrol,1500,115,Hatchback,FWD,5,european,family
Chevrolet,N-Series,N-Series,2026,Manual,diesel,1600,110,Sedan,FWD,5,american,family
Chevrolet,T-Series,T-Series,2026,Manual,diesel,1600,110,Sedan,FWD,5,american,family
Haval,Jolion Pro,Jolion Pro,2025,Dsg,petrol,1500,169,SUV,FWD,5,chinese,suv
Chery,Tiggo 7 Pro Max,Tiggo 7,2026,Dsg,petrol,1500,113,SUV,FWD,5,chinese,suv
Chery,Arrizo 8,Arrizo 8,2026,Dsg,petrol,2000,197,Sedan,FWD,5,chinese,executive
Suzuki,Swift Dzire,Swift Dzire,2025,Cvt,petrol,1200,83,Hatchback,FWD,5,japanese,city
Opel,Mokka,Mokka,2025,Automatic,petrol,1200,100,Crossover,FWD,5,european,crossover
Volkswagen,Golf,Golf,2025,Automatic,petrol,1400,150,Hatchback,FWD,5,european,family
JAC,JS4,JS4,2025,Cvt,petrol,1500,147,SUV,FWD,5,chinese,suv
Jetour,T1,T1,2025,Dsg,petrol,1500,156,Crossover,FWD,5,chinese,crossover
Changan,UNI-T,UNI-T,2025,Dsg,petrol,1500,181,SUV,FWD,5,chinese,suv
Jetour,Dashing,Dashing,2025,Dsg,petrol,1500,156,Sedan,FWD,5,chinese,family
MG,5,5,2025,Cvt,petrol,1500,169,Sedan,FWD,5,chinese,family
Chevrolet,Captiva,Captiva,2025,Cvt,petrol,1500,150,SUV,FWD,7,american,suv
Chery,Tiggo 8 Pro,Tiggo 8,2025,Dsg,petrol,2000,254,SUV,FWD,7,chinese,suv
JAC,S2,S2,2025,Cvt,petrol,1500,109,Crossover,FWD,5,chinese,crossover
Hyundai,I20,I20,2021,Automatic,petrol,1400,100,Hatchback,FWD,5,korean,city
Mercedes,C300,C-Class,2011,Automatic,petrol,2000,258,Sedan,RWD,5,european,executive
Mini,Cooper,Cooper,2025,Dsg,petrol,1500,136,Hatchback,FWD,4,european,city
Nissan,Sunny,Sunny,2026,Manual,petrol,1600,110,Sedan,FWD,5,japanese,family
Changan,UNI-V,UNI-V,2026,Dsg,petrol,1500,181,Sedan,FWD,5,chinese,executive
Renault,Taliant,Taliant,2025,Cvt,petrol,1600,100,Sedan,FWD,5,european,family
MG,HS,HS,2025,Dsg,petrol,1500,162,SUV,FWD,5,chinese,suv
BAIC,BJ30,BJ30,2025,Dsg,petrol,2000,170,SUV,AWD,5,chinese,suv
Geely,Okavango,Okavango,2024,Dsg,petrol,1500,190,SUV,AWD,7,chinese,suv
BAIC,X7,X7,2025,Dsg,petrol,2000,204,SUV,AWD,7,chinese,suv
Honda,CRV,CRV,2024,Cvt,petrol,1500,190,SUV,AWD,5,japanese,suv
BAIC,X55,X55,2025,Dsg,petrol,1500,150,SUV,FWD,5,chinese,suv
JAC,JS4,JS4,2024,Cvt,petrol,1500,147,SUV,FWD,5,chinese,suv
Renault,Duster,Duster,2025,Cvt,petrol,1600,114,Crossover,FWD,5,european,crossover
Jetour,X90 Plus,X90 Plus,2025,Dsg,petrol,1598,197,SUV,FWD,7,chinese,suv
Renault,Kardian,Kardian,2025,Cvt,petrol,1600,100,Crossover,FWD,5,european,crossover
Chevrolet,T-Series,T-Series,2025,Manual,diesel,1600,110,Sedan,FWD,5,american,family
Honda,Accord,Accord,2024,Cvt,petrol,1500,192,Sedan,FWD,5,japanese,executive
Seat,Arona,Arona,2025,Dsg,petrol,1000,95,Crossover,FWD,5,european,crossover
Renault,Megane,Megane,2023,Cvt,petrol,1500,115,Hatchback,FWD,5,european,family
Chery,Tiggo 8,Tiggo 8,2025,Dsg,petrol,1500,197,SUV,FWD,7,chinese,suv
Nissan,X-Trail,X-Trail,2024,Cvt,hybrid,1700,158,SUV,AWD,7,japanese,suv
Nissan,Sentra,Sentra,2025,Cvt,petrol,1600,122,Sedan,FWD,5,japanese,family
Skoda,Kodiaq,Kodiaq,2024,Dsg,petrol,2000,190,SUV,AWD,7,european,suv
Chery,Tiggo 7 Pro,Tiggo 7,2024,Cvt,petrol,1500,156,SUV,FWD,5,chinese,suv
Mitsubishi,Attrage,Attrage,2025,Cvt,petrol,1200,78,Sedan,FWD,5,japanese,city
Geely,Coolray,Coolray,2024,Dsg,petrol,1500,177,Crossover,FWD,5,chinese,crossover
Renault,Austral,Austral,2024,Dsg,petrol,1300,158,SUV,FWD,5,european,suv
Shineray,X30,X30,2025,Manual,petrol,1500,113,SUV,FWD,5,chinese,suv
Skoda,Kodiaq,Kodiaq,2023,Dsg,petrol,2000,190,SUV,AWD,7,european,suv
