make,model,model_family,year,engine_cc,horsepower,body_type,drivetrain,seating_capacity,brand_origin,car_segment,brand_market_share
Deepal,S 07,S 07,2025,1500,318,SUV,AWD,5,chinese,suv,0.0008
BYD,F3,F3,2024,1500,109,Sedan,FWD,5,chinese,family,0.0141
BYD,F3,F3,2025,1500,109,Sedan,FWD,5,chinese,family,0.0141
Subaru,Impreza,Impreza,2009,1498,107,Sedan,AWD,5,japanese,family,0.0053
Peugeot,206,206,2002,1400,75,Hatchback,FWD,5,european,city,0.0339
Peugeot,405,405,1996,1600,90,Sedan,FWD,5,european,family,0.0339
Mercedes,C200,C-Class,2020,1500,197,Sedan,RWD,5,european,executive,0.0745
Changan,Benni,Benni,2009,1301,86,Hatchback,FWD,5,chinese,city,0.0005
Fiat,131,131,1981,1300,65,Sedan,RWD,5,european,family,0.0447
Daewoo,Lanos,Lanos,1999,1500,86,Sedan,FWD,5,korean,city,0.0308
Skoda,Octavia,Octavia,1998,1500,150,Sedan,FWD,5,european,family,0.0311
Peugeot,405,405,1998,1600,90,Sedan,FWD,5,european,family,0.0339
Hyundai,Verna,Verna,2019,1600,123,Sedan,FWD,5,korean,city,0.0768
Suzuki,Alto,Alto,2022,1000,67,Hatchback,FWD,5,japanese,city,0.0264
Suzuki,Alto,Alto,2019,1000,67,Hatchback,FWD,5,japanese,city,0.0264
Renault,Logan,Logan,2013,1600,84,Sedan,FWD,5,european,family,0.0417
Geely,Emgrand,Emgrand,2013,1500,107,Sedan,FWD,5,chinese,family,0.0155
Opel,Corsa,Corsa,2005,1200,75,Hatchback,FWD,5,european,city,0.0274
Daewoo,Nubira,Nubira,2002,1600,100,Sedan,FWD,5,korean,family,0.0308
Chevrolet,Lanos,Lanos,2011,1500,86,Sedan,FWD,5,american,city,0.0414
Opel,Corsa,Corsa,1994,1200,75,Hatchback,FWD,5,european,city,0.0274
Peugeot,301,301,2015,1200,82,Sedan,FWD,5,european,family,0.0339
Chery,Arrizo 5 Pro,Arrizo 5,2022,1500,147,Sedan,FWD,5,chinese,family,0.0253
Renault,Logan,Logan,2016,1600,84,Sedan,FWD,5,european,family,0.0417
Hyundai,Verna,Verna,2011,1600,123,Sedan,FWD,5,korean,city,0.0768
BYD,F3,F3,2021,1500,109,Sedan,FWD,5,chinese,family,0.0141
Renault,Megane,Megane,1999,1500,115,Hatchback,FWD,5,european,family,0.0417
Fiat,128,128,1977,1100,55,Hatchback,FWD,5,european,city,0.0447
Renault,Megane,Megane,2000,1500,115,Hatchback,FWD,5,european,family,0.0417
Opel,Vectra,Vectra,1995,1800,122,Sedan,FWD,5,european,executive,0.0274
Renault,Logan,Logan,2017,1600,84,Sedan,FWD,5,european,family,0.0417
Chevrolet,Lanos,Lanos,2010,1500,86,Sedan,FWD,5,american,city,0.0414
Fiat,128,128,1979,1100,55,Hatchback,FWD,5,european,city,0.0447
Fiat,Shahin,Shahin,2008,1400,80,Hatchback,FWD,5,european,city,0.0447
Volkswagen,Pointer,Pointer,2004,1400,130,Sedan,FWD,5,european,family,0.0389
MG,HS,HS,2025,1500,162,SUV,FWD,5,chinese,suv,0.017
Suzuki,Ertiga,Ertiga,2015,1500,105,MPV,FWD,7,japanese,mpv,0.0264
Kia,Carnival MPV,Carnival,2001,2200,202,MPV,FWD,8,korean,mpv,0.0577
Ford,Fusion,Fusion,2018,1600,125,Sedan,FWD,5,american,family,0.0136
Opel,Vectra,Vectra,2008,1800,122,Sedan,FWD,5,european,executive,0.0274
Ford,Kuga,Kuga,2015,1600,125,Sedan,FWD,5,american,family,0.0136
Hyundai,Getz,Getz,2008,1400,97,Hatchback,FWD,5,korean,city,0.0768
Hyundai,Tucson,Tucson,2020,1600,177,SUV,FWD,5,korean,suv,0.0768
Kia,Cerato,Cerato,2021,1600,123,Sedan,FWD,5,korean,family,0.0577
Hyundai,Creta,Creta,2016,1500,115,SUV,FWD,5,korean,crossover,0.0768
Hyundai,Accent,Accent,2008,1600,123,Sedan,FWD,5,korean,city,0.0768
Opel,Astra,Astra,2014,1400,150,Hatchback,FWD,5,european,family,0.0274
Renault,Sandero,Sandero,2016,1600,84,Hatchback,FWD,5,european,city,0.0417
BMW,740,7 Series,2017,3000,340,Sedan,RWD,5,european,luxury,0.0557
Mercedes,E200,E-Class,2023,2000,184,Sedan,RWD,5,european,executive,0.0745
BMW,525,5 Series,2010,2500,218,Sedan,RWD,5,european,executive,0.0557
Hyundai,Tucson,Tucson,2012,1600,177,SUV,FWD,5,korean,suv,0.0768
Mercedes,E280,E-Class,2008,3000,231,Sedan,RWD,5,european,executive,0.0745
Daewoo,Nubira,Nubira,2006,1600,100,Sedan,FWD,5,korean,family,0.0308
Mercedes,E180,E-Class,2016,1600,156,Sedan,RWD,5,european,executive,0.0745
Peugeot,308 SW,308 SW,2008,1400,95,Sedan,FWD,5,european,family,0.0339
Mercedes,A200,A-Class,2020,1400,163,Hatchback,FWD,5,european,executive,0.0745
Daewoo,Nubira 1,Nubira,1995,1600,100,Sedan,FWD,5,korean,family,0.0308
Porsche,Cayenne,Cayenne,2016,3000,340,SUV,AWD,5,european,luxury_suv,0.0082
Kia,Cerato,Cerato,2022,1600,123,Sedan,FWD,5,korean,family,0.0577
Mercedes,E300,E-Class,2020,2000,272,Sedan,RWD,5,european,executive,0.0745
Audi,Q8,Q8,2022,3000,340,SUV,AWD,5,european,luxury_suv,0.0141
Skoda,Octavia,Octavia,2003,1500,150,Sedan,FWD,5,european,family,0.0311
Hyundai,Tucson,Tucson,1996,1600,177,SUV,FWD,5,korean,suv,0.0768
Brilliance,Galena,Galena,2008,1500,150,SUV,FWD,5,chinese,suv,0.0068
Nissan,Sunny,Sunny,2007,1600,110,Sedan,FWD,5,japanese,family,0.0316
Mazda,323,323,2007,1600,98,Sedan,FWD,5,japanese,family,0.0063
BMW,316,3 Series,2013,1600,116,Sedan,RWD,5,european,executive,0.0557
Porsche,Cayenne,Cayenne,2020,3000,340,SUV,AWD,5,european,luxury_suv,0.0082
Skoda,Octavia,Octavia,2021,1500,150,Sedan,FWD,5,european,family,0.0311
Citroën,Grand C4 Spacetourer,Grand C4 Spacetourer,2021,1200,130,MPV,FWD,7,european,mpv,0.0151
Fiat,Tipo,Tipo,2021,1600,110,Sedan,FWD,5,european,family,0.0447
Mercedes,200,200,2021,2000,136,Sedan,RWD,5,european,executive,0.0745
Mercedes,AMG,AMG,2025,4000,510,Sedan,AWD,5,european,sport,0.0745
Toyota,Corolla,Corolla,2015,1600,122,Sedan,FWD,5,japanese,family,0.0303
Proton,Gen-2,Gen-2,2016,1600,110,Hatchback,FWD,5,other,family,0.0096
Chevrolet,Optra,Optra,2006,1600,109,Sedan,FWD,5,american,family,0.0414
Renault,Logan,Logan,2014,1600,84,Sedan,FWD,5,european,family,0.0417
Geely,Emgrand X7,Emgrand X7,2015,2400,137,SUV,FWD,7,chinese,suv,0.0155
Nissan,Qashqai,Qashqai,2020,1500,163,SUV,FWD,5,japanese,suv,0.0316
Peugeot,407,407,2008,1400,95,Sedan,FWD,5,european,family,0.0339
Nissan,Bluebird,Bluebird,2019,1600,103,Sedan,FWD,5,japanese,family,0.0316
Audi,A4,A4,2012,2000,190,Sedan,AWD,5,european,executive,0.0141
Peugeot,301,301,2021,1200,82,Sedan,FWD,5,european,family,0.0339
Mercedes,C180,C-Class,2020,1600,156,Sedan,RWD,5,european,executive,0.0745
Kia,Rio,Rio,2014,1400,100,Sedan,FWD,5,korean,city,0.0577
Skoda,Octavia,Octavia,2024,1395,150,Sedan,FWD,5,european,family,0.0311
Jeep,Cherokee,Cherokee,2018,2400,184,SUV,4WD,5,american,suv,0.0176
Peugeot,405,405,1997,1600,90,Sedan,FWD,5,european,family,0.0339
Mercedes,GLC200,GLC,2020,1500,197,SUV,4WD,5,european,luxury_suv,0.0745
Hyundai,Tucson,Tucson,2021,1600,177,SUV,FWD,5,korean,suv,0.0768
Hyundai,Tucson,Tucson,2022,1600,177,SUV,FWD,5,korean,suv,0.0768
Geely,Emgrand,Emgrand,2019,1500,107,Sedan,FWD,5,chinese,family,0.0155
Chevrolet,Aveo,Aveo,2016,1400,100,Sedan,FWD,5,american,city,0.0414
Toyota,Land Cruiser,Land Cruiser,2019,4000,271,SUV,4WD,8,japanese,luxury_suv,0.0303
Lada,Granta,Granta,2020,1600,87,Sedan,FWD,5,other,city,0.0133
Renault,Logan,Logan,2018,1600,84,Sedan,FWD,5,european,family,0.0417
Brilliance,Galena,Galena,2007,1500,150,SUV,FWD,5,chinese,suv,0.0068
Mercedes,S500,S-Class,2017,4700,435,Sedan,RWD,5,european,luxury,0.0745
BMW,316,3 Series,2010,1600,116,Sedan,RWD,5,european,executive,0.0557
Chevrolet,Aveo,Aveo,2015,1400,100,Sedan,FWD,5,american,city,0.0414
Seat,Tarraco,Tarraco,2019,1500,150,SUV,FWD,7,european,suv,0.0196
Speranza,A620,A620,2007,2000,145,Sedan,FWD,5,chinese,family,0.0146
BMW,320i,3 Series,2007,2000,184,Sedan,RWD,5,european,executive,0.0557
Mercedes,350,350,2018,3500,272,Sedan,RWD,5,european,executive,0.0745
Mercedes,C180,C-Class,2023,1600,156,Sedan,RWD,5,european,executive,0.0745
Kia,Picanto,Picanto,2015,1000,67,Hatchback,FWD,5,korean,city,0.0577
BMW,320i,3 Series,2026,2000,184,Sedan,RWD,5,european,executive,0.0557
Volkswagen,Golf,Golf,2014,1400,150,Hatchback,FWD,5,european,family,0.0389
Mini,Paceman,Paceman,2010,1500,136,Hatchback,FWD,4,european,city,0.0091
Mercedes,C180,C-Class,2025,1600,156,Sedan,RWD,5,european,executive,0.0745
BMW,320i,3 Series,2023,2000,184,Sedan,RWD,5,european,executive,0.0557
Mitsubishi,Lancer,Lancer,2015,1600,113,Sedan,FWD,5,japanese,family,0.0281
Ford,Bronco Raptor,Bronco Raptor,2017,3000,418,SUV,4WD,5,american,suv,0.0136
Chevrolet,Optra,Optra,2022,1600,109,Sedan,FWD,5,american,family,0.0414
Geely,Pandino,Pandino,2013,1500,110,Sedan,FWD,5,chinese,family,0.0155
Mercedes,C180,C-Class,2017,1600,156,Sedan,RWD,5,european,executive,0.0745
Chevrolet,Optra,Optra,2018,1600,109,Sedan,FWD,5,american,family,0.0414
Mercedes,E200,E-Class,2020,2000,184,Sedan,RWD,5,european,executive,0.0745
Renault,Sandero Stepway,Sandero,2002,1600,115,Hatchback,FWD,5,european,crossover,0.0417
Volkswagen,Passat,Passat,2021,1800,150,Sedan,FWD,5,european,executive,0.0389
Mercedes,C180,C-Class,2013,1600,156,Sedan,RWD,5,european,executive,0.0745
Ford,Focus,Focus,2014,1500,150,Hatchback,FWD,5,american,family,0.0136
Kia,Rio,Rio,2013,1400,100,Sedan,FWD,5,korean,city,0.0577
Opel,Grandland,Grandland,2020,1200,130,SUV,FWD,5,european,suv,0.0274
Peugeot,307,307,2005,1400,95,Sedan,FWD,5,european,family,0.0339
Toyota,Echo,Echo,2019,1300,86,Sedan,FWD,5,american,city,0.0136
Peugeot,5008,5008,2017,1200,130,SUV,FWD,7,european,suv,0.0339
BMW,X1,X1,2018,1500,136,Crossover,FWD,5,european,luxury_suv,0.0557
Nissan,Sentra,Sentra,2026,1600,122,Sedan,FWD,5,japanese,family,0.0316
Mercedes,C180,C-Class,2011,1600,156,Sedan,RWD,5,european,executive,0.0745
Mercedes,E200,E-Class,1984,2000,184,Sedan,RWD,5,european,executive,0.0745
Chevrolet,Cruze,Cruze,2015,1600,124,Sedan,FWD,5,american,family,0.0414
Nissan,Sentra,Sentra,2021,1600,122,Sedan,FWD,5,japanese,family,0.0316
Mercedes,C280,C280,2008,3000,231,Sedan,RWD,5,european,executive,0.0745
Daewoo,Nubira,Nubira,1997,1600,100,Sedan,FWD,5,korean,family,0.0308
Volkswagen,Transporter,Transporter,2000,1400,130,Van,FWD,8,european,van,0.0389
Mercedes,C200,C-Class,2023,1500,184,Sedan,RWD,5,european,executive,0.0745
Renault,Megane,Megane,2009,1500,115,Hatchback,FWD,5,european,family,0.0417
Chevrolet,Aveo,Aveo,2020,1400,100,Sedan,FWD,5,american,city,0.0414
BMW,320i,3 Series,2018,2000,184,Sedan,RWD,5,european,executive,0.0557
Jeep,Wrangler,Wrangler,2015,2000,268,SUV,4WD,5,american,suv,0.0176
Toyota,Corolla,Corolla,2018,1600,122,Sedan,FWD,5,japanese,family,0.0303
BMW,318i,3 Series,2009,2000,136,Sedan,RWD,5,european,executive,0.0557
Mercedes,GLC300,GLC,2020,2000,258,SUV,4WD,5,european,luxury_suv,0.0745
Mazda,3,3,2016,1500,120,Sedan,FWD,5,japanese,family,0.0063
Toyota,Corolla,Corolla,2010,1600,122,Sedan,FWD,5,japanese,family,0.0303
Peugeot,307,307,2006,1400,95,Sedan,FWD,5,european,family,0.0339
Speranza,Tiggo,Tiggo,2009,1300,70,Hatchback,FWD,5,chinese,city,0.0146
Audi,A6,A6,2022,2000,190,Sedan,AWD,5,european,luxury,0.0141
BMW,X6,X6,2024,3000,340,SUV,AWD,5,european,luxury_suv,0.0557
Opel,Astra,Astra,2021,1400,150,Hatchback,FWD,5,european,family,0.0274
Seat,Ibiza,Ibiza,2010,1000,95,Hatchback,FWD,5,european,city,0.0196
Mercedes,E200,E-Class,2024,2000,184,Sedan,RWD,5,european,executive,0.0745
Toyota,Corolla,Corolla,2019,1600,122,Sedan,FWD,5,japanese,family,0.0303
Renault,Clio,Clio,2006,1000,90,Hatchback,FWD,5,european,city,0.0417
Renault,Megane,Megane,2022,1500,115,Hatchback,FWD,5,european,family,0.0417
Proton,Gen-2,Gen-2,2014,1600,110,Hatchback,FWD,5,other,family,0.0096
Hyundai,Elantra,Elantra,1994,1600,128,Sedan,FWD,5,korean,family,0.0768
Peugeot,406,406,2004,1400,95,Sedan,FWD,5,european,family,0.0339
Skoda,Kodiaq,Kodiaq,2021,2000,190,SUV,AWD,7,european,suv,0.0311
Citroën,C3 Aircross,C3 Aircross,2022,1200,110,Crossover,FWD,5,european,crossover,0.0151
Nissan,Sunny,Sunny,2021,1600,110,Sedan,FWD,5,japanese,family,0.0316
Opel,Vectra,Vectra,1996,1800,122,Sedan,FWD,5,european,executive,0.0274
Mercedes,E180,E-Class,2019,1600,156,Sedan,RWD,5,european,executive,0.0745
Peugeot,307 SW,307 SW,2006,1400,95,Sedan,FWD,5,european,family,0.0339
Mercedes,C200,C-Class,2013,1500,184,Sedan,RWD,5,european,executive,0.0745
Changan,Benni,Benni,2017,1500,136,Hatchback,FWD,4,european,city,0.0091
Volvo,XC40,XC40,2020,1500,163,Crossover,FWD,5,european,luxury_suv,0.0038
Nissan,Sentra,Sentra,2019,1600,122,Sedan,FWD,5,japanese,family,0.0316
Kia,Carnival MPV,Carnival,2016,2200,202,MPV,FWD,8,korean,mpv,0.0577
Skoda,Kodiaq,Kodiaq,2020,2000,190,SUV,AWD,7,european,suv,0.0311
Jetour,X70 Plus,X70 Plus,2025,1500,181,SUV,FWD,7,chinese,suv,0.0067
BMW,X3,X3,2013,2000,184,SUV,AWD,5,european,luxury_suv,0.0557
Mercedes,C180,C-Class,2019,1600,156,Sedan,RWD,5,european,executive,0.0745
Seat,Tarraco,Tarraco,2003,1500,150,SUV,FWD,7,european,suv,0.0196
Skoda,Octavia Combi,Octavia,2011,1500,150,Sedan,FWD,5,european,family,0.0311
Renault,Sandero,Sandero,2019,1600,84,Hatchback,FWD,5,european,city,0.0417
Seat,Toledo,Toledo,2000,1600,105,Sedan,FWD,5,european,family,0.0196
Volkswagen,Transporter,Transporter,2024,1400,130,Van,FWD,8,european,van,0.0389
Hyundai,Accent,Accent,2010,1600,123,Sedan,FWD,5,korean,city,0.0768
Kia,Sportage,Sportage,2018,1600,177,SUV,FWD,5,korean,suv,0.0577
Mini,Countryman S,Countryman,2018,2000,178,Crossover,AWD,5,european,crossover,0.0091
Suzuki,Grand Vitara,Grand Vitara,2021,2400,163,SUV,4WD,5,japanese,suv,0.0264
Mercedes,E200,E-Class,2021,2000,184,Sedan,RWD,5,european,executive,0.0745
Mini,Cooper,Cooper,2021,1500,136,Hatchback,FWD,4,european,city,0.0091
Honda,Civic,Civic,2019,1500,182,Sedan,FWD,5,japanese,family,0.0151
BMW,X1,X1,2017,1500,136,Crossover,FWD,5,european,luxury_suv,0.0557
Renault,Duster,Duster,2018,1600,114,Crossover,FWD,5,european,crossover,0.0417
Hyundai,Verna,Verna,2014,1600,123,Sedan,FWD,5,korean,city,0.0768
Mercedes,C180,C-Class,2022,1600,156,Sedan,RWD,5,european,executive,0.0745
Porsche,Cayman,Cayman,2020,2500,300,Coupe,RWD,2,european,sport,0.0082
Opel,Insignia,Insignia,2018,1500,165,Sedan,FWD,5,european,executive,0.0274
Brilliance,Galena,Galena,2012,1500,150,SUV,FWD,5,chinese,suv,0.0068
Peugeot,5008,5008,2020,1200,130,SUV,FWD,7,european,suv,0.0339
BMW,X1,X1,2014,1500,136,Crossover,FWD,5,european,luxury_suv,0.0557
Mercedes,A200,A-Class,2022,1400,163,Hatchback,FWD,5,european,executive,0.0745
Daewoo,Lacetti,Lacetti,2007,1600,109,Sedan,FWD,5,korean,family,0.0308
BMW,318i,3 Series,2017,2000,136,Sedan,RWD,5,european,executive,0.0557
Volkswagen,Passat,Passat,1998,1800,150,Sedan,FWD,5,european,executive,0.0389
Mercedes,E300,E-Class,2021,2000,272,Sedan,RWD,5,european,executive,0.0745
BMW,520i,5 Series,2015,2000,184,Sedan,RWD,5,european,executive,0.0557
Volkswagen,Golf,Golf,2015,1400,150,Hatchback,FWD,5,european,family,0.0389
Mercedes,E200,E-Class,2015,2000,184,Sedan,RWD,5,european,executive,0.0745
Mercedes,C180,C-Class,2024,1600,156,Sedan,RWD,5,european,executive,0.0745
Soueast,S06,S06,2026,1500,147,SUV,FWD,5,chinese,suv,0.0013
Opel,Astra,Astra,2019,1400,150,Hatchback,FWD,5,european,family,0.0274
Geely,Emgrand,Emgrand,2015,1500,107,Sedan,FWD,5,chinese,family,0.0155
BMW,X1,X1,2020,1500,136,Crossover,FWD,5,european,luxury_suv,0.0557
Mercedes,C180,C-Class,1995,1600,156,Sedan,RWD,5,european,executive,0.0745
Renault,Fluence,Fluence,2014,1600,100,Sedan,FWD,5,european,family,0.0417
Volkswagen,Passat,Passat,2012,1800,150,Sedan,FWD,5,european,executive,0.0389
JAC,S3,S3,2015,1500,113,Crossover,FWD,5,chinese,crossover,0.0047
Mitsubishi,Lancer,Lancer,2007,1600,113,Sedan,FWD,5,japanese,family,0.0281
Hyundai,Matrix,Matrix,2006,1600,120,MPV,FWD,5,korean,mpv,0.0768
Audi,A3,A3,2024,1500,150,Sedan,FWD,5,european,executive,0.0141
Hyundai,Matrix,Matrix,2010,1600,120,MPV,FWD,5,korean,mpv,0.0768
Mercedes,B180,B-Class,2021,1600,122,MPV,FWD,5,european,executive,0.0745
Brilliance,FSV,FSV,2013,1600,116,Sedan,FWD,5,chinese,family,0.0068
Skoda,Kodiaq,Kodiaq,2019,2000,190,SUV,AWD,7,european,suv,0.0311
Ford,Focus,Focus,2008,1500,150,Hatchback,FWD,5,american,family,0.0136
BMW,X3,X3,2010,2000,184,SUV,AWD,5,european,luxury_suv,0.0557
BMW,520i,5 Series,2025,2000,184,Sedan,RWD,5,european,executive,0.0557
Kia,Sportage,Sportage,2020,1600,177,SUV,FWD,5,korean,suv,0.0577
Kia,Cerato,Cerato,2017,1600,123,Sedan,FWD,5,korean,family,0.0577
Mercedes,GLK300,GLK300,2010,1600,156,SUV,RWD,5,european,luxury_suv,0.0745
Skoda,Octavia,Octavia,2012,1500,150,Sedan,FWD,5,european,family,0.0311
Chevrolet,Optra,Optra,2021,1600,109,Sedan,FWD,5,american,family,0.0414
Kia,Carnival MPV,Carnival,2003,2200,202,MPV,FWD,8,korean,mpv,0.0577
Renault,Megane,Megane,2018,1500,115,Hatchback,FWD,5,european,family,0.0417
Geely,Emgrand X7,Emgrand X7,2013,2400,137,SUV,FWD,7,chinese,suv,0.0155
Mercedes,E250,E-Class,2011,1800,204,Sedan,RWD,5,european,executive,0.0745
Jeep,Grand Cherokee,Grand Cherokee,1997,3600,293,SUV,4WD,5,american,luxury_suv,0.0176
Mitsubishi,Lancer,Lancer,1991,1600,113,Sedan,FWD,5,japanese,family,0.0281
Nissan,Juke,Juke,2021,1000,117,Crossover,FWD,5,japanese,crossover,0.0316
Kia,Carnival MPV,Carnival,2010,2200,202,MPV,FWD,8,korean,mpv,0.0577
Tesla,Model Y,Model Y,2021,0,283,SUV,RWD,5,american,suv,0.0037
Hyundai,Matrix,Matrix,2005,1600,120,MPV,FWD,5,korean,mpv,0.0768
Land Rover,Range Rover Velar,Range Rover,2022,2000,247,SUV,AWD,5,european,luxury_suv,0.0108
Hyundai,Tucson,Tucson,2007,1600,177,SUV,FWD,5,korean,suv,0.0768
Volvo,XC60,XC60,2013,2000,250,SUV,AWD,5,european,luxury_suv,0.0038
Mercedes,GLA200,GLA,2025,1400,163,Crossover,FWD,5,european,luxury_suv,0.0745
Kia,Rio,Rio,2016,1400,100,Sedan,FWD,5,korean,city,0.0577
BMW,218i,2 Series,2016,1500,136,Coupe,FWD,4,european,executive,0.0557
Chevrolet,Cruze,Cruze,2010,1600,124,Sedan,FWD,5,american,family,0.0414
Chevrolet,Cruze,Cruze,2016,1600,124,Sedan,FWD,5,american,family,0.0414
Hyundai,Elantra,Elantra,2021,1600,128,Sedan,FWD,5,korean,family,0.0768
Kia,Sorento,Sorento,2023,2400,173,SUV,AWD,7,korean,suv,0.0577
Porsche,Macan,Macan,2024,2000,265,Crossover,AWD,5,european,luxury_suv,0.0082
Renault,Megane,Megane,2004,1500,115,Hatchback,FWD,5,european,family,0.0417
BYD,Tang L,Tang L,2024,0,200,Sedan,FWD,5,chinese,family,0.0141
Mercedes,E250,E-Class,2013,1800,204,Sedan,RWD,5,european,executive,0.0745
Renault,Sandero,Sandero,2021,1600,84,Hatchback,FWD,5,european,city,0.0417
BMW,528,5 Series,2011,2000,245,Sedan,RWD,5,european,executive,0.0557
Nissan,Qashqai,Qashqai,2016,1500,163,SUV,FWD,5,japanese,suv,0.0316
Skoda,Octavia,Octavia,2009,1500,150,Sedan,FWD,5,european,family,0.0311
Hyundai,Verna,Verna,2015,1600,123,Sedan,FWD,5,korean,city,0.0768
Hyundai,Matrix,Matrix,2008,1600,120,MPV,FWD,5,korean,mpv,0.0768
Hyundai,Tucson,Tucson,2001,1600,177,SUV,FWD,5,korean,suv,0.0768
Daewoo,Lanos,Lanos,2001,1500,86,Sedan,FWD,5,korean,city,0.0308
Mercedes,C200,C-Class,2022,1500,184,Sedan,RWD,5,european,executive,0.0745
Jeep,Grand Cherokee,Grand Cherokee,2015,3600,293,SUV,4WD,5,american,luxury_suv,0.0176
Suzuki,Swift,Swift,2015,1200,83,Hatchback,FWD,5,japanese,city,0.0264
Peugeot,301,301,2020,1200,82,Sedan,FWD,5,european,family,0.0339
Peugeot,308,308,2010,1200,130,Hatchback,FWD,5,european,family,0.0339
Citroën,Grand C4 Spacetourer,Grand C4 Spacetourer,2001,1200,130,MPV,FWD,7,european,mpv,0.0151
MG,RX5,RX5,2024,1500,169,SUV,FWD,5,chinese,suv,0.017
Hyundai,Elantra,Elantra,2025,1600,128,Sedan,FWD,5,korean,family,0.0768
BMW,X2,X2,2020,1500,136,Crossover,FWD,5,european,luxury_suv,0.0557
Mitsubishi,Lancer EX Shark,Lancer,2018,1600,113,Sedan,FWD,5,japanese,family,0.0281
Hyundai,Matrix,Matrix,2007,1600,120,MPV,FWD,5,korean,mpv,0.0768
Volkswagen,Tiguan,Tiguan,2014,1400,150,SUV,FWD,5,european,suv,0.0389
Land Rover,Range Rover Velar,Range Rover,2020,2000,247,SUV,AWD,5,european,luxury_suv,0.0108
Mercedes,C180,C-Class,2018,1600,156,Sedan,RWD,5,european,executive,0.0745
Volkswagen,Polo,Polo,2004,1000,95,Hatchback,FWD,5,european,city,0.0389
Opel,Astra,Astra,2020,1400,150,Hatchback,FWD,5,european,family,0.0274
DS,DS4,DS4,2017,1200,130,Hatchback,FWD,5,european,executive,0.0015
Honda,City,City,2009,1500,119,Sedan,FWD,5,japanese,family,0.0151
Peugeot,508,508,2022,1600,165,Sedan,FWD,5,european,executive,0.0339
BMW,420,4 Series,2024,2000,184,Coupe,RWD,4,european,sport,0.0557
Honda,Accord,Accord,2021,1500,192,Sedan,FWD,5,japanese,executive,0.0151
Peugeot,307,307,2007,1400,95,Sedan,FWD,5,european,family,0.0339
Peugeot,408,408,2026,1600,165,Sedan,FWD,5,european,family,0.0339
Hyundai,Coupe,Coupe,2005,1600,120,Sedan,FWD,5,korean,family,0.0768
BMW,318i,3 Series,2016,2000,136,Sedan,RWD,5,european,executive,0.0557
Chrysler,Town & Country,Town & Country,1998,3600,283,MPV,FWD,7,american,mpv,0.0017
Proton,Persona,Persona,2005,1600,110,Sedan,FWD,5,other,family,0.0096
Porsche,911,911,2020,3000,385,Coupe,RWD,4,european,sport,0.0082
BMW,X5,X5,2020,3000,340,SUV,AWD,7,european,luxury_suv,0.0557
Fiat,Grand Punto,Grand Punto,2021,1400,77,Hatchback,FWD,5,european,city,0.0447
Land Rover,Range Rover Velar,Range Rover,2024,2000,247,SUV,AWD,5,european,luxury_suv,0.0108
Alfa Romeo,Giulietta,Giulietta,2020,1400,150,Hatchback,FWD,5,european,executive,0.0018
Opel,Insignia,Insignia,2016,1500,165,Sedan,FWD,5,european,executive,0.0274
BMW,M4,M4,2022,3000,510,Coupe,RWD,4,european,sport,0.0557
Chevrolet,Optra,Optra,2008,1600,109,Sedan,FWD,5,american,family,0.0414
Citroën,C4,C4,2022,1200,130,Hatchback,FWD,5,european,family,0.0151
Renault,Megane,Megane,2021,1500,115,Hatchback,FWD,5,european,family,0.0417
Honda,CRV,CRV,2024,1500,190,SUV,AWD,5,japanese,suv,0.0151
Daewoo,Lacetti,Lacetti,2010,1600,109,Sedan,FWD,5,korean,family,0.0308
Mercedes,C180,C-Class,2016,1600,156,Sedan,RWD,5,european,executive,0.0745
Mercedes,GLA200,GLA,2021,1400,163,Crossover,FWD,5,european,luxury_suv,0.0745
Audi,A3,A3,2014,1500,150,Sedan,FWD,5,european,executive,0.0141
Mercedes,C200,C-Class,2010,1500,184,Sedan,RWD,5,european,executive,0.0745
DS,DS7,DS7,2021,1600,225,SUV,AWD,5,european,luxury_suv,0.0015
Renault,Logan,Logan,2006,1600,84,Sedan,FWD,5,european,family,0.0417
Chevrolet,Optra,Optra,2010,1600,109,Sedan,FWD,5,american,family,0.0414
BMW,X5,X5,2025,3000,340,SUV,AWD,7,european,luxury_suv,0.0557
Toyota,Corolla,Corolla,2021,1600,122,Sedan,FWD,5,japanese,family,0.0303
Kia,Carens,Carens,2010,1600,130,MPV,FWD,7,korean,mpv,0.0577
BMW,X1,X1,2019,1500,136,Crossover,FWD,5,european,luxury_suv,0.0557
Mercedes,C300,C-Class,2020,2000,258,Sedan,RWD,5,european,executive,0.0745
Renault,Sandero Stepway,Sandero,2016,1600,115,Hatchback,FWD,5,european,crossover,0.0417
Seat,Tarraco,Tarraco,2021,1500,150,SUV,FWD,7,european,suv,0.0196
BMW,Z4,Z4,2020,2000,197,Convertible,RWD,2,european,sport,0.0557
Land Rover,Range Rover Sport,Range Rover,2022,3000,395,SUV,4WD,5,european,luxury_suv,0.0108
Mercedes,E350,E-Class,2024,3500,302,Sedan,RWD,5,european,executive,0.0745
Mercedes,200,200,2022,2000,136,Sedan,RWD,5,european,executive,0.0745
Porsche,Cayenne S,Cayenne,2024,4000,440,SUV,AWD,5,european,luxury_suv,0.0082
Fiat,Tipo,Tipo,2020,1600,110,Sedan,FWD,5,european,family,0.0447
Mercedes,E300,E-Class,2022,2000,258,Sedan,RWD,5,european,executive,0.0745
Hyundai,Avante,Avante,2024,1600,120,Sedan,FWD,5,korean,family,0.0768
Kia,Sorento,Sorento,2025,2400,173,SUV,AWD,7,korean,suv,0.0577
Peugeot,3008,3008,2020,1200,130,SUV,FWD,5,european,suv,0.0339
Hyundai,Tucson,Tucson,2019,1600,177,SUV,FWD,5,korean,suv,0.0768
Land Rover,Range Rover,Range Rover,2022,3000,400,SUV,4WD,5,european,luxury_suv,0.0108
Skoda,Octavia,Octavia,2010,1500,150,Sedan,FWD,5,european,family,0.0311
Jeep,Grand Cherokee,Grand Cherokee,2023,3600,293,SUV,4WD,5,american,luxury_suv,0.0176
Mercedes,C250,C-Class,2010,1800,204,Sedan,RWD,5,european,executive,0.0745
Mini,Cooper,Cooper,2020,1500,136,Hatchback,FWD,4,european,city,0.0091
Kia,Rio,Rio,2000,1400,100,Sedan,FWD,5,korean,city,0.0577
Toyota,Corolla Cross,Corolla Cross,2008,1600,120,Sedan,FWD,5,japanese,family,0.0303
Toyota,Corolla Cross,Corolla Cross,2007,1600,120,Sedan,FWD,5,japanese,family,0.0303
MG,ZS,ZS,2022,1500,106,SUV,FWD,5,chinese,suv,0.017
Nissan,Juke,Juke,2015,1000,117,Crossover,FWD,5,japanese,crossover,0.0316
Renault,Megane,Megane,2006,1500,115,Hatchback,FWD,5,european,family,0.0417
Kia,Sportage,Sportage,2025,1600,177,SUV,FWD,5,korean,suv,0.0577
Mercedes,C200,C-Class,2024,1500,184,Sedan,RWD,5,european,executive,0.0745
Mercedes,E200,E-Class,2018,2000,184,Sedan,RWD,5,european,executive,0.0745
Nissan,Sunny,Sunny,2024,1600,110,Sedan,FWD,5,japanese,family,0.0316
Kia,Sportage,Sportage,2026,1600,177,SUV,FWD,5,korean,suv,0.0577
Jaguar,F-Type,F-Type,2016,3000,380,Coupe,AWD,2,european,sport,0.0023
Kia,Cerato,Cerato,2014,1600,123,Sedan,FWD,5,korean,family,0.0577
Daewoo,Nubira,Nubira,1998,1600,100,Sedan,FWD,5,korean,family,0.0308
Jeep,Grand Cherokee 4xe,Grand Cherokee,2017,2000,375,SUV,4WD,5,american,luxury_suv,0.0176
Suzuki,Grand Vitara,Grand Vitara,2022,2400,163,SUV,4WD,5,japanese,suv,0.0264
Hyundai,Tucson,Tucson,2017,1600,177,SUV,FWD,5,korean,suv,0.0768
Mercedes,C180,C-Class,2014,1600,156,Sedan,RWD,5,european,executive,0.0745
Seat,Ibiza,Ibiza,2019,1000,95,Hatchback,FWD,5,european,city,0.0196
Brilliance,Galena,Galena,2009,1500,150,SUV,FWD,5,chinese,suv,0.0068
Kia,Carnival MPV,Carnival,2022,2200,202,MPV,FWD,8,korean,mpv,0.0577
MG,6,6,2021,1500,169,Sedan,FWD,5,chinese,executive,0.017
Renault,Clio,Clio,2005,1000,90,Hatchback,FWD,5,european,city,0.0417
Peugeot,308,308,2011,1200,130,Hatchback,FWD,5,european,family,0.0339
Citroën,Grand C4 Spacetourer,Grand C4 Spacetourer,2022,1200,130,MPV,FWD,7,european,mpv,0.0151
Opel,Vectra,Vectra,1994,1800,122,Sedan,FWD,5,european,executive,0.0274
Toyota,Fortuner,Fortuner,2023,2700,166,SUV,4WD,7,japanese,suv,0.0303
Ford,Fusion,Fusion,2016,1600,125,Sedan,FWD,5,american,family,0.0136
Nissan,Sunny,Sunny,2005,1600,110,Sedan,FWD,5,japanese,family,0.0316
BMW,X3,X3,2019,2000,184,SUV,AWD,5,european,luxury_suv,0.0557
Daewoo,Lanos,Lanos,2011,1500,86,Sedan,FWD,5,korean,city,0.0308
Renault,Sandero Stepway,Sandero,2021,1600,115,Hatchback,FWD,5,european,crossover,0.0417
BMW,3 Series,3 Series,2020,2000,184,Sedan,RWD,5,european,executive,0.0557
Mercedes,V250,V250,2022,2100,190,MPV,RWD,8,european,mpv,0.0745
Skoda,Octavia,Octavia,2022,1500,150,Sedan,FWD,5,european,family,0.0311
Suzuki,Ciaz,Ciaz,2022,1500,105,Sedan,FWD,5,japanese,family,0.0264
BMW,520i,5 Series,2017,2000,184,Sedan,RWD,5,european,executive,0.0557
Hyundai,Tucson,Tucson,2010,1600,177,SUV,FWD,5,korean,suv,0.0768
Mitsubishi,Lancer EX Shark,Lancer,2002,1600,113,Sedan,FWD,5,japanese,family,0.0281
Mercedes,B180,B-Class,2020,1600,122,MPV,FWD,5,european,executive,0.0745
Jeep,Wrangler,Wrangler,2013,2000,268,SUV,4WD,5,american,suv,0.0176
Kia,Spectra,Spectra,2004,1600,120,Sedan,FWD,5,korean,family,0.0577
Citroën,C4,C4,2006,1200,130,Hatchback,FWD,5,european,family,0.0151
Renault,Sandero,Sandero,2013,1600,84,Hatchback,FWD,5,european,city,0.0417
Kia,Cerato,Cerato,2010,1600,123,Sedan,FWD,5,korean,family,0.0577
BMW,X3,X3,2020,2000,184,SUV,AWD,5,european,luxury_suv,0.0557
Citroën,Grand C4 Spacetourer,Grand C4 Spacetourer,2025,1200,130,MPV,FWD,7,european,mpv,0.0151
BMW,320i,3 Series,2014,2000,184,Sedan,RWD,5,european,executive,0.0557
Mercedes,E300,E-Class,2023,2000,258,Sedan,RWD,5,european,executive,0.0745
Kia,Cerato,Cerato,2011,1600,123,Sedan,FWD,5,korean,family,0.0577
Mazda,323,323,2010,1600,98,Sedan,FWD,5,japanese,family,0.0063
BMW,118,1 Series,2013,1500,136,Hatchback,RWD,5,european,executive,0.0557
Renault,Megane,Megane,2020,1500,115,Hatchback,FWD,5,european,family,0.0417
Land Rover,Range Rover Sport,Range Rover,2019,3000,395,SUV,4WD,5,european,luxury_suv,0.0108
Jeep,Grand Cherokee 4xe,Grand Cherokee,2020,2000,375,SUV,4WD,5,american,luxury_suv,0.0176
Volkswagen,Tiguan,Tiguan,2009,1400,150,SUV,FWD,5,european,suv,0.0389
Opel,Corsa,Corsa,2004,1200,75,Hatchback,FWD,5,european,city,0.0274
Toyota,Corolla,Corolla,2009,1600,122,Sedan,FWD,5,japanese,family,0.0303
Daewoo,Nubira,Nubira,2001,1600,100,Sedan,FWD,5,korean,family,0.0308
Audi,Q7,Q7,2021,3000,340,SUV,AWD,7,european,luxury_suv,0.0141
Mercedes,A180,A-Class,2021,1400,136,Hatchback,FWD,5,european,executive,0.0745
Chevrolet,Captiva,Captiva,2021,1500,150,SUV,FWD,7,american,suv,0.0414
Opel,Astra,Astra,2008,1400,150,Hatchback,FWD,5,european,family,0.0274
Peugeot,208,208,2015,1200,100,Hatchback,FWD,5,european,city,0.0339
Chery,Tiggo,Tiggo,2021,1600,106,SUV,FWD,5,chinese,suv,0.0253
Chevrolet,Cruze,Cruze,2022,1600,120,Sedan,FWD,5,japanese,family,0.0303
Mercedes,E300,E-Class,2010,2000,258,Sedan,RWD,5,european,executive,0.0745
Nissan,Juke,Juke,2022,1000,117,Crossover,FWD,5,japanese,crossover,0.0316
Daihatsu,Terios,Terios,2008,1500,105,SUV,4WD,5,japanese,suv,0.0085
Chery,Arrizo 5 Pro,Arrizo 5,2019,1500,147,Sedan,FWD,5,chinese,family,0.0253
Nissan,Bluebird,Bluebird,2020,1600,103,Sedan,FWD,5,japanese,family,0.0316
Kia,Pride,Pride,2001,1600,120,Sedan,FWD,5,korean,family,0.0577
Renault,Megane,Megane,2007,1500,115,Hatchback,FWD,5,european,family,0.0417
Hyundai,Elantra,Elantra,2018,1600,128,Sedan,FWD,5,korean,family,0.0768
Proton,Gen-2,Gen-2,2015,1600,110,Hatchback,FWD,5,other,family,0.0096
Honda,City,City,2010,1500,119,Sedan,FWD,5,japanese,family,0.0151
Kia,Sportage,Sportage,2019,1600,177,SUV,FWD,5,korean,suv,0.0577
Speranza,A516,A516,2010,1600,109,Sedan,FWD,5,chinese,family,0.0146
Renault,Logan,Logan,2019,1600,84,Sedan,FWD,5,european,family,0.0417
Nissan,Sunny,Sunny,2009,1600,110,Sedan,FWD,5,japanese,family,0.0316
Volkswagen,Tiguan,Tiguan,2025,1400,150,SUV,FWD,5,european,suv,0.0389
Opel,Meriva,Meriva,2015,1400,100,MPV,FWD,5,european,mpv,0.0274
Kia,Rio,Rio,2006,1400,100,Sedan,FWD,5,korean,city,0.0577
Toyota,Corolla Cross,Corolla Cross,2006,1600,120,Sedan,FWD,5,japanese,family,0.0303
Kia,Xceed,Xceed,2022,1500,160,Crossover,FWD,5,korean,crossover,0.0577
Hyundai,Elantra,Elantra,2016,1600,128,Sedan,FWD,5,korean,family,0.0768
Daewoo,Leganza,Leganza,2000,2000,133,Sedan,FWD,5,korean,executive,0.0308
Hyundai,I10,I10,2023,1000,67,Hatchback,FWD,5,korean,city,0.0768
Peugeot,3008,3008,2019,1200,130,SUV,FWD,5,european,suv,0.0339
MG,6,6,2020,1500,169,Sedan,FWD,5,chinese,executive,0.017
Chevrolet,Cruze,Cruze,2017,1600,124,Sedan,FWD,5,american,family,0.0414
Mercedes,350,350,2020,3500,272,Sedan,RWD,5,european,executive,0.0745
Mercedes,C200,C-Class,2021,1500,184,Sedan,RWD,5,european,executive,0.0745
Citroën,C4,C4,2005,1200,130,Hatchback,FWD,5,european,family,0.0151
Citroën,C5,C5,2023,1600,120,Sedan,FWD,5,european,executive,0.0151
Toyota,Corolla,Corolla,2022,1600,122,Sedan,FWD,5,japanese,family,0.0303
Chery,Envy,Envy,2017,1500,113,Sedan,FWD,5,chinese,family,0.0253
Citroën,C3,C3,2007,1200,83,Hatchback,FWD,5,european,city,0.0151
Jeep,Wrangler,Wrangler,1978,2000,268,SUV,4WD,5,american,suv,0.0176
Mercedes,GLC,GLC,2022,1500,197,SUV,4WD,5,european,luxury_suv,0.0745
Peugeot,3008,3008,2014,1200,130,SUV,FWD,5,european,suv,0.0339
Nissan,Sunny,Sunny,2017,1600,110,Sedan,FWD,5,japanese,family,0.0316
BYD,F3,F3,2014,1500,109,Sedan,FWD,5,chinese,family,0.0141
BMW,3 Series,3 Series,2016,2000,184,Sedan,RWD,5,european,executive,0.0557
Mercedes,230,230,2008,2300,150,Sedan,RWD,5,european,executive,0.0745
Renault,Megane,Megane,2001,1500,115,Hatchback,FWD,5,european,family,0.0417
Honda,Civic,Civic,1998,1500,182,Sedan,FWD,5,japanese,family,0.0151
Kia,Picanto,Picanto,2009,1000,67,Hatchback,FWD,5,korean,city,0.0577
Kia,Carnival MPV,Carnival,2013,2200,202,MPV,FWD,8,korean,mpv,0.0577
Jeep,Renegade,Renegade,2016,1400,150,Crossover,FWD,5,american,crossover,0.0176
Mercedes,GLC200,GLC,2023,1500,197,SUV,4WD,5,european,luxury_suv,0.0745
Audi,Q7,Q7,2023,3000,340,SUV,AWD,7,european,luxury_suv,0.0141
Fiat,Punto,Punto,2017,1200,69,Hatchback,FWD,5,european,city,0.0447
Mercedes,GLC43,GLC,2022,1600,156,Sedan,RWD,5,european,executive,0.0745
Kia,Picanto,Picanto,2005,1000,67,Hatchback,FWD,5,korean,city,0.0577
Volkswagen,Passat,Passat,2011,1800,150,Sedan,FWD,5,european,executive,0.0389
Opel,Astra,Astra,2013,1400,150,Hatchback,FWD,5,european,family,0.0274
Jeep,Wrangler,Wrangler,2012,2000,268,SUV,4WD,5,american,suv,0.0176
Peugeot,307 SW,307 SW,2008,1400,95,Sedan,FWD,5,european,family,0.0339
Mitsubishi,Lancer,Lancer,2017,1600,113,Sedan,FWD,5,japanese,family,0.0281
Mercedes,G63,G63,2016,4000,577,SUV,4WD,5,european,luxury_suv,0.0745
Chevrolet,Aveo,Aveo,2007,1400,100,Sedan,FWD,5,american,city,0.0414
Kia,Picanto,Picanto,2006,1000,67,Hatchback,FWD,5,korean,city,0.0577
Honda,Accord,Accord,2020,1500,192,Sedan,FWD,5,japanese,executive,0.0151
Proton,Persona,Persona,2009,1600,110,Sedan,FWD,5,other,family,0.0096
Kia,Picanto,Picanto,2010,1000,67,Hatchback,FWD,5,korean,city,0.0577
Seat,Ibiza,Ibiza,2021,1000,95,Hatchback,FWD,5,european,city,0.0196
Volkswagen,Passat,Passat,2000,1800,150,Sedan,FWD,5,european,executive,0.0389
Lotus,Emira,Emira,2024,3500,400,Coupe,RWD,2,european,sport,0.0003
Skoda,Octavia,Octavia,2014,1500,150,Sedan,FWD,5,european,family,0.0311
Skoda,Superb,Superb,2022,1800,180,Sedan,FWD,5,european,executive,0.0311
Peugeot,408,408,2025,1600,165,Sedan,FWD,5,european,family,0.0339
Fiat,Punto,Punto,2009,1200,69,Hatchback,FWD,5,european,city,0.0447
BMW,523,5 Series,2000,2500,177,Sedan,RWD,5,european,executive,0.0557
Seat,Cordoba,Cordoba,2008,1600,100,Sedan,FWD,5,european,family,0.0196
Hyundai,Tucson,Tucson,2023,1600,177,SUV,FWD,5,korean,suv,0.0768
Jeep,Renegade,Renegade,2019,1400,150,Crossover,FWD,5,american,crossover,0.0176
Zotye,T600,T600,2018,2000,197,SUV,FWD,5,chinese,suv,0.0012
BMW,520i,5 Series,2020,2000,184,Sedan,RWD,5,european,executive,0.0557
Jeep,Grand Cherokee,Grand Cherokee,2018,3600,293,SUV,4WD,5,american,luxury_suv,0.0176
Fiat,500X,500X,2020,1400,80,Crossover,FWD,5,european,crossover,0.0447
Skoda,Superb,Superb,2024,1800,180,Sedan,FWD,5,european,executive,0.0311
Tesla,Cybertruck,Cybertruck,2022,0,600,Pickup,AWD,5,american,truck,0.0037
Volkswagen,Passat,Passat,2017,1800,150,Sedan,FWD,5,european,executive,0.0389
Mercedes,200,200,1989,2000,136,Sedan,RWD,5,european,executive,0.0745
BMW,520i,5 Series,2014,2000,184,Sedan,RWD,5,european,executive,0.0557
Mercedes,EQA260,EQ,2024,0,188,Crossover,AWD,5,european,luxury_suv,0.0745
Skoda,Kodiaq,Kodiaq,2025,2000,190,SUV,AWD,7,european,suv,0.0311
Kia,Carens,Carens,2012,1600,130,MPV,FWD,7,korean,mpv,0.0577
Fiat,Tipo,Tipo,2022,1600,110,Sedan,FWD,5,european,family,0.0447
Nissan,Sunny,Sunny,2026,1600,110,Sedan,FWD,5,japanese,family,0.0316
Volkswagen,Golf,Golf,2019,1400,150,Hatchback,FWD,5,european,family,0.0389
Land Rover,Range Rover Vogue,Range Rover,2025,3000,400,SUV,4WD,5,european,luxury_suv,0.0108
Subaru,XV,XV,2016,2000,156,Crossover,AWD,5,japanese,crossover,0.0053
Renault,Symbol,Symbol,2010,1600,90,Sedan,FWD,5,european,city,0.0417
Porsche,Macan,Macan,2021,2000,265,Crossover,AWD,5,european,luxury_suv,0.0082
Opel,Astra,Astra,2009,1400,150,Hatchback,FWD,5,european,family,0.0274
Renault,Kadjar,Kadjar,2019,1600,163,SUV,FWD,5,european,suv,0.0417
BMW,X5,X5,2024,3000,340,SUV,AWD,7,european,luxury_suv,0.0557
Jeep,Wrangler,Wrangler,2014,2000,268,SUV,4WD,5,american,suv,0.0176
Subaru,Impreza,Impreza,2005,1498,107,Sedan,AWD,5,japanese,family,0.0053
Subaru,XV,XV,2022,2000,156,Crossover,AWD,5,japanese,crossover,0.0053
Renault,Duster,Duster,2019,1600,114,Crossover,FWD,5,european,crossover,0.0417
MG,GT,GT,2022,1500,143,Sedan,FWD,5,chinese,family,0.017
Audi,A4,A4,2022,2000,190,Sedan,AWD,5,european,executive,0.0141
Renault,Sandero Stepway,Sandero,2018,1600,115,Hatchback,FWD,5,european,crossover,0.0417
Suzuki,Swift,Swift,2024,1200,83,Hatchback,FWD,5,japanese,city,0.0264
Kia,Carnival MPV,Carnival,2015,2200,202,MPV,FWD,8,korean,mpv,0.0577
SsangYong,Tivoli,Tivoli,2024,1500,163,SUV,FWD,5,korean,suv,0.0028
Opel,Corsa,Corsa,2016,1200,75,Hatchback,FWD,5,european,city,0.0274
Kia,Cerato,Cerato,2018,1600,123,Sedan,FWD,5,korean,family,0.0577
Audi,Q3,Q3,2024,1500,150,SUV,FWD,5,european,luxury_suv,0.0141
Nissan,X-Trail,X-Trail,2007,1700,158,SUV,AWD,7,japanese,suv,0.0316
Seat,Arona,Arona,2019,1000,95,Crossover,FWD,5,european,crossover,0.0196
Land Rover,Range Rover Vogue,Range Rover,2024,3000,400,SUV,4WD,5,european,luxury_suv,0.0108
Daewoo,Lanos,Lanos,2000,1500,86,Sedan,FWD,5,korean,city,0.0308
SsangYong,Tivoli XLV,Tivoli,2020,1500,163,SUV,FWD,5,korean,suv,0.0028
Honda,Accord,Accord,2019,1500,192,Sedan,FWD,5,japanese,executive,0.0151
Chevrolet,Lanos,Lanos,2015,1500,86,Sedan,FWD,5,american,city,0.0414
BMW,320i,3 Series,2017,2000,184,Sedan,RWD,5,european,executive,0.0557
Seat,Ibiza,Ibiza,2020,1000,95,Hatchback,FWD,5,european,city,0.0196
Nissan,Sunny,Sunny,2016,1600,110,Sedan,FWD,5,japanese,family,0.0316
Hyundai,Tucson,Tucson,1998,1600,177,SUV,FWD,5,korean,suv,0.0768
BMW,320i,3 Series,2024,2000,184,Sedan,RWD,5,european,executive,0.0557
Skoda,Superb,Superb,2021,1800,180,Sedan,FWD,5,european,executive,0.0311
Proton,Persona,Persona,2011,1600,110,Sedan,FWD,5,other,family,0.0096
BMW,340,3 Series,2017,3000,326,Sedan,RWD,5,european,executive,0.0557
Mercedes,250,250,2015,2500,150,Sedan,RWD,5,european,executive,0.0745
Jeep,Grand Cherokee,Grand Cherokee,2019,3600,293,SUV,4WD,5,american,luxury_suv,0.0176
Fiat,500,500,2021,1200,69,Hatchback,FWD,4,european,city,0.0447
Hyundai,Tucson,Tucson,2025,1600,177,SUV,FWD,5,korean,suv,0.0768
Mercedes,E200,E-Class,1990,2000,184,Sedan,RWD,5,european,executive,0.0745
Cupra,Formentor,Formentor,2024,1500,150,Crossover,FWD,5,european,crossover,0.002
Skoda,Kodiaq,Kodiaq,2023,2000,190,SUV,AWD,7,european,suv,0.0311
MG,Cyberster,Cyberster,2024,0,536,Convertible,AWD,2,chinese,sport,0.017
BAIC,BJ30,BJ30,2025,2000,170,SUV,AWD,5,chinese,suv,0.0047
Toyota,Corolla,Corolla,2024,1600,122,Sedan,FWD,5,japanese,family,0.0303
Changan,Benni Mini,Benni Mini,2016,1000,68,Hatchback,FWD,4,chinese,city,0.0077
Mercedes,E200,E-Class,2017,2000,184,Sedan,RWD,5,european,executive,0.0745
Jeep,Grand Cherokee,Grand Cherokee,2014,3600,293,SUV,4WD,5,american,luxury_suv,0.0176
Renault,Megane,Megane,2005,1500,115,Hatchback,FWD,5,european,family,0.0417
Nissan,Sunny,Sunny,2003,1600,110,Sedan,FWD,5,japanese,family,0.0316
Mercedes,200,200,1978,2000,136,Sedan,RWD,5,european,executive,0.0745
Volvo,XC40,XC40,2024,1500,163,Crossover,FWD,5,european,luxury_suv,0.0038
Opel,Vectra,Vectra,2000,1800,122,Sedan,FWD,5,european,executive,0.0274
Land Rover,Range Rover Vogue,Range Rover,2023,3000,400,SUV,4WD,5,european,luxury_suv,0.0108
Proton,Persona,Persona,1980,1600,110,Sedan,FWD,5,other,family,0.0096
Hyundai,I10,I10,2015,1000,67,Hatchback,FWD,5,korean,city,0.0768
BMW,320i,3 Series,2016,2000,184,Sedan,RWD,5,european,executive,0.0557
Jeep,Grand Cherokee,Grand Cherokee,2017,3600,293,SUV,4WD,5,american,luxury_suv,0.0176
Suzuki,Swift,Swift,2022,1200,83,Hatchback,FWD,5,japanese,city,0.0264
Toyota,Corolla,Corolla,2025,1600,122,Sedan,FWD,5,japanese,family,0.0303
Toyota,Corolla,Corolla,2023,1600,122,Sedan,FWD,5,japanese,family,0.0303
Nissan,Juke,Juke,2013,1000,117,Crossover,FWD,5,japanese,crossover,0.0316
Seat,Leon,Leon,2019,1500,150,Hatchback,FWD,5,european,family,0.0196
Daewoo,Nubira,Nubira,2000,1600,100,Sedan,FWD,5,korean,family,0.0308
Hyundai,Tucson,Tucson,2008,1600,177,SUV,FWD,5,korean,suv,0.0768
Peugeot,3008,3008,2021,1200,130,SUV,FWD,5,european,suv,0.0339
Opel,Astra,Astra,2018,1400,150,Hatchback,FWD,5,european,family,0.0274
Jeep,Cherokee,Cherokee,2000,2400,184,SUV,4WD,5,american,suv,0.0176
Skoda,Octavia,Octavia,2018,1500,150,Sedan,FWD,5,european,family,0.0311
BMW,530,5 Series,2018,2000,258,Sedan,RWD,5,european,executive,0.0557
Kia,Sorento,Sorento,2024,2400,173,SUV,AWD,7,korean,suv,0.0577
Hyundai,Verna,Verna,2012,1600,123,Sedan,FWD,5,korean,city,0.0768
Kia,Cerato,Cerato,2016,1600,123,Sedan,FWD,5,korean,family,0.0577
Opel,Astra,Astra,2015,1400,150,Hatchback,FWD,5,european,family,0.0274
GMC,Hummer EV,Hummer EV,2024,0,1000,Pickup,AWD,5,american,truck,0.002
BMW,520i,5 Series,2024,2000,184,Sedan,RWD,5,european,executive,0.0557
Nissan,Bluebird,Bluebird,2009,1600,103,Sedan,FWD,5,japanese,family,0.0316
Hyundai,Elantra,Elantra,2015,1600,128,Sedan,FWD,5,korean,family,0.0768
Mercedes,E250,E-Class,2010,1800,204,Sedan,RWD,5,european,executive,0.0745
Peugeot,408,408,2012,1600,165,Sedan,FWD,5,european,family,0.0339
Chery,Tiggo,Tiggo,2023,1600,106,SUV,FWD,5,chinese,suv,0.0253
Mercedes,C200,C-Class,2014,1500,184,Sedan,RWD,5,european,executive,0.0745
Kia,Cerato,Cerato,2020,1600,123,Sedan,FWD,5,korean,family,0.0577
Mercedes,E200,E-Class,2019,2000,184,Sedan,RWD,5,european,executive,0.0745
Kia,Cerato,Cerato,2012,1600,123,Sedan,FWD,5,korean,family,0.0577
Opel,Insignia,Insignia,2017,1500,165,Sedan,FWD,5,european,executive,0.0274
MG,X5,X5,2024,1500,169,SUV,FWD,5,chinese,suv,0.017
Kia,Spectra,Spectra,2002,1600,120,Sedan,FWD,5,korean,family,0.0577
Audi,A3,A3,2022,1500,150,Sedan,FWD,5,european,executive,0.0141
Jeep,Renegade,Renegade,2021,1400,150,Crossover,FWD,5,american,crossover,0.0176
Opel,Astra,Astra,2017,1400,150,Hatchback,FWD,5,european,family,0.0274
Hyundai,Tucson,Tucson,2015,1600,177,SUV,FWD,5,korean,suv,0.0768
Citroën,C4,C4,2016,1200,130,Hatchback,FWD,5,european,family,0.0151
Mini,Countryman,Countryman,2018,1500,136,Crossover,FWD,5,european,crossover,0.0091
Hyundai,Elantra,Elantra,2012,1600,128,Sedan,FWD,5,korean,family,0.0768
Nissan,Sunny,Sunny,2022,1600,110,Sedan,FWD,5,japanese,family,0.0316
Chevrolet,Malibu,Malibu,2019,1500,163,Sedan,FWD,5,american,executive,0.0414
Mercedes,C180,C-Class,2006,1600,156,Sedan,RWD,5,european,executive,0.0745
Honda,Accord,Accord,2022,1500,192,Sedan,FWD,5,japanese,executive,0.0151
Hyundai,Accent,Accent,2015,1600,123,Sedan,FWD,5,korean,city,0.0768
MG,5,5,2021,1500,169,Sedan,FWD,5,chinese,family,0.017
Mitsubishi,Lancer,Lancer,2016,1600,113,Sedan,FWD,5,japanese,family,0.0281
Renault,Duster,Duster,2021,1600,114,Crossover,FWD,5,european,crossover,0.0417
Audi,Q3,Q3,2015,1500,150,SUV,FWD,5,european,luxury_suv,0.0141
Mazda,3,3,2015,1500,120,Sedan,FWD,5,japanese,family,0.0063
Porsche,Cayenne S,Cayenne,2020,4000,440,SUV,AWD,5,european,luxury_suv,0.0082
Toyota,Echo,Echo,2018,1300,86,Sedan,FWD,5,american,city,0.0136
Mercedes,GLA200,GLA,2019,1400,163,Crossover,FWD,5,european,luxury_suv,0.0745
Opel,Grandland,Grandland,2021,1200,130,SUV,FWD,5,european,suv,0.0274
Kia,Sportage,Sportage,2022,1600,177,SUV,FWD,5,korean,suv,0.0577
Chery,Tiggo,Tiggo,2022,1600,106,SUV,FWD,5,chinese,suv,0.0253
Jeep,Cherokee,Cherokee,2008,2400,184,SUV,4WD,5,american,suv,0.0176
Land Rover,Range Rover,Range Rover,2020,3000,400,SUV,4WD,5,european,luxury_suv,0.0108
BMW,530,5 Series,2023,2000,258,Sedan,RWD,5,european,executive,0.0557
Volkswagen,Jetta,Jetta,2010,1400,150,Sedan,FWD,5,european,family,0.0389
Speranza,A516,A516,2009,1600,109,Sedan,FWD,5,chinese,family,0.0146
Volkswagen,Passat,Passat,2009,1800,150,Sedan,FWD,5,european,executive,0.0389
Daihatsu,Grand Terios,Terios,1990,1500,105,SUV,4WD,7,japanese,suv,0.0085
Opel,Insignia,Insignia,2021,1500,165,Sedan,FWD,5,european,executive,0.0274
Toyota,Belta,Belta,2022,1500,107,Sedan,FWD,5,japanese,city,0.0303
Volvo,XC90,XC90,2022,2000,300,SUV,AWD,7,european,luxury_suv,0.0038
Jaguar,XE,XE,2018,2000,250,Sedan,RWD,5,european,luxury,0.0023
BMW,218i,2 Series,2021,1500,136,Coupe,FWD,4,european,executive,0.0557
Hyundai,Elantra,Elantra,1997,1600,128,Sedan,FWD,5,korean,family,0.0768
Chery,Tiggo,Tiggo,2025,1600,106,SUV,FWD,5,chinese,suv,0.0253
Opel,Grandland,Grandland,2018,1200,130,SUV,FWD,5,european,suv,0.0274
Mercedes,A35,A-Class,2023,1600,156,Sedan,RWD,5,european,executive,0.0745
Land Rover,Discovery,Discovery,2015,2000,249,SUV,4WD,7,european,luxury_suv,0.0108
Seat,Ibiza,Ibiza,2022,1000,95,Hatchback,FWD,5,european,city,0.0196
Jetour,X95,X95,2026,2000,230,SUV,AWD,7,chinese,suv,0.0067
Mercedes,E300,E-Class,2019,2000,258,Sedan,RWD,5,european,executive,0.0745
Jetour,T2,T2,2025,2000,254,SUV,AWD,7,chinese,suv,0.0067
BMW,X6 M,X6,2019,4400,617,SUV,AWD,5,european,luxury_suv,0.0557
MG,X5,X5,2026,1500,169,SUV,FWD,5,chinese,suv,0.017
Mercedes,C30,C30,2024,2000,258,Sedan,RWD,5,european,executive,0.0745
Proton,Gen-2,Gen-2,2006,1600,110,Hatchback,FWD,5,other,family,0.0096
MG,HS,HS,2021,1500,162,SUV,FWD,5,chinese,suv,0.017
Kia,Pride,Pride,2002,1600,120,Sedan,FWD,5,korean,family,0.0577
Fiat,500,500,2024,1200,69,Hatchback,FWD,4,european,city,0.0447
Mercedes,CLA200,CLA,2024,1400,163,Coupe,FWD,5,european,sport,0.0745
Land Rover,Range Rover Velar,Range Rover,2021,2000,247,SUV,AWD,5,european,luxury_suv,0.0108
BMW,318i,3 Series,2018,2000,136,Sedan,RWD,5,european,executive,0.0557
Mercedes,GLE,GLE,2023,1600,156,SUV,AWD,5,european,luxury_suv,0.0745
Citroën,C5,C5,2020,1600,120,Sedan,FWD,5,european,executive,0.0151
Hyundai,Tucson,Tucson,2000,1600,177,SUV,FWD,5,korean,suv,0.0768
Mercedes,CLA200,CLA,2015,1400,163,Coupe,FWD,5,european,sport,0.0745
Toyota,Corolla,Corolla,2020,1600,122,Sedan,FWD,5,japanese,family,0.0303
Mercedes,180,180,2021,1800,122,Sedan,RWD,5,european,executive,0.0745
Tesla,Model Y,Model Y,2020,0,283,SUV,RWD,5,american,suv,0.0037
BMW,525,5 Series,2007,2500,218,Sedan,RWD,5,european,executive,0.0557
Chevrolet,Cruze,Cruze,2025,1600,120,Sedan,FWD,5,japanese,family,0.0303
Renault,Duster,Duster,2020,1600,114,Crossover,FWD,5,european,crossover,0.0417
Opel,Astra,Astra,2007,1400,150,Hatchback,FWD,5,european,family,0.0274
Dodge,Ram,Ram,2010,3600,305,Pickup,4WD,5,american,truck,0.0017
Suzuki,Swift,Swift,2026,1200,83,Hatchback,FWD,5,japanese,city,0.0264
Kia,Carnival MPV,Carnival,2023,2200,202,MPV,FWD,8,korean,mpv,0.0577
Mitsubishi,Mirage,Mirage,1999,1600,113,Hatchback,FWD,5,japanese,city,0.0281
Mitsubishi,Pajero,Pajero,2013,3000,178,SUV,4WD,7,japanese,suv,0.0281
Land Rover,Range Rover,Range Rover,2021,3000,400,SUV,4WD,5,european,luxury_suv,0.0108
Seat,Leon,Leon,2020,1500,150,Hatchback,FWD,5,european,family,0.0196
Chery,Arrizo 5,Arrizo 5,2023,1500,115,Sedan,FWD,5,chinese,family,0.0253
Toyota,Corolla,Corolla,1999,1600,122,Sedan,FWD,5,japanese,family,0.0303
Renault,Kadjar,Kadjar,2017,1600,163,SUV,FWD,5,european,suv,0.0417
Opel,Vectra,Vectra,2002,1800,122,Sedan,FWD,5,european,executive,0.0274
Renault,Logan,Logan,2010,1600,84,Sedan,FWD,5,european,family,0.0417
Citroën,Grand C4 Spacetourer,Grand C4 Spacetourer,2013,1200,130,MPV,FWD,7,european,mpv,0.0151
Hyundai,Matrix,Matrix,2001,1600,120,MPV,FWD,5,korean,mpv,0.0768
Subaru,XV,XV,2015,2000,156,Crossover,AWD,5,japanese,crossover,0.0053
BMW,318i,3 Series,2019,2000,136,Sedan,RWD,5,european,executive,0.0557
Porsche,Macan,Macan,2023,2000,265,Crossover,AWD,5,european,luxury_suv,0.0082
Volkswagen,Bora,Bora,2000,1600,105,Sedan,FWD,5,european,family,0.0389
Chevrolet,Avalanche,Avalanche,1984,5300,320,Pickup,4WD,6,american,truck,0.0414
Daewoo,Lanos,Lanos,2008,1500,86,Sedan,FWD,5,korean,city,0.0308
Geely,Emgrand X7,Emgrand X7,2019,2400,137,SUV,FWD,7,chinese,suv,0.0155
BMW,X1,X1,2021,1500,136,Crossover,FWD,5,european,luxury_suv,0.0557
Brilliance,FRV,FRV,2010,1600,116,Hatchback,FWD,5,chinese,family,0.0068
Geely,Emgrand X7,Emgrand X7,2022,2400,137,SUV,FWD,7,chinese,suv,0.0155
Renault,19,19,2019,1600,90,Sedan,FWD,5,european,family,0.0417
Hyundai,Tucson,Tucson,2018,1600,177,SUV,FWD,5,korean,suv,0.0768
Opel,Astra,Astra,2016,1400,150,Hatchback,FWD,5,european,family,0.0274
Land Rover,Range Rover Evoque,Range Rover,2024,1500,249,Crossover,AWD,5,european,luxury_suv,0.0108
Mercedes,G63,G63,2024,4000,577,SUV,4WD,5,european,luxury_suv,0.0745
Hyundai,Verna,Verna,2009,1600,123,Sedan,FWD,5,korean,city,0.0768
Mitsubishi,Xpander,Xpander,2022,1500,105,MPV,FWD,7,japanese,mpv,0.0281
Porsche,Panamera,Panamera,2017,3000,330,Sedan,AWD,4,european,luxury,0.0082
Kia,Cerato,Cerato,2013,1600,123,Sedan,FWD,5,korean,family,0.0577
Nissan,Bluebird,Bluebird,2021,1600,103,Sedan,FWD,5,japanese,family,0.0316
Skoda,Octavia,Octavia,2006,1500,150,Sedan,FWD,5,european,family,0.0311
Honda,Fit,Fit,1999,1300,83,Hatchback,FWD,5,japanese,city,0.0264
BMW,530,5 Series,2019,2000,258,Sedan,RWD,5,european,executive,0.0557
Renault,Fluence,Fluence,2017,1600,100,Sedan,FWD,5,european,family,0.0417
Mercedes,C180,C-Class,2010,1600,156,Sedan,RWD,5,european,executive,0.0745
MG,X5,X5,2022,1500,169,SUV,FWD,5,chinese,suv,0.017
Kia,Sportage,Sportage,2021,1600,177,SUV,FWD,5,korean,suv,0.0577
Jeep,Cherokee,Cherokee,2012,2400,184,SUV,4WD,5,american,suv,0.0176
BMW,340,3 Series,2019,3000,326,Sedan,RWD,5,european,executive,0.0557
Maserati,Grecale,Grecale,2023,2000,300,SUV,AWD,5,european,luxury_suv,0.0003
Kia,Rio,Rio,2017,1400,100,Sedan,FWD,5,korean,city,0.0577
Mercedes,AMG,AMG,2024,4000,510,Sedan,AWD,5,european,sport,0.0745
MG,Cyberster,Cyberster,2025,0,536,Convertible,AWD,2,chinese,sport,0.017
Opel,Corsa,Corsa,2014,1200,75,Hatchback,FWD,5,european,city,0.0274
Nissan,Qashqai,Qashqai,2019,1500,163,SUV,FWD,5,japanese,suv,0.0316
Daewoo,Nubira,Nubira,1999,1600,100,Sedan,FWD,5,korean,family,0.0308
Mercedes,GLC,GLC,2025,1500,197,SUV,4WD,5,european,luxury_suv,0.0745
Volkswagen,Passat,Passat,2008,1800,150,Sedan,FWD,5,european,executive,0.0389
Geely,Starray,Starray,2025,1500,110,MPV,FWD,7,chinese,mpv,0.0155
Audi,Q4 E-Tron,Q4 E-Tron,2024,0,204,SUV,FWD,5,european,luxury_suv,0.0141
Tesla,Cybertruck,Cybertruck,2024,0,600,Pickup,AWD,5,american,truck,0.0037
BMW,I7,I7,2024,0,544,Sedan,AWD,5,european,luxury,0.0557
Audi,Q3,Q3,2021,1500,150,SUV,FWD,5,european,luxury_suv,0.0141
Skoda,Octavia,Octavia,2020,1500,150,Sedan,FWD,5,european,family,0.0311
Mercedes,GLC200,GLC,2022,1500,197,SUV,4WD,5,european,luxury_suv,0.0745
Hyundai,Accent,Accent,2026,1600,123,Sedan,FWD,5,korean,city,0.0768
Volkswagen,Passat,Passat,2023,1800,150,Sedan,FWD,5,european,executive,0.0389
SsangYong,Tivoli,Tivoli,2018,1500,163,SUV,FWD,5,korean,suv,0.0028
MG,X5,X5,2019,1500,169,SUV,FWD,5,chinese,suv,0.017
Skoda,Octavia,Octavia,2023,1500,150,Sedan,FWD,5,european,family,0.0311
Renault,Kadjar,Kadjar,2022,1600,163,SUV,FWD,5,european,suv,0.0417
Tesla,Model Y,Model Y,2022,0,283,SUV,RWD,5,american,suv,0.0037
Hyundai,Solaris,Solaris,2016,1600,120,Sedan,FWD,5,korean,family,0.0768
Toyota,Corolla Cross,Corolla Cross,2021,1600,120,Crossover,FWD,5,japanese,crossover,0.0303
Volkswagen,ID6,ID6,2023,0,204,SUV,AWD,7,european,suv,0.0389
Peugeot,405,405,1999,1600,90,Sedan,FWD,5,european,family,0.0339
Peugeot,308 SW,308 SW,2021,1400,95,Sedan,FWD,5,european,family,0.0339
Land Rover,Range Rover Evoque,Range Rover,2020,1500,249,Crossover,AWD,5,european,luxury_suv,0.0108
Skoda,Superb,Superb,2019,1800,180,Sedan,FWD,5,european,executive,0.0311
Mercedes,GLA200,GLA,2015,1400,163,Crossover,FWD,5,european,luxury_suv,0.0745
Jeep,Cherokee,Cherokee,2021,2400,184,SUV,4WD,5,american,suv,0.0176
Ford,Kuga,Kuga,2016,1600,125,Sedan,FWD,5,american,family,0.0136
MG,HS,HS,2022,1500,162,SUV,FWD,5,chinese,suv,0.017
Kia,Pride,Pride,2000,1600,120,Sedan,FWD,5,korean,family,0.0577
Mercedes,GLA200,GLA,2022,1400,163,Crossover,FWD,5,european,luxury_suv,0.0745
Audi,A6,A6,2019,2000,190,Sedan,AWD,5,european,luxury,0.0141
Mercedes,S500,S-Class,2009,4700,435,Sedan,RWD,5,european,luxury,0.0745
Hyundai,Elantra CN7,Elantra,2021,1600,128,Sedan,FWD,5,korean,family,0.0768
Mazda,3,3,2010,1500,120,Sedan,FWD,5,japanese,family,0.0063
Mitsubishi,Pajero,Pajero,2011,3000,178,SUV,4WD,7,japanese,suv,0.0281
DS,DS4,DS4,2023,1200,130,Hatchback,FWD,5,european,executive,0.0015
Kia,Sportage,Sportage,2017,1600,177,SUV,FWD,5,korean,suv,0.0577
Daewoo,Nubira,Nubira,2004,1600,100,Sedan,FWD,5,korean,family,0.0308
Proton,Gen-2,Gen-2,2012,1600,110,Hatchback,FWD,5,other,family,0.0096
Porsche,Cayenne S,Cayenne,2019,4000,440,SUV,AWD,5,european,luxury_suv,0.0082
Daewoo,Nubira 1,Nubira,1999,1600,100,Sedan,FWD,5,korean,family,0.0308
Mitsubishi,Attrage,Attrage,2015,1200,78,Sedan,FWD,5,japanese,city,0.0281
Bentley,Continental GT,Continental GT,2022,6000,635,Coupe,AWD,4,european,luxury,0.0005
BMW,IX1,IX1,2024,0,313,Crossover,AWD,5,european,luxury_suv,0.0557
Kia,Sportage,Sportage,2014,1600,177,SUV,FWD,5,korean,suv,0.0577
BMW,330,3 Series,2016,2000,258,Sedan,RWD,5,european,executive,0.0557
Kia,Carnival MPV,Carnival,1998,2200,202,MPV,FWD,8,korean,mpv,0.0577
Suzuki,Baleno,Baleno,2022,1200,90,Hatchback,FWD,5,japanese,city,0.0264
Volkswagen,Tiguan,Tiguan,2021,1400,150,SUV,FWD,5,european,suv,0.0389
Proton,Persona,Persona,2019,1600,110,Sedan,FWD,5,other,family,0.0096
Fiat,Grand Punto,Grand Punto,2017,1400,77,Hatchback,FWD,5,european,city,0.0447
Chery,Tiggo,Tiggo,2024,1400,130,Sedan,FWD,5,european,family,0.0389
Renault,Sandero Stepway,Sandero,2019,1600,115,Hatchback,FWD,5,european,crossover,0.0417
Volkswagen,Bora,Bora,2001,1600,105,Sedan,FWD,5,european,family,0.0389
Toyota,Corolla Cross,Corolla Cross,1993,1600,120,Sedan,FWD,5,japanese,family,0.0303
Jeep,Grand Cherokee 4xe,Grand Cherokee,2005,2000,375,SUV,4WD,5,american,luxury_suv,0.0176
Daewoo,Lacetti,Lacetti,2002,1600,109,Sedan,FWD,5,korean,family,0.0308
Ford,Bronco Raptor,Bronco Raptor,1997,3000,418,SUV,4WD,5,american,suv,0.0136
Senova,A1,A1,2016,1000,67,Hatchback,FWD,5,chinese,city,0.0013
Kia,Carnival MPV,Carnival,2000,2200,202,MPV,FWD,8,korean,mpv,0.0577
Skoda,Octavia A8,Octavia,2021,1500,150,Sedan,FWD,5,european,family,0.0311
JAC,S3,S3,2018,1500,113,Crossover,FWD,5,chinese,crossover,0.0047
Mercedes,GLC200,GLC,2010,1500,197,SUV,4WD,5,european,luxury_suv,0.0745
Mercedes,200,200,1982,2000,136,Sedan,RWD,5,european,executive,0.0745
Mazda,3,3,2008,1500,120,Sedan,FWD,5,japanese,family,0.0063
Nissan,Sunny,Sunny,2008,1600,110,Sedan,FWD,5,japanese,family,0.0316
Volkswagen,Golf,Golf,1997,1400,150,Hatchback,FWD,5,european,family,0.0389
Renault,Sandero Stepway,Sandero,2005,1600,115,Hatchback,FWD,5,european,crossover,0.0417
Opel,Corsa,Corsa,2019,1200,75,Hatchback,FWD,5,european,city,0.0274
Renault,Megane,Megane,2008,1500,115,Hatchback,FWD,5,european,family,0.0417
Chery,Tiggo,Tiggo,2023,1400,130,Sedan,FWD,5,european,family,0.0389
Mercedes,GLC200,GLC,2021,1500,197,SUV,4WD,5,european,luxury_suv,0.0745
Mercedes,CLA180,CLA,2018,1400,136,Coupe,FWD,5,european,sport,0.0745
Peugeot,301,301,2019,1200,82,Sedan,FWD,5,european,family,0.0339
BMW,418,4 Series,2020,2000,184,Coupe,RWD,4,european,sport,0.0557
Audi,A5,A5,2025,2000,190,Coupe,AWD,4,european,executive,0.0141
Mercedes,AMG,AMG,2023,4000,510,Sedan,AWD,5,european,sport,0.0745
Suzuki,Swift,Swift,2021,1200,83,Hatchback,FWD,5,japanese,city,0.0264
MG,ZS,ZS,2021,1500,106,SUV,FWD,5,chinese,suv,0.017
Nissan,Sunny,Sunny,2010,1600,110,Sedan,FWD,5,japanese,family,0.0316
Mitsubishi,Pajero,Pajero,1997,3000,178,SUV,4WD,7,japanese,suv,0.0281
Renault,Megane,Megane,2010,1500,115,Hatchback,FWD,5,european,family,0.0417
Mercedes,E200,E-Class,2026,2000,184,Sedan,RWD,5,european,executive,0.0745
Mini,Cooper,Cooper,2012,1500,136,Hatchback,FWD,4,european,city,0.0091
Hyundai,Verna,Verna,2003,1600,123,Sedan,FWD,5,korean,city,0.0768
Hyundai,Tucson,Tucson,2026,1600,177,SUV,FWD,5,korean,suv,0.0768
Chevrolet,Aveo,Aveo,2014,1400,100,Sedan,FWD,5,american,city,0.0414
Hyundai,Accent RB,Accent,2014,1600,123,Sedan,FWD,5,korean,city,0.0768
Geely,Emgrand X7,Emgrand X7,2024,2400,137,SUV,FWD,7,chinese,suv,0.0155
Cupra,Terramar,Terramar,2025,1500,204,SUV,AWD,5,european,suv,0.002
Volkswagen,Golf,Golf,1989,1400,150,Hatchback,FWD,5,european,family,0.0389
Nissan,Sunny,Sunny,2018,1600,110,Sedan,FWD,5,japanese,family,0.0316
Chevrolet,Optra,Optra,2012,1600,109,Sedan,FWD,5,american,family,0.0414
Chevrolet,Aveo,Aveo,2018,1400,100,Sedan,FWD,5,american,city,0.0414
Mercedes,250,250,2022,2500,150,Sedan,RWD,5,european,executive,0.0745
BMW,520i,5 Series,2016,2000,184,Sedan,RWD,5,european,executive,0.0557
Seat,Tarraco,Tarraco,2010,1500,150,SUV,FWD,7,european,suv,0.0196
BMW,X5,X5,2023,3000,340,SUV,AWD,7,european,luxury_suv,0.0557
Proton,Persona,Persona,2010,1600,110,Sedan,FWD,5,other,family,0.0096
Proton,Saga,Saga,2010,1300,95,Sedan,FWD,5,other,city,0.0096
Toyota,Corona,Corona,1999,1600,120,Sedan,FWD,5,japanese,family,0.0303
Jeep,Cherokee,Cherokee,2014,2400,184,SUV,4WD,5,american,suv,0.0176
Cupra,Leon,Leon,2025,2000,265,Hatchback,FWD,5,european,sport,0.002
Mercedes,S400,S400,2015,1600,156,Sedan,RWD,5,european,executive,0.0745
Mercedes,GLE450,GLE,2022,2999,362,SUV,4WD,5,european,luxury_suv,0.0745
Hyundai,Matrix,Matrix,2002,1600,120,MPV,FWD,5,korean,mpv,0.0768
Jeep,Renegade,Renegade,2018,1400,150,Crossover,FWD,5,american,crossover,0.0176
Chery,Tiggo 8 Pro,Tiggo 8,2024,2000,254,SUV,FWD,7,chinese,suv,0.0253
Mitsubishi,Attrage,Attrage,2014,1200,78,Sedan,FWD,5,japanese,city,0.0281
Mercedes,E230,E-Class,2008,1600,156,Sedan,RWD,5,european,executive,0.0745
Mini,John Cooper,John Cooper,2026,2000,231,Hatchback,FWD,4,european,sport,0.0091
Daihatsu,Terios,Terios,2007,1500,105,SUV,4WD,5,japanese,suv,0.0085
Toyota,Corolla,Corolla,1988,1600,122,Sedan,FWD,5,japanese,family,0.0303
Geely,X7,X7,2019,2400,137,SUV,FWD,7,chinese,suv,0.0155
Honda,Fit,Fit,1997,1300,83,Hatchback,FWD,5,japanese,city,0.0264
Honda,Civic,Civic,2008,1500,182,Sedan,FWD,5,japanese,family,0.0151
BMW,118,1 Series,2021,1500,136,Hatchback,RWD,5,european,executive,0.0557
Audi,Q8,Q8,2025,3000,340,SUV,AWD,5,european,luxury_suv,0.0141
Mercedes,250,250,2010,2500,150,Sedan,RWD,5,european,executive,0.0745
Renault,Sandero Stepway,Sandero,2025,1600,115,Hatchback,FWD,5,european,crossover,0.0417
BMW,320i,3 Series,2009,2000,184,Sedan,RWD,5,european,executive,0.0557
Volkswagen,ID4,ID4,2023,0,204,SUV,FWD,5,european,suv,0.0389
Daihatsu,Grand Terios,Terios,2008,1500,105,SUV,4WD,7,japanese,suv,0.0085
Mercedes,C200,C-Class,2025,1500,184,Sedan,RWD,5,european,executive,0.0745
Renault,Sandero Stepway,Sandero,2015,1600,115,Hatchback,FWD,5,european,crossover,0.0417
Mercedes,S500,S-Class,2021,4700,435,Sedan,RWD,5,european,luxury,0.0745
Porsche,Cayenne,Cayenne,2021,3000,340,SUV,AWD,5,european,luxury_suv,0.0082
Alfa Romeo,Giulietta,Giulietta,2024,1400,150,Hatchback,FWD,5,european,executive,0.0018
Skoda,Octavia A7,Octavia,2016,1500,150,Sedan,FWD,5,european,family,0.0311
Chery,Tiggo,Tiggo,2019,1400,130,Sedan,FWD,5,european,family,0.0389
Kia,Rio,Rio,1999,1400,100,Sedan,FWD,5,korean,city,0.0577
Brilliance,FRV,FRV,2009,1600,116,Hatchback,FWD,5,chinese,family,0.0068
BAIC,EU5 Plus,EU5 Plus,2010,0,163,Sedan,FWD,5,chinese,family,0.0047
Hyundai,Avante,Avante,2023,1600,120,Sedan,FWD,5,korean,family,0.0768
Jeep,Cherokee,Cherokee,1995,2400,184,SUV,4WD,5,american,suv,0.0176
Hyundai,Accent,Accent,2005,1600,123,Sedan,FWD,5,korean,city,0.0768
Nissan,Sentra,Sentra,2017,1600,122,Sedan,FWD,5,japanese,family,0.0316
Citroën,C4X,C4X,2023,1200,130,Sedan,FWD,5,european,family,0.0151
Proton,Gen-2,Gen-2,2007,1600,110,Hatchback,FWD,5,other,family,0.0096
Kia,Carnival MPV,Carnival,1999,2200,202,MPV,FWD,8,korean,mpv,0.0577
Mitsubishi,Lancer,Lancer,1999,1600,113,Sedan,FWD,5,japanese,family,0.0281
Kia,Carens,Carens,2011,1600,130,MPV,FWD,7,korean,mpv,0.0577
Chery,Tiggo 3,Tiggo 3,2018,1500,113,SUV,FWD,5,chinese,suv,0.0253
Mercedes,GLC200,GLC,2024,1500,197,SUV,4WD,5,european,luxury_suv,0.0745
Mercedes,GLS,GLS,2021,1600,156,SUV,AWD,5,european,luxury_suv,0.0745
BMW,520i,5 Series,2023,2000,184,Sedan,RWD,5,european,executive,0.0557
Geely,Emgrand X7,Emgrand X7,2010,2400,137,SUV,FWD,7,chinese,suv,0.0155
Nissan,Sunny,Sunny,2025,1600,110,Sedan,FWD,5,japanese,family,0.0316
Ford,Focus,Focus,2016,1500,150,Hatchback,FWD,5,american,family,0.0136
Honda,Civic,Civic,1993,1500,182,Sedan,FWD,5,japanese,family,0.0151
BMW,X3,X3,2011,2000,184,SUV,AWD,5,european,luxury_suv,0.0557
MG,ZS,ZS,2020,1500,106,SUV,FWD,5,chinese,suv,0.017
Mercedes,GLS,GLS,2024,1600,156,SUV,AWD,5,european,luxury_suv,0.0745
Dodge,Ram,Ram,2012,3600,305,Pickup,4WD,5,american,truck,0.0017
Honda,Civic,Civic,1979,1500,182,Sedan,FWD,5,japanese,family,0.0151
Changan,Benni Mini,Benni Mini,2010,1000,68,Hatchback,FWD,4,chinese,city,0.0077
Mitsubishi,Lancer,Lancer,2001,1600,113,Sedan,FWD,5,japanese,family,0.0281
BMW,340,3 Series,2016,3000,326,Sedan,RWD,5,european,executive,0.0557
Skoda,Octavia,Octavia,2011,1500,150,Sedan,FWD,5,european,family,0.0311
Mercedes,GLC200,GLC,1981,1500,197,SUV,4WD,5,european,luxury_suv,0.0745
Hyundai,Tucson,Tucson,2016,1600,177,SUV,FWD,5,korean,suv,0.0768
Audi,A3,A3,2013,1500,150,Sedan,FWD,5,european,executive,0.0141
Ford,Focus,Focus,2005,1500,150,Hatchback,FWD,5,american,family,0.0136
JAC,J7,J7,2021,1500,169,Sedan,FWD,5,chinese,executive,0.0047
Hyundai,Tucson,Tucson,2013,1600,177,SUV,FWD,5,korean,suv,0.0768
Mitsubishi,Colt,Colt,1997,1300,95,Hatchback,FWD,5,japanese,city,0.0281
Subaru,Impreza,Impreza,2007,1498,107,Sedan,AWD,5,japanese,family,0.0053
Opel,Vectra,Vectra,1997,1800,122,Sedan,FWD,5,european,executive,0.0274
Land Rover,Range Rover Sport,Range Rover,2020,3000,395,SUV,4WD,5,european,luxury_suv,0.0108
Seat,Ibiza,Ibiza,2013,1000,95,Hatchback,FWD,5,european,city,0.0196
Mercedes,GLC300,GLC,2023,2000,258,SUV,4WD,5,european,luxury_suv,0.0745
Mini,Cooper,Cooper,2015,1500,136,Hatchback,FWD,4,european,city,0.0091
Ford,EcoSport,EcoSport,2019,1000,125,Crossover,FWD,5,american,crossover,0.0136
Mercedes,S500,S-Class,2008,4700,435,Sedan,RWD,5,european,luxury,0.0745
Citroën,Grand C4 Spacetourer,Grand C4 Spacetourer,2006,1200,130,MPV,FWD,7,european,mpv,0.0151
Nissan,Patrol,Patrol,2024,4000,275,SUV,4WD,8,japanese,luxury_suv,0.0316
Volkswagen,Golf,Golf,2000,1400,150,Hatchback,FWD,5,european,family,0.0389
Hyundai,I10,I10,2013,1000,67,Hatchback,FWD,5,korean,city,0.0768
Kia,Sportage,Sportage,2024,1600,177,SUV,FWD,5,korean,suv,0.0577
Nissan,Sunny,Sunny,2023,1600,110,Sedan,FWD,5,japanese,family,0.0316
BMW,X3,X3,2024,2000,184,SUV,AWD,5,european,luxury_suv,0.0557
Fiat,500,500,2009,1200,69,Hatchback,FWD,4,european,city,0.0447
Mercedes,G63,G63,2023,4000,577,SUV,4WD,5,european,luxury_suv,0.0745
Mercedes,CLS350,CLS,2019,1600,156,Sedan,RWD,5,european,executive,0.0745
Mini,Countryman,Countryman,2024,1500,136,Crossover,FWD,5,european,crossover,0.0091
Ford,Focus,Focus,2006,1500,150,Hatchback,FWD,5,american,family,0.0136
Chevrolet,Aveo,Aveo,2019,1400,100,Sedan,FWD,5,american,city,0.0414
Jeep,Cherokee,Cherokee,2022,2400,184,SUV,4WD,5,american,suv,0.0176
Seat,Leon,Leon,2016,1500,150,Hatchback,FWD,5,european,family,0.0196
Mercedes,CLA200,CLA,2022,1400,163,Coupe,FWD,5,european,sport,0.0745
BMW,316,3 Series,2014,1600,116,Sedan,RWD,5,european,executive,0.0557
Toyota,Corolla,Corolla,2008,1600,122,Sedan,FWD,5,japanese,family,0.0303
Renault,Megane,Megane,2023,1500,115,Hatchback,FWD,5,european,family,0.0417
Jeep,Wrangler,Wrangler,2016,2000,268,SUV,4WD,5,american,suv,0.0176
Jaguar,F-Pace,F-Pace,2021,2000,250,SUV,AWD,5,european,luxury_suv,0.0023
Audi,A3,A3,2019,1500,150,Sedan,FWD,5,european,executive,0.0141
Audi,A5,A5,2023,2000,190,Coupe,AWD,4,european,executive,0.0141
Mercedes,C180,C-Class,2009,1600,156,Sedan,RWD,5,european,executive,0.0745
Mercedes,E200,E-Class,2025,2000,184,Sedan,RWD,5,european,executive,0.0745
Kia,Cerato,Cerato,2015,1600,123,Sedan,FWD,5,korean,family,0.0577
Mini,Cooper,Cooper,2025,1500,136,Hatchback,FWD,4,european,city,0.0091
Porsche,Panamera,Panamera,2019,3000,330,Sedan,AWD,4,european,luxury,0.0082
Speranza,A620,A620,2011,2000,145,Sedan,FWD,5,chinese,family,0.0146
Fiat,Grand Punto,Grand Punto,1991,1400,77,Hatchback,FWD,5,european,city,0.0447
Renault,Logan,Logan,2012,1600,84,Sedan,FWD,5,european,family,0.0417
Fiat,Siena,Siena,2001,1400,80,Hatchback,FWD,5,european,city,0.0447
Suzuki,Grand Vitara,Grand Vitara,2019,2400,163,SUV,4WD,5,japanese,suv,0.0264
Opel,Astra,Astra,2005,1400,150,Hatchback,FWD,5,european,family,0.0274
Hyundai,Verna,Verna,2007,1600,123,Sedan,FWD,5,korean,city,0.0768
BYD,F3,F3,2020,1500,109,Sedan,FWD,5,chinese,family,0.0141
Daewoo,Matiz,Matiz,2000,800,52,Hatchback,FWD,4,korean,city,0.0308
Chery,QQ,QQ,2006,800,52,Hatchback,FWD,5,chinese,city,0.0253
Fiat,Shahin,Shahin,1995,1400,80,Hatchback,FWD,5,european,city,0.0447
Chery,A11,A11,2006,1100,64,Hatchback,FWD,5,chinese,city,0.0253
Fiat,Regata,Regata,1982,1600,90,Sedan,FWD,5,european,family,0.0447
Hyundai,Accent,Accent,1999,1600,123,Sedan,FWD,5,korean,city,0.0768
Mercedes,200,200,1979,2000,136,Sedan,RWD,5,european,executive,0.0745
Opel,Vectra,Vectra,1993,1800,122,Sedan,FWD,5,european,executive,0.0274
Suzuki,Swift,Swift,1992,1200,83,Hatchback,FWD,5,japanese,city,0.0264
Hyundai,Verna,Verna,2010,1600,123,Sedan,FWD,5,korean,city,0.0768
Mercedes,200,200,1985,2000,136,Sedan,RWD,5,european,executive,0.0745
Fiat,Shahin,Shahin,2000,1400,80,Hatchback,FWD,5,european,city,0.0447
Fiat,128,128,1987,1100,55,Hatchback,FWD,5,european,city,0.0447
Kia,Pride,Pride,1999,1600,120,Sedan,FWD,5,korean,family,0.0577
Skoda,Octavia Combi,Octavia,1997,1500,150,Sedan,FWD,5,european,family,0.0311
Hyundai,Tucson,Tucson,1995,1600,177,SUV,FWD,5,korean,suv,0.0768
Speranza,A213,A213,2008,1300,65,Hatchback,FWD,5,chinese,city,0.0146
Lada,Granta,Granta,2016,1600,87,Sedan,FWD,5,other,city,0.0133
Fiat,Grand Punto,Grand Punto,1992,1400,77,Hatchback,FWD,5,european,city,0.0447
Changhe,Super Panda,Super Panda,2018,1000,65,Hatchback,FWD,5,chinese,city,0.0008
Fiat,Shahin,Shahin,2006,1400,80,Hatchback,FWD,5,european,city,0.0447
Hyundai,Tucson,Tucson,2006,1600,177,SUV,FWD,5,korean,suv,0.0768
Fiat,127,127,1982,900,47,Hatchback,FWD,4,european,city,0.0447
Hyundai,Verna,Verna,2013,1600,123,Sedan,FWD,5,korean,city,0.0768
BYD,F3,F3,2017,1500,109,Sedan,FWD,5,chinese,family,0.0141
Renault,Logan,Logan,2015,1600,84,Sedan,FWD,5,european,family,0.0417
Peugeot,405,405,2001,1600,90,Sedan,FWD,5,european,family,0.0339
Volkswagen,Pointer,Pointer,2005,1400,130,Sedan,FWD,5,european,family,0.0389
Opel,Astra,Astra,2001,1400,150,Hatchback,FWD,5,european,family,0.0274
Speranza,A113,A113,2008,1300,65,Hatchback,FWD,5,chinese,city,0.0146
Hyundai,Accent,Accent,2006,1600,123,Sedan,FWD,5,korean,city,0.0768
Daewoo,Lanos,Lanos,2007,1500,86,Sedan,FWD,5,korean,city,0.0308
Fiat,Grand Punto,Grand Punto,1998,1400,77,Hatchback,FWD,5,european,city,0.0447
Chevrolet,Spark,Spark,2008,1000,68,Hatchback,FWD,4,american,city,0.0414
BYD,F3,F3,2011,1500,109,Sedan,FWD,5,chinese,family,0.0141
Suzuki,Vitara,Vitara,1990,1400,140,SUV,AWD,5,japanese,suv,0.0264
Chery,A11,A11,2007,1100,64,Hatchback,FWD,5,chinese,city,0.0253
Skoda,Octavia Combi,Octavia,2000,1500,150,Sedan,FWD,5,european,family,0.0311
Chevrolet,Lanos,Lanos,2009,1500,86,Sedan,FWD,5,american,city,0.0414
Suzuki,Grand Vitara,Grand Vitara,2007,2400,163,SUV,4WD,5,japanese,suv,0.0264
Suzuki,Grand Vitara,Grand Vitara,2013,2400,163,SUV,4WD,5,japanese,suv,0.0264
Opel,Corsa,Corsa,2003,1200,75,Hatchback,FWD,5,european,city,0.0274
Volkswagen,Polo,Polo,2005,1000,95,Hatchback,FWD,5,european,city,0.0389
Opel,Astra,Astra,1994,1400,150,Hatchback,FWD,5,european,family,0.0274
Geely,Emgrand,Emgrand,2018,1500,107,Sedan,FWD,5,chinese,family,0.0155
Fiat,Grand Punto,Grand Punto,1990,1400,77,Hatchback,FWD,5,european,city,0.0447
Volkswagen,Pointer,Pointer,2006,1400,130,Sedan,FWD,5,european,family,0.0389
Hyundai,Tucson,Tucson,1997,1600,177,SUV,FWD,5,korean,suv,0.0768
Seat,Cordoba,Cordoba,2001,1600,100,Sedan,FWD,5,european,family,0.0196
Kia,Carnival MPV,Carnival,1995,2200,202,MPV,FWD,8,korean,mpv,0.0577
Fiat,128,128,2008,1100,55,Hatchback,FWD,5,european,city,0.0447
Fiat,Siena,Siena,2000,1400,80,Hatchback,FWD,5,european,city,0.0447
Hyundai,Accent,Accent,2002,1600,123,Sedan,FWD,5,korean,city,0.0768
BYD,F3,F3,2019,1500,109,Sedan,FWD,5,chinese,family,0.0141
Lada,2105,2105,1995,1300,64,Sedan,RWD,5,other,family,0.0133
Speranza,Chery QQ,Chery QQ,2017,1300,70,Hatchback,FWD,5,chinese,city,0.0146
Chevrolet,Lanos,Lanos,2017,1500,86,Sedan,FWD,5,american,city,0.0414
Peugeot,405,405,2003,1600,90,Sedan,FWD,5,european,family,0.0339
Seat,Tarraco,Tarraco,2001,1500,150,SUV,FWD,7,european,suv,0.0196
Chevrolet,Lanos,Lanos,2016,1500,86,Sedan,FWD,5,american,city,0.0414
Suzuki,Grand Vitara,Grand Vitara,2010,2400,163,SUV,4WD,5,japanese,suv,0.0264
Fiat,Grand Punto,Grand Punto,2024,1400,77,Hatchback,FWD,5,european,city,0.0447
Fiat,131,131,1978,1300,65,Sedan,RWD,5,european,family,0.0447
Fiat,Siena,Siena,2008,1400,80,Hatchback,FWD,5,european,city,0.0447
Seat,Tarraco,Tarraco,2002,1500,150,SUV,FWD,7,european,suv,0.0196
Daewoo,Lanos,Lanos,1996,1500,86,Sedan,FWD,5,korean,city,0.0308
Opel,Vectra,Vectra,1999,1800,122,Sedan,FWD,5,european,executive,0.0274
Lada,2105,2105,1984,1300,64,Sedan,RWD,5,other,family,0.0133
Fiat,131,131,1983,1300,65,Sedan,RWD,5,european,family,0.0447
Peugeot,307 SW,307 SW,2007,1400,95,Sedan,FWD,5,european,family,0.0339
BYD,F3,F3,2018,1500,109,Sedan,FWD,5,chinese,family,0.0141
Peugeot,504,504,1978,1400,95,Sedan,FWD,5,european,family,0.0339
Volkswagen,Jetta,Jetta,1990,1400,150,Sedan,FWD,5,european,family,0.0389
Kia,Spectra,Spectra,2003,1600,120,Sedan,FWD,5,korean,family,0.0577
Fiat,128,128,1984,1100,55,Hatchback,FWD,5,european,city,0.0447
Fiat,128,128,1989,1100,55,Hatchback,FWD,5,european,city,0.0447
Chevrolet,Lanos,Lanos,2012,1500,86,Sedan,FWD,5,american,city,0.0414
Mahindra,Scorpio,Scorpio,2009,2200,140,SUV,4WD,7,other,suv,0.0007
Fiat,131,131,1979,1300,65,Sedan,RWD,5,european,family,0.0447
Opel,Astra,Astra,2000,1400,150,Hatchback,FWD,5,european,family,0.0274
Mitsubishi,Lancer,Lancer,1993,1600,113,Sedan,FWD,5,japanese,family,0.0281
Chevrolet,Aveo,Aveo,2012,1400,100,Sedan,FWD,5,american,city,0.0414
Citroën,Grand C4 Spacetourer,Grand C4 Spacetourer,2003,1200,130,MPV,FWD,7,european,mpv,0.0151
Peugeot,206,206,2011,1400,75,Hatchback,FWD,5,european,city,0.0339
Daewoo,Lanos,Lanos,2010,1500,86,Sedan,FWD,5,korean,city,0.0308
Speranza,A113,A113,2010,1300,65,Hatchback,FWD,5,chinese,city,0.0146
Daewoo,Nubira 1,Nubira,2001,1600,100,Sedan,FWD,5,korean,family,0.0308
Proton,Persona,Persona,2006,1600,110,Sedan,FWD,5,other,family,0.0096
Fiat,Grand Punto,Grand Punto,1995,1400,77,Hatchback,FWD,5,european,city,0.0447
Suzuki,Grand Vitara,Grand Vitara,2018,2400,163,SUV,4WD,5,japanese,suv,0.0264
Volkswagen,Golf,Golf,1980,1400,150,Hatchback,FWD,5,european,family,0.0389
Kia,Picanto,Picanto,2008,1000,67,Hatchback,FWD,5,korean,city,0.0577
Chevrolet,Lanos,Lanos,2019,1500,86,Sedan,FWD,5,american,city,0.0414
Chevrolet,Spark,Spark,2010,1000,68,Hatchback,FWD,4,american,city,0.0414
Chevrolet,Lanos,Lanos,2013,1500,86,Sedan,FWD,5,american,city,0.0414
Volkswagen,Polo,Polo,1996,1000,95,Hatchback,FWD,5,european,city,0.0389
Peugeot,405,405,1995,1600,90,Sedan,FWD,5,european,family,0.0339
Peugeot,505,505,1980,1400,95,Sedan,FWD,5,european,family,0.0339
Land Rover,Defender,Defender,1993,2000,300,SUV,4WD,5,european,luxury_suv,0.0108
Toyota,Corolla,Corolla,1998,1600,122,Sedan,FWD,5,japanese,family,0.0303
Fiat,Grand Punto,Grand Punto,2002,1400,77,Hatchback,FWD,5,european,city,0.0447
Chery,Tiggo,Tiggo,2010,1600,106,SUV,FWD,5,chinese,suv,0.0253
BMW,518,518,1982,2000,170,Sedan,RWD,5,european,executive,0.0557
Skoda,Octavia,Octavia,1999,1500,150,Sedan,FWD,5,european,family,0.0311
Lada,2107,2107,2010,1600,75,Sedan,RWD,5,other,family,0.0133
Renault,Sandero Stepway,Sandero,2023,1600,115,Hatchback,FWD,5,european,crossover,0.0417
Chery,QQ,QQ,2005,800,52,Hatchback,FWD,5,chinese,city,0.0253
Mitsubishi,Lancer,Lancer,1998,1600,113,Sedan,FWD,5,japanese,family,0.0281
Fiat,Shahin,Shahin,1996,1400,80,Hatchback,FWD,5,european,city,0.0447
Speranza,A516,A516,2008,1600,109,Sedan,FWD,5,chinese,family,0.0146
Daewoo,Lanos,Lanos,2002,1500,86,Sedan,FWD,5,korean,city,0.0308
Chevrolet,Lanos,Lanos,2014,1500,86,Sedan,FWD,5,american,city,0.0414
Daewoo,Matiz,Matiz,1999,800,52,Hatchback,FWD,4,korean,city,0.0308
Skoda,Octavia Combi,Octavia,1994,1500,150,Sedan,FWD,5,european,family,0.0311
Toyota,Corolla,Corolla,1992,1600,122,Sedan,FWD,5,japanese,family,0.0303
Daewoo,Lanos,Lanos,2003,1500,86,Sedan,FWD,5,korean,city,0.0308
Opel,Corsa,Corsa,2000,1200,75,Hatchback,FWD,5,european,city,0.0274
Daewoo,Lanos,Lanos,1997,1500,86,Sedan,FWD,5,korean,city,0.0308
Geely,Emgrand,Emgrand,2014,1500,107,Sedan,FWD,5,chinese,family,0.0155
Volkswagen,Golf,Golf,1977,1400,150,Hatchback,FWD,5,european,family,0.0389
Peugeot,308 SW,308 SW,1992,1400,95,Sedan,FWD,5,european,family,0.0339
Hyundai,Tucson,Tucson,1994,1600,177,SUV,FWD,5,korean,suv,0.0768
Fiat,128,128,1988,1100,55,Hatchback,FWD,5,european,city,0.0447
Fiat,Grand Punto,Grand Punto,2000,1400,77,Hatchback,FWD,5,european,city,0.0447
Renault,Sandero Stepway,Sandero,1997,1600,115,Hatchback,FWD,5,european,crossover,0.0417
Suzuki,Grand Vitara,Grand Vitara,2014,2400,163,SUV,4WD,5,japanese,suv,0.0264
Nissan,Bluebird,Bluebird,1984,1600,103,Sedan,FWD,5,japanese,family,0.0316
Chevrolet,Optra,Optra,2007,1600,109,Sedan,FWD,5,american,family,0.0414
Chevrolet,Lanos,Lanos,2005,1500,86,Sedan,FWD,5,american,city,0.0414
Volkswagen,Parati,Parati,2005,1400,130,Sedan,FWD,5,european,family,0.0389
Fiat,128,128,2006,1100,55,Hatchback,FWD,5,european,city,0.0447
Changan,Benni,Benni,2015,1000,68,Hatchback,FWD,5,chinese,city,0.0077
Hyundai,Atos,Atos,2010,1000,57,Hatchback,FWD,5,korean,city,0.0768
Chevrolet,Avalanche,Avalanche,1996,5300,320,Pickup,4WD,6,american,truck,0.0414
Mercedes,200,200,1976,2000,136,Sedan,RWD,5,european,executive,0.0745
Mazda,323,323,1981,1600,98,Sedan,FWD,5,japanese,family,0.0063
Speranza,A516,A516,2011,1600,109,Sedan,FWD,5,chinese,family,0.0146
Speranza,M11,M11,2012,1100,73,Hatchback,FWD,5,chinese,city,0.0146
Citroën,Grand C4 Spacetourer,Grand C4 Spacetourer,2005,1200,130,MPV,FWD,7,european,mpv,0.0151
Daewoo,Nubira,Nubira,2005,1600,100,Sedan,FWD,5,korean,family,0.0308
Hyundai,Tucson,Tucson,1990,1600,177,SUV,FWD,5,korean,suv,0.0768
Renault,Clio,Clio,2003,1000,90,Hatchback,FWD,5,european,city,0.0417
Fiat,128,128,1983,1100,55,Hatchback,FWD,5,european,city,0.0447
Daewoo,Nubira,Nubira,2008,1600,100,Sedan,FWD,5,korean,family,0.0308
Lada,2107,2107,1980,1600,75,Sedan,RWD,5,other,family,0.0133
Changan,Benni Mini,Benni Mini,2013,1000,68,Hatchback,FWD,4,chinese,city,0.0077
Fiat,132,132,1980,1600,95,Sedan,RWD,5,european,family,0.0447
Seat,Tarraco,Tarraco,1993,1500,150,SUV,FWD,7,european,suv,0.0196
Skoda,Felicia,Felicia,1997,1300,68,Hatchback,FWD,5,european,city,0.0311
Fiat,128,128,1982,1100,55,Hatchback,FWD,5,european,city,0.0447
Fiat,132,132,1979,1600,95,Sedan,RWD,5,european,family,0.0447
BYD,F3,F3,2007,1500,109,Sedan,FWD,5,chinese,family,0.0141
Fiat,Punto,Punto,2000,1200,69,Hatchback,FWD,5,european,city,0.0447
Seat,Ibiza,Ibiza,2001,1000,95,Hatchback,FWD,5,european,city,0.0196
Fiat,127,127,1977,900,47,Hatchback,FWD,4,european,city,0.0447
Kia,Rio,Rio,2008,1400,100,Sedan,FWD,5,korean,city,0.0577
Suzuki,Swift,Swift,1993,1200,83,Hatchback,FWD,5,japanese,city,0.0264
Suzuki,Grand Vitara,Grand Vitara,2005,2400,163,SUV,4WD,5,japanese,suv,0.0264
Fiat,Palio,Palio,2007,1400,80,Hatchback,FWD,5,european,city,0.0447
Lada,2110,2110,2007,1600,79,Sedan,FWD,5,other,family,0.0133
Skoda,Octavia Combi,Octavia,1996,1500,150,Sedan,FWD,5,european,family,0.0311
Fiat,128,128,1991,1100,55,Hatchback,FWD,5,european,city,0.0447
Fiat,Punto,Punto,2001,1200,69,Hatchback,FWD,5,european,city,0.0447
Peugeot,504,504,1979,1400,95,Sedan,FWD,5,european,family,0.0339
Hyundai,Accent,Accent,1997,1600,123,Sedan,FWD,5,korean,city,0.0768
Nissan,Sunny,Sunny,2000,1600,110,Sedan,FWD,5,japanese,family,0.0316
Lada,Samara,Samara,2006,1500,70,Hatchback,FWD,5,other,city,0.0133
Chevrolet,Avalanche,Avalanche,2009,5300,320,Pickup,4WD,6,american,truck,0.0414
Lada,2107,2107,2007,1600,75,Sedan,RWD,5,other,family,0.0133
Citroën,Grand C4 Spacetourer,Grand C4 Spacetourer,2004,1200,130,MPV,FWD,7,european,mpv,0.0151
Speranza,A113,A113,2012,1300,65,Hatchback,FWD,5,chinese,city,0.0146
Skoda,Octavia Combi,Octavia,1995,1500,150,Sedan,FWD,5,european,family,0.0311
Kia,Carnival MPV,Carnival,2004,2200,202,MPV,FWD,8,korean,mpv,0.0577
Chevrolet,Aveo,Aveo,2009,1400,100,Sedan,FWD,5,american,city,0.0414
Speranza,A516,A516,2007,1600,109,Sedan,FWD,5,chinese,family,0.0146
Hyundai,Atos,Atos,2009,1000,57,Hatchback,FWD,5,korean,city,0.0768
Chevrolet,Aveo,Aveo,2013,1400,100,Sedan,FWD,5,american,city,0.0414
Jeep,Cherokee,Cherokee,1993,2400,184,SUV,4WD,5,american,suv,0.0176
Daewoo,Nubira 1,Nubira,1996,1600,100,Sedan,FWD,5,korean,family,0.0308
Hyundai,Accent,Accent,2001,1600,123,Sedan,FWD,5,korean,city,0.0768
Chery,Arrizo 5 Pro,Arrizo 5,2025,1500,147,Sedan,FWD,5,chinese,family,0.0253
Citroën,C3,C3,2004,1200,83,Hatchback,FWD,5,european,city,0.0151
Hyundai,Accent,Accent,1998,1600,123,Sedan,FWD,5,korean,city,0.0768
Skoda,Octavia,Octavia,2000,1500,150,Sedan,FWD,5,european,family,0.0311
Chevrolet,Avalanche,Avalanche,2007,5300,320,Pickup,4WD,6,american,truck,0.0414
Fiat,Grand Punto,Grand Punto,2001,1400,77,Hatchback,FWD,5,european,city,0.0447
Volkswagen,Golf,Golf,1992,1400,150,Hatchback,FWD,5,european,family,0.0389
Fiat,Grand Punto,Grand Punto,1997,1400,77,Hatchback,FWD,5,european,city,0.0447
Ford,Fiesta,Fiesta,1997,1000,100,Hatchback,FWD,5,american,city,0.0136
Fiat,Grand Punto,Grand Punto,2016,1400,77,Hatchback,FWD,5,european,city,0.0447
Lada,Samara,Samara,1984,1500,70,Hatchback,FWD,5,other,city,0.0133
Suzuki,Swift,Swift,1999,1200,83,Hatchback,FWD,5,japanese,city,0.0264
Volkswagen,Jetta,Jetta,1989,1400,150,Sedan,FWD,5,european,family,0.0389
Hyundai,Getz,Getz,2009,1400,97,Hatchback,FWD,5,korean,city,0.0768
Seat,Ibiza,Ibiza,1992,1000,95,Hatchback,FWD,5,european,city,0.0196
Suzuki,Grand Vitara,Grand Vitara,2016,2400,163,SUV,4WD,5,japanese,suv,0.0264
Kia,Pride,Pride,1996,1600,120,Sedan,FWD,5,korean,family,0.0577
Jeep,Cherokee,Cherokee,1994,2400,184,SUV,4WD,5,american,suv,0.0176
Chery,QQ,QQ,2007,800,52,Hatchback,FWD,5,chinese,city,0.0253
DFSK,Glory,Glory,2022,1500,150,SUV,FWD,5,chinese,suv,0.0017
Ford,Bronco Raptor,Bronco Raptor,2010,3000,418,SUV,4WD,5,american,suv,0.0136
Mitsubishi,Lancer,Lancer,1996,1600,113,Sedan,FWD,5,japanese,family,0.0281
Hyundai,Verna,Verna,2016,1600,123,Sedan,FWD,5,korean,city,0.0768
BAIC,EU5 Plus,EU5 Plus,2000,0,163,Sedan,FWD,5,chinese,family,0.0047
Fiat,127,127,1984,900,47,Hatchback,FWD,4,european,city,0.0447
Fiat,131,131,1976,1300,65,Sedan,RWD,5,european,family,0.0447
Skoda,Octavia Combi,Octavia,1998,1500,150,Sedan,FWD,5,european,family,0.0311
Renault,Sandero Stepway,Sandero,1989,1600,115,Hatchback,FWD,5,european,crossover,0.0417
Peugeot,206,206,2000,1400,75,Hatchback,FWD,5,european,city,0.0339
Lada,2107,2107,2005,1600,75,Sedan,RWD,5,other,family,0.0133
Volkswagen,Polo,Polo,1986,1400,80,Hatchback,FWD,5,european,city,0.0447
Zotye,Xplosion,Xplosion,2008,1800,150,SUV,FWD,5,chinese,suv,0.0012
Fiat,131,131,1977,1300,65,Sedan,RWD,5,european,family,0.0447
Honda,Accord,Accord,2003,1500,192,Sedan,FWD,5,japanese,executive,0.0151
Seat,Tarraco,Tarraco,1998,1500,150,SUV,FWD,7,european,suv,0.0196
Lada,2107,2107,2011,1600,75,Sedan,RWD,5,other,family,0.0133
BMW,318i,3 Series,1993,2000,136,Sedan,RWD,5,european,executive,0.0557
Fiat,Shahin,Shahin,2007,1400,80,Hatchback,FWD,5,european,city,0.0447
Volkswagen,Polo,Polo,2003,1000,95,Hatchback,FWD,5,european,city,0.0389
Daewoo,Lanos,Lanos,2005,1500,86,Sedan,FWD,5,korean,city,0.0308
Skoda,Fabia,Fabia,2005,1000,95,Hatchback,FWD,5,european,city,0.0311
Renault,Logan,Logan,2009,1600,84,Sedan,FWD,5,european,family,0.0417
Volkswagen,Transporter,Transporter,2006,1400,130,Van,FWD,8,european,van,0.0389
Chevrolet,Lanos,Lanos,2001,1500,86,Sedan,FWD,5,american,city,0.0414
Kia,Rio,Rio,2003,1400,100,Sedan,FWD,5,korean,city,0.0577
Fiat,Palio,Palio,2006,1400,80,Hatchback,FWD,5,european,city,0.0447
Speranza,M11,M11,2010,1100,73,Hatchback,FWD,5,chinese,city,0.0146
Changhe,Super Panda,Super Panda,2016,1000,65,Hatchback,FWD,5,chinese,city,0.0008
Fiat,128,128,2009,1100,55,Hatchback,FWD,5,european,city,0.0447
Toyota,Corona,Corona,1994,1600,120,Sedan,FWD,5,japanese,family,0.0303
Hyundai,Accent,Accent,2009,1600,123,Sedan,FWD,5,korean,city,0.0768
Suzuki,Alto,Alto,2007,1000,67,Hatchback,FWD,5,japanese,city,0.0264
Seat,Tarraco,Tarraco,2006,1500,150,SUV,FWD,7,european,suv,0.0196
Geely,Emgrand 7,Emgrand 7,2015,1800,132,Sedan,FWD,5,chinese,family,0.0155
Lada,2107,2107,2002,1600,75,Sedan,RWD,5,other,family,0.0133
Chevrolet,Aveo,Aveo,2008,1400,100,Sedan,FWD,5,american,city,0.0414
Fiat,128,128,1981,1100,55,Hatchback,FWD,5,european,city,0.0447
Chevrolet,Spark,Spark,2009,1000,68,Hatchback,FWD,4,american,city,0.0414
Hyundai,Atos,Atos,1998,1000,57,Hatchback,FWD,5,korean,city,0.0768
Fiat,132,132,1976,1600,95,Sedan,RWD,5,european,family,0.0447
Renault,Logan,Logan,2011,1600,84,Sedan,FWD,5,european,family,0.0417
Skoda,Octavia,Octavia,2001,1500,150,Sedan,FWD,5,european,family,0.0311
Fiat,Grand Punto,Grand Punto,1994,1400,77,Hatchback,FWD,5,european,city,0.0447
Daewoo,Lanos,Lanos,2006,1500,86,Sedan,FWD,5,korean,city,0.0308
Volkswagen,Golf,Golf,1995,1400,150,Hatchback,FWD,5,european,family,0.0389
Brilliance,FRV,FRV,2013,1600,116,Hatchback,FWD,5,chinese,family,0.0068
Renault,Sandero Stepway,Sandero,2012,1600,115,Hatchback,FWD,5,european,crossover,0.0417
BYD,F3,F3,2008,1500,109,Sedan,FWD,5,chinese,family,0.0141
Fiat,Grand Punto,Grand Punto,1981,1400,77,Hatchback,FWD,5,european,city,0.0447
Seat,Ibiza,Ibiza,1998,1000,95,Hatchback,FWD,5,european,city,0.0196
Renault,Clio,Clio,2008,1000,90,Hatchback,FWD,5,european,city,0.0417
Mercedes,230,230,1979,2300,150,Sedan,RWD,5,european,executive,0.0745
Seat,Cordoba,Cordoba,2007,1600,100,Sedan,FWD,5,european,family,0.0196
BAIC,EU5 Plus,EU5 Plus,2005,0,163,Sedan,FWD,5,chinese,family,0.0047
Mercedes,GLC200,GLC,1986,1500,197,SUV,4WD,5,european,luxury_suv,0.0745
Hyundai,I10,I10,2012,1000,67,Hatchback,FWD,5,korean,city,0.0768
Fiat,Grand Punto,Grand Punto,1993,1400,77,Hatchback,FWD,5,european,city,0.0447
Suzuki,Swift,Swift,1995,1200,83,Hatchback,FWD,5,japanese,city,0.0264
Renault,Clio,Clio,2001,1000,90,Hatchback,FWD,5,european,city,0.0417
Kia,Pride,Pride,1997,1600,120,Sedan,FWD,5,korean,family,0.0577
Hyundai,Tucson,Tucson,1999,1600,177,SUV,FWD,5,korean,suv,0.0768
Chevrolet,Aveo,Aveo,2010,1400,100,Sedan,FWD,5,american,city,0.0414
Seat,Tarraco,Tarraco,2000,1500,150,SUV,FWD,7,european,suv,0.0196
Mazda,323,323,1982,1600,98,Sedan,FWD,5,japanese,family,0.0063
FAW,X40,X40,2013,1600,120,SUV,FWD,5,chinese,suv,0.0005
Kia,Pride,Pride,2009,1600,120,Sedan,FWD,5,korean,family,0.0577
Daewoo,Nubira,Nubira,2009,1600,100,Sedan,FWD,5,korean,family,0.0308
Chevrolet,Aveo,Aveo,2006,1400,100,Sedan,FWD,5,american,city,0.0414
Speranza,Tiggo,Tiggo,2010,1300,70,Hatchback,FWD,5,chinese,city,0.0146
Fiat,127,127,1986,900,47,Hatchback,FWD,4,european,city,0.0447
Lada,Granta,Granta,2017,1600,87,Sedan,FWD,5,other,city,0.0133
Chevrolet,Lanos,Lanos,2018,1500,86,Sedan,FWD,5,american,city,0.0414
Fiat,Grand Punto,Grand Punto,2004,1400,77,Hatchback,FWD,5,european,city,0.0447
Hyundai,I10,I10,2010,1000,67,Hatchback,FWD,5,korean,city,0.0768
Hyundai,Accent,Accent,2007,1600,123,Sedan,FWD,5,korean,city,0.0768
Seat,Tarraco,Tarraco,1992,1500,150,SUV,FWD,7,european,suv,0.0196
BMW,520i,5 Series,1992,2000,184,Sedan,RWD,5,european,executive,0.0557
Ford,Fiesta,Fiesta,1999,1000,100,Hatchback,FWD,5,american,city,0.0136
Suzuki,Grand Vitara,Grand Vitara,2015,2400,163,SUV,4WD,5,japanese,suv,0.0264
Brilliance,FSV,FSV,2011,1600,116,Sedan,FWD,5,chinese,family,0.0068
Brilliance,FRV,FRV,2012,1600,116,Hatchback,FWD,5,chinese,family,0.0068
BMW,316,3 Series,2009,1600,116,Sedan,RWD,5,european,executive,0.0557
Suzuki,Grand Vitara,Grand Vitara,2006,2400,163,SUV,4WD,5,japanese,suv,0.0264
Proton,Persona,Persona,2000,1600,110,Sedan,FWD,5,other,family,0.0096
Mercedes,230,230,1977,2300,150,Sedan,RWD,5,european,executive,0.0745
Opel,Vectra,Vectra,2001,1800,122,Sedan,FWD,5,european,executive,0.0274
Opel,Astra,Astra,2006,1400,150,Hatchback,FWD,5,european,family,0.0274
Seat,Tarraco,Tarraco,1994,1500,150,SUV,FWD,7,european,suv,0.0196
Hyundai,Verna,Verna,2008,1600,123,Sedan,FWD,5,korean,city,0.0768
Renault,19,19,1999,1600,90,Sedan,FWD,5,european,family,0.0417
Mercedes,200,200,1980,2000,136,Sedan,RWD,5,european,executive,0.0745
Saipa,Pride,Pride,2014,800,44,Hatchback,FWD,4,other,city,0.0007
Fiat,128,128,1976,1100,55,Hatchback,FWD,5,european,city,0.0447
Renault,Clio,Clio,2002,1000,90,Hatchback,FWD,5,european,city,0.0417
Mercedes,200,200,1981,2000,136,Sedan,RWD,5,european,executive,0.0745
Suzuki,Alto,Alto,2020,1000,67,Hatchback,FWD,5,japanese,city,0.0264
Mitsubishi,Lancer,Lancer,1990,1600,113,Sedan,FWD,5,japanese,family,0.0281
Fiat,128,128,1980,1100,55,Hatchback,FWD,5,european,city,0.0447
Fiat,128,128,1998,1100,55,Hatchback,FWD,5,european,city,0.0447
Ford,Bronco Raptor,Bronco Raptor,1999,3000,418,SUV,4WD,5,american,suv,0.0136
Suzuki,Grand Vitara,Grand Vitara,2009,2400,163,SUV,4WD,5,japanese,suv,0.0264
Lada,2107,2107,2008,1600,75,Sedan,RWD,5,other,family,0.0133
Mitsubishi,Lancer,Lancer,2008,1600,113,Sedan,FWD,5,japanese,family,0.0281
BMW,318i,3 Series,1998,2000,136,Sedan,RWD,5,european,executive,0.0557
Hyundai,Atos,Atos,2008,1000,57,Hatchback,FWD,5,korean,city,0.0768
Chevrolet,Aveo,Aveo,2011,1400,100,Sedan,FWD,5,american,city,0.0414
Fiat,Shahin,Shahin,2005,1400,80,Hatchback,FWD,5,european,city,0.0447
Volkswagen,Passat,Passat,1999,1800,150,Sedan,FWD,5,european,executive,0.0389
Kia,Pride,Pride,1998,1600,120,Sedan,FWD,5,korean,family,0.0577
Volkswagen,Polo,Polo,1989,1400,80,Hatchback,FWD,5,european,city,0.0447
Suzuki,Grand Vitara,Grand Vitara,2003,2400,163,SUV,4WD,5,japanese,suv,0.0264
Fiat,127,127,1987,900,47,Hatchback,FWD,4,european,city,0.0447
Great Wall,Peri,Peri,2009,1300,90,Hatchback,FWD,5,chinese,city,0.0003
Hyundai,Tucson,Tucson,2005,1600,177,SUV,FWD,5,korean,suv,0.0768
Volkswagen,Polo,Polo,2009,1000,95,Hatchback,FWD,5,european,city,0.0389
Hyundai,Verna,Verna,2017,1600,123,Sedan,FWD,5,korean,city,0.0768
Ford,Bronco Raptor,Bronco Raptor,1998,3000,418,SUV,4WD,5,american,suv,0.0136
Suzuki,Alto,Alto,2009,1000,67,Hatchback,FWD,5,japanese,city,0.0264
Volkswagen,Golf,Golf,1990,1400,150,Hatchback,FWD,5,european,family,0.0389
Saipa,Tiba,Tiba,2014,1500,90,Hatchback,FWD,5,other,city,0.0007
Volkswagen,Polo,Polo,2001,1000,95,Hatchback,FWD,5,european,city,0.0389
Skoda,Fabia,Fabia,2002,1000,95,Hatchback,FWD,5,european,city,0.0311
Lada,Granta,Granta,2019,1600,87,Sedan,FWD,5,other,city,0.0133
Fiat,Punto,Punto,1995,1200,69,Hatchback,FWD,5,european,city,0.0447
Lada,Samara,Samara,1992,1500,70,Hatchback,FWD,5,other,city,0.0133
Fiat,Regata,Regata,1985,1600,90,Sedan,FWD,5,european,family,0.0447
Honda,Accord,Accord,1993,1500,192,Sedan,FWD,5,japanese,executive,0.0151
Mercedes,200,200,1975,2000,136,Sedan,RWD,5,european,executive,0.0745
Fiat,Grand Punto,Grand Punto,2007,1400,77,Hatchback,FWD,5,european,city,0.0447
Hyundai,Excel,Excel,1995,1600,120,Sedan,FWD,5,korean,family,0.0768
Fiat,Siena,Siena,2003,1400,80,Hatchback,FWD,5,european,city,0.0447
Opel,Corsa,Corsa,1995,1200,75,Hatchback,FWD,5,european,city,0.0274
Senova,A1,A1,2008,1000,67,Hatchback,FWD,5,chinese,city,0.0013
Geely,Emgrand 7,Emgrand 7,2017,1800,132,Sedan,FWD,5,chinese,family,0.0155
Volkswagen,Polo,Polo,1999,1000,95,Hatchback,FWD,5,european,city,0.0389
Volkswagen,Polo,Polo,2000,1000,95,Hatchback,FWD,5,european,city,0.0389
Nissan,Sunny,Sunny,1999,1600,110,Sedan,FWD,5,japanese,family,0.0316
Chevrolet,Optra,Optra,2009,1600,109,Sedan,FWD,5,american,family,0.0414
Suzuki,Baleno,Baleno,1999,1200,90,Hatchback,FWD,5,japanese,city,0.0264
Daewoo,Nubira,Nubira,2003,1600,100,Sedan,FWD,5,korean,family,0.0308
Suzuki,Grand Vitara,Grand Vitara,2008,2400,163,SUV,4WD,5,japanese,suv,0.0264
Lada,Samara,Samara,2008,1500,70,Hatchback,FWD,5,other,city,0.0133
Chevrolet,Pickup,Pickup,1986,1600,110,Sedan,FWD,5,american,family,0.0414
Speranza,Chery QQ,Chery QQ,2018,1300,70,Hatchback,FWD,5,chinese,city,0.0146
Geely,Ck,Ck,2008,1300,83,Sedan,FWD,5,chinese,city,0.0155
BYD,F3,F3,2013,1500,109,Sedan,FWD,5,chinese,family,0.0141
Volkswagen,Transporter,Transporter,2008,1400,130,Van,FWD,8,european,van,0.0389
Hyundai,I10,I10,2009,1000,67,Hatchback,FWD,5,korean,city,0.0768
Fiat,Punto,Punto,2003,1200,69,Hatchback,FWD,5,european,city,0.0447
Fiat,128,128,1985,1100,55,Hatchback,FWD,5,european,city,0.0447
Fiat,128,128,1997,1100,55,Hatchback,FWD,5,european,city,0.0447
Hyundai,Tucson,Tucson,2002,1600,177,SUV,FWD,5,korean,suv,0.0768
Geely,Emgrand X7,Emgrand X7,2009,2400,137,SUV,FWD,7,chinese,suv,0.0155
Chevrolet,Spark,Spark,2012,1000,68,Hatchback,FWD,4,american,city,0.0414
Kia,Rio,Rio,2001,1400,100,Sedan,FWD,5,korean,city,0.0577
Fiat,Siena,Siena,2004,1400,80,Hatchback,FWD,5,european,city,0.0447
Honda,Civic,Civic,1992,1500,182,Sedan,FWD,5,japanese,family,0.0151
Toyota,Corolla,Corolla,1984,1600,122,Sedan,FWD,5,japanese,family,0.0303
Kia,Shuma,Shuma,1998,1600,120,Sedan,FWD,5,korean,family,0.0577
Changhe,Super Panda,Super Panda,2009,1000,65,Hatchback,FWD,5,chinese,city,0.0008
Geely,X7,X7,2016,2400,137,SUV,FWD,7,chinese,suv,0.0155
Toyota,Yaris,Yaris,2009,1500,107,Hatchback,FWD,5,japanese,city,0.0303
Fiat,Grand Punto,Grand Punto,1983,1400,77,Hatchback,FWD,5,european,city,0.0447
Fiat,Dogan,Dogan,1995,1400,80,Hatchback,FWD,5,european,city,0.0447
Mitsubishi,Lancer,Lancer,1992,1600,113,Sedan,FWD,5,japanese,family,0.0281
Fiat,128,128,1975,1100,55,Hatchback,FWD,5,european,city,0.0447
Suzuki,Grand Vitara,Grand Vitara,1985,2400,163,SUV,4WD,5,japanese,suv,0.0264
Mazda,323,323,1984,1600,98,Sedan,FWD,5,japanese,family,0.0063
Geely,Emgrand X7,Emgrand X7,2008,2400,137,SUV,FWD,7,chinese,suv,0.0155
Opel,Grandland,Grandland,1998,1200,130,SUV,FWD,5,european,suv,0.0274
Volkswagen,Caddy,Caddy,2008,2000,122,Van,FWD,5,european,van,0.0389
Speranza,M12,M12,2011,1300,70,Hatchback,FWD,5,chinese,city,0.0146
Renault,Logan,Logan,2020,1600,84,Sedan,FWD,5,european,family,0.0417
Volkswagen,Beetle,Beetle,1980,1400,150,Coupe,FWD,4,european,sport,0.0389
Fiat,Shahin,Shahin,1999,1400,80,Hatchback,FWD,5,european,city,0.0447
Nissan,Sunny,Sunny,1994,1600,110,Sedan,FWD,5,japanese,family,0.0316
Chevrolet,Spark,Spark,2007,1000,68,Hatchback,FWD,4,american,city,0.0414
Hyundai,I10,I10,2008,1000,67,Hatchback,FWD,5,korean,city,0.0768
Peugeot,405,405,1994,1600,90,Sedan,FWD,5,european,family,0.0339
Fiat,127,127,1983,900,47,Hatchback,FWD,4,european,city,0.0447
Suzuki,Alto,Alto,2008,1000,67,Hatchback,FWD,5,japanese,city,0.0264
Opel,Corsa,Corsa,1999,1200,75,Hatchback,FWD,5,european,city,0.0274
Chevrolet,Avalanche,Avalanche,1985,5300,320,Pickup,4WD,6,american,truck,0.0414
Peugeot,405,405,2009,1600,90,Sedan,FWD,5,european,family,0.0339
Lada,2107,2107,1998,1600,75,Sedan,RWD,5,other,family,0.0133
Geely,Emgrand,Emgrand,2017,1500,107,Sedan,FWD,5,chinese,family,0.0155
Hyundai,Excel,Excel,1998,1600,120,Sedan,FWD,5,korean,family,0.0768
Fiat,Siena,Siena,2002,1400,80,Hatchback,FWD,5,european,city,0.0447
Speranza,A113,A113,2011,1300,65,Hatchback,FWD,5,chinese,city,0.0146
Ford,Escort,Escort,1998,1600,90,Sedan,FWD,5,american,family,0.0136
Citroën,Grand C4 Spacetourer,Grand C4 Spacetourer,1996,1200,130,MPV,FWD,7,european,mpv,0.0151
Renault,Clio,Clio,2007,1000,90,Hatchback,FWD,5,european,city,0.0417
Lada,Samara,Samara,1988,1500,70,Hatchback,FWD,5,other,city,0.0133
Speranza,Envy,Envy,2017,1500,109,Sedan,FWD,5,chinese,family,0.0146
Suzuki,Grand Vitara,Grand Vitara,1999,2400,163,SUV,4WD,5,japanese,suv,0.0264
Mercedes,200,200,1983,2000,136,Sedan,RWD,5,european,executive,0.0745
Mitsubishi,Lancer,Lancer,1984,1600,113,Sedan,FWD,5,japanese,family,0.0281
Hyundai,Accent,Accent,2000,1600,123,Sedan,FWD,5,korean,city,0.0768
Ford,Fiesta,Fiesta,2000,1000,100,Hatchback,FWD,5,american,city,0.0136
Renault,19,19,2000,1600,90,Sedan,FWD,5,european,family,0.0417
Volkswagen,Jetta,Jetta,1986,1400,80,Hatchback,FWD,5,european,city,0.0447
Saipa,Pride,Pride,2009,800,44,Hatchback,FWD,4,other,city,0.0007
Suzuki,Alto,Alto,2016,1000,67,Hatchback,FWD,5,japanese,city,0.0264
Ford,Focus,Focus,2002,1500,150,Hatchback,FWD,5,american,family,0.0136
Volkswagen,Golf,Golf,1991,1400,150,Hatchback,FWD,5,european,family,0.0389
Proton,Persona,Persona,2004,1600,110,Sedan,FWD,5,other,family,0.0096
Peugeot,504,504,1977,1400,95,Sedan,FWD,5,european,family,0.0339
Ford,Focus,Focus,2003,1500,150,Hatchback,FWD,5,american,family,0.0136
Changan,Benni,Benni,2008,1301,86,Hatchback,FWD,5,chinese,city,0.0005
BYD,F3,F3,2023,1500,109,Sedan,FWD,5,chinese,family,0.0141
Volkswagen,Polo,Polo,1997,1000,95,Hatchback,FWD,5,european,city,0.0389
Volkswagen,Golf,Golf,1994,1400,150,Hatchback,FWD,5,european,family,0.0389
Skoda,Octavia,Octavia,2026,1395,150,Sedan,FWD,5,european,family,0.0311
Lada,2105,2105,1993,1300,64,Sedan,RWD,5,other,family,0.0133
Lada,Granta,Granta,2018,1600,87,Sedan,FWD,5,other,city,0.0133
Fiat,Shahin,Shahin,1997,1400,80,Hatchback,FWD,5,european,city,0.0447
Mazda,323,323,2006,1600,98,Sedan,FWD,5,japanese,family,0.0063
Daewoo,Juliet,Juliet,2006,1600,100,Sedan,FWD,5,korean,family,0.0308
Suzuki,Alto,Alto,2015,1000,67,Hatchback,FWD,5,japanese,city,0.0264
Fiat,Linea,Linea,2009,1600,120,Sedan,FWD,5,european,family,0.0447
Hyundai,Accent,Accent,2011,1600,123,Sedan,FWD,5,korean,city,0.0768
Chery,A15,A15,2007,1500,92,Sedan,FWD,5,chinese,family,0.0253
Peugeot,405,405,1991,1600,90,Sedan,FWD,5,european,family,0.0339
Lada,2107,2107,1994,1600,75,Sedan,RWD,5,other,family,0.0133
Fiat,131,131,1980,1300,65,Sedan,RWD,5,european,family,0.0447
Chery,A15,A15,2010,1500,92,Sedan,FWD,5,chinese,family,0.0253
Speranza,A11,A11,2006,1100,64,Hatchback,FWD,5,chinese,city,0.0146
BYD,F3,F3,2015,1500,109,Sedan,FWD,5,chinese,family,0.0141
DFSK,Glory,Glory,2021,1500,150,SUV,FWD,5,chinese,suv,0.0017
Fiat,132,132,1977,1600,95,Sedan,RWD,5,european,family,0.0447
Mazda,121,121,1998,1300,73,Hatchback,FWD,5,japanese,city,0.0063
Opel,Corsa,Corsa,2006,1200,75,Hatchback,FWD,5,european,city,0.0274
Mitsubishi,Lancer,Lancer,1994,1600,113,Sedan,FWD,5,japanese,family,0.0281
Fiat,Uno,Uno,1998,1400,80,Hatchback,FWD,5,european,city,0.0447
Chery,A11,A11,2005,1100,64,Hatchback,FWD,5,chinese,city,0.0253
Volkswagen,Golf,Golf,1993,1400,150,Hatchback,FWD,5,european,family,0.0389
Chevrolet,Avalanche,Avalanche,1999,5300,320,Pickup,4WD,6,american,truck,0.0414
Lada,2110,2110,2006,1600,79,Sedan,FWD,5,other,family,0.0133
Fiat,Punto,Punto,2008,1200,69,Hatchback,FWD,5,european,city,0.0447
Brilliance,FRV,FRV,2011,1600,116,Hatchback,FWD,5,chinese,family,0.0068
BMW,316,3 Series,1995,1600,116,Sedan,RWD,5,european,executive,0.0557
Volkswagen,Jetta,Jetta,1988,1400,80,Hatchback,FWD,5,european,city,0.0447
Suzuki,Grand Vitara,Grand Vitara,2011,2400,163,SUV,4WD,5,japanese,suv,0.0264
Brilliance,FRV Cross,FRV Cross,2009,1800,136,Crossover,FWD,5,chinese,crossover,0.0068
Volkswagen,Golf,Golf,1987,1400,150,Hatchback,FWD,5,european,family,0.0389
Fiat,Punto,Punto,1994,1200,69,Hatchback,FWD,5,european,city,0.0447
Lada,2107,2107,2009,1600,75,Sedan,RWD,5,other,family,0.0133
Fiat,Grand Punto,Grand Punto,1985,1400,77,Hatchback,FWD,5,european,city,0.0447
Fiat,Grand Punto,Grand Punto,2009,1400,77,Hatchback,FWD,5,european,city,0.0447
Opel,Insignia,Insignia,2020,1500,165,Sedan,FWD,5,european,executive,0.0274
BMW,316,3 Series,1994,1600,116,Sedan,RWD,5,european,executive,0.0557
BMW,X4,X4,2018,2000,184,SUV,AWD,5,european,luxury_suv,0.0557
Nissan,Tiida,Tiida,2008,1600,110,Sedan,FWD,5,japanese,family,0.0316
Jeep,Cherokee,Cherokee,2010,2400,184,SUV,4WD,5,american,suv,0.0176
SsangYong,Tivoli XLV,Tivoli,1997,1500,163,SUV,FWD,5,korean,suv,0.0028
Seat,Leon,Leon,2025,1500,150,Hatchback,FWD,5,european,family,0.0196
BMW,X6,X6,2018,3000,340,SUV,AWD,5,european,luxury_suv,0.0557
Honda,City,City,2006,1500,119,Sedan,FWD,5,japanese,family,0.0151
Citroën,Grand C4 Spacetourer,Grand C4 Spacetourer,2017,1200,130,MPV,FWD,7,european,mpv,0.0151
Mercedes,200,200,1986,2000,136,Sedan,RWD,5,european,executive,0.0745
BMW,320i,3 Series,2015,2000,184,Sedan,RWD,5,european,executive,0.0557
Mercedes,CLS350,CLS,2005,1600,156,Sedan,RWD,5,european,executive,0.0745
Nissan,Bluebird,Bluebird,2023,1600,103,Sedan,FWD,5,japanese,family,0.0316
Chevrolet,Cruze,Cruze,2014,1600,120,Sedan,FWD,5,japanese,family,0.0303
Mini,Cooper,Cooper,2019,1500,136,Hatchback,FWD,4,european,city,0.0091
Suzuki,Alto,Alto,2017,1000,67,Hatchback,FWD,5,japanese,city,0.0264
Mercedes,GLC200,GLC,2025,1500,197,SUV,4WD,5,european,luxury_suv,0.0745
BMW,X3,X3,2016,2000,184,SUV,AWD,5,european,luxury_suv,0.0557
BMW,X4,X4,2025,2000,184,SUV,AWD,5,european,luxury_suv,0.0557
BMW,316,3 Series,2015,1600,116,Sedan,RWD,5,european,executive,0.0557
Mercedes,C180,C-Class,2012,1600,156,Sedan,RWD,5,european,executive,0.0745
Chevrolet,Cruze,Cruze,2020,1600,120,Sedan,FWD,5,japanese,family,0.0303
Peugeot,5008,5008,2019,1200,130,SUV,FWD,7,european,suv,0.0339
Toyota,Echo,Echo,2005,1600,120,Sedan,FWD,5,japanese,family,0.0303
Hyundai,Avante,Avante,2022,1600,120,Sedan,FWD,5,korean,family,0.0768
Kia,Picanto,Picanto,2019,1000,67,Hatchback,FWD,5,korean,city,0.0577
Opel,Meriva,Meriva,2016,1400,100,MPV,FWD,5,european,mpv,0.0274
Opel,Mokka,Mokka,2016,1200,100,Crossover,FWD,5,european,crossover,0.0274
BMW,IX3,IX3,2023,0,286,SUV,RWD,5,european,luxury_suv,0.0557
Jetour,X90 Plus,X90 Plus,2025,1598,197,SUV,FWD,7,chinese,suv,0.0067
Audi,A4,A4,2023,2000,190,Sedan,AWD,5,european,executive,0.0141
Ford,Focus,Focus,2022,1500,150,Hatchback,FWD,5,american,family,0.0136
Mercedes,C200,C-Class,2019,1500,184,Sedan,RWD,5,european,executive,0.0745
BMW,X1,X1,2025,1500,136,Crossover,FWD,5,european,luxury_suv,0.0557
Volkswagen,Passat,Passat,2022,1800,150,Sedan,FWD,5,european,executive,0.0389
Toyota,Land Cruiser,Land Cruiser,2009,4000,271,SUV,4WD,8,japanese,luxury_suv,0.0303
Suzuki,Alto,Alto,2018,1000,67,Hatchback,FWD,5,japanese,city,0.0264
Opel,Mokka,Mokka,2023,1200,100,Crossover,FWD,5,european,crossover,0.0274
Skoda,Octavia Combi,Octavia,2010,1500,150,Sedan,FWD,5,european,family,0.0311
Volkswagen,Transporter,Transporter,2022,1400,130,Van,FWD,8,european,van,0.0389
Mercedes,C200,C-Class,2008,1500,184,Sedan,RWD,5,european,executive,0.0745
Mercedes,GLA200,GLA,2024,1400,163,Crossover,FWD,5,european,luxury_suv,0.0745
Kia,Cerato,Cerato,2023,1600,123,Sedan,FWD,5,korean,family,0.0577
Chevrolet,Aveo,Aveo,2017,1400,100,Sedan,FWD,5,american,city,0.0414
Tesla,Model Y,Model Y,2023,0,283,SUV,RWD,5,american,suv,0.0037
Chery,Tiggo,Tiggo,2019,1600,106,SUV,FWD,5,chinese,suv,0.0253
MG,HS,HS,2023,1500,162,SUV,FWD,5,chinese,suv,0.017
Mercedes,EQE350,EQ,2022,0,288,Sedan,RWD,5,european,executive,0.0745
Honda,City,City,2004,1500,119,Sedan,FWD,5,japanese,family,0.0151
Mercedes,CLA180,CLA,2020,1400,136,Coupe,FWD,5,european,sport,0.0745
Opel,Corsa,Corsa,2013,1200,75,Hatchback,FWD,5,european,city,0.0274
Kia,Sportage,Sportage,2023,1600,177,SUV,FWD,5,korean,suv,0.0577
Chevrolet,Cruze,Cruze,2008,1600,120,Sedan,FWD,5,japanese,family,0.0303
Peugeot,406,406,2000,1400,95,Sedan,FWD,5,european,family,0.0339
Porsche,Macan,Macan,2020,2000,265,Crossover,AWD,5,european,luxury_suv,0.0082
Land Rover,Range Rover Sport,Range Rover,2021,3000,395,SUV,4WD,5,european,luxury_suv,0.0108
Volkswagen,ID4,ID4,2022,0,204,SUV,FWD,5,european,suv,0.0389
BMW,320i,3 Series,2013,2000,184,Sedan,RWD,5,european,executive,0.0557
Toyota,Avanza,Avanza,2016,1500,103,MPV,FWD,7,japanese,mpv,0.0303
BMW,X3,X3,2014,2000,184,SUV,AWD,5,european,luxury_suv,0.0557
Nissan,Bluebird,Bluebird,2018,1600,103,Sedan,FWD,5,japanese,family,0.0316
Jeep,Renegade,Renegade,2017,1400,150,Crossover,FWD,5,american,crossover,0.0176
Mercedes,V250,V250,2021,2100,190,MPV,RWD,8,european,mpv,0.0745
Kia,Carnival MPV,Carnival,2024,2200,202,MPV,FWD,8,korean,mpv,0.0577
Citroën,C3,C3,2021,1200,83,Hatchback,FWD,5,european,city,0.0151
Mini,Cooper,Cooper,2010,1500,136,Hatchback,FWD,4,european,city,0.0091
Subaru,Impreza,Impreza,2010,1498,107,Sedan,AWD,5,japanese,family,0.0053
Ford,Fiesta,Fiesta,2014,1000,100,Hatchback,FWD,5,american,city,0.0136
Mercedes,GLE450,GLE,2023,1600,156,Sedan,RWD,5,european,executive,0.0745
Volkswagen,Golf,Golf,2016,1400,150,Hatchback,FWD,5,european,family,0.0389
Mercedes,CLA200,CLA,2025,1400,163,Coupe,FWD,5,european,sport,0.0745
Mercedes,S450,S-Class,2023,0,329,Sedan,AWD,5,european,luxury,0.0745
MG,7,7,2025,1500,181,Sedan,FWD,5,chinese,executive,0.017
Nissan,Sunny,Sunny,2019,1600,110,Sedan,FWD,5,japanese,family,0.0316
Peugeot,508,508,2016,1600,165,Sedan,FWD,5,european,executive,0.0339
Nissan,Livina,Livina,2011,1600,110,MPV,FWD,7,japanese,mpv,0.0316
Mercedes,E200,E-Class,1994,2000,184,Sedan,RWD,5,european,executive,0.0745
Volkswagen,Passat,Passat,2016,1800,150,Sedan,FWD,5,european,executive,0.0389
Mitsubishi,Pajero,Pajero,2022,3000,178,SUV,4WD,7,japanese,suv,0.0281
Seat,Tarraco,Tarraco,2016,1500,150,SUV,FWD,7,european,suv,0.0196
Nissan,Qashqai,Qashqai,2017,1500,163,SUV,FWD,5,japanese,suv,0.0316
Kia,Rio,Rio,2019,1400,100,Sedan,FWD,5,korean,city,0.0577
Mercedes,E200,E-Class,2013,2000,184,Sedan,RWD,5,european,executive,0.0745
Volkswagen,Passat,Passat,2020,1800,150,Sedan,FWD,5,european,executive,0.0389
BMW,X6,X6,2025,3000,340,SUV,AWD,5,european,luxury_suv,0.0557
Audi,A3,A3,2020,1500,150,Sedan,FWD,5,european,executive,0.0141
Peugeot,508,508,2015,1600,165,Sedan,FWD,5,european,executive,0.0339
Proton,Gen-2,Gen-2,2008,1600,110,Hatchback,FWD,5,other,family,0.0096
Fiat,Grand Punto,Grand Punto,2020,1400,77,Hatchback,FWD,5,european,city,0.0447
MG,5,5,2025,1500,169,Sedan,FWD,5,chinese,family,0.017
Toyota,Avanza,Avanza,2009,1500,103,MPV,FWD,7,japanese,mpv,0.0303
Jeep,Grand Cherokee,Grand Cherokee,2022,3600,293,SUV,4WD,5,american,luxury_suv,0.0176
BMW,X6,X6,2023,3000,340,SUV,AWD,5,european,luxury_suv,0.0557
Mercedes,C180,C-Class,2000,1600,156,Sedan,RWD,5,european,executive,0.0745
BMW,523,5 Series,1998,2500,177,Sedan,RWD,5,european,executive,0.0557
Porsche,Cayenne S,Cayenne,2015,4000,440,SUV,AWD,5,european,luxury_suv,0.0082
Chery,Tiggo,Tiggo,2026,1600,106,SUV,FWD,5,chinese,suv,0.0253
Proton,Gen-2,Gen-2,2013,1600,110,Hatchback,FWD,5,other,family,0.0096
Opel,Astra,Astra,2004,1400,150,Hatchback,FWD,5,european,family,0.0274
Honda,Civic,Civic,2009,1500,182,Sedan,FWD,5,japanese,family,0.0151
BMW,X3,X3,2023,2000,184,SUV,AWD,5,european,luxury_suv,0.0557
Mitsubishi,Mirage,Mirage,1998,1600,113,Hatchback,FWD,5,japanese,city,0.0281
Skoda,Octavia,Octavia,2015,1500,150,Sedan,FWD,5,european,family,0.0311
Mercedes,E200,E-Class,1998,2000,184,Sedan,RWD,5,european,executive,0.0745
Hyundai,Matrix,Matrix,2003,1600,120,MPV,FWD,5,korean,mpv,0.0768
Fiat,Punto,Punto,2016,1200,69,Hatchback,FWD,5,european,city,0.0447
Land Rover,Range Rover Velar,Range Rover,2025,2000,247,SUV,AWD,5,european,luxury_suv,0.0108
Honda,Accord,Accord,1985,1500,192,Sedan,FWD,5,japanese,executive,0.0151
Volkswagen,Polo,Polo,2014,1000,95,Hatchback,FWD,5,european,city,0.0389
BMW,X6,X6,2021,3000,340,SUV,AWD,5,european,luxury_suv,0.0557
Nissan,Sunny,Sunny,2011,1600,110,Sedan,FWD,5,japanese,family,0.0316
Mercedes,E300,E-Class,2012,2000,258,Sedan,RWD,5,european,executive,0.0745
Hyundai,Elantra HD,Elantra,2020,1600,122,Sedan,FWD,5,korean,family,0.0768
Kia,Carnival MPV,Carnival,2017,2200,202,MPV,FWD,8,korean,mpv,0.0577
Fiat,Grand Punto,Grand Punto,2022,1400,77,Hatchback,FWD,5,european,city,0.0447
Honda,City,City,2008,1500,119,Sedan,FWD,5,japanese,family,0.0151
Audi,A6,A6,2023,2000,190,Sedan,AWD,5,european,luxury,0.0141
BMW,318i,3 Series,2011,2000,136,Sedan,RWD,5,european,executive,0.0557
Peugeot,405,405,1993,1600,90,Sedan,FWD,5,european,family,0.0339
Mercedes,GLC,GLC,2020,1500,197,SUV,4WD,5,european,luxury_suv,0.0745
Chevrolet,Optra,Optra,2019,1600,109,Sedan,FWD,5,american,family,0.0414
Citroën,C5 Aircross,C5 Aircross,2024,1200,130,SUV,FWD,5,european,suv,0.0151
Kia,Rio,Rio,2015,1400,100,Sedan,FWD,5,korean,city,0.0577
Daewoo,Leganza,Leganza,1999,2000,133,Sedan,FWD,5,korean,executive,0.0308
Volkswagen,Jetta,Jetta,2017,1400,150,Sedan,FWD,5,european,family,0.0389
Hyundai,Veloster,Veloster,2012,1600,120,Coupe,FWD,4,korean,sport,0.0768
Toyota,Prado,Prado,2023,2700,163,SUV,4WD,7,japanese,luxury_suv,0.0303
Mercedes,GLE,GLE,2015,1600,156,SUV,AWD,5,european,luxury_suv,0.0745
Daewoo,Nubira 1,Nubira,2004,1600,100,Sedan,FWD,5,korean,family,0.0308
Citroën,Grand C4 Spacetourer,Grand C4 Spacetourer,2007,1200,130,MPV,FWD,7,european,mpv,0.0151
Chery,Arrizo 5 Pro,Arrizo 5,2023,1500,147,Sedan,FWD,5,chinese,family,0.0253
Kia,Carnival MPV,Carnival,2011,2200,202,MPV,FWD,8,korean,mpv,0.0577
BMW,X6 M,X6,2024,4400,617,SUV,AWD,5,european,luxury_suv,0.0557
Honda,Accord,Accord,2008,1500,192,Sedan,FWD,5,japanese,executive,0.0151
Opel,Grandland,Grandland,2022,1200,130,SUV,FWD,5,european,suv,0.0274
Seat,Leon,Leon,2018,1500,150,Hatchback,FWD,5,european,family,0.0196
Renault,Captur,Captur,2016,1000,90,Crossover,FWD,5,european,crossover,0.0417
Peugeot,206,206,2001,1400,75,Hatchback,FWD,5,european,city,0.0339
Kia,Spectra,Spectra,2005,1600,120,Sedan,FWD,5,korean,family,0.0577
Hyundai,Accent,Accent,2012,1600,123,Sedan,FWD,5,korean,city,0.0768
Opel,Insignia,Insignia,2015,1500,165,Sedan,FWD,5,european,executive,0.0274
Nissan,Bluebird,Bluebird,2025,1600,103,Sedan,FWD,5,japanese,family,0.0316
Chrysler,Town & Country,Town & Country,2006,3600,283,MPV,FWD,7,american,mpv,0.0017
Mercedes,C180,C-Class,2015,1600,156,Sedan,RWD,5,european,executive,0.0745
BMW,X6,X6,2017,3000,340,SUV,AWD,5,european,luxury_suv,0.0557
BAIC,EU5 Plus,EU5 Plus,2014,0,163,Sedan,FWD,5,chinese,family,0.0047
Seat,Tarraco,Tarraco,2025,1500,150,SUV,FWD,7,european,suv,0.0196
BMW,320i,3 Series,2020,2000,184,Sedan,RWD,5,european,executive,0.0557
Nissan,Sunny,Sunny,2015,1600,110,Sedan,FWD,5,japanese,family,0.0316
Mitsubishi,Lancer,Lancer,2009,1600,113,Sedan,FWD,5,japanese,family,0.0281
Daihatsu,Terios,Terios,2013,1500,105,SUV,4WD,5,japanese,suv,0.0085
Kia,Carens,Carens,2014,1600,130,MPV,FWD,7,korean,mpv,0.0577
Skoda,Kodiaq,Kodiaq,2024,2000,190,SUV,AWD,7,european,suv,0.0311
Kia,Carnival,Carnival,2024,2200,202,MPV,FWD,8,korean,mpv,0.0577
Toyota,Land Cruiser,Land Cruiser,2022,4000,271,SUV,4WD,8,japanese,luxury_suv,0.0303
MG,X5,X5,2021,1500,169,SUV,FWD,5,chinese,suv,0.017
Mini,Paceman,Paceman,2019,1500,136,Hatchback,FWD,4,european,city,0.0091
Nissan,Livina,Livina,2010,1600,110,MPV,FWD,7,japanese,mpv,0.0316
BMW,X5,X5,2015,3000,340,SUV,AWD,7,european,luxury_suv,0.0557
Mercedes,CLA180,CLA,2015,1400,136,Coupe,FWD,5,european,sport,0.0745
Kia,K3,K3,2013,1600,120,Sedan,FWD,5,korean,family,0.0577
Volkswagen,Transporter,Transporter,2002,1400,130,Van,FWD,8,european,van,0.0389
JAC,S3,S3,2019,1500,113,Crossover,FWD,5,chinese,crossover,0.0047
Volkswagen,Passat,Passat,2002,1800,150,Sedan,FWD,5,european,executive,0.0389
Mercedes,GLS,GLS,2022,1600,156,SUV,AWD,5,european,luxury_suv,0.0745
Tesla,Model 3,Model 3,2024,0,283,Sedan,RWD,5,american,executive,0.0037
Chevrolet,Cruze,Cruze,2021,1600,120,Sedan,FWD,5,japanese,family,0.0303
Mercedes,C180,C-Class,2005,1600,156,Sedan,RWD,5,european,executive,0.0745
BMW,X3,X3,2017,2000,184,SUV,AWD,5,european,luxury_suv,0.0557
Audi,Q7,Q7,2019,3000,340,SUV,AWD,7,european,luxury_suv,0.0141
Land Rover,Range Rover,Range Rover,2014,3000,400,SUV,4WD,5,european,luxury_suv,0.0108
Kia,Picanto,Picanto,2016,1000,67,Hatchback,FWD,5,korean,city,0.0577
Porsche,Cayenne,Cayenne,2024,3000,340,SUV,AWD,5,european,luxury_suv,0.0082
Seat,Tarraco,Tarraco,2008,1500,150,SUV,FWD,7,european,suv,0.0196
Ford,Fiesta,Fiesta,2019,1000,100,Hatchback,FWD,5,american,city,0.0136
BMW,740,7 Series,2016,3000,340,Sedan,RWD,5,european,luxury,0.0557
Kia,Picanto,Picanto,2012,1000,67,Hatchback,FWD,5,korean,city,0.0577
Jeep,Grand Cherokee,Grand Cherokee,2016,3600,293,SUV,4WD,5,american,luxury_suv,0.0176
Mercedes,200,200,1977,2000,136,Sedan,RWD,5,european,executive,0.0745
BMW,320i,3 Series,2019,2000,184,Sedan,RWD,5,european,executive,0.0557
BMW,X3,X3,2015,2000,184,SUV,AWD,5,european,luxury_suv,0.0557
Kia,Xceed,Xceed,2025,1500,160,Crossover,FWD,5,korean,crossover,0.0577
Renault,Sandero,Sandero,2017,1600,84,Hatchback,FWD,5,european,city,0.0417
Audi,Q2,Q2,2020,1000,115,Crossover,FWD,5,european,luxury_suv,0.0141
Nissan,Qashqai,Qashqai,2018,1500,163,SUV,FWD,5,japanese,suv,0.0316
Porsche,Cayenne,Cayenne,2022,3000,340,SUV,AWD,5,european,luxury_suv,0.0082
Subaru,XV,XV,2019,2000,156,Crossover,AWD,5,japanese,crossover,0.0053
Mitsubishi,Lancer EX Shark,Lancer,2024,1600,113,Sedan,FWD,5,japanese,family,0.0281
Chevrolet,Cruze,Cruze,2011,1600,124,Sedan,FWD,5,american,family,0.0414
Daewoo,Lacetti,Lacetti,2003,1600,109,Sedan,FWD,5,korean,family,0.0308
Brilliance,Galena,Galena,2006,1500,150,SUV,FWD,5,chinese,suv,0.0068
DFSK,EAGLE 580,EAGLE 580,2020,1500,150,SUV,FWD,7,chinese,suv,0.0017
Audi,Q4 E-Tron,Q4 E-Tron,2021,0,204,SUV,FWD,5,european,luxury_suv,0.0141
Mercedes,E200,E-Class,2022,2000,184,Sedan,RWD,5,european,executive,0.0745
BMW,X1,X1,2015,1500,136,Crossover,FWD,5,european,luxury_suv,0.0557
Audi,Q3,Q3,2019,1500,150,SUV,FWD,5,european,luxury_suv,0.0141
Subaru,Impreza,Impreza,2015,2000,154,Sedan,AWD,5,japanese,family,0.0053
Peugeot,3008,3008,2022,1200,130,SUV,FWD,5,european,suv,0.0339
Mitsubishi,Attrage,Attrage,2016,1200,78,Sedan,FWD,5,japanese,city,0.0281
Nissan,Tiida,Tiida,2007,1600,110,Sedan,FWD,5,japanese,family,0.0316
MG,RX5,RX5,2020,1500,169,SUV,FWD,5,chinese,suv,0.017
Hyundai,Sonata,Sonata,2009,2000,154,Sedan,FWD,5,korean,executive,0.0768
Nissan,Bluebird,Bluebird,2015,1600,103,Sedan,FWD,5,japanese,family,0.0316
Seat,Ibiza,Ibiza,2017,1000,95,Hatchback,FWD,5,european,city,0.0196
Nissan,Sunny,Sunny,2014,1600,110,Sedan,FWD,5,japanese,family,0.0316
Volkswagen,Jetta,Jetta,2008,1400,150,Sedan,FWD,5,european,family,0.0389
Peugeot,208,208,2014,1200,100,Hatchback,FWD,5,european,city,0.0339
Mercedes,500,500,2008,4700,435,Sedan,RWD,5,european,luxury,0.0745
Renault,Symbol,Symbol,2009,1600,90,Sedan,FWD,5,european,city,0.0417
Peugeot,3008,3008,2017,1200,130,SUV,FWD,5,european,suv,0.0339
Mercedes,CLE200,CLE,2024,1600,156,Sedan,RWD,5,european,executive,0.0745
Opel,Crossland,Crossland,2020,1200,110,Crossover,FWD,5,european,crossover,0.0274
Mercedes,G63,G63,2021,4000,577,SUV,4WD,5,european,luxury_suv,0.0745
Mercedes,CLA200,CLA,2020,1400,163,Coupe,FWD,5,european,sport,0.0745
Hyundai,Tucson,Tucson,2024,1600,177,SUV,FWD,5,korean,suv,0.0768
BMW,X3 M,X3,2019,3000,480,SUV,AWD,5,european,luxury_suv,0.0557
Audi,Q2,Q2,2024,1000,115,Crossover,FWD,5,european,luxury_suv,0.0141
Chery,Tiggo 3,Tiggo 3,2021,1500,113,SUV,FWD,5,chinese,suv,0.0253
Subaru,Impreza,Impreza,2004,2000,154,Sedan,AWD,5,japanese,family,0.0053
Opel,Corsa,Corsa,2022,1200,75,Hatchback,FWD,5,european,city,0.0274
Mercedes,C30,C30,2020,2000,258,Sedan,RWD,5,european,executive,0.0745
Peugeot,207,207,2012,1400,95,Hatchback,FWD,5,european,city,0.0339
Mini,Paceman,Paceman,2013,1500,136,Hatchback,FWD,4,european,city,0.0091
Brilliance,FRV,FRV,2015,1600,116,Hatchback,FWD,5,chinese,family,0.0068
Mercedes,A180,A-Class,2022,1400,136,Hatchback,FWD,5,european,executive,0.0745
Mazda,323,323,2008,1600,98,Sedan,FWD,5,japanese,family,0.0063
Daihatsu,Grand Terios,Terios,2007,1500,105,SUV,4WD,7,japanese,suv,0.0085
Mercedes,CLA180,CLA,2014,1400,136,Coupe,FWD,5,european,sport,0.0745
Seat,Tarraco,Tarraco,2020,1500,150,SUV,FWD,7,european,suv,0.0196
Chery,Tiggo,Tiggo,2024,1600,106,SUV,FWD,5,chinese,suv,0.0253
Opel,Corsa,Corsa,2023,1200,75,Hatchback,FWD,5,european,city,0.0274
Mercedes,EQS580,EQ,2023,0,516,Sedan,AWD,5,european,luxury,0.0745
Mini,Cooper,Cooper,2013,1500,136,Hatchback,FWD,4,european,city,0.0091
Kia,Sorento,Sorento,2020,2400,173,SUV,AWD,7,korean,suv,0.0577
Kia,Carnival,Carnival,2016,2200,202,MPV,FWD,8,korean,mpv,0.0577
Kia,Picanto,Picanto,2011,1000,67,Hatchback,FWD,5,korean,city,0.0577
Suzuki,Ciaz,Ciaz,2024,1500,105,Sedan,FWD,5,japanese,family,0.0264
Kia,Rio,Rio,2012,1400,100,Sedan,FWD,5,korean,city,0.0577
Opel,Mokka,Mokka,2022,1200,100,Crossover,FWD,5,european,crossover,0.0274
Renault,Sandero Stepway,Sandero,2003,1600,115,Hatchback,FWD,5,european,crossover,0.0417
Nissan,X-Trail,X-Trail,2008,1700,158,SUV,AWD,7,japanese,suv,0.0316
Kia,Carnival MPV,Carnival,2020,2200,202,MPV,FWD,8,korean,mpv,0.0577
Audi,Q8,Q8,2023,3000,340,SUV,AWD,5,european,luxury_suv,0.0141
BMW,218i,2 Series,2023,1500,136,Coupe,FWD,4,european,executive,0.0557
Audi,A5,A5,2019,2000,190,Coupe,AWD,4,european,executive,0.0141
Volkswagen,Tiguan,Tiguan,2020,1400,150,SUV,FWD,5,european,suv,0.0389
Mitsubishi,Lancer EX Shark,Lancer,2019,1600,113,Sedan,FWD,5,japanese,family,0.0281
Volkswagen,Golf,Golf,2011,1400,150,Hatchback,FWD,5,european,family,0.0389
Fiat,128,128,1990,1100,55,Hatchback,FWD,5,european,city,0.0447
Mazda,323,323,2015,1600,98,Sedan,FWD,5,japanese,family,0.0063
BMW,740,7 Series,2019,3000,340,Sedan,RWD,5,european,luxury,0.0557
Daewoo,Nubira 1,Nubira,1994,1600,100,Sedan,FWD,5,korean,family,0.0308
Chery,Arrizo 5 Pro,Arrizo 5,2020,1500,147,Sedan,FWD,5,chinese,family,0.0253
Citroën,C4X,C4X,2025,1200,130,Sedan,FWD,5,european,family,0.0151
Mercedes,AMG,AMG,2022,4000,510,Sedan,AWD,5,european,sport,0.0745
Speranza,A620,A620,2010,2000,145,Sedan,FWD,5,chinese,family,0.0146
Jeep,Grand Cherokee,Grand Cherokee,2020,3600,293,SUV,4WD,5,american,luxury_suv,0.0176
BMW,320i,3 Series,2010,2000,184,Sedan,RWD,5,european,executive,0.0557
Volvo,XC90,XC90,2020,2000,300,SUV,AWD,7,european,luxury_suv,0.0038
Citroën,C Elysee,C Elysee,2020,1200,82,Sedan,FWD,5,european,family,0.0151
Toyota,Yaris,Yaris,2008,1500,107,Hatchback,FWD,5,japanese,city,0.0303
Changan,Benni,Benni,2013,1500,136,Hatchback,FWD,4,european,city,0.0091
BMW,116,1 Series,2014,1500,109,Hatchback,RWD,5,european,executive,0.0557
Changan,CS55 Plus,CS55 Plus,2025,1500,156,SUV,FWD,5,chinese,suv,0.0077
BMW,320i,3 Series,1998,2000,184,Sedan,RWD,5,european,executive,0.0557
Audi,A4,A4,2018,2000,190,Sedan,AWD,5,european,executive,0.0141
Renault,Kadjar,Kadjar,2018,1600,163,SUV,FWD,5,european,suv,0.0417
Hyundai,Elantra,Elantra,2022,1600,128,Sedan,FWD,5,korean,family,0.0768
Daihatsu,Charade,Charade,1997,1000,56,Hatchback,FWD,5,japanese,city,0.0085
Geely,X7,X7,2020,2400,137,SUV,FWD,7,chinese,suv,0.0155
Mitsubishi,Attrage,Attrage,2005,1200,78,Sedan,FWD,5,japanese,city,0.0281
Seat,Tarraco,Tarraco,2017,1500,150,SUV,FWD,7,european,suv,0.0196
BYD,Song Plus,Song Plus,2024,0,200,Sedan,FWD,5,chinese,family,0.0141
BMW,523,5 Series,2010,2500,177,Sedan,RWD,5,european,executive,0.0557
Toyota,Corolla Cross,Corolla Cross,1991,1600,120,Sedan,FWD,5,japanese,family,0.0303
Nissan,Bluebird,Bluebird,2017,1600,103,Sedan,FWD,5,japanese,family,0.0316
Peugeot,307,307,2008,1400,95,Sedan,FWD,5,european,family,0.0339
BMW,X1,X1,2026,1500,136,Crossover,FWD,5,european,luxury_suv,0.0557
Seat,Leon,Leon,2022,1500,150,Hatchback,FWD,5,european,family,0.0196
Subaru,XV,XV,2021,2000,156,Crossover,AWD,5,japanese,crossover,0.0053
Chevrolet,Cruze,Cruze,1990,1600,124,Sedan,FWD,5,american,family,0.0414
Kia,Picanto,Picanto,2023,1000,67,Hatchback,FWD,5,korean,city,0.0577
Mitsubishi,Lancer,Lancer,2012,1600,113,Sedan,FWD,5,japanese,family,0.0281
Mercedes,CLS350,CLS,2020,1600,156,Sedan,RWD,5,european,executive,0.0745
Mini,John Cooper,John Cooper,2019,2000,231,Hatchback,FWD,4,european,sport,0.0091
Fiat,Punto,Punto,2011,1200,69,Hatchback,FWD,5,european,city,0.0447
Daihatsu,Terios,Terios,2009,1500,105,SUV,4WD,5,japanese,suv,0.0085
Seat,Toledo,Toledo,2018,1600,105,Sedan,FWD,5,european,family,0.0196
Kia,Carnival MPV,Carnival,2014,2200,202,MPV,FWD,8,korean,mpv,0.0577
Hyundai,Elantra,Elantra,2014,1600,128,Sedan,FWD,5,korean,family,0.0768
Land Rover,Range Rover,Range Rover,2023,3000,400,SUV,4WD,5,european,luxury_suv,0.0108
Jaguar,XE,XE,2020,2000,250,Sedan,RWD,5,european,luxury,0.0023
Tesla,Model 3,Model 3,2023,0,283,Sedan,RWD,5,american,executive,0.0037
Hyundai,Tucson,Tucson,1988,1600,177,SUV,FWD,5,korean,suv,0.0768
Mazda,3,3,2009,1500,120,Sedan,FWD,5,japanese,family,0.0063
Jeep,Wrangler,Wrangler,2011,2000,268,SUV,4WD,5,american,suv,0.0176
BMW,X7,X7,2025,3000,340,SUV,AWD,7,european,luxury_suv,0.0557
Toyota,Land Cruiser,Land Cruiser,2023,4000,271,SUV,4WD,8,japanese,luxury_suv,0.0303
Jeep,Renegade,Renegade,2022,1400,150,Crossover,FWD,5,american,crossover,0.0176
Peugeot,508,508,2017,1600,165,Sedan,FWD,5,european,executive,0.0339
Mercedes,CLA200,CLA,2023,1400,163,Coupe,FWD,5,european,sport,0.0745
Ford,Focus,Focus,2010,1500,150,Hatchback,FWD,5,american,family,0.0136
Kia,Sportage,Sportage,2015,1600,177,SUV,FWD,5,korean,suv,0.0577
Mercedes,GLC300,GLC,2024,2000,258,SUV,4WD,5,european,luxury_suv,0.0745
Land Rover,Range Rover,Range Rover,2024,3000,400,SUV,4WD,5,european,luxury_suv,0.0108
Ford,Bronco Raptor,Bronco Raptor,2018,3000,418,SUV,4WD,5,american,suv,0.0136
Mazda,3,3,2006,1500,120,Sedan,FWD,5,japanese,family,0.0063
Kia,Picanto,Picanto,2014,1000,67,Hatchback,FWD,5,korean,city,0.0577
Renault,Austral,Austral,2024,1300,158,SUV,FWD,5,european,suv,0.0417
BMW,740,7 Series,2024,3000,340,Sedan,RWD,5,european,luxury,0.0557
Mercedes,B200,B-Class,2019,1600,156,MPV,FWD,5,european,executive,0.0745
Audi,A3,A3,2015,1500,150,Sedan,FWD,5,european,executive,0.0141
Skoda,Kodiaq,Kodiaq,2022,2000,190,SUV,AWD,7,european,suv,0.0311
Ford,Bronco Raptor,Bronco Raptor,2015,3000,418,SUV,4WD,5,american,suv,0.0136
Geely,Emgrand X7,Emgrand X7,2014,2400,137,SUV,FWD,7,chinese,suv,0.0155
Mercedes,CLA200,CLA,2021,1400,163,Coupe,FWD,5,european,sport,0.0745
Peugeot,301,301,2017,1200,82,Sedan,FWD,5,european,family,0.0339
BMW,320i,3 Series,2008,2000,184,Sedan,RWD,5,european,executive,0.0557
Citroën,C3 Aircross,C3 Aircross,2021,1200,110,Crossover,FWD,5,european,crossover,0.0151
Geely,Pandino,Pandino,2014,1500,110,Sedan,FWD,5,chinese,family,0.0155
Renault,Logan,Logan,2022,1600,84,Sedan,FWD,5,european,family,0.0417
Mercedes,CLA200,CLA,2014,1400,163,Coupe,FWD,5,european,sport,0.0745
Jeep,Cherokee,Cherokee,2006,2400,184,SUV,4WD,5,american,suv,0.0176
Kia,Rio,Rio,2007,1400,100,Sedan,FWD,5,korean,city,0.0577
Volvo,XC90,XC90,2021,2000,300,SUV,AWD,7,european,luxury_suv,0.0038
Seat,Leon,Leon,2017,1500,150,Hatchback,FWD,5,european,family,0.0196
Volvo,S60,S60,2018,2000,197,Sedan,FWD,5,european,luxury,0.0038
Toyota,Corolla Cross,Corolla Cross,1997,1600,120,Sedan,FWD,5,japanese,family,0.0303
MG,5,5,2022,1500,169,Sedan,FWD,5,chinese,family,0.017
Chevrolet,Captiva,Captiva,2024,1500,150,SUV,FWD,7,american,suv,0.0414
BYD,F3,F3,2022,1500,109,Sedan,FWD,5,chinese,family,0.0141
Audi,A5,A5,2024,2000,190,Coupe,AWD,4,european,executive,0.0141
Jeep,Cherokee,Cherokee,2016,2400,184,SUV,4WD,5,american,suv,0.0176
Hyundai,I20,I20,2022,1400,100,Hatchback,FWD,5,korean,city,0.0768
MG,6,6,2024,1500,169,Sedan,FWD,5,chinese,executive,0.017
Jeep,Cherokee,Cherokee,2024,2400,184,SUV,4WD,5,american,suv,0.0176
Changan,UNI-T,UNI-T,2024,1500,181,SUV,FWD,5,chinese,suv,0.0077
Jeep,Grand Cherokee,Grand Cherokee,2021,3600,293,SUV,4WD,5,american,luxury_suv,0.0176
Nissan,Bluebird,Bluebird,2013,1600,103,Sedan,FWD,5,japanese,family,0.0316
Jaguar,XE,XE,2016,2000,250,Sedan,RWD,5,european,luxury,0.0023
Kia,Carnival,Carnival,2014,2200,202,MPV,FWD,8,korean,mpv,0.0577
Hyundai,Avante,Avante,2000,1600,120,Sedan,FWD,5,korean,family,0.0768
Chery,Tiggo 8,Tiggo 8,2024,1500,197,SUV,FWD,7,chinese,suv,0.0253
Citroën,Grand C4 Spacetourer,Grand C4 Spacetourer,1999,1200,130,MPV,FWD,7,european,mpv,0.0151
Chery,Tiggo,Tiggo,2022,1400,130,Sedan,FWD,5,european,family,0.0389
Mercedes,B200,B-Class,2013,1600,156,MPV,FWD,5,european,executive,0.0745
Jeep,Grand Cherokee 4xe,Grand Cherokee,2007,2000,375,SUV,4WD,5,american,luxury_suv,0.0176
Nissan,Qashqai,Qashqai,2013,1500,163,SUV,FWD,5,japanese,suv,0.0316
Mazda,3,3,2007,1500,120,Sedan,FWD,5,japanese,family,0.0063
Land Rover,Range Rover Sport,Range Rover,2016,3000,395,SUV,4WD,5,european,luxury_suv,0.0108
Peugeot,308 SW,308 SW,2011,1400,95,Sedan,FWD,5,european,family,0.0339
Skoda,Octavia,Octavia,2016,1500,150,Sedan,FWD,5,european,family,0.0311
BMW,X3,X3,2007,2000,184,SUV,AWD,5,european,luxury_suv,0.0557
Seat,Ateca,Ateca,2020,1500,150,SUV,FWD,5,european,suv,0.0196
BMW,523,5 Series,1997,2500,177,Sedan,RWD,5,european,executive,0.0557
Seat,Ibiza,Ibiza,2014,1000,95,Hatchback,FWD,5,european,city,0.0196
Chevrolet,Optra,Optra,2023,1600,109,Sedan,FWD,5,american,family,0.0414
Chrysler,Town & Country,Town & Country,2005,3600,283,MPV,FWD,7,american,mpv,0.0017
Avatr,12,12,2025,0,578,Sedan,AWD,5,chinese,luxury,0.0018
Mercedes,GLE,GLE,2019,1600,156,SUV,AWD,5,european,luxury_suv,0.0745
Seat,Tarraco,Tarraco,2018,1500,150,SUV,FWD,7,european,suv,0.0196
Kia,Carnival MPV,Carnival,2002,2200,202,MPV,FWD,8,korean,mpv,0.0577
Peugeot,307,307,2004,1400,95,Sedan,FWD,5,european,family,0.0339
Nissan,Sentra,Sentra,2018,1600,122,Sedan,FWD,5,japanese,family,0.0316
Mercedes,E200,E-Class,1988,2000,184,Sedan,RWD,5,european,executive,0.0745
Kia,Shuma,Shuma,1999,1600,120,Sedan,FWD,5,korean,family,0.0577
Kia,Soul,Soul,2017,1600,130,Crossover,FWD,5,korean,crossover,0.0577
Audi,Q7,Q7,2008,3000,340,SUV,AWD,7,european,luxury_suv,0.0141
Ford,Bronco Raptor,Bronco Raptor,2019,3000,418,SUV,4WD,5,american,suv,0.0136
Jaguar,F-Type,F-Type,2020,3000,380,Coupe,AWD,2,european,sport,0.0023
Nissan,Juke,Juke,2025,1000,117,Crossover,FWD,5,japanese,crossover,0.0316
Hyundai,Elantra CN7,Elantra,2024,1600,128,Sedan,FWD,5,korean,family,0.0768
Mercedes,350,350,2024,3500,272,Sedan,RWD,5,european,executive,0.0745
Nissan,Patrol,Patrol,2016,4000,275,SUV,4WD,8,japanese,luxury_suv,0.0316
Nissan,Sentra,Sentra,2023,1600,122,Sedan,FWD,5,japanese,family,0.0316
Porsche,Cayman,Cayman,2024,2500,300,Coupe,RWD,2,european,sport,0.0082
Peugeot,508,508,2020,1600,165,Sedan,FWD,5,european,executive,0.0339
Peugeot,508,508,2013,1600,165,Sedan,FWD,5,european,executive,0.0339
Geely,Emgrand X7,Emgrand X7,2012,2400,137,SUV,FWD,7,chinese,suv,0.0155
Renault,Fluence,Fluence,2010,1600,100,Sedan,FWD,5,european,family,0.0417
Mercedes,230,230,1990,2300,150,Sedan,RWD,5,european,executive,0.0745
GMC,Terrain,Terrain,2024,1500,170,SUV,AWD,5,american,suv,0.002
Cupra,Leon,Leon,2024,2000,265,Hatchback,FWD,5,european,sport,0.002
Chevrolet,Optra,Optra,2017,1600,109,Sedan,FWD,5,american,family,0.0414
BMW,318i,3 Series,2000,2000,136,Sedan,RWD,5,european,executive,0.0557
Porsche,Cayenne,Cayenne,2019,3000,340,SUV,AWD,5,european,luxury_suv,0.0082
Chrysler,Town & Country,Town & Country,1997,3600,283,MPV,FWD,7,american,mpv,0.0017
Peugeot,208,208,2013,1200,100,Hatchback,FWD,5,european,city,0.0339
BYD,L3,L3,2016,1500,107,Sedan,FWD,5,chinese,family,0.0141
Mini,Paceman,Paceman,2008,1500,136,Hatchback,FWD,4,european,city,0.0091
Mercedes,GLE,GLE,2021,1600,156,SUV,AWD,5,european,luxury_suv,0.0745
Mercedes,250,250,2023,2500,150,Sedan,RWD,5,european,executive,0.0745
BMW,3 Series,3 Series,2024,2000,184,Sedan,RWD,5,european,executive,0.0557
Kia,Picanto,Picanto,2013,1000,67,Hatchback,FWD,5,korean,city,0.0577
Jeep,Cherokee,Cherokee,2020,2400,184,SUV,4WD,5,american,suv,0.0176
Mini,Countryman S,Countryman,2016,2000,178,Crossover,AWD,5,european,crossover,0.0091
Mercedes,GLA,GLA,2018,1400,163,Crossover,FWD,5,european,luxury_suv,0.0745
Renault,Megane,Megane,2019,1500,115,Hatchback,FWD,5,european,family,0.0417
Volkswagen,Golf,Golf,2024,1400,150,Hatchback,FWD,5,european,family,0.0389
BAIC,U5 Plus,U5 Plus,2026,1500,109,Sedan,FWD,5,chinese,family,0.0047
Mercedes,V250,V250,2020,2100,190,MPV,RWD,8,european,mpv,0.0745
Citroën,C4 Grand Picasso,C4 Grand Picasso,2019,1600,120,MPV,FWD,7,european,mpv,0.0151
Volkswagen,Golf 7,Golf,2016,1400,150,Hatchback,FWD,5,european,family,0.0389
Honda,CRV,CRV,2021,1500,190,SUV,AWD,5,japanese,suv,0.0151
Renault,Fluence,Fluence,2015,1600,100,Sedan,FWD,5,european,family,0.0417
BMW,X7,X7,2024,3000,340,SUV,AWD,7,european,luxury_suv,0.0557
Mercedes,200,200,2013,2000,136,Sedan,RWD,5,european,executive,0.0745
Mercedes,C180,C-Class,2003,1600,156,Sedan,RWD,5,european,executive,0.0745
Ford,Focus,Focus,2017,1500,150,Hatchback,FWD,5,american,family,0.0136
Subaru,Impreza,Impreza,2016,2000,154,Sedan,AWD,5,japanese,family,0.0053
Renault,Megane,Megane,2016,1500,115,Hatchback,FWD,5,european,family,0.0417
Opel,Vectra,Vectra,1998,1800,122,Sedan,FWD,5,european,executive,0.0274
Daewoo,Lacetti,Lacetti,2004,1600,109,Sedan,FWD,5,korean,family,0.0308
BMW,523,5 Series,2007,2500,177,Sedan,RWD,5,european,executive,0.0557
Daihatsu,Grand Terios,Terios,2001,1500,105,SUV,4WD,7,japanese,suv,0.0085
Chevrolet,Avalanche,Avalanche,1978,5300,320,Pickup,4WD,6,american,truck,0.0414
Kia,Xceed,Xceed,2024,1500,160,Crossover,FWD,5,korean,crossover,0.0577
Mercedes,GLS,GLS,2023,1600,156,SUV,AWD,5,european,luxury_suv,0.0745
Toyota,Fortuner,Fortuner,2014,2700,166,SUV,4WD,7,japanese,suv,0.0303
Mercedes,E300,E-Class,2011,2000,258,Sedan,RWD,5,european,executive,0.0745
Mercedes,GLA200,GLA,2020,1400,163,Crossover,FWD,5,european,luxury_suv,0.0745
Honda,Civic,Civic,2020,1500,182,Sedan,FWD,5,japanese,family,0.0151
BMW,X6 M,X6,2018,4400,617,SUV,AWD,5,european,luxury_suv,0.0557
Mercedes,E200,E-Class,2005,2000,184,Sedan,RWD,5,european,executive,0.0745
Seat,Leon,Leon,2021,1500,150,Hatchback,FWD,5,european,family,0.0196
Seat,Tarraco,Tarraco,2024,1500,150,SUV,FWD,7,european,suv,0.0196
Honda,Civic,Civic,2007,1500,182,Sedan,FWD,5,japanese,family,0.0151
Haval,Jolion Pro,Jolion Pro,2022,1500,169,SUV,FWD,5,chinese,suv,0.0025
Renault,Sandero Stepway,Sandero,2020,1600,115,Hatchback,FWD,5,european,crossover,0.0417
Changan,Benni,Benni,2016,1500,136,Hatchback,FWD,4,european,city,0.0091
Mercedes,500,500,2017,4700,435,Sedan,RWD,5,european,luxury,0.0745
Volkswagen,Passat,Passat,2013,1800,150,Sedan,FWD,5,european,executive,0.0389
Opel,Mokka,Mokka,2024,1200,100,Crossover,FWD,5,european,crossover,0.0274
Changan,Benni,Benni,2015,1500,136,Hatchback,FWD,4,european,city,0.0091
Audi,A3,A3,2016,1500,150,Sedan,FWD,5,european,executive,0.0141
Subaru,Impreza,Impreza,2021,2000,154,Sedan,AWD,5,japanese,family,0.0053
BMW,218i,2 Series,2015,1500,136,Coupe,FWD,4,european,executive,0.0557
Kia,Soul,Soul,2015,1600,130,Crossover,FWD,5,korean,crossover,0.0577
Peugeot,5008,5008,2022,1200,130,SUV,FWD,7,european,suv,0.0339
Volkswagen,ID6,ID6,2022,0,204,SUV,AWD,7,european,suv,0.0389
Jeep,Cherokee,Cherokee,2011,2400,184,SUV,4WD,5,american,suv,0.0176
BMW,320i,3 Series,2025,2000,184,Sedan,RWD,5,european,executive,0.0557
BMW,740,7 Series,2026,3000,340,Sedan,RWD,5,european,luxury,0.0557
Mitsubishi,Pajero,Pajero,2015,3000,178,SUV,4WD,7,japanese,suv,0.0281
Daihatsu,Grand Terios,Terios,1997,1500,105,SUV,4WD,7,japanese,suv,0.0085
Kia,Sorento,Sorento,2022,2400,173,SUV,AWD,7,korean,suv,0.0577
Jeep,Cherokee,Cherokee,2009,2400,184,SUV,4WD,5,american,suv,0.0176
Changan,Benni Mini,Benni Mini,2015,1000,68,Hatchback,FWD,4,chinese,city,0.0077
Mercedes,GLA200,GLA,2016,1400,163,Crossover,FWD,5,european,luxury_suv,0.0745
Cupra,Formentor,Formentor,2025,1500,150,Crossover,FWD,5,european,crossover,0.002
Brilliance,V6,V6,2021,2000,163,SUV,FWD,7,chinese,suv,0.0068
Geely,Emgrand X7,Emgrand X7,2016,2400,137,SUV,FWD,7,chinese,suv,0.0155
Chery,Tiggo,Tiggo,2025,1400,130,Sedan,FWD,5,european,family,0.0389
Nissan,Qashqai,Qashqai,2025,1500,163,SUV,FWD,5,japanese,suv,0.0316
Renault,Sandero,Sandero,2018,1600,84,Hatchback,FWD,5,european,city,0.0417
BMW,X1,X1,2023,1500,136,Crossover,FWD,5,european,luxury_suv,0.0557
Skoda,Superb,Superb,2026,1800,180,Sedan,FWD,5,european,executive,0.0311
Mercedes,C200,C-Class,2009,1500,184,Sedan,RWD,5,european,executive,0.0745
Audi,A3,A3,2026,1500,150,Sedan,FWD,5,european,executive,0.0141
Volkswagen,Transporter,Transporter,2012,1400,130,Van,FWD,8,european,van,0.0389
Renault,Fluence,Fluence,2012,1600,100,Sedan,FWD,5,european,family,0.0417
Mazda,3,3,2014,1500,120,Sedan,FWD,5,japanese,family,0.0063
DS,DS4,DS4,2024,1200,130,Hatchback,FWD,5,european,executive,0.0015
Chevrolet,Optra,Optra,2025,1600,109,Sedan,FWD,5,american,family,0.0414
SsangYong,Tivoli,Tivoli,2021,1500,163,SUV,FWD,5,korean,suv,0.0028
Hyundai,Elantra,Elantra,2013,1600,128,Sedan,FWD,5,korean,family,0.0768
Mercedes,C200,C-Class,1998,1500,184,Sedan,RWD,5,european,executive,0.0745
Skoda,Octavia,Octavia,2007,1500,150,Sedan,FWD,5,european,family,0.0311
Porsche,Cayenne S,Cayenne,2021,4000,440,SUV,AWD,5,european,luxury_suv,0.0082
Audi,Q3,Q3,2000,1500,150,SUV,FWD,5,european,luxury_suv,0.0141
BYD,F3,F3,2012,1500,109,Sedan,FWD,5,chinese,family,0.0141
Renault,Logan,Logan,2021,1600,84,Sedan,FWD,5,european,family,0.0417
Zotye,T600,T600,2019,2000,197,SUV,FWD,5,chinese,suv,0.0012
BMW,X4,X4,2017,2000,184,SUV,AWD,5,european,luxury_suv,0.0557
Subaru,Impreza,Impreza,2020,2000,154,Sedan,AWD,5,japanese,family,0.0053
Hyundai,I10,I10,2011,1000,67,Hatchback,FWD,5,korean,city,0.0768
Kia,Sportage,Sportage,2012,1600,177,SUV,FWD,5,korean,suv,0.0577
Renault,Sandero Stepway,Sandero,2017,1600,115,Hatchback,FWD,5,european,crossover,0.0417
Mitsubishi,Attrage,Attrage,2025,1200,78,Sedan,FWD,5,japanese,city,0.0281
Ford,Focus,Focus,2021,1500,150,Hatchback,FWD,5,american,family,0.0136
SsangYong,Tivoli XLV,Tivoli,2018,1500,163,SUV,FWD,5,korean,suv,0.0028
SsangYong,Tivoli,Tivoli,2019,1500,163,SUV,FWD,5,korean,suv,0.0028
Jeep,Grand Cherokee,Grand Cherokee,2000,3600,293,SUV,4WD,5,american,luxury_suv,0.0176
Skoda,Octavia,Octavia,2002,1500,150,Sedan,FWD,5,european,family,0.0311
Volkswagen,Golf,Golf,1999,1400,150,Hatchback,FWD,5,european,family,0.0389
Hyundai,Atos,Atos,2002,1000,57,Hatchback,FWD,5,korean,city,0.0768
BMW,X3,X3,2018,2000,184,SUV,AWD,5,european,luxury_suv,0.0557
Peugeot,3008,3008,2023,1200,130,SUV,FWD,5,european,suv,0.0339
Kia,Carnival MPV,Carnival,2018,2200,202,MPV,FWD,8,korean,mpv,0.0577
Mercedes,EQE350,EQ,2023,0,288,Sedan,RWD,5,european,executive,0.0745
Toyota,Fortuner,Fortuner,2013,2700,166,SUV,4WD,7,japanese,suv,0.0303
Kia,Rio,Rio,2005,1400,100,Sedan,FWD,5,korean,city,0.0577
Jeep,Cherokee,Cherokee,1996,2400,184,SUV,4WD,5,american,suv,0.0176
Skoda,Octavia Combi,Octavia,2021,1500,150,Sedan,FWD,5,european,family,0.0311
Nissan,Bluebird,Bluebird,2016,1600,103,Sedan,FWD,5,japanese,family,0.0316
Mercedes,E180,E-Class,2018,1600,156,Sedan,RWD,5,european,executive,0.0745
Chevrolet,Camaro,Camaro,2021,2000,275,Coupe,RWD,4,american,sport,0.0414
Renault,Symbol,Symbol,2016,1600,90,Sedan,FWD,5,european,city,0.0417
Fiat,500,500,2026,1200,69,Hatchback,FWD,4,european,city,0.0447
Mercedes,E200,E-Class,2000,2000,184,Sedan,RWD,5,european,executive,0.0745
Mercedes,GLC,GLC,2024,1500,197,SUV,4WD,5,european,luxury_suv,0.0745
Volkswagen,Passat,Passat,2007,1800,150,Sedan,FWD,5,european,executive,0.0389
Chevrolet,Equinox,Equinox,2018,1500,170,SUV,FWD,5,american,suv,0.0414
Nissan,Sentra,Sentra,2025,1600,122,Sedan,FWD,5,japanese,family,0.0316
MG,6,6,2022,1500,169,Sedan,FWD,5,chinese,executive,0.017
Proton,Gen-2,Gen-2,2009,1600,110,Hatchback,FWD,5,other,family,0.0096
Land Rover,Range Rover,Range Rover,2019,3000,400,SUV,4WD,5,european,luxury_suv,0.0108
Opel,Insignia,Insignia,2014,1500,165,Sedan,FWD,5,european,executive,0.0274
FAW,X40,X40,2018,1600,120,SUV,FWD,5,chinese,suv,0.0005
Mercedes,250,250,2011,2500,150,Sedan,RWD,5,european,executive,0.0745
BMW,X5,X5,2016,3000,340,SUV,AWD,7,european,luxury_suv,0.0557
BMW,316,3 Series,2008,1600,116,Sedan,RWD,5,european,executive,0.0557
Mercedes,EQS450,EQ,2024,0,355,Sedan,AWD,5,european,luxury,0.0745
BMW,116,1 Series,2013,1500,109,Hatchback,RWD,5,european,executive,0.0557
Peugeot,301,301,2022,1200,82,Sedan,FWD,5,european,family,0.0339
Hyundai,Verna,Verna,2005,1600,123,Sedan,FWD,5,korean,city,0.0768
Renault,Austral,Austral,2025,1300,158,SUV,FWD,5,european,suv,0.0417
Porsche,Macan,Macan,2025,2000,265,Crossover,AWD,5,european,luxury_suv,0.0082
MG,6,6,2025,1500,169,Sedan,FWD,5,chinese,executive,0.017
Kia,Carnival MPV,Carnival,2025,2200,202,MPV,FWD,8,korean,mpv,0.0577
BAIC,EU5 Plus,EU5 Plus,2017,0,163,Sedan,FWD,5,chinese,family,0.0047
Jeep,Wrangler,Wrangler,2018,2000,268,SUV,4WD,5,american,suv,0.0176
Chevrolet,Avalanche,Avalanche,2015,5300,320,Pickup,4WD,6,american,truck,0.0414
Peugeot,308 SW,308 SW,2012,1400,95,Sedan,FWD,5,european,family,0.0339
BMW,X3 M,X3,2021,3000,480,SUV,AWD,5,european,luxury_suv,0.0557
Jeep,Cherokee,Cherokee,1997,2400,184,SUV,4WD,5,american,suv,0.0176
Toyota,Fortuner,Fortuner,2016,2700,166,SUV,4WD,7,japanese,suv,0.0303
Kia,Cerato,Cerato,2019,1600,123,Sedan,FWD,5,korean,family,0.0577
Mercedes,E200,E-Class,1982,2000,184,Sedan,RWD,5,european,executive,0.0745
Proton,Saga,Saga,2013,1300,95,Sedan,FWD,5,other,city,0.0096
Ford,Bronco Raptor,Bronco Raptor,2024,3000,418,SUV,4WD,5,american,suv,0.0136
Skoda,Kodiaq,Kodiaq,2026,2000,190,SUV,AWD,7,european,suv,0.0311
BMW,X3,X3,2009,2000,184,SUV,AWD,5,european,luxury_suv,0.0557
Mini,Paceman,Paceman,2014,1500,136,Hatchback,FWD,4,european,city,0.0091
Skoda,Octavia Combi,Octavia,2012,1500,150,Sedan,FWD,5,european,family,0.0311
Jeep,Cherokee,Cherokee,2015,2400,184,SUV,4WD,5,american,suv,0.0176
Volkswagen,Beetle,Beetle,2001,1400,150,Coupe,FWD,4,european,sport,0.0389
MG,ZS,ZS,2024,1500,106,SUV,FWD,5,chinese,suv,0.017
BMW,3 Series,3 Series,2017,2000,184,Sedan,RWD,5,european,executive,0.0557
Skoda,Octavia A4,Octavia,1998,1500,150,Sedan,FWD,5,european,family,0.0311
Hyundai,Elantra,Elantra,2008,1600,128,Sedan,FWD,5,korean,family,0.0768
Geely,Emgrand,Emgrand,2026,1500,107,Sedan,FWD,5,chinese,family,0.0155
Toyota,Yaris,Yaris,2007,1500,107,Hatchback,FWD,5,japanese,city,0.0303
Peugeot,406,406,2001,1400,95,Sedan,FWD,5,european,family,0.0339
Porsche,Cayenne,Cayenne,2014,3000,340,SUV,AWD,5,european,luxury_suv,0.0082
BMW,730,730,2019,3000,258,Sedan,RWD,5,european,luxury,0.0557
Mercedes,A200,A-Class,2016,1400,163,Hatchback,FWD,5,european,executive,0.0745
Mazda,323,323,1998,1600,98,Sedan,FWD,5,japanese,family,0.0063
Volkswagen,Passat,Passat,2018,1800,150,Sedan,FWD,5,european,executive,0.0389
Mercedes,GLC43,GLC,2018,1600,156,Sedan,RWD,5,european,executive,0.0745
JAC,JS3,JS3,2022,1500,113,Crossover,FWD,5,chinese,crossover,0.0047
Toyota,Yaris,Yaris,2006,1500,107,Hatchback,FWD,5,japanese,city,0.0303
Mercedes,A35,A-Class,2020,1600,156,Sedan,RWD,5,european,executive,0.0745
Daewoo,Leganza,Leganza,2001,2000,133,Sedan,FWD,5,korean,executive,0.0308
MG,350,350,2012,1500,106,Sedan,FWD,5,chinese,family,0.017
Mercedes,200,200,1987,2000,136,Sedan,RWD,5,european,executive,0.0745
Chevrolet,Captiva,Captiva,2023,1500,150,SUV,FWD,7,american,suv,0.0414
Chevrolet,Optra,Optra,2011,1600,109,Sedan,FWD,5,american,family,0.0414
Speranza,Tiggo,Tiggo,2012,1300,70,Hatchback,FWD,5,chinese,city,0.0146
Nissan,Bluebird,Bluebird,2008,1600,103,Sedan,FWD,5,japanese,family,0.0316
BMW,420,4 Series,2023,2000,184,Coupe,RWD,4,european,sport,0.0557
Mercedes,GLA,GLA,2021,1400,163,Crossover,FWD,5,european,luxury_suv,0.0745
Peugeot,406,406,2003,1400,95,Sedan,FWD,5,european,family,0.0339
DS,DS7,DS7,2022,1600,225,SUV,AWD,5,european,luxury_suv,0.0015
Seat,Ateca,Ateca,2018,1500,150,SUV,FWD,5,european,suv,0.0196
Nissan,Sunny,Sunny,2020,1600,110,Sedan,FWD,5,japanese,family,0.0316
Volkswagen,Golf,Golf,2012,1400,150,Hatchback,FWD,5,european,family,0.0389
Daewoo,Lanos,Lanos,1998,1500,86,Sedan,FWD,5,korean,city,0.0308
BMW,218i,2 Series,2020,1500,136,Coupe,FWD,4,european,executive,0.0557
BMW,520i,5 Series,2012,2000,184,Sedan,RWD,5,european,executive,0.0557
Renault,Sandero,Sandero,2023,1600,84,Hatchback,FWD,5,european,city,0.0417
Mercedes,GLS580,GLS,2023,1600,156,Sedan,RWD,5,european,executive,0.0745
Daihatsu,Grand Terios,Terios,1999,1500,105,SUV,4WD,7,japanese,suv,0.0085
Chery,Tiggo,Tiggo,2017,1600,106,SUV,FWD,5,chinese,suv,0.0253
Jeep,Cherokee,Cherokee,2013,2400,184,SUV,4WD,5,american,suv,0.0176
Land Rover,Range Rover,Range Rover,2018,3000,400,SUV,4WD,5,european,luxury_suv,0.0108
Mercedes,500,500,2007,4700,435,Sedan,RWD,5,european,luxury,0.0745
Hyundai,Matrix,Matrix,2009,1600,120,MPV,FWD,5,korean,mpv,0.0768
BMW,X7,X7,2021,3000,340,SUV,AWD,7,european,luxury_suv,0.0557
Volkswagen,Jetta,Jetta,2007,1400,150,Sedan,FWD,5,european,family,0.0389
Audi,Q3,Q3,2023,1500,150,SUV,FWD,5,european,luxury_suv,0.0141
Nissan,Juke,Juke,2012,1000,117,Crossover,FWD,5,japanese,crossover,0.0316
BMW,X7,X7,2020,3000,340,SUV,AWD,7,european,luxury_suv,0.0557
Nissan,Bluebird,Bluebird,2010,1600,103,Sedan,FWD,5,japanese,family,0.0316
Nissan,Qashqai,Qashqai,2021,1500,163,SUV,FWD,5,japanese,suv,0.0316
Mitsubishi,Xpander,Xpander,2019,1500,105,MPV,FWD,7,japanese,mpv,0.0281
Hyundai,Elantra,Elantra,2019,1600,128,Sedan,FWD,5,korean,family,0.0768
Opel,Astra,Astra,2023,1400,150,Hatchback,FWD,5,european,family,0.0274
Peugeot,3008,3008,2011,1200,130,SUV,FWD,5,european,suv,0.0339
Daewoo,Leganza,Leganza,2004,2000,133,Sedan,FWD,5,korean,executive,0.0308
Porsche,Macan,Macan,2017,2000,265,Crossover,AWD,5,european,luxury_suv,0.0082
Chevrolet,Cruze,Cruze,2012,1600,124,Sedan,FWD,5,american,family,0.0414
Volkswagen,Golf,Golf,1988,1400,150,Hatchback,FWD,5,european,family,0.0389
Alfa Romeo,Giulietta,Giulietta,2019,1400,150,Hatchback,FWD,5,european,executive,0.0018
Renault,Duster,Duster,2026,1600,114,Crossover,FWD,5,european,crossover,0.0417
BMW,320i,3 Series,2021,2000,184,Sedan,RWD,5,european,executive,0.0557
Mercedes,EQE500,EQ,2024,0,402,Sedan,AWD,5,european,executive,0.0745
Opel,Crossland,Crossland,2022,1200,110,Crossover,FWD,5,european,crossover,0.0274
Opel,Grandland,Grandland,2024,1200,130,SUV,FWD,5,european,suv,0.0274
Honda,Accord,Accord,2007,1500,192,Sedan,FWD,5,japanese,executive,0.0151
Mercedes,GLS580,GLS,2024,1600,156,Sedan,RWD,5,european,executive,0.0745
Volkswagen,Passat,Passat,2006,1800,150,Sedan,FWD,5,european,executive,0.0389
Mitsubishi,Pajero,Pajero,1992,3000,178,SUV,4WD,7,japanese,suv,0.0281
Renault,Duster,Duster,2022,1600,114,Crossover,FWD,5,european,crossover,0.0417
Renault,Captur,Captur,2017,1000,90,Crossover,FWD,5,european,crossover,0.0417
Kia,Carnival MPV,Carnival,2012,2200,202,MPV,FWD,8,korean,mpv,0.0577
BAIC,X7,X7,2025,2000,204,SUV,AWD,7,chinese,suv,0.0047
Audi,Q3,Q3,2016,1500,150,SUV,FWD,5,european,luxury_suv,0.0141
Kia,Grand Cerato,Cerato,2022,1600,120,Sedan,FWD,5,korean,family,0.0577
Peugeot,406,406,2006,1400,95,Sedan,FWD,5,european,family,0.0339
Hyundai,Tucson,Tucson,2009,1600,177,SUV,FWD,5,korean,suv,0.0768
BMW,X1,X1,2013,1500,136,Crossover,FWD,5,european,luxury_suv,0.0557
Opel,Astra,Astra,2010,1400,150,Hatchback,FWD,5,european,family,0.0274
BMW,M850,M850,2020,4400,530,Coupe,AWD,4,european,sport,0.0557
Jeep,Grand Cherokee 4xe,Grand Cherokee,2006,2000,375,SUV,4WD,5,american,luxury_suv,0.0176
Suzuki,Swift,Swift,2009,1200,83,Hatchback,FWD,5,japanese,city,0.0264
BMW,420,4 Series,2015,2000,184,Coupe,RWD,4,european,sport,0.0557
Mitsubishi,Colt,Colt,2007,1300,95,Hatchback,FWD,5,japanese,city,0.0281
Audi,A3,A3,2017,1500,150,Sedan,FWD,5,european,executive,0.0141
Toyota,Corolla Cross,Corolla Cross,2003,1600,120,Sedan,FWD,5,japanese,family,0.0303
Chevrolet,Cruze,Cruze,2012,1600,120,Sedan,FWD,5,japanese,family,0.0303
Mercedes,S450,S-Class,2022,0,329,Sedan,AWD,5,european,luxury,0.0745
Mercedes,E200,E-Class,1997,2000,184,Sedan,RWD,5,european,executive,0.0745
Mercedes,E200,E-Class,2003,2000,184,Sedan,RWD,5,european,executive,0.0745
Mercedes,CLS350,CLS,2012,1600,156,Sedan,RWD,5,european,executive,0.0745
Mercedes,E180,E-Class,2017,1600,156,Sedan,RWD,5,european,executive,0.0745
BMW,218i,2 Series,2024,1500,136,Coupe,FWD,4,european,executive,0.0557
Dodge,Ram,Ram,2008,3600,305,Pickup,4WD,5,american,truck,0.0017
Mercedes,180,180,2018,1800,122,Sedan,RWD,5,european,executive,0.0745
Chevrolet,Optra,Optra,2013,1600,109,Sedan,FWD,5,american,family,0.0414
Mercedes,200,200,2023,2000,136,Sedan,RWD,5,european,executive,0.0745
BMW,340,3 Series,2026,3000,326,Sedan,RWD,5,european,executive,0.0557
Mercedes,CLA180,CLA,2024,1400,136,Coupe,FWD,5,european,sport,0.0745
Mercedes,E200,E-Class,2014,2000,184,Sedan,RWD,5,european,executive,0.0745
Ford,Bronco Raptor,Bronco Raptor,2000,3000,418,SUV,4WD,5,american,suv,0.0136
Mercedes,C30,C30,2025,2000,258,Sedan,RWD,5,european,executive,0.0745
Mini,Paceman,Paceman,2015,1500,136,Hatchback,FWD,4,european,city,0.0091
Land Rover,Range Rover Sport,Range Rover,2024,3000,395,SUV,4WD,5,european,luxury_suv,0.0108
Hyundai,Santa Fe,Santa Fe,2023,2000,186,SUV,AWD,7,korean,suv,0.0768
Daewoo,Lacetti,Lacetti,2009,1600,109,Sedan,FWD,5,korean,family,0.0308
Kia,K3,K3,2023,1600,120,Sedan,FWD,5,korean,family,0.0577
Tesla,Model Y,Model Y,2024,0,283,SUV,RWD,5,american,suv,0.0037
Land Rover,Range Rover Evoque,Range Rover,2023,1500,249,Crossover,AWD,5,european,luxury_suv,0.0108
BMW,M4,M4,2024,3000,510,Coupe,RWD,4,european,sport,0.0557
Kia,Sorento,Sorento,2019,2400,173,SUV,AWD,7,korean,suv,0.0577
Dodge,Challenger,Challenger,2011,3600,305,Coupe,RWD,4,american,sport,0.0017
Hyundai,Creta,Creta,2020,1500,115,SUV,FWD,5,korean,crossover,0.0768
Speranza,Tiggo,Tiggo,2022,1300,70,Hatchback,FWD,5,chinese,city,0.0146
Suzuki,Swift,Swift,2016,1200,83,Hatchback,FWD,5,japanese,city,0.0264
Zotye,Xplosion,Xplosion,2019,1800,150,SUV,FWD,5,chinese,suv,0.0012
Mercedes,S500,S-Class,2007,4700,435,Sedan,RWD,5,european,luxury,0.0745
Peugeot,508,508,2014,1600,165,Sedan,FWD,5,european,executive,0.0339
Renault,Sandero,Sandero,2022,1600,84,Hatchback,FWD,5,european,city,0.0417
Peugeot,508,508,2021,1600,165,Sedan,FWD,5,european,executive,0.0339
Skoda,Octavia A7,Octavia,2015,1500,150,Sedan,FWD,5,european,family,0.0311
BYD,Song L,Song L,2025,0,200,Sedan,FWD,5,chinese,family,0.0141
BMW,3 Series,3 Series,2015,2000,184,Sedan,RWD,5,european,executive,0.0557
BMW,340,3 Series,2018,3000,326,Sedan,RWD,5,european,executive,0.0557
Kia,Picanto,Picanto,2021,1000,67,Hatchback,FWD,5,korean,city,0.0577
Ford,Bronco Raptor,Bronco Raptor,2008,3000,418,SUV,4WD,5,american,suv,0.0136
Mercedes,E200,E-Class,2007,2000,184,Sedan,RWD,5,european,executive,0.0745
Peugeot,308 SW,308 SW,2015,1400,95,Sedan,FWD,5,european,family,0.0339
Ford,Focus,Focus,2018,1500,150,Hatchback,FWD,5,american,family,0.0136
Volkswagen,Golf,Golf,2003,1400,150,Hatchback,FWD,5,european,family,0.0389
Daewoo,Juliet,Juliet,1997,1600,100,Sedan,FWD,5,korean,family,0.0308
Hyundai,Accent RB,Accent,2017,1600,123,Sedan,FWD,5,korean,city,0.0768
Mitsubishi,Lancer,Lancer,2018,1600,113,Sedan,FWD,5,japanese,family,0.0281
Hyundai,Accent,Accent,2016,1600,123,Sedan,FWD,5,korean,city,0.0768
Jeep,Cherokee,Cherokee,1999,2400,184,SUV,4WD,5,american,suv,0.0176
Mitsubishi,Lancer,Lancer,2013,1600,113,Sedan,FWD,5,japanese,family,0.0281
Citroën,Grand C4 Spacetourer,Grand C4 Spacetourer,2019,1200,130,MPV,FWD,7,european,mpv,0.0151
Peugeot,301,301,2014,1200,82,Sedan,FWD,5,european,family,0.0339
Volkswagen,Passat,Passat,2014,1800,150,Sedan,FWD,5,european,executive,0.0389
Volkswagen,Golf,Golf,2020,1400,150,Hatchback,FWD,5,european,family,0.0389
Xiaomi,SU7,SU7,2025,0,299,Sedan,RWD,5,chinese,executive,0.0003
BMW,520i,5 Series,2005,2000,184,Sedan,RWD,5,european,executive,0.0557
Geely,Pandino,Pandino,2011,1500,110,Sedan,FWD,5,chinese,family,0.0155
Hyundai,I10,I10,2017,1000,67,Hatchback,FWD,5,korean,city,0.0768
Alfa Romeo,Giulia,Giulia,2020,2000,200,Sedan,RWD,5,european,executive,0.0018
Jeep,Cherokee,Cherokee,1998,2400,184,SUV,4WD,5,american,suv,0.0176
Toyota,Corolla,Corolla,1982,1600,122,Sedan,FWD,5,japanese,family,0.0303
Skoda,Octavia A5,Octavia,2006,1500,150,Sedan,FWD,5,european,family,0.0311
Daihatsu,Terios,Terios,2010,1500,105,SUV,4WD,5,japanese,suv,0.0085
Audi,Q2,Q2,2018,1000,115,Crossover,FWD,5,european,luxury_suv,0.0141
Peugeot,408,408,2024,1600,165,Sedan,FWD,5,european,family,0.0339
Land Rover,Defender,Defender,2020,2000,300,SUV,4WD,5,european,luxury_suv,0.0108
Avatr,11,11,2024,0,425,SUV,AWD,5,chinese,luxury_suv,0.0018
MG,350,350,2013,1500,106,Sedan,FWD,5,chinese,family,0.017
Jeep,Liberty,Liberty,2003,2400,150,SUV,4WD,5,american,suv,0.0176
Skoda,Octavia Combi,Octavia,2007,1500,150,Sedan,FWD,5,european,family,0.0311
Toyota,Prado,Prado,2016,2700,163,SUV,4WD,7,japanese,luxury_suv,0.0303
Citroën,C4X,C4X,2024,1200,130,Sedan,FWD,5,european,family,0.0151
Hyundai,Accent,Accent,2021,1600,123,Sedan,FWD,5,korean,city,0.0768
Opel,Astra,Astra,2003,1400,150,Hatchback,FWD,5,european,family,0.0274
Honda,Civic,Civic,2018,1500,182,Sedan,FWD,5,japanese,family,0.0151
Skoda,Octavia,Octavia,2019,1500,150,Sedan,FWD,5,european,family,0.0311
Mercedes,E200,E-Class,2016,2000,184,Sedan,RWD,5,european,executive,0.0745
Jetour,X70,X70,2024,1500,156,SUV,FWD,7,chinese,suv,0.0067
Ford,Bronco Raptor,Bronco Raptor,1996,3000,418,SUV,4WD,5,american,suv,0.0136
Suzuki,Ciaz,Ciaz,2021,1500,105,Sedan,FWD,5,japanese,family,0.0264
Kia,Carnival,Carnival,2020,2200,202,MPV,FWD,8,korean,mpv,0.0577
Kia,Carnival,Carnival,2019,2200,202,MPV,FWD,8,korean,mpv,0.0577
Mitsubishi,Lancer,Lancer,2005,1600,113,Sedan,FWD,5,japanese,family,0.0281
Hyundai,Accent,Accent,2024,1600,123,Sedan,FWD,5,korean,city,0.0768
Toyota,Corolla,Corolla,1993,1600,122,Sedan,FWD,5,japanese,family,0.0303
Mercedes,GLE450,GLE,2025,1600,156,Sedan,RWD,5,european,executive,0.0745
Peugeot,5008,5008,2021,1200,130,SUV,FWD,7,european,suv,0.0339
Mercedes,CLS,CLS,2019,1600,156,Coupe,RWD,5,european,sport,0.0745
DS,DS7,DS7,2023,1600,225,SUV,AWD,5,european,luxury_suv,0.0015
Mercedes,CLE300,CLE,2024,1600,156,Sedan,RWD,5,european,executive,0.0745
Renault,Fluence,Fluence,2016,1600,100,Sedan,FWD,5,european,family,0.0417
Subaru,Impreza,Impreza,2019,2000,154,Sedan,AWD,5,japanese,family,0.0053
Mitsubishi,Eclipse,Eclipse,2024,2000,147,Coupe,FWD,4,japanese,sport,0.0281
Renault,Megane,Megane,2017,1500,115,Hatchback,FWD,5,european,family,0.0417
Alfa Romeo,Giulietta,Giulietta,2016,1400,150,Hatchback,FWD,5,european,executive,0.0018
Chevrolet,Optra,Optra,2005,1600,109,Sedan,FWD,5,american,family,0.0414
Hyundai,Sonata,Sonata,2007,2000,154,Sedan,FWD,5,korean,executive,0.0768
Seat,Toledo,Toledo,2017,1600,105,Sedan,FWD,5,european,family,0.0196
Suzuki,Ertiga,Ertiga,2016,1500,105,MPV,FWD,7,japanese,mpv,0.0264
Seat,Ibiza,Ibiza,2025,1000,95,Hatchback,FWD,5,european,city,0.0196
Nissan,Sunny,Sunny,2012,1600,110,Sedan,FWD,5,japanese,family,0.0316
Mitsubishi,Pajero,Pajero,2017,3000,178,SUV,4WD,7,japanese,suv,0.0281
BMW,118,1 Series,2012,1500,136,Hatchback,RWD,5,european,executive,0.0557
Daihatsu,Terios,Terios,2011,1500,105,SUV,4WD,5,japanese,suv,0.0085
Mercedes,E240,E-Class,2003,1600,156,Sedan,RWD,5,european,executive,0.0745
BMW,116,1 Series,2015,1500,109,Hatchback,RWD,5,european,executive,0.0557
Volkswagen,Jetta,Jetta,2006,1400,150,Sedan,FWD,5,european,family,0.0389
Bentley,Continental GT,Continental GT,2021,6000,635,Coupe,AWD,4,european,luxury,0.0005
Renault,Megane,Megane,2013,1500,115,Hatchback,FWD,5,european,family,0.0417
Land Rover,Range Rover Vogue,Range Rover,2012,3000,400,SUV,4WD,5,european,luxury_suv,0.0108
BMW,520i,5 Series,2018,2000,184,Sedan,RWD,5,european,executive,0.0557
BMW,X5,X5,2017,3000,340,SUV,AWD,7,european,luxury_suv,0.0557
Kia,Ceed,Ceed,2016,1600,128,Hatchback,FWD,5,korean,family,0.0577
Jeep,Grand Cherokee 4xe,Grand Cherokee,2021,2000,375,SUV,4WD,5,american,luxury_suv,0.0176
Peugeot,3008,3008,2018,1200,130,SUV,FWD,5,european,suv,0.0339
Land Rover,Range Rover Velar,Range Rover,2023,2000,247,SUV,AWD,5,european,luxury_suv,0.0108
Proton,Saga,Saga,2012,1300,95,Sedan,FWD,5,other,city,0.0096
BMW,I3,I3,2025,0,170,Hatchback,RWD,4,european,city,0.0557
BMW,523,5 Series,2008,2500,177,Sedan,RWD,5,european,executive,0.0557
Brilliance,FRV Cross,FRV Cross,2013,1800,136,Crossover,FWD,5,chinese,crossover,0.0068
BMW,I7,I7,2025,0,544,Sedan,AWD,5,european,luxury,0.0557
BMW,I7,I7,2023,0,544,Sedan,AWD,5,european,luxury,0.0557
Renault,Sandero Stepway,Sandero,2022,1600,115,Hatchback,FWD,5,european,crossover,0.0417
BMW,X6 M,X6,2025,4400,617,SUV,AWD,5,european,luxury_suv,0.0557
Mercedes,E250,E-Class,2014,1800,204,Sedan,RWD,5,european,executive,0.0745
Chevrolet,Optra,Optra,2020,1600,109,Sedan,FWD,5,american,family,0.0414
Citroën,Grand C4 Spacetourer,Grand C4 Spacetourer,2016,1598,165,MPV,FWD,7,european,mpv,0.0151
Toyota,Corolla,Corolla,2013,1600,122,Sedan,FWD,5,japanese,family,0.0303
Citroën,C5,C5,2013,1600,120,Sedan,FWD,5,european,executive,0.0151
MG,Cyberster,Cyberster,2023,0,536,Convertible,AWD,2,chinese,sport,0.017
MG,5,5,2020,1500,169,Sedan,FWD,5,chinese,family,0.017
Cupra,Formentor,Formentor,2022,1500,150,Crossover,FWD,5,european,crossover,0.002
Mitsubishi,Lancer EX Shark,Lancer,2022,1600,113,Sedan,FWD,5,japanese,family,0.0281
Citroën,C5 Aircross,C5 Aircross,2020,1200,130,SUV,FWD,5,european,suv,0.0151
Senova,A1,A1,2015,1000,67,Hatchback,FWD,5,chinese,city,0.0013
Seat,Ibiza,Ibiza,2015,1000,95,Hatchback,FWD,5,european,city,0.0196
Daihatsu,Grand Terios,Terios,2004,1500,105,SUV,4WD,7,japanese,suv,0.0085
BMW,320i,3 Series,2011,2000,184,Sedan,RWD,5,european,executive,0.0557
Chery,Tiggo 8,Tiggo 8,2025,1500,197,SUV,FWD,7,chinese,suv,0.0253
Kia,Carnival MPV,Carnival,2019,2200,202,MPV,FWD,8,korean,mpv,0.0577
Mazda,323,323,2019,1600,98,Sedan,FWD,5,japanese,family,0.0063
BMW,X5,X5,2018,3000,340,SUV,AWD,7,european,luxury_suv,0.0557
Ford,Fusion,Fusion,2017,1600,125,Sedan,FWD,5,american,family,0.0136
Mercedes,C250,C-Class,2012,1800,204,Sedan,RWD,5,european,executive,0.0745
Land Rover,Range Rover,Range Rover,2016,3000,400,SUV,4WD,5,european,luxury_suv,0.0108
Hyundai,Verna,Verna,2018,1600,123,Sedan,FWD,5,korean,city,0.0768
Mercedes,E250,E-Class,2012,1800,204,Sedan,RWD,5,european,executive,0.0745
Volkswagen,Tiguan,Tiguan,2023,1400,150,SUV,FWD,5,european,suv,0.0389
Audi,Q7,Q7,2022,3000,340,SUV,AWD,7,european,luxury_suv,0.0141
Volkswagen,Golf,Golf,2004,1400,150,Hatchback,FWD,5,european,family,0.0389
Jetour,X70 Plus,X70 Plus,2026,1500,181,SUV,FWD,7,chinese,suv,0.0067
Peugeot,408,408,2022,1600,165,Sedan,FWD,5,european,family,0.0339
Jeep,Renegade,Renegade,2023,1400,150,Crossover,FWD,5,american,crossover,0.0176
Audi,Q2,Q2,2022,1000,115,Crossover,FWD,5,european,luxury_suv,0.0141
Hyundai,Santa Fe,Santa Fe,2024,2000,186,SUV,AWD,7,korean,suv,0.0768
Kia,Picanto,Picanto,2024,1000,67,Hatchback,FWD,5,korean,city,0.0577
Mercedes,EQS580,EQ,2022,0,516,Sedan,AWD,5,european,luxury,0.0745
BMW,418,4 Series,2017,2000,184,Coupe,RWD,4,european,sport,0.0557
Daihatsu,Grand Terios,Terios,2014,1500,105,SUV,4WD,7,japanese,suv,0.0085
MG,X5,X5,2025,1500,169,SUV,FWD,5,chinese,suv,0.017
SsangYong,Tivoli,Tivoli,2020,1500,163,SUV,FWD,5,korean,suv,0.0028
Chery,Tiggo 3,Tiggo 3,2024,1500,113,SUV,FWD,5,chinese,suv,0.0253
Porsche,Macan,Macan,2018,2000,265,Crossover,AWD,5,european,luxury_suv,0.0082
Jetour,X90,X90,2023,2000,230,SUV,AWD,7,chinese,suv,0.0067
Suzuki,Baleno,Baleno,1997,1200,90,Hatchback,FWD,5,japanese,city,0.0264
BMW,X7,X7,2023,3000,340,SUV,AWD,7,european,luxury_suv,0.0557
BAIC,X3,X3,2022,1500,109,Crossover,FWD,5,chinese,crossover,0.0047
Honda,Accord,Accord,1994,1500,192,Sedan,FWD,5,japanese,executive,0.0151
BMW,418,4 Series,2016,2000,184,Coupe,RWD,4,european,sport,0.0557
BMW,X6 M,X6,2023,4400,617,SUV,AWD,5,european,luxury_suv,0.0557
Honda,Civic,Civic,1999,1500,182,Sedan,FWD,5,japanese,family,0.0151
Hyundai,Elantra AD,Elantra,2026,1600,128,Sedan,FWD,5,korean,family,0.0768
Skoda,Superb,Superb,2000,1800,180,Sedan,FWD,5,european,executive,0.0311
Renault,Symbol,Symbol,2011,1600,90,Sedan,FWD,5,european,city,0.0417
Hyundai,Accent,Accent,2014,1600,123,Sedan,FWD,5,korean,city,0.0768
BMW,X6,X6,2019,3000,340,SUV,AWD,5,european,luxury_suv,0.0557
Mercedes,250,250,2021,2500,150,Sedan,RWD,5,european,executive,0.0745
Mitsubishi,Lancer,Lancer,1997,1600,113,Sedan,FWD,5,japanese,family,0.0281
Citroën,C3 Aircross,C3 Aircross,2024,1200,110,Crossover,FWD,5,european,crossover,0.0151
BMW,318i,3 Series,2005,2000,136,Sedan,RWD,5,european,executive,0.0557
Mercedes,GLE450,GLE,2021,1600,156,Sedan,RWD,5,european,executive,0.0745
Chevrolet,Optra,Optra,2015,1600,109,Sedan,FWD,5,american,family,0.0414
Volkswagen,Passat,Passat,2019,1800,150,Sedan,FWD,5,european,executive,0.0389
Renault,Sandero,Sandero,2020,1600,84,Hatchback,FWD,5,european,city,0.0417
Citroën,C5 Aircross,C5 Aircross,2021,1200,130,SUV,FWD,5,european,suv,0.0151
Nissan,Juke,Juke,2016,1000,117,Crossover,FWD,5,japanese,crossover,0.0316
Toyota,Fortuner,Fortuner,2020,2700,166,SUV,4WD,7,japanese,suv,0.0303
Citroën,C Elysee,C Elysee,2015,1200,82,Sedan,FWD,5,european,family,0.0151
Citroën,C Elysee,C Elysee,2021,1200,82,Sedan,FWD,5,european,family,0.0151
BMW,740,7 Series,2009,3000,340,Sedan,RWD,5,european,luxury,0.0557
Mercedes,CLA180,CLA,2021,1400,136,Coupe,FWD,5,european,sport,0.0745
Skoda,Superb,Superb,2014,1800,180,Sedan,FWD,5,european,executive,0.0311
Volkswagen,Golf,Golf,2013,1400,150,Hatchback,FWD,5,european,family,0.0389
Skoda,Octavia,Octavia,2013,1500,150,Sedan,FWD,5,european,family,0.0311
Mitsubishi,Lancer,Lancer,2000,1600,113,Sedan,FWD,5,japanese,family,0.0281
Kia,K3,K3,2018,1600,120,Sedan,FWD,5,korean,family,0.0577
XPeng,G9,G9,2025,0,550,SUV,AWD,6,chinese,suv,0.0005
Chery,Tiggo 7,Tiggo 7,2024,1500,156,SUV,FWD,5,chinese,suv,0.0253
Kia,Sephia,Sephia,1999,1600,120,Sedan,FWD,5,korean,family,0.0577
Opel,Insignia,Insignia,2019,1500,165,Sedan,FWD,5,european,executive,0.0274
Geely,Coolray,Coolray,2022,1500,177,Crossover,FWD,5,chinese,crossover,0.0155
Geely,Emgrand X7,Emgrand X7,2025,2400,137,SUV,FWD,7,chinese,suv,0.0155
Jeep,Grand Cherokee,Grand Cherokee,2025,3600,293,SUV,4WD,5,american,luxury_suv,0.0176
Nissan,Bluebird,Bluebird,2026,1600,103,Sedan,FWD,5,japanese,family,0.0316
BMW,X5 M,X5,2024,4400,617,SUV,AWD,7,european,luxury_suv,0.0557
Opel,Corsa,Corsa,2012,1200,75,Hatchback,FWD,5,european,city,0.0274
Skoda,Kodiaq,Kodiaq,2000,2000,190,SUV,AWD,7,european,suv,0.0311
Audi,Q3,Q3,2020,1500,150,SUV,FWD,5,european,luxury_suv,0.0141
Mini,Countryman S,Countryman,2019,2000,178,Crossover,AWD,5,european,crossover,0.0091
Hyundai,Getz,Getz,2010,1400,97,Hatchback,FWD,5,korean,city,0.0768
Nissan,Qashqai,Qashqai,2022,1500,163,SUV,FWD,5,japanese,suv,0.0316
Peugeot,208,208,2016,1200,100,Hatchback,FWD,5,european,city,0.0339
BMW,X1,X1,2012,1500,136,Crossover,FWD,5,european,luxury_suv,0.0557
Honda,Civic,Civic,2013,1500,182,Sedan,FWD,5,japanese,family,0.0151
Jeep,Wrangler,Wrangler,2010,2000,268,SUV,4WD,5,american,suv,0.0176
Citroën,C5,C5,2024,1600,120,Sedan,FWD,5,european,executive,0.0151
Ford,Focus,Focus,2009,1500,150,Hatchback,FWD,5,american,family,0.0136
Toyota,Fortuner,Fortuner,2017,2700,166,SUV,4WD,7,japanese,suv,0.0303
Toyota,Corolla,Corolla,2012,1600,122,Sedan,FWD,5,japanese,family,0.0303
Mercedes,GLE,GLE,2018,1600,156,SUV,AWD,5,european,luxury_suv,0.0745
BMW,525,5 Series,2008,2500,218,Sedan,RWD,5,european,executive,0.0557
Porsche,Cayenne S,Cayenne,2023,4000,440,SUV,AWD,5,european,luxury_suv,0.0082
Honda,Accord,Accord,2009,1500,192,Sedan,FWD,5,japanese,executive,0.0151
Kia,Carnival,Carnival,2025,2200,202,MPV,FWD,8,korean,mpv,0.0577
Honda,Fit,Fit,2023,1300,83,Hatchback,FWD,5,japanese,city,0.0264
Toyota,Yaris,Yaris,2015,1500,107,Hatchback,FWD,5,japanese,city,0.0303
Volkswagen,Jetta,Jetta,2009,1400,150,Sedan,FWD,5,european,family,0.0389
Toyota,Fortuner,Fortuner,2021,2700,166,SUV,4WD,7,japanese,suv,0.0303
BMW,520i,5 Series,2019,2000,184,Sedan,RWD,5,european,executive,0.0557
Mercedes,AMG,AMG,2019,4000,510,Sedan,AWD,5,european,sport,0.0745
Mini,Cooper,Cooper,2011,1500,136,Hatchback,FWD,4,european,city,0.0091
Toyota,Echo,Echo,2021,1300,86,Sedan,FWD,5,american,city,0.0136
Honda,Civic,Civic,2021,1500,182,Sedan,FWD,5,japanese,family,0.0151
Chevrolet,Cruze,Cruze,2018,1600,120,Sedan,FWD,5,japanese,family,0.0303
Skoda,Karoq,Karoq,2021,1500,150,SUV,FWD,5,european,suv,0.0311
Mercedes,CLA180,CLA,2023,1400,136,Coupe,FWD,5,european,sport,0.0745
BMW,520i,5 Series,2021,2000,184,Sedan,RWD,5,european,executive,0.0557
Mercedes,C180,C-Class,1997,1600,156,Sedan,RWD,5,european,executive,0.0745
Toyota,Corolla Cross,Corolla Cross,2023,1600,120,Crossover,FWD,5,japanese,crossover,0.0303
Nissan,Sunny,Sunny,1993,1600,110,Sedan,FWD,5,japanese,family,0.0316
Chrysler,Town & Country,Town & Country,1999,3600,283,MPV,FWD,7,american,mpv,0.0017
Mercedes,GLC,GLC,2023,1500,197,SUV,4WD,5,european,luxury_suv,0.0745
Renault,Duster,Duster,2017,1600,114,Crossover,FWD,5,european,crossover,0.0417
Kia,K4,K4,2018,1600,120,Sedan,FWD,5,korean,family,0.0577
Volkswagen,Tiguan,Tiguan,2022,1400,150,SUV,FWD,5,european,suv,0.0389
Volkswagen,Golf,Golf,2017,1400,150,Hatchback,FWD,5,european,family,0.0389
MG,ZS,ZS,2023,1500,106,SUV,FWD,5,chinese,suv,0.017
Seat,Tarraco,Tarraco,2015,1500,150,SUV,FWD,7,european,suv,0.0196
Dodge,Challenger,Challenger,2013,3600,305,Coupe,RWD,4,american,sport,0.0017
Mercedes,350,350,2006,3500,272,Sedan,RWD,5,european,executive,0.0745
Lada,Granta,Granta,2021,1600,87,Sedan,FWD,5,other,city,0.0133
Alfa Romeo,Giulietta,Giulietta,2015,1400,150,Hatchback,FWD,5,european,executive,0.0018
Chevrolet,Cruze,Cruze,2024,1600,120,Sedan,FWD,5,japanese,family,0.0303
BMW,X1,X1,2024,1500,136,Crossover,FWD,5,european,luxury_suv,0.0557
Daihatsu,Terios,Terios,1999,1500,105,SUV,4WD,5,japanese,suv,0.0085
Seat,Toledo,Toledo,2016,1600,105,Sedan,FWD,5,european,family,0.0196
Mercedes,200,200,1990,2000,136,Sedan,RWD,5,european,executive,0.0745
Mitsubishi,Pajero,Pajero,2020,3000,178,SUV,4WD,7,japanese,suv,0.0281
MG,RX5,RX5,2019,1500,169,SUV,FWD,5,chinese,suv,0.017
Porsche,Cayman,Cayman,2025,2500,300,Coupe,RWD,2,european,sport,0.0082
Suzuki,Alto,Alto,2021,1000,67,Hatchback,FWD,5,japanese,city,0.0264
Seat,Ateca,Ateca,2023,1500,150,SUV,FWD,5,european,suv,0.0196
Changan,CS55,CS55,2024,1500,156,SUV,FWD,5,chinese,suv,0.0077
Peugeot,3008,3008,2025,1200,130,SUV,FWD,5,european,suv,0.0339
MG,X5,X5,2023,1500,169,SUV,FWD,5,chinese,suv,0.017
Toyota,Corolla,Corolla,2017,1600,122,Sedan,FWD,5,japanese,family,0.0303
Seat,Tarraco,Tarraco,2023,1500,150,SUV,FWD,7,european,suv,0.0196
Hyundai,Tucson,Tucson,2003,1600,177,SUV,FWD,5,korean,suv,0.0768
Alfa Romeo,Tonale,Tonale,2024,1500,160,Crossover,FWD,5,european,crossover,0.0018
Mercedes,500,500,1994,4700,435,Sedan,RWD,5,european,luxury,0.0745
Mercedes,C180,C-Class,2021,1600,156,Sedan,RWD,5,european,executive,0.0745
Tesla,Model 3,Model 3,2020,0,283,Sedan,RWD,5,american,executive,0.0037
Porsche,Cayenne,Cayenne,2023,3000,340,SUV,AWD,5,european,luxury_suv,0.0082
Kaiyi,X3 Pro,X3 Pro,2026,1500,147,Crossover,FWD,5,chinese,crossover,0.0008
Toyota,Corolla,Corolla,2016,1600,122,Sedan,FWD,5,japanese,family,0.0303
Volvo,S60,S60,2012,2000,197,Sedan,FWD,5,european,luxury,0.0038
Peugeot,3008,3008,2015,1200,130,SUV,FWD,5,european,suv,0.0339
Mitsubishi,Pajero,Pajero,2016,3000,178,SUV,4WD,7,japanese,suv,0.0281
Land Rover,Discovery,Discovery,2016,2000,249,SUV,4WD,7,european,luxury_suv,0.0108
Chery,Tiggo 3,Tiggo 3,2022,1500,113,SUV,FWD,5,chinese,suv,0.0253
Proton,Persona,Persona,2013,1600,110,Sedan,FWD,5,other,family,0.0096
Mercedes,C30,C30,1989,2000,258,Sedan,RWD,5,european,executive,0.0745
Audi,A4,A4,2021,2000,190,Sedan,AWD,5,european,executive,0.0141
Land Rover,Range Rover Vogue,Range Rover,2019,3000,400,SUV,4WD,5,european,luxury_suv,0.0108
BMW,740,7 Series,2007,3000,340,Sedan,RWD,5,european,luxury,0.0557
Renault,Fluence,Fluence,2011,1600,100,Sedan,FWD,5,european,family,0.0417
Audi,Q2,Q2,2021,1000,115,Crossover,FWD,5,european,luxury_suv,0.0141
Speranza,A620,A620,2012,2000,145,Sedan,FWD,5,chinese,family,0.0146
Jaguar,F-Pace,F-Pace,2024,2000,250,SUV,AWD,5,european,luxury_suv,0.0023
Porsche,Macan,Macan,2022,2000,265,Crossover,AWD,5,european,luxury_suv,0.0082
Mercedes,A200,A-Class,2021,1400,163,Hatchback,FWD,5,european,executive,0.0745
Fiat,Tipo,Tipo,2018,1600,110,Sedan,FWD,5,european,family,0.0447
Mercedes,CLE200,CLE,2025,1600,156,Sedan,RWD,5,european,executive,0.0745
Hyundai,Grand i10,Grand i10,2016,1200,84,Hatchback,FWD,5,korean,city,0.0768
Nissan,Qashqai,Qashqai,2014,1500,163,SUV,FWD,5,japanese,suv,0.0316
Mercedes,C30,C30,2023,2000,258,Sedan,RWD,5,european,executive,0.0745
Mercedes,EQS450,EQ,2023,0,355,Sedan,AWD,5,european,luxury,0.0745
BMW,316,3 Series,2012,1600,116,Sedan,RWD,5,european,executive,0.0557
Jeep,Wrangler,Wrangler,1999,2000,268,SUV,4WD,5,american,suv,0.0176
Toyota,Corolla Cross,Corolla Cross,2020,1600,120,Crossover,FWD,5,japanese,crossover,0.0303
BMW,X5,X5,2008,3000,340,SUV,AWD,7,european,luxury_suv,0.0557
Cupra,Formentor,Formentor,2023,1500,150,Crossover,FWD,5,european,crossover,0.002
BMW,218i,2 Series,2026,1500,136,Coupe,FWD,4,european,executive,0.0557
Mercedes,G63,G63,2019,4000,577,SUV,4WD,5,european,luxury_suv,0.0745
Citroën,C3,C3,2022,1200,83,Hatchback,FWD,5,european,city,0.0151
Jeep,Grand Cherokee 4xe,Grand Cherokee,2004,2000,375,SUV,4WD,5,american,luxury_suv,0.0176
Toyota,Prado,Prado,2019,2700,163,SUV,4WD,7,japanese,luxury_suv,0.0303
Mercedes,GLE,GLE,2024,1600,156,SUV,AWD,5,european,luxury_suv,0.0745
Porsche,Cayman,Cayman,2023,2500,300,Coupe,RWD,2,european,sport,0.0082
Mazda,323,323,2017,1600,98,Sedan,FWD,5,japanese,family,0.0063
Opel,Corsa,Corsa,2010,1200,75,Hatchback,FWD,5,european,city,0.0274
Jeep,Grand Cherokee 4xe,Grand Cherokee,2016,2000,375,SUV,4WD,5,american,luxury_suv,0.0176
Hyundai,Accent,Accent,2013,1600,123,Sedan,FWD,5,korean,city,0.0768
Mercedes,GLA,GLA,2023,1400,163,Crossover,FWD,5,european,luxury_suv,0.0745
Toyota,Land Cruiser,Land Cruiser,2021,4000,271,SUV,4WD,8,japanese,luxury_suv,0.0303
Mercedes,E300,E-Class,2018,2000,258,Sedan,RWD,5,european,executive,0.0745
Chevrolet,Cruze,Cruze,2014,1600,124,Sedan,FWD,5,american,family,0.0414
Land Rover,Range Rover Vogue,Range Rover,2020,3000,400,SUV,4WD,5,european,luxury_suv,0.0108
Chery,QQ,QQ,2008,800,52,Hatchback,FWD,5,chinese,city,0.0253
Mitsubishi,Pajero,Pajero,2014,3000,178,SUV,4WD,7,japanese,suv,0.0281
Porsche,Cayenne,Cayenne,2011,3000,340,SUV,AWD,5,european,luxury_suv,0.0082
Nissan,Qashqai,Qashqai,2012,1500,163,SUV,FWD,5,japanese,suv,0.0316
Porsche,Cayenne,Cayenne,2025,3000,340,SUV,AWD,5,european,luxury_suv,0.0082
Land Rover,Range Rover Sport,Range Rover,2023,3000,395,SUV,4WD,5,european,luxury_suv,0.0108
Zeekr,001,001,2025,0,536,Sedan,AWD,5,chinese,executive,0.0035
Hyundai,Accent,Accent,2017,1600,123,Sedan,FWD,5,korean,city,0.0768
Citroën,C4,C4,2023,1200,130,Hatchback,FWD,5,european,family,0.0151
Kia,Sephia,Sephia,2003,1600,120,Sedan,FWD,5,korean,family,0.0577
Mitsubishi,Lancer,Lancer,2006,1600,113,Sedan,FWD,5,japanese,family,0.0281
Hyundai,Creta,Creta,2017,1500,115,SUV,FWD,5,korean,crossover,0.0768
Citroën,Grand C4 Spacetourer,Grand C4 Spacetourer,2020,1200,130,MPV,FWD,7,european,mpv,0.0151
Peugeot,5008,5008,2015,1200,130,SUV,FWD,7,european,suv,0.0339
Chery,Tiggo 7,Tiggo 7,2025,1500,156,SUV,FWD,5,chinese,suv,0.0253
Audi,A3,A3,2025,1500,150,Sedan,FWD,5,european,executive,0.0141
Mazda,3,3,2017,1500,120,Sedan,FWD,5,japanese,family,0.0063
XPeng,G9,G9,2024,0,550,SUV,AWD,6,chinese,suv,0.0005
Hyundai,Elantra,Elantra,2009,1600,128,Sedan,FWD,5,korean,family,0.0768
Toyota,Fortuner,Fortuner,2025,2700,166,SUV,4WD,7,japanese,suv,0.0303
SsangYong,Torres,Torres,2024,1500,170,SUV,FWD,5,korean,suv,0.0008
Mitsubishi,Xpander,Xpander,2023,1500,105,MPV,FWD,7,japanese,mpv,0.0281
Mitsubishi,Outlander,Outlander,2004,2400,167,SUV,AWD,7,japanese,suv,0.0281
Mercedes,GLE,GLE,2022,1600,156,SUV,AWD,5,european,luxury_suv,0.0745
Volkswagen,Transporter,Transporter,2021,1400,130,Van,FWD,8,european,van,0.0389
Volkswagen,Golf,Golf,2010,1400,150,Hatchback,FWD,5,european,family,0.0389
Mercedes,GLS580,GLS,2022,1600,156,Sedan,RWD,5,european,executive,0.0745
Mercedes,E200,E-Class,1986,2000,184,Sedan,RWD,5,european,executive,0.0745
BMW,530,5 Series,2007,2000,258,Sedan,RWD,5,european,executive,0.0557
BMW,330,3 Series,2011,2000,258,Sedan,RWD,5,european,executive,0.0557
Kia,Carens,Carens,2016,1600,130,MPV,FWD,7,korean,mpv,0.0577
Jeep,Wrangler,Wrangler,2017,2000,268,SUV,4WD,5,american,suv,0.0176
Deepal,S 07,S 07,2026,1500,318,SUV,AWD,5,chinese,suv,0.0008
Mitsubishi,Lancer,Lancer,2011,1600,113,Sedan,FWD,5,japanese,family,0.0281
Ford,Focus,Focus,2007,1500,150,Hatchback,FWD,5,american,family,0.0136
Mini,John Cooper,John Cooper,2023,2000,231,Hatchback,FWD,4,european,sport,0.0091
Kia,Carnival,Carnival,2004,2200,202,MPV,FWD,8,korean,mpv,0.0577
Mercedes,E200,E-Class,1993,2000,184,Sedan,RWD,5,european,executive,0.0745
Mitsubishi,Lancer,Lancer,2014,1600,113,Sedan,FWD,5,japanese,family,0.0281
Seat,Leon,Leon,2014,1500,150,Hatchback,FWD,5,european,family,0.0196
Mercedes,E230,E-Class,1992,1600,156,Sedan,RWD,5,european,executive,0.0745
Lada,Granta,Granta,2022,1600,87,Sedan,FWD,5,other,city,0.0133
Mitsubishi,Colt,Colt,1992,1300,95,Hatchback,FWD,5,japanese,city,0.0281
Skoda,Karoq,Karoq,2020,1500,150,SUV,FWD,5,european,suv,0.0311
Hyundai,Elantra AD,Elantra,2025,1600,128,Sedan,FWD,5,korean,family,0.0768
Kia,Soul,Soul,2011,1600,130,Crossover,FWD,5,korean,crossover,0.0577
Mercedes,E350,E-Class,2020,3500,302,Sedan,RWD,5,european,executive,0.0745
Lotus,Emira,Emira,2025,3500,400,Coupe,RWD,2,european,sport,0.0003
Skoda,Octavia,Octavia,2004,1500,150,Sedan,FWD,5,european,family,0.0311
Hyundai,Sonata,Sonata,2008,2000,154,Sedan,FWD,5,korean,executive,0.0768
Fiat,132,132,1983,1600,95,Sedan,RWD,5,european,family,0.0447
Audi,Q8,Q8,2020,3000,340,SUV,AWD,5,european,luxury_suv,0.0141
Mercedes,350,350,2007,3500,272,Sedan,RWD,5,european,executive,0.0745
Mitsubishi,Mirage,Mirage,2003,1600,113,Hatchback,FWD,5,japanese,city,0.0281
Chevrolet,Camaro,Camaro,2022,2000,275,Coupe,RWD,4,american,sport,0.0414
Chery,Arrizo 5 Pro,Arrizo 5,2018,1500,147,Sedan,FWD,5,chinese,family,0.0253
Ford,Kuga,Kuga,2017,1600,125,Sedan,FWD,5,american,family,0.0136
Mitsubishi,Eclipse,Eclipse,2018,2000,147,Coupe,FWD,4,japanese,sport,0.0281
Mercedes,GLC200,GLC,2019,1500,197,SUV,4WD,5,european,luxury_suv,0.0745
Mitsubishi,Attrage,Attrage,2023,1200,78,Sedan,FWD,5,japanese,city,0.0281
Hyundai,Creta,Creta,2019,1500,115,SUV,FWD,5,korean,crossover,0.0768
Jeep,Cherokee,Cherokee,2019,2400,184,SUV,4WD,5,american,suv,0.0176
Nissan,Sunny,Sunny,2006,1600,110,Sedan,FWD,5,japanese,family,0.0316
Jeep,Liberty,Liberty,2005,2400,150,SUV,4WD,5,american,suv,0.0176
Citroën,Grand C4 Spacetourer,Grand C4 Spacetourer,2014,1200,130,MPV,FWD,7,european,mpv,0.0151
Hyundai,Accent,Accent,2025,1600,123,Sedan,FWD,5,korean,city,0.0768
Brilliance,Galena,Galena,2011,1500,150,SUV,FWD,5,chinese,suv,0.0068
Mercedes,500,500,2024,4700,435,Sedan,RWD,5,european,luxury,0.0745
Cadillac,Escalade,Escalade,2025,6200,420,SUV,4WD,8,american,luxury_suv,0.0007
Mercedes,500,500,2021,4700,435,Sedan,RWD,5,european,luxury,0.0745
BMW,420,4 Series,2025,2000,184,Coupe,RWD,4,european,sport,0.0557
Alfa Romeo,Giulia,Giulia,2021,2000,200,Sedan,RWD,5,european,executive,0.0018
Suzuki,Baleno,Baleno,1998,1200,90,Hatchback,FWD,5,japanese,city,0.0264
Mercedes,A35,A-Class,2024,1600,156,Sedan,RWD,5,european,executive,0.0745
BMW,X2,X2,2025,1500,136,Crossover,FWD,5,european,luxury_suv,0.0557
Fiat,500X,500X,2021,1400,80,Crossover,FWD,5,european,crossover,0.0447
Land Rover,Range Rover Evoque,Range Rover,2022,1500,249,Crossover,AWD,5,european,luxury_suv,0.0108
Toyota,Corolla Cross,Corolla Cross,2009,1600,120,Sedan,FWD,5,japanese,family,0.0303
Chevrolet,Camaro,Camaro,2023,2000,275,Coupe,RWD,4,american,sport,0.0414
Mercedes,V250,V250,2018,2100,190,MPV,RWD,8,european,mpv,0.0745
Chery,Tiggo 3,Tiggo 3,2020,1500,113,SUV,FWD,5,chinese,suv,0.0253
Volkswagen,Passat,Passat,2010,1800,150,Sedan,FWD,5,european,executive,0.0389
Mercedes,E200,E-Class,2010,2000,184,Sedan,RWD,5,european,executive,0.0745
Dodge,Challenger,Challenger,2021,3600,305,Coupe,RWD,4,american,sport,0.0017
Toyota,Corolla Cross,Corolla Cross,2022,1600,120,Crossover,FWD,5,japanese,crossover,0.0303
MG,RX5,RX5,2021,1500,169,SUV,FWD,5,chinese,suv,0.017
Mercedes,GT43,GT43,2023,1600,156,Coupe,RWD,5,european,sport,0.0745
Mercedes,GLE,GLE,2017,1600,156,SUV,AWD,5,european,luxury_suv,0.0745
Proton,Persona,Persona,2020,1600,110,Sedan,FWD,5,other,family,0.0096
Audi,Q4 E-Tron,Q4 E-Tron,2022,0,204,SUV,FWD,5,european,luxury_suv,0.0141
Kia,Cerato,Cerato,2024,1600,123,Sedan,FWD,5,korean,family,0.0577
Hyundai,Elantra CN7,Elantra,2025,1600,128,Sedan,FWD,5,korean,family,0.0768
Mercedes,C200,C-Class,2007,1500,184,Sedan,RWD,5,european,executive,0.0745
BMW,740,7 Series,2008,3000,340,Sedan,RWD,5,european,luxury,0.0557
Hyundai,Accent,Accent,2019,1600,123,Sedan,FWD,5,korean,city,0.0768
Mini,Cooper,Cooper,2023,1500,136,Hatchback,FWD,4,european,city,0.0091
Citroën,C5,C5,2021,1600,120,Sedan,FWD,5,european,executive,0.0151
BMW,X4,X4,2021,2000,184,SUV,AWD,5,european,luxury_suv,0.0557
Nissan,Bluebird,Bluebird,2022,1600,103,Sedan,FWD,5,japanese,family,0.0316
Mercedes,S580,S580,2022,1600,156,Sedan,RWD,5,european,executive,0.0745
Mini,Cooper,Cooper,2018,1500,136,Hatchback,FWD,4,european,city,0.0091
Honda,Civic,Civic,2017,1500,182,Sedan,FWD,5,japanese,family,0.0151
Avatr,12,12,2023,0,578,Sedan,AWD,5,chinese,luxury,0.0018
BMW,520i,5 Series,2013,2000,184,Sedan,RWD,5,european,executive,0.0557
Citroën,C Elysee,C Elysee,2023,1200,82,Sedan,FWD,5,european,family,0.0151
Jaguar,F-Type,F-Type,2018,3000,380,Coupe,AWD,2,european,sport,0.0023
Jeep,Cherokee,Cherokee,2023,2400,184,SUV,4WD,5,american,suv,0.0176
BYD,Destroyer 05,Destroyer 05,2023,1500,425,Sedan,FWD,5,chinese,executive,0.0141
Jetour,X70 Plus,X70 Plus,2021,1500,181,SUV,FWD,7,chinese,suv,0.0067
Audi,A4,A4,2024,2000,190,Sedan,AWD,5,european,executive,0.0141
Mercedes,200,200,2020,2000,136,Sedan,RWD,5,european,executive,0.0745
Ford,Kuga,Kuga,2018,1600,125,Sedan,FWD,5,american,family,0.0136
Opel,Grandland,Grandland,2023,1200,130,SUV,FWD,5,european,suv,0.0274
Daewoo,Lacetti,Lacetti,2006,1600,109,Sedan,FWD,5,korean,family,0.0308
Renault,Kadjar,Kadjar,2020,1600,163,SUV,FWD,5,european,suv,0.0417
Hyundai,Tucson,Tucson,2011,1600,177,SUV,FWD,5,korean,suv,0.0768
Renault,Captur,Captur,2019,1000,90,Crossover,FWD,5,european,crossover,0.0417
Toyota,Corolla,Corolla,2014,1600,122,Sedan,FWD,5,japanese,family,0.0303
MG,ZS,ZS,2019,1500,106,SUV,FWD,5,chinese,suv,0.017
Honda,Civic,Civic,2010,1500,182,Sedan,FWD,5,japanese,family,0.0151
Mercedes,B200,B-Class,2023,1600,156,MPV,FWD,5,european,executive,0.0745
Honda,Accord,Accord,1997,1500,192,Sedan,FWD,5,japanese,executive,0.0151
BMW,M850,M850,2024,4400,530,Coupe,AWD,4,european,sport,0.0557
Porsche,Cayenne S,Cayenne,2018,4000,440,SUV,AWD,5,european,luxury_suv,0.0082
Mercedes,GLA,GLA,2026,1400,163,Crossover,FWD,5,european,luxury_suv,0.0745
Citroën,Grand C4 Spacetourer,Grand C4 Spacetourer,2024,1200,130,MPV,FWD,7,european,mpv,0.0151
Dodge,Challenger,Challenger,2023,3600,305,Coupe,RWD,4,american,sport,0.0017
Mercedes,C280,C280,2009,3000,231,Sedan,RWD,5,european,executive,0.0745
Daewoo,Leganza,Leganza,2005,2000,133,Sedan,FWD,5,korean,executive,0.0308
Toyota,Yaris,Yaris,2014,1500,107,Hatchback,FWD,5,japanese,city,0.0303
Jaguar,F-Type,F-Type,2019,3000,380,Coupe,AWD,2,european,sport,0.0023
Mercedes,B200,B-Class,2022,1600,156,MPV,FWD,5,european,executive,0.0745
Honda,Accord,Accord,2016,1500,192,Sedan,FWD,5,japanese,executive,0.0151
BYD,Song L,Song L,2024,0,200,Sedan,FWD,5,chinese,family,0.0141
Mercedes,GLE450,GLE,2024,1600,156,Sedan,RWD,5,european,executive,0.0745
Chevrolet,Avalanche,Avalanche,2020,5300,320,Pickup,4WD,6,american,truck,0.0414
Mini,Countryman S,Countryman,2026,2000,178,Crossover,AWD,5,european,crossover,0.0091
Chery,Tiggo,Tiggo,2020,1400,130,Sedan,FWD,5,european,family,0.0389
Peugeot,407,407,2005,1400,95,Sedan,FWD,5,european,family,0.0339
BMW,318i,3 Series,2015,2000,136,Sedan,RWD,5,european,executive,0.0557
BMW,730,730,2021,3000,258,Sedan,RWD,5,european,luxury,0.0557
MG,5,5,2024,1500,169,Sedan,FWD,5,chinese,family,0.017
Ford,Fusion,Fusion,2021,1600,125,Sedan,FWD,5,american,family,0.0136
Mercedes,C180,C-Class,2007,1600,156,Sedan,RWD,5,european,executive,0.0745
Mazda,323,323,2016,1600,98,Sedan,FWD,5,japanese,family,0.0063
Dodge,Challenger,Challenger,2008,3600,305,Coupe,RWD,4,american,sport,0.0017
Skoda,Fabia,Fabia,2009,1000,95,Hatchback,FWD,5,european,city,0.0311
Peugeot,508,508,2012,1600,165,Sedan,FWD,5,european,executive,0.0339
Opel,Astra,Astra,2012,1400,150,Hatchback,FWD,5,european,family,0.0274
Kia,Cerato,Cerato,2008,1600,123,Sedan,FWD,5,korean,family,0.0577
Mercedes,B150,B-Class,2007,1600,156,Sedan,RWD,5,european,executive,0.0745
Kia,Carens,Carens,2017,1600,130,MPV,FWD,7,korean,mpv,0.0577
Volkswagen,Jetta,Jetta,2012,1400,150,Sedan,FWD,5,european,family,0.0389
Audi,A5,A5,2022,2000,190,Coupe,AWD,4,european,executive,0.0141
Volkswagen,Passat,Passat,1997,1800,150,Sedan,FWD,5,european,executive,0.0389
BMW,316,3 Series,1997,1600,116,Sedan,RWD,5,european,executive,0.0557
Suzuki,Baleno,Baleno,1991,1200,90,Hatchback,FWD,5,japanese,city,0.0264
GMC,Yukon,Yukon,2023,5300,355,SUV,4WD,9,american,luxury_suv,0.002
Citroën,Grand C4 Spacetourer,Grand C4 Spacetourer,2023,1200,130,MPV,FWD,7,european,mpv,0.0151
Renault,Duster,Duster,2025,1600,114,Crossover,FWD,5,european,crossover,0.0417
Mini,Countryman,Countryman,2020,1500,136,Crossover,FWD,5,european,crossover,0.0091
Audi,Q2,Q2,2019,1000,115,Crossover,FWD,5,european,luxury_suv,0.0141
Changan,Benni Mini,Benni Mini,2022,1000,68,Hatchback,FWD,4,chinese,city,0.0077
Mitsubishi,Lancer EX Shark,Lancer,2016,1600,113,Sedan,FWD,5,japanese,family,0.0281
Skoda,Octavia,Octavia,2005,1500,150,Sedan,FWD,5,european,family,0.0311
Kia,Cerato Koup,Cerato,2015,1600,120,Sedan,FWD,5,korean,family,0.0577
Seat,Arona,Arona,2020,1000,95,Crossover,FWD,5,european,crossover,0.0196
Audi,A4,A4,2017,2000,190,Sedan,AWD,5,european,executive,0.0141
Mercedes,C200,C-Class,2011,1500,184,Sedan,RWD,5,european,executive,0.0745
Toyota,Fortuner,Fortuner,2024,2700,166,SUV,4WD,7,japanese,suv,0.0303
Toyota,Corolla,Corolla,2006,1600,122,Sedan,FWD,5,japanese,family,0.0303
MG,5,5,2026,1500,169,Sedan,FWD,5,chinese,family,0.017
BMW,116,1 Series,2006,1500,109,Hatchback,RWD,5,european,executive,0.0557
Mercedes,C30,C30,2019,2000,258,Sedan,RWD,5,european,executive,0.0745
Honda,Accord,Accord,2005,1500,192,Sedan,FWD,5,japanese,executive,0.0151
Volkswagen,Golf,Golf,2008,1400,150,Hatchback,FWD,5,european,family,0.0389
Volkswagen,Tiguan,Tiguan,2018,1400,150,SUV,FWD,5,european,suv,0.0389
BMW,318i,3 Series,1999,2000,136,Sedan,RWD,5,european,executive,0.0557
Porsche,911,911,2021,3000,385,Coupe,RWD,4,european,sport,0.0082
Skoda,Octavia,Octavia,2025,1395,150,Sedan,FWD,5,european,family,0.0311
Toyota,Corolla,Corolla,2004,1600,122,Sedan,FWD,5,japanese,family,0.0303
Mitsubishi,Xpander,Xpander,2025,1500,105,MPV,FWD,7,japanese,mpv,0.0281
Skoda,Octavia,Octavia,2008,1500,150,Sedan,FWD,5,european,family,0.0311
Seat,Leon,Leon,2015,1500,150,Hatchback,FWD,5,european,family,0.0196
Opel,Corsa,Corsa,2017,1200,75,Hatchback,FWD,5,european,city,0.0274
Fiat,Grand Punto,Grand Punto,2010,1400,77,Hatchback,FWD,5,european,city,0.0447
Mercedes,C30,C30,2021,2000,258,Sedan,RWD,5,european,executive,0.0745
Toyota,Corolla,Corolla,2011,1600,122,Sedan,FWD,5,japanese,family,0.0303
BAIC,EU5 Plus,EU5 Plus,2020,0,163,Sedan,FWD,5,chinese,family,0.0047
Jeep,Grand Cherokee 4xe,Grand Cherokee,2018,2000,375,SUV,4WD,5,american,luxury_suv,0.0176
Chevrolet,Cruze,Cruze,2013,1600,124,Sedan,FWD,5,american,family,0.0414
BMW,523,5 Series,2006,2500,177,Sedan,RWD,5,european,executive,0.0557
Citroën,C4,C4,2009,1200,130,Hatchback,FWD,5,european,family,0.0151
Citroën,C3 Aircross,C3 Aircross,2020,1200,110,Crossover,FWD,5,european,crossover,0.0151
Kia,Carnival,Carnival,2013,2200,202,MPV,FWD,8,korean,mpv,0.0577
Chery,Arrizo 5 Pro,Arrizo 5,2024,1500,147,Sedan,FWD,5,chinese,family,0.0253
Jeep,Grand Cherokee,Grand Cherokee,2024,3600,293,SUV,4WD,5,american,luxury_suv,0.0176
Mercedes,EQS450,EQ,2022,0,355,Sedan,AWD,5,european,luxury,0.0745
Skoda,Superb,Superb,2023,1800,180,Sedan,FWD,5,european,executive,0.0311
Alfa Romeo,Tonale,Tonale,2025,1500,160,Crossover,FWD,5,european,crossover,0.0018
Mercedes,CLA200,CLA,2013,1400,163,Coupe,FWD,5,european,sport,0.0745
BMW,X6 M,X6,2021,4400,617,SUV,AWD,5,european,luxury_suv,0.0557
Speranza,A620,A620,2006,2000,145,Sedan,FWD,5,chinese,family,0.0146
Porsche,Cayenne S,Cayenne,2022,4000,440,SUV,AWD,5,european,luxury_suv,0.0082
Nissan,Bluebird,Bluebird,2024,1600,103,Sedan,FWD,5,japanese,family,0.0316
Kia,Picanto,Picanto,2018,1000,67,Hatchback,FWD,5,korean,city,0.0577
Speranza,M11,M11,2006,1100,73,Hatchback,FWD,5,chinese,city,0.0146
Jetour,Dashing,Dashing,2026,1500,156,Sedan,FWD,5,chinese,family,0.0067
BMW,218i,2 Series,2017,1500,136,Coupe,FWD,4,european,executive,0.0557
Brilliance,V5,V5,2013,1500,150,SUV,FWD,5,chinese,suv,0.0068
Volvo,XC40,XC40,2025,1500,163,Crossover,FWD,5,european,luxury_suv,0.0038
Mercedes,C200,C-Class,2004,1500,184,Sedan,RWD,5,european,executive,0.0745
Mercedes,EQE350,EQ,2024,0,288,Sedan,RWD,5,european,executive,0.0745
Volvo,XC60,XC60,2022,2000,250,SUV,AWD,5,european,luxury_suv,0.0038
Jeep,Cherokee,Cherokee,2001,2400,184,SUV,4WD,5,american,suv,0.0176
Mitsubishi,Colt,Colt,1999,1300,95,Hatchback,FWD,5,japanese,city,0.0281
Toyota,Corolla Cross,Corolla Cross,2019,1600,120,Sedan,FWD,5,japanese,family,0.0303
Daewoo,Juliet,Juliet,1998,1600,100,Sedan,FWD,5,korean,family,0.0308
Nissan,Tiida,Tiida,2009,1600,110,Sedan,FWD,5,japanese,family,0.0316
Peugeot,3008,3008,2016,1200,130,SUV,FWD,5,european,suv,0.0339
BYD,Song Plus,Song Plus,2023,0,200,Sedan,FWD,5,chinese,family,0.0141
Jaguar,F-Pace,F-Pace,2025,2000,250,SUV,AWD,5,european,luxury_suv,0.0023
Kia,Sorento,Sorento,2006,2400,173,SUV,AWD,7,korean,suv,0.0577
MG,RX5,RX5,2025,1500,169,SUV,FWD,5,chinese,suv,0.017
Hyundai,Elantra,Elantra,2024,1600,128,Sedan,FWD,5,korean,family,0.0768
Nissan,Livina,Livina,2009,1600,110,MPV,FWD,7,japanese,mpv,0.0316
Honda,Accord,Accord,1992,1500,192,Sedan,FWD,5,japanese,executive,0.0151
Kia,Cerato,Cerato,2009,1600,123,Sedan,FWD,5,korean,family,0.0577
Mercedes,C30,C30,2022,2000,258,Sedan,RWD,5,european,executive,0.0745
Suzuki,Ciaz,Ciaz,2023,1500,105,Sedan,FWD,5,japanese,family,0.0264
Toyota,Corona,Corona,1998,1600,120,Sedan,FWD,5,japanese,family,0.0303
Mercedes,GT43,GT43,2021,1600,156,Coupe,RWD,5,european,sport,0.0745
Hyundai,Sonata,Sonata,2020,2000,154,Sedan,FWD,5,korean,executive,0.0768
Speranza,A620,A620,2009,2000,145,Sedan,FWD,5,chinese,family,0.0146
Subaru,XV,XV,2020,2000,156,Crossover,AWD,5,japanese,crossover,0.0053
Toyota,Prado,Prado,2024,2700,163,SUV,4WD,7,japanese,luxury_suv,0.0303
Toyota,Fortuner,Fortuner,2022,2700,166,SUV,4WD,7,japanese,suv,0.0303
Peugeot,308 SW,308 SW,2013,1400,95,Sedan,FWD,5,european,family,0.0339
Mercedes,E300,E-Class,2024,2000,258,Sedan,RWD,5,european,executive,0.0745
Land Rover,Discovery,Discovery,2017,2000,249,SUV,4WD,7,european,luxury_suv,0.0108
Mazda,3,3,2019,1500,120,Sedan,FWD,5,japanese,family,0.0063
Nissan,Sunny,Sunny,2013,1600,110,Sedan,FWD,5,japanese,family,0.0316
Bentley,Continental GT,Continental GT,2020,6000,635,Coupe,AWD,4,european,luxury,0.0005
Mercedes,S580,S580,2023,1600,156,Sedan,RWD,5,european,executive,0.0745
Mini,Cooper,Cooper,2008,1500,136,Hatchback,FWD,4,european,city,0.0091
BMW,X1,X1,2016,1500,136,Crossover,FWD,5,european,luxury_suv,0.0557
Opel,Corsa,Corsa,1996,1200,75,Hatchback,FWD,5,european,city,0.0274
Changan,Eado,Eado,2022,1500,156,Sedan,FWD,5,chinese,family,0.0077
BMW,X6,X6,2012,3000,340,SUV,AWD,5,european,luxury_suv,0.0557
Chevrolet,Avalanche,Avalanche,2008,5300,320,Pickup,4WD,6,american,truck,0.0414
Renault,Sandero,Sandero,2014,1600,84,Hatchback,FWD,5,european,city,0.0417
Seat,Toledo,Toledo,2019,1600,105,Sedan,FWD,5,european,family,0.0196
Citroën,C4X,C4X,2026,1200,130,Sedan,FWD,5,european,family,0.0151
Volkswagen,Jetta,Jetta,2011,1400,150,Sedan,FWD,5,european,family,0.0389
Renault,Clio,Clio,2004,1000,90,Hatchback,FWD,5,european,city,0.0417
Lada,2107,2107,1991,1600,75,Sedan,RWD,5,other,family,0.0133
Fiat,127,127,1989,900,47,Hatchback,FWD,4,european,city,0.0447
Fiat,127,127,1985,900,47,Hatchback,FWD,4,european,city,0.0447
Fiat,128,128,1986,1100,55,Hatchback,FWD,5,european,city,0.0447
Speranza,A11,A11,2005,1100,64,Hatchback,FWD,5,chinese,city,0.0146
Fiat,Punto,Punto,2012,1200,69,Hatchback,FWD,5,european,city,0.0447
Geely,Ck,Ck,2010,1300,83,Sedan,FWD,5,chinese,city,0.0155
Mahindra,Scorpio,Scorpio,2008,2200,140,SUV,4WD,7,other,suv,0.0007
Daewoo,Nubira,Nubira,2007,1600,100,Sedan,FWD,5,korean,family,0.0308
Lada,Samara,Samara,2009,1500,70,Hatchback,FWD,5,other,city,0.0133
Fiat,Shahin,Shahin,1993,1400,80,Hatchback,FWD,5,european,city,0.0447
BMW,316,3 Series,1991,1600,116,Sedan,RWD,5,european,executive,0.0557
Suzuki,Grand Vitara,Grand Vitara,2023,2400,163,SUV,4WD,5,japanese,suv,0.0264
Volkswagen,Pointer,Pointer,2007,1400,130,Sedan,FWD,5,european,family,0.0389
Suzuki,Van,Van,2015,1200,83,Hatchback,FWD,5,japanese,city,0.0264
Mazda,121,121,1997,1300,73,Hatchback,FWD,5,japanese,city,0.0063
Volkswagen,Transporter,Transporter,2004,1400,130,Van,FWD,8,european,van,0.0389
Chevrolet,N300,N300,2020,1600,110,Sedan,FWD,5,american,family,0.0414
Fiat,127,127,1979,900,47,Hatchback,FWD,4,european,city,0.0447
Fiat,Grand Punto,Grand Punto,1987,1400,77,Hatchback,FWD,5,european,city,0.0447
Toyota,Corolla,Corolla,1995,1600,122,Sedan,FWD,5,japanese,family,0.0303
Mazda,121,121,1996,1300,73,Hatchback,FWD,5,japanese,city,0.0063
Chevrolet,Spark,Spark,2011,1000,68,Hatchback,FWD,4,american,city,0.0414
Speranza,A516,A516,2012,1600,109,Sedan,FWD,5,chinese,family,0.0146
Skoda,Fabia,Fabia,2012,1000,95,Hatchback,FWD,5,european,city,0.0311
Fiat,Grand Punto,Grand Punto,2008,1400,77,Hatchback,FWD,5,european,city,0.0447
Fiat,Uno,Uno,1994,1400,80,Hatchback,FWD,5,european,city,0.0447
Lada,2107,2107,2013,1600,75,Sedan,RWD,5,other,family,0.0133
Ford,Escort,Escort,1999,1600,90,Sedan,FWD,5,american,family,0.0136
Skoda,Fabia,Fabia,2001,1000,95,Hatchback,FWD,5,european,city,0.0311
Fiat,Shahin,Shahin,2004,1400,80,Hatchback,FWD,5,european,city,0.0447
Mitsubishi,Lancer EX Shark,Lancer,1977,1600,113,Sedan,FWD,5,japanese,family,0.0281
Honda,Civic,Civic,1984,1500,182,Sedan,FWD,5,japanese,family,0.0151
Suzuki,Swift,Swift,1994,1200,83,Hatchback,FWD,5,japanese,city,0.0264
Suzuki,Van,Van,2016,1200,83,Hatchback,FWD,5,japanese,city,0.0264
Geely,Emgrand 7,Emgrand 7,2014,1800,132,Sedan,FWD,5,chinese,family,0.0155
Mazda,323,323,1993,1600,98,Sedan,FWD,5,japanese,family,0.0063
Seat,Ibiza,Ibiza,1994,1000,95,Hatchback,FWD,5,european,city,0.0196
Hyundai,Excel,Excel,1997,1600,120,Sedan,FWD,5,korean,family,0.0768
Chevrolet,Avalanche,Avalanche,2021,5300,320,Pickup,4WD,6,american,truck,0.0414
Volkswagen,Caddy,Caddy,2002,2000,122,Van,FWD,5,european,van,0.0389
Nissan,Sunny,Sunny,2002,1600,110,Sedan,FWD,5,japanese,family,0.0316
Citroën,Grand C4 Spacetourer,Grand C4 Spacetourer,2002,1200,130,MPV,FWD,7,european,mpv,0.0151
Toyota,Corolla Cross,Corolla Cross,1990,1600,120,Sedan,FWD,5,japanese,family,0.0303
Kia,Sephia,Sephia,2002,1600,120,Sedan,FWD,5,korean,family,0.0577
Speranza,M12,M12,2014,1300,70,Hatchback,FWD,5,chinese,city,0.0146
Peugeot,504,504,2007,1400,95,Sedan,FWD,5,european,family,0.0339
Suzuki,Swift,Swift,1998,1200,83,Hatchback,FWD,5,japanese,city,0.0264
Renault,19,19,1997,1600,90,Sedan,FWD,5,european,family,0.0417
Peugeot,206,206,2007,1400,75,Hatchback,FWD,5,european,city,0.0339
Fiat,Shahin,Shahin,2002,1400,80,Hatchback,FWD,5,european,city,0.0447
Renault,Sandero Stepway,Sandero,1998,1600,115,Hatchback,FWD,5,european,crossover,0.0417
Chevrolet,N300,N300,2021,1600,110,Sedan,FWD,5,american,family,0.0414
Volkswagen,Pointer,Pointer,2001,1400,130,Sedan,FWD,5,european,family,0.0389
Lada,2107,2107,2006,1600,75,Sedan,RWD,5,other,family,0.0133
Geely,Emgrand 7,Emgrand 7,2013,1800,132,Sedan,FWD,5,chinese,family,0.0155
Fiat,127,127,1980,900,47,Hatchback,FWD,4,european,city,0.0447
Suzuki,Grand Vitara,Grand Vitara,1994,2400,163,SUV,4WD,5,japanese,suv,0.0264
Toyota,Prado,Prado,2007,2700,163,SUV,4WD,7,japanese,luxury_suv,0.0303
Fiat,128,128,1978,1100,55,Hatchback,FWD,5,european,city,0.0447
Kia,Shuma,Shuma,2000,1600,120,Sedan,FWD,5,korean,family,0.0577
Toyota,Corolla,Corolla,1983,1600,122,Sedan,FWD,5,japanese,family,0.0303
BMW,320i,3 Series,1990,2000,184,Sedan,RWD,5,european,executive,0.0557
Chevrolet,Lanos,Lanos,2007,1500,86,Sedan,FWD,5,american,city,0.0414
Seat,Cordoba,Cordoba,2009,1600,100,Sedan,FWD,5,european,family,0.0196
Lada,2105,2105,1994,1300,64,Sedan,RWD,5,other,family,0.0133
Geely,Emgrand,Emgrand,2016,1500,107,Sedan,FWD,5,chinese,family,0.0155
Lada,2110,2110,2005,1600,79,Sedan,FWD,5,other,family,0.0133
Fiat,128,128,1992,1100,55,Hatchback,FWD,5,european,city,0.0447
Chevrolet,Avalanche,Avalanche,2018,5300,320,Pickup,4WD,6,american,truck,0.0414
Chevrolet,Avalanche,Avalanche,2012,5300,320,Pickup,4WD,6,american,truck,0.0414
Seat,Toledo,Toledo,1994,1600,105,Sedan,FWD,5,european,family,0.0196
Kia,Pride,Pride,2004,1600,120,Sedan,FWD,5,korean,family,0.0577
Volkswagen,Jetta,Jetta,1985,1400,80,Hatchback,FWD,5,european,city,0.0447
Fiat,128,128,2007,1100,55,Hatchback,FWD,5,european,city,0.0447
Mitsubishi,Colt,Colt,1993,1300,95,Hatchback,FWD,5,japanese,city,0.0281
Volkswagen,Polo,Polo,1990,1400,80,Hatchback,FWD,5,european,city,0.0447
Peugeot,504,504,1993,1400,95,Sedan,FWD,5,european,family,0.0339
Seat,Tarraco,Tarraco,1996,1500,150,SUV,FWD,7,european,suv,0.0196
Chery,A11,A11,2008,1100,64,Hatchback,FWD,5,chinese,city,0.0253
Fiat,Tipo,Tipo,2024,1600,110,Sedan,FWD,5,european,family,0.0447
Peugeot,405,405,2007,1600,90,Sedan,FWD,5,european,family,0.0339
Daewoo,Lanos,Lanos,2004,1500,86,Sedan,FWD,5,korean,city,0.0308
Fiat,Punto,Punto,1997,1200,69,Hatchback,FWD,5,european,city,0.0447
Chery,A15,A15,2008,1500,92,Sedan,FWD,5,chinese,family,0.0253
Fiat,Uno,Uno,1988,1400,80,Hatchback,FWD,5,european,city,0.0447
Peugeot,405,405,1992,1600,90,Sedan,FWD,5,european,family,0.0339
BMW,316,3 Series,1981,1600,116,Sedan,RWD,5,european,executive,0.0557
Chevrolet,Avalanche,Avalanche,2004,5300,320,Pickup,4WD,6,american,truck,0.0414
Renault,Sandero,Sandero,2011,1600,84,Hatchback,FWD,5,european,city,0.0417
Ford,Fiesta,Fiesta,1996,1000,100,Hatchback,FWD,5,american,city,0.0136
Hyundai,Verna,Verna,2020,1600,123,Sedan,FWD,5,korean,city,0.0768
Fiat,128,128,2002,1100,55,Hatchback,FWD,5,european,city,0.0447
Volkswagen,Polo,Polo,1988,1400,80,Hatchback,FWD,5,european,city,0.0447
Citroën,C3,C3,2003,1200,83,Hatchback,FWD,5,european,city,0.0151
Chevrolet,Avalanche,Avalanche,2011,5300,320,Pickup,4WD,6,american,truck,0.0414
Peugeot,206,206,2005,1400,75,Hatchback,FWD,5,european,city,0.0339
Lada,Samara,Samara,1995,1500,70,Hatchback,FWD,5,other,city,0.0133
Fiat,Grand Punto,Grand Punto,2019,1400,77,Hatchback,FWD,5,european,city,0.0447
Hyundai,Verna,Verna,2006,1600,123,Sedan,FWD,5,korean,city,0.0768
Seat,Ibiza,Ibiza,2006,1000,95,Hatchback,FWD,5,european,city,0.0196
Suzuki,Alto,Alto,2000,1000,67,Hatchback,FWD,5,japanese,city,0.0264
Daihatsu,Charade,Charade,1992,1000,56,Hatchback,FWD,5,japanese,city,0.0085
Fiat,131,131,1982,1300,65,Sedan,RWD,5,european,family,0.0447
Toyota,Echo,Echo,2000,1600,120,Sedan,FWD,5,japanese,family,0.0303
Opel,Corsa,Corsa,1998,1200,75,Hatchback,FWD,5,european,city,0.0274
Chevrolet,Pickup,Pickup,2007,1600,110,Sedan,FWD,5,american,family,0.0414
Geely,Pandino,Pandino,2015,1500,110,Sedan,FWD,5,chinese,family,0.0155
Fiat,1300,1300,2015,1300,65,Sedan,RWD,5,european,family,0.0447
Honda,Civic,Civic,1987,1500,182,Sedan,FWD,5,japanese,family,0.0151
Lada,2105,2105,1992,1300,64,Sedan,RWD,5,other,family,0.0133
Skoda,Octavia,Octavia,1997,1500,150,Sedan,FWD,5,european,family,0.0311
Fiat,Siena,Siena,2005,1400,80,Hatchback,FWD,5,european,city,0.0447
Skoda,Favorit,Favorit,1994,1300,58,Hatchback,FWD,5,european,city,0.0311
Lada,Samara,Samara,1994,1500,70,Hatchback,FWD,5,other,city,0.0133
Suzuki,Grand Vitara,Grand Vitara,2000,2400,163,SUV,4WD,5,japanese,suv,0.0264
BYD,F3,F3,2010,1500,109,Sedan,FWD,5,chinese,family,0.0141
Speranza,A11,A11,2007,1100,64,Hatchback,FWD,5,chinese,city,0.0146
Toyota,Corolla,Corolla,2000,1600,122,Sedan,FWD,5,japanese,family,0.0303
Hyundai,Tucson,Tucson,1992,1600,177,SUV,FWD,5,korean,suv,0.0768
Volkswagen,Polo,Polo,1998,1000,95,Hatchback,FWD,5,european,city,0.0389
Seat,Cordoba,Cordoba,1996,1600,100,Sedan,FWD,5,european,family,0.0196
Fiat,Grand Punto,Grand Punto,2006,1400,77,Hatchback,FWD,5,european,city,0.0447
Peugeot,406,406,1998,1400,95,Sedan,FWD,5,european,family,0.0339
Chevrolet,Cruze,Cruze,1994,1600,120,Sedan,FWD,5,japanese,family,0.0303
Toyota,Echo,Echo,2003,1600,120,Sedan,FWD,5,japanese,family,0.0303
Kia,Rio,Rio,2002,1400,100,Sedan,FWD,5,korean,city,0.0577
Mitsubishi,Lancer EX Shark,Lancer,2015,1600,113,Sedan,FWD,5,japanese,family,0.0281
Fiat,Grand Punto,Grand Punto,1989,1400,77,Hatchback,FWD,5,european,city,0.0447
Citroën,Grand C4 Spacetourer,Grand C4 Spacetourer,1995,1200,130,MPV,FWD,7,european,mpv,0.0151
Toyota,Corolla,Corolla,1990,1600,122,Sedan,FWD,5,japanese,family,0.0303
Kia,Rio,Rio,2004,1400,100,Sedan,FWD,5,korean,city,0.0577
Volkswagen,Passat,Passat,2003,1800,150,Sedan,FWD,5,european,executive,0.0389
Chevrolet,N300,N300,2024,1600,110,Sedan,FWD,5,american,family,0.0414
Citroën,Grand C4 Spacetourer,Grand C4 Spacetourer,1997,1200,130,MPV,FWD,7,european,mpv,0.0151
Renault,Duster,Duster,2015,1600,114,Crossover,FWD,5,european,crossover,0.0417
Opel,Astra,Astra,2002,1400,150,Hatchback,FWD,5,european,family,0.0274
Chevrolet,Avalanche,Avalanche,2006,5300,320,Pickup,4WD,6,american,truck,0.0414
Fiat,Siena,Siena,2006,1400,80,Hatchback,FWD,5,european,city,0.0447
Lada,2107,2107,1984,1600,75,Sedan,RWD,5,other,family,0.0133
Zotye,Xplosion,Xplosion,2009,1800,150,SUV,FWD,5,chinese,suv,0.0012
Fiat,1300,1300,2008,1300,65,Sedan,RWD,5,european,family,0.0447
BAIC,EU5 Plus,EU5 Plus,2019,0,163,Sedan,FWD,5,chinese,family,0.0047
Skoda,Octavia A4,Octavia,2000,1500,150,Sedan,FWD,5,european,family,0.0311
Chery,Envy,Envy,2018,1500,113,Sedan,FWD,5,chinese,family,0.0253
Geely,Emgrand 7,Emgrand 7,2016,1800,132,Sedan,FWD,5,chinese,family,0.0155
Speranza,A113,A113,2009,1300,65,Hatchback,FWD,5,chinese,city,0.0146
Fiat,Grand Punto,Grand Punto,2003,1400,77,Hatchback,FWD,5,european,city,0.0447
Fiat,Tempra,Tempra,1994,1600,90,Sedan,FWD,5,european,family,0.0447
Honda,Civic,Civic,1996,1500,182,Sedan,FWD,5,japanese,family,0.0151
Citroën,Grand C4 Spacetourer,Grand C4 Spacetourer,1998,1200,130,MPV,FWD,7,european,mpv,0.0151
Ford,Mondeo,Mondeo,2000,2000,145,Sedan,FWD,5,american,executive,0.0136
Speranza,M11,M11,2011,1100,73,Hatchback,FWD,5,chinese,city,0.0146
Speranza,M12,M12,2012,1300,70,Hatchback,FWD,5,chinese,city,0.0146
Suzuki,Swift,Swift,1996,1200,83,Hatchback,FWD,5,japanese,city,0.0264
Suzuki,Grand Vitara,Grand Vitara,2012,2400,163,SUV,4WD,5,japanese,suv,0.0264
Mitsubishi,Lancer EX Shark,Lancer,1999,1600,113,Sedan,FWD,5,japanese,family,0.0281
Audi,A4,A4,1995,2000,190,Sedan,AWD,5,european,executive,0.0141
Mitsubishi,Lancer,Lancer,1982,1600,113,Sedan,FWD,5,japanese,family,0.0281
Proton,Persona,Persona,2008,1600,110,Sedan,FWD,5,other,family,0.0096
Hyundai,Verna,Verna,2004,1600,123,Sedan,FWD,5,korean,city,0.0768
Daewoo,Matiz,Matiz,2002,800,52,Hatchback,FWD,4,korean,city,0.0308
Nissan,Bluebird,Bluebird,1991,1600,103,Sedan,FWD,5,japanese,family,0.0316
Volkswagen,Beetle,Beetle,1975,1400,150,Coupe,FWD,4,european,sport,0.0389
Suzuki,Grand Vitara,Grand Vitara,1995,2400,163,SUV,4WD,5,japanese,suv,0.0264
Volkswagen,Transporter,Transporter,2005,1400,130,Van,FWD,8,european,van,0.0389
Mercedes,E200,E-Class,1980,2000,184,Sedan,RWD,5,european,executive,0.0745
Hyundai,Accent,Accent,1995,1600,123,Sedan,FWD,5,korean,city,0.0768
Lada,2107,2107,1992,1600,75,Sedan,RWD,5,other,family,0.0133
Daihatsu,Grand Terios,Terios,1982,1500,105,SUV,4WD,7,japanese,suv,0.0085
Mitsubishi,Colt,Colt,1991,1300,95,Hatchback,FWD,5,japanese,city,0.0281
Peugeot,308 SW,308 SW,1988,1400,95,Sedan,FWD,5,european,family,0.0339
Toyota,Corolla,Corolla,2005,1600,122,Sedan,FWD,5,japanese,family,0.0303
Suzuki,Alto,Alto,2013,1000,67,Hatchback,FWD,5,japanese,city,0.0264
Chery,A5,A5,2007,1600,109,Sedan,FWD,5,chinese,family,0.0253
Kia,Carnival MPV,Carnival,2005,2200,202,MPV,FWD,8,korean,mpv,0.0577
Fiat,Shahin,Shahin,2003,1400,80,Hatchback,FWD,5,european,city,0.0447
Renault,Sandero Stepway,Sandero,1983,1600,115,Hatchback,FWD,5,european,crossover,0.0417
Seat,Toledo,Toledo,1996,1600,105,Sedan,FWD,5,european,family,0.0196
Toyota,Corolla Cross,Corolla Cross,1994,1600,120,Sedan,FWD,5,japanese,family,0.0303
BMW,318i,3 Series,1991,2000,136,Sedan,RWD,5,european,executive,0.0557
Lada,Samara,Samara,1990,1500,70,Hatchback,FWD,5,other,city,0.0133
BMW,318i,3 Series,1987,2000,136,Sedan,RWD,5,european,executive,0.0557
Chevrolet,Avalanche,Avalanche,2010,5300,320,Pickup,4WD,6,american,truck,0.0414
Renault,Sandero Stepway,Sandero,1990,1600,115,Hatchback,FWD,5,european,crossover,0.0417
Renault,Sandero Stepway,Sandero,1995,1600,115,Hatchback,FWD,5,european,crossover,0.0417
Mazda,323,323,1992,1600,98,Sedan,FWD,5,japanese,family,0.0063
Opel,Astra,Astra,1999,1400,150,Hatchback,FWD,5,european,family,0.0274
Volkswagen,Beetle,Beetle,1981,1400,150,Coupe,FWD,4,european,sport,0.0389
Skoda,Fabia,Fabia,2004,1000,95,Hatchback,FWD,5,european,city,0.0311
Geely,Emgrand,Emgrand,2008,1500,107,Sedan,FWD,5,chinese,family,0.0155
Changan,Benni,Benni,2008,1000,68,Hatchback,FWD,5,chinese,city,0.0077
Volkswagen,Jetta,Jetta,1987,1400,80,Hatchback,FWD,5,european,city,0.0447
Kia,Carnival,Carnival,2003,2200,202,MPV,FWD,8,korean,mpv,0.0577
Peugeot,405,405,2010,1600,90,Sedan,FWD,5,european,family,0.0339
Seat,Toledo,Toledo,2001,1600,105,Sedan,FWD,5,european,family,0.0196
Renault,Clio,Clio,1997,1000,90,Hatchback,FWD,5,european,city,0.0417
Suzuki,Van,Van,2008,1200,83,Hatchback,FWD,5,japanese,city,0.0264
BAIC,EU5 Plus,EU5 Plus,2003,0,163,Sedan,FWD,5,chinese,family,0.0047
Peugeot,206,206,2008,1400,75,Hatchback,FWD,5,european,city,0.0339
Lada,Samara,Samara,1983,1500,70,Hatchback,FWD,5,other,city,0.0133
Suzuki,Baleno,Baleno,2000,1200,90,Hatchback,FWD,5,japanese,city,0.0264
Geely,Pandino,Pandino,2010,1500,110,Sedan,FWD,5,chinese,family,0.0155
Fiat,Grand Punto,Grand Punto,1980,1400,77,Hatchback,FWD,5,european,city,0.0447
Speranza,A113,A113,2013,1300,65,Hatchback,FWD,5,chinese,city,0.0146
Chevrolet,Avalanche,Avalanche,2001,5300,320,Pickup,4WD,6,american,truck,0.0414
Chevrolet,N300,N300,2013,1600,110,Sedan,FWD,5,american,family,0.0414
Volkswagen,Golf,Golf,1984,1400,150,Hatchback,FWD,5,european,family,0.0389
Nissan,Bluebird,Bluebird,1982,1600,103,Sedan,FWD,5,japanese,family,0.0316
Nissan,Bluebird,Bluebird,2000,1600,103,Sedan,FWD,5,japanese,family,0.0316
Volkswagen,Polo,Polo,1995,1000,95,Hatchback,FWD,5,european,city,0.0389
Daewoo,Lanos,Lanos,2014,1500,86,Sedan,FWD,5,korean,city,0.0308
Fiat,Punto,Punto,2007,1200,69,Hatchback,FWD,5,european,city,0.0447
Renault,Sandero,Sandero,2015,1600,84,Hatchback,FWD,5,european,city,0.0417
Honda,Fit,Fit,2007,1300,83,Hatchback,FWD,5,japanese,city,0.0264
Hyundai,Tucson,Tucson,1993,1600,177,SUV,FWD,5,korean,suv,0.0768
Honda,Fit,Fit,2008,1300,83,Hatchback,FWD,5,japanese,city,0.0264
Suzuki,Swift,Swift,1991,1200,83,Hatchback,FWD,5,japanese,city,0.0264
Proton,Waja,Waja,2006,1600,110,Sedan,FWD,5,other,family,0.0096
Volkswagen,Caddy,Caddy,2000,2000,122,Van,FWD,5,european,van,0.0389
Renault,Sandero,Sandero,2012,1600,84,Hatchback,FWD,5,european,city,0.0417
Changhe,Super Panda,Super Panda,2012,1000,65,Hatchback,FWD,5,chinese,city,0.0008
Fiat,Shahin,Shahin,2001,1400,80,Hatchback,FWD,5,european,city,0.0447
Volkswagen,Golf,Golf,1985,1400,150,Hatchback,FWD,5,european,family,0.0389
Chevrolet,Avalanche,Avalanche,2019,5300,320,Pickup,4WD,6,american,truck,0.0414
Seat,Ibiza,Ibiza,2000,1000,95,Hatchback,FWD,5,european,city,0.0196
Skoda,Felicia,Felicia,1998,1300,68,Hatchback,FWD,5,european,city,0.0311
Opel,Vectra,Vectra,2007,1800,122,Sedan,FWD,5,european,executive,0.0274
Mazda,323,323,1997,1600,98,Sedan,FWD,5,japanese,family,0.0063
Peugeot,308 SW,308 SW,1979,1400,95,Sedan,FWD,5,european,family,0.0339
Fiat,Grand Punto,Grand Punto,1986,1400,77,Hatchback,FWD,5,european,city,0.0447
Suzuki,Grand Vitara,Grand Vitara,2002,2400,163,SUV,4WD,5,japanese,suv,0.0264
Honda,Accord,Accord,2004,1500,192,Sedan,FWD,5,japanese,executive,0.0151
Brilliance,FRV Cross,FRV Cross,2008,1800,136,Crossover,FWD,5,chinese,crossover,0.0068
BMW,320i,3 Series,1996,2000,184,Sedan,RWD,5,european,executive,0.0557
Toyota,Corolla,Corolla,1997,1600,122,Sedan,FWD,5,japanese,family,0.0303
Mitsubishi,Mirage,Mirage,1997,1600,113,Hatchback,FWD,5,japanese,city,0.0281
Volkswagen,Transporter,Transporter,2011,1400,130,Van,FWD,8,european,van,0.0389
Fiat,Regata,Regata,1986,1600,90,Sedan,FWD,5,european,family,0.0447
Lada,2107,2107,2003,1600,75,Sedan,RWD,5,other,family,0.0133
Skoda,Fabia,Fabia,2003,1000,95,Hatchback,FWD,5,european,city,0.0311
Proton,Gen-2,Gen-2,2010,1600,110,Hatchback,FWD,5,other,family,0.0096
Lada,Samara,Samara,1991,1500,70,Hatchback,FWD,5,other,city,0.0133
BYD,F3,F3,2016,1500,109,Sedan,FWD,5,chinese,family,0.0141
Toyota,Corolla Cross,Corolla Cross,1992,1600,120,Sedan,FWD,5,japanese,family,0.0303
Hyundai,Excel,Excel,1996,1600,120,Sedan,FWD,5,korean,family,0.0768
Renault,Sandero Stepway,Sandero,1984,1600,115,Hatchback,FWD,5,european,crossover,0.0417
BMW,3 Series,3 Series,1986,2000,184,Sedan,RWD,5,european,executive,0.0557
Daewoo,Lanos,Lanos,1994,1500,86,Sedan,FWD,5,korean,city,0.0308
Fiat,Grand Punto,Grand Punto,1982,1400,77,Hatchback,FWD,5,european,city,0.0447
Ford,Bronco Raptor,Bronco Raptor,1988,3000,418,SUV,4WD,5,american,suv,0.0136
Fiat,131,131,1975,1300,65,Sedan,RWD,5,european,family,0.0447
Fiat,Petra,Petra,2004,1400,80,Hatchback,FWD,5,european,city,0.0447
Kia,Pride,Pride,1989,1600,120,Sedan,FWD,5,korean,family,0.0577
Lada,Samara,Samara,2005,1500,70,Hatchback,FWD,5,other,city,0.0133
Speranza,A113,A113,2007,1300,65,Hatchback,FWD,5,chinese,city,0.0146
Seat,Tarraco,Tarraco,1990,1500,150,SUV,FWD,7,european,suv,0.0196
Chery,QQ,QQ,2009,800,52,Hatchback,FWD,5,chinese,city,0.0253
Nissan,Sunny,Sunny,1995,1600,110,Sedan,FWD,5,japanese,family,0.0316
Fiat,Shahin,Shahin,1998,1400,80,Hatchback,FWD,5,european,city,0.0447
Volkswagen,Polo,Polo,1987,1400,80,Hatchback,FWD,5,european,city,0.0447
Lada,2110,2110,2001,1600,79,Sedan,FWD,5,other,family,0.0133
Peugeot,307,307,2003,1400,95,Sedan,FWD,5,european,family,0.0339
Lada,Samara,Samara,1982,1500,70,Hatchback,FWD,5,other,city,0.0133
Chevrolet,Spark,Spark,2006,1000,68,Hatchback,FWD,4,american,city,0.0414
Fiat,Grand Punto,Grand Punto,1979,1400,77,Hatchback,FWD,5,european,city,0.0447
Daewoo,Nubira 1,Nubira,2000,1600,100,Sedan,FWD,5,korean,family,0.0308
Volkswagen,Golf,Golf,1983,1400,150,Hatchback,FWD,5,european,family,0.0389
Toyota,Corolla Cross,Corolla Cross,2001,1600,120,Sedan,FWD,5,japanese,family,0.0303
Geely,Emgrand X7,Emgrand X7,2011,2400,137,SUV,FWD,7,chinese,suv,0.0155
Peugeot,206,206,2003,1400,75,Hatchback,FWD,5,european,city,0.0339
Volkswagen,Golf,Golf,1979,1400,150,Hatchback,FWD,5,european,family,0.0389
Peugeot,504,504,1975,1400,95,Sedan,FWD,5,european,family,0.0339
Suzuki,Van,Van,2009,1200,83,Hatchback,FWD,5,japanese,city,0.0264
Lada,2105,2105,1990,1300,64,Sedan,RWD,5,other,family,0.0133
Chevrolet,Pickup,Pickup,2021,1600,110,Sedan,FWD,5,american,family,0.0414
Renault,Clio,Clio,1995,1000,90,Hatchback,FWD,5,european,city,0.0417
Volvo,XC40,XC40,1988,1500,163,Crossover,FWD,5,european,luxury_suv,0.0038
Fiat,Shahin,Shahin,2013,1400,80,Hatchback,FWD,5,european,city,0.0447
Speranza,A516,A516,2006,1600,109,Sedan,FWD,5,chinese,family,0.0146
Zotye,Xplosion,Xplosion,2007,1800,150,SUV,FWD,5,chinese,suv,0.0012
Nissan,Sunny,Sunny,1982,1600,110,Sedan,FWD,5,japanese,family,0.0316
Daewoo,Lanos,Lanos,2009,1500,86,Sedan,FWD,5,korean,city,0.0308
Fiat,Shahin,Shahin,2009,1400,80,Hatchback,FWD,5,european,city,0.0447
Kia,Carnival MPV,Carnival,2008,2200,202,MPV,FWD,8,korean,mpv,0.0577
Peugeot,405,405,1976,1600,90,Sedan,FWD,5,european,family,0.0339
Peugeot,505,505,1983,1400,95,Sedan,FWD,5,european,family,0.0339
Geely,X7,X7,2014,2400,137,SUV,FWD,7,chinese,suv,0.0155
Opel,Grandland,Grandland,1994,1200,130,SUV,FWD,5,european,suv,0.0274
Peugeot,505,505,1987,1400,95,Sedan,FWD,5,european,family,0.0339
Mercedes,E200,E-Class,1985,2000,184,Sedan,RWD,5,european,executive,0.0745
Kia,Spectra,Spectra,2001,1600,120,Sedan,FWD,5,korean,family,0.0577
Lada,2107,2107,2014,1600,75,Sedan,RWD,5,other,family,0.0133
Fiat,Tipo,Tipo,1989,1600,110,Sedan,FWD,5,european,family,0.0447
Fiat,Grand Punto,Grand Punto,1988,1400,77,Hatchback,FWD,5,european,city,0.0447
Opel,Corsa,Corsa,2024,1200,75,Hatchback,FWD,5,european,city,0.0274
Daewoo,Lanos 2,Lanos,2005,1500,86,Sedan,FWD,5,korean,city,0.0308
Hyundai,Coupe,Coupe,1993,1600,120,Sedan,FWD,5,korean,family,0.0768
BMW,520i,5 Series,1982,2000,184,Sedan,RWD,5,european,executive,0.0557
Daihatsu,Grand Terios,Terios,1991,1500,105,SUV,4WD,7,japanese,suv,0.0085
Fiat,Uno,Uno,1993,1400,80,Hatchback,FWD,5,european,city,0.0447
Chery,Tiggo,Tiggo,2011,1600,106,SUV,FWD,5,chinese,suv,0.0253
Ford,Bronco Raptor,Bronco Raptor,2002,3000,418,SUV,4WD,5,american,suv,0.0136
Changhe,Super Panda,Super Panda,2013,1000,65,Hatchback,FWD,5,chinese,city,0.0008
Honda,Accord,Accord,1980,1500,192,Sedan,FWD,5,japanese,executive,0.0151
Peugeot,405,405,2000,1600,90,Sedan,FWD,5,european,family,0.0339
Renault,Megane,Megane,2003,1500,115,Hatchback,FWD,5,european,family,0.0417
Renault,Clio,Clio,2000,1000,90,Hatchback,FWD,5,european,city,0.0417
Chevrolet,N300,N300,2014,1600,110,Sedan,FWD,5,american,family,0.0414
Mitsubishi,Lancer EX Shark,Lancer,2003,1600,113,Sedan,FWD,5,japanese,family,0.0281
Geely,Emgrand X7,Emgrand X7,2006,2400,137,SUV,FWD,7,chinese,suv,0.0155
Renault,Sandero Stepway,Sandero,1999,1600,115,Hatchback,FWD,5,european,crossover,0.0417
Suzuki,Grand Vitara,Grand Vitara,2024,2400,163,SUV,4WD,5,japanese,suv,0.0264
BMW,316,3 Series,1992,1600,116,Sedan,RWD,5,european,executive,0.0557
Fiat,Punto,Punto,1998,1200,69,Hatchback,FWD,5,european,city,0.0447
Suzuki,S-Presso,S-Presso,2021,1200,83,Hatchback,FWD,5,japanese,city,0.0264
Volkswagen,Golf,Golf,2006,1400,150,Hatchback,FWD,5,european,family,0.0389
BMW,316,3 Series,2006,1600,116,Sedan,RWD,5,european,executive,0.0557
Mercedes,200,200,1984,2000,136,Sedan,RWD,5,european,executive,0.0745
Chevrolet,Pickup,Pickup,2022,1600,110,Sedan,FWD,5,american,family,0.0414
Speranza,A113,A113,2014,1300,65,Hatchback,FWD,5,chinese,city,0.0146
Mini,Paceman,Paceman,2016,1500,136,Hatchback,FWD,4,european,city,0.0091
Chery,Tiggo,Tiggo,2013,1600,106,SUV,FWD,5,chinese,suv,0.0253
Suzuki,Van,Van,2013,1200,83,Hatchback,FWD,5,japanese,city,0.0264
BMW,320i,3 Series,1995,2000,184,Sedan,RWD,5,european,executive,0.0557
Great Wall,Peri,Peri,2008,1300,90,Hatchback,FWD,5,chinese,city,0.0003
Toyota,Corolla,Corolla,1994,1600,122,Sedan,FWD,5,japanese,family,0.0303
Lada,Samara,Samara,2007,1500,70,Hatchback,FWD,5,other,city,0.0133
Fiat,131,131,1984,1300,65,Sedan,RWD,5,european,family,0.0447
Toyota,Corolla,Corolla,2002,1600,122,Sedan,FWD,5,japanese,family,0.0303
BAIC,EU5 Plus,EU5 Plus,2006,0,163,Sedan,FWD,5,chinese,family,0.0047
BMW,518,518,1992,2000,170,Sedan,RWD,5,european,executive,0.0557
Daewoo,Nubira 1,Nubira,2003,1600,100,Sedan,FWD,5,korean,family,0.0308
Kia,Picanto,Picanto,2004,1000,67,Hatchback,FWD,5,korean,city,0.0577
Fiat,1300,1300,1993,1300,65,Sedan,RWD,5,european,family,0.0447
DFSK,EAGLE 580,EAGLE 580,2010,1500,150,SUV,FWD,7,chinese,suv,0.0017
Renault,Sandero Stepway,Sandero,1979,1600,115,Hatchback,FWD,5,european,crossover,0.0417
Geely,Pandino,Pandino,2012,1500,110,Sedan,FWD,5,chinese,family,0.0155
Mercedes,C180,C-Class,2026,1600,156,Sedan,RWD,5,european,executive,0.0745
Proton,Saga,Saga,2026,1300,95,Sedan,FWD,5,other,city,0.0096
Mercedes,C200,C-Class,2026,1500,184,Sedan,RWD,5,european,executive,0.0745
Mercedes,Viano,Viano,2025,1600,156,Van,RWD,8,european,van,0.0745
BAIC,BJ30,BJ30,2026,2000,170,SUV,AWD,5,chinese,suv,0.0047
Jetour,T2,T2,2026,2000,254,SUV,AWD,7,chinese,suv,0.0067
Volkswagen,Golf 6,Golf,2004,1400,122,Hatchback,FWD,5,european,family,0.0389
Opel,Crossland,Crossland,2021,1200,110,Crossover,FWD,5,european,crossover,0.0274
Chery,Arrizo 5,Arrizo 5,2021,1500,115,Sedan,FWD,5,chinese,family,0.0253
Toyota,Land Cruiser,Land Cruiser,2025,4000,271,SUV,4WD,8,japanese,luxury_suv,0.0303
Suzuki,S-Presso,S-Presso,2026,1200,83,Hatchback,FWD,5,japanese,city,0.0264
MG,One,One,2026,1500,181,SUV,FWD,5,chinese,suv,0.017
Mercedes,B180,B-Class,2014,1600,122,MPV,FWD,5,european,executive,0.0745
Opel,Crossland,Crossland,2025,1200,110,Crossover,FWD,5,european,crossover,0.0274
Mercedes,A200,A-Class,2023,1400,163,Hatchback,FWD,5,european,executive,0.0745
Changan,CS55 Plus,CS55 Plus,2026,1500,156,SUV,FWD,5,chinese,suv,0.0077
Jeep,Grand Cherokee,Grand Cherokee,2011,3600,293,SUV,4WD,5,american,luxury_suv,0.0176
DFSK,EAGLE 580,EAGLE 580,2019,1500,150,SUV,FWD,7,chinese,suv,0.0017
MG,ZS,ZS,2025,1500,106,SUV,FWD,5,chinese,suv,0.017
Cupra,Terramar,Terramar,2026,1500,204,SUV,AWD,5,european,suv,0.002
Jeep,Renegade,Renegade,2020,1400,150,Crossover,FWD,5,american,crossover,0.0176
Soueast,S05,S05,2026,1500,113,SUV,FWD,5,chinese,suv,0.0013
Seat,Arona,Arona,2026,1000,95,Crossover,FWD,5,european,crossover,0.0196
Renault,Taliant,Taliant,2026,1600,100,Sedan,FWD,5,european,family,0.0417
BMW,IX3,IX3,2025,0,286,SUV,RWD,5,european,luxury_suv,0.0557
Volvo,XC60,XC60,2021,2000,250,SUV,AWD,5,european,luxury_suv,0.0038
BYD,Sealion 6,Sealion 6,2025,0,200,Sedan,FWD,5,chinese,family,0.0141
Mitsubishi,Lancer Crystala,Lancer,1997,1600,113,Sedan,FWD,5,japanese,family,0.0281
Chery,Tiggo 4 Pro,Tiggo 4,2025,1500,147,SUV,FWD,5,chinese,suv,0.0253
Nissan,Qashqai,Qashqai,2026,1500,163,SUV,FWD,5,japanese,suv,0.0316
Renault,Megane,Megane,2026,1500,115,Hatchback,FWD,5,european,family,0.0417
Jetour,X70S,X70S,2026,1500,156,SUV,FWD,5,chinese,suv,0.0067
Jetour,T1,T1,2026,1500,156,Crossover,FWD,5,chinese,crossover,0.0067
Jetour,X90,X90,2026,2000,230,SUV,AWD,7,chinese,suv,0.0067
Skoda,Octavia A7,Octavia,2020,1500,150,Sedan,FWD,5,european,family,0.0311
Chevrolet,Optra,Optra,2026,1600,109,Sedan,FWD,5,american,family,0.0414
Chery,Arrizo 5,Arrizo 5,2020,1500,115,Sedan,FWD,5,chinese,family,0.0253
Renault,Fluence,Fluence,2013,1600,100,Sedan,FWD,5,european,family,0.0417
Volkswagen,Tiguan,Tiguan,2026,1400,150,SUV,FWD,5,european,suv,0.0389
Jetour,X70,X70,2021,1500,156,SUV,FWD,7,chinese,suv,0.0067
Hyundai,Santa Fe,Santa Fe,2025,2000,186,SUV,AWD,7,korean,suv,0.0768
Land Rover,Range Rover Vogue,Range Rover,2026,3000,400,SUV,4WD,5,european,luxury_suv,0.0108
Kia,K4,K4,2026,1600,120,Sedan,FWD,5,korean,family,0.0577
Porsche,Cayenne S,Cayenne,2014,4000,440,SUV,AWD,5,european,luxury_suv,0.0082
Kia,Carens,Carens,2024,1600,130,MPV,FWD,7,korean,mpv,0.0577
Hyundai,I10,I10,2014,1000,67,Hatchback,FWD,5,korean,city,0.0768
Hyundai,Avante,Avante,2004,1600,120,Sedan,FWD,5,korean,family,0.0768
Mitsubishi,Eclipse Cross,Eclipse Cross,2018,1500,163,SUV,AWD,5,japanese,suv,0.0281
MG,5,5,2023,1500,169,Sedan,FWD,5,chinese,family,0.017
MG,HS,HS,2026,1500,162,SUV,FWD,5,chinese,suv,0.017
Peugeot,508,508,2023,1600,165,Sedan,FWD,5,european,executive,0.0339
Land Rover,Range Rover Evoque,Range Rover,2026,1500,249,Crossover,AWD,5,european,luxury_suv,0.0108
Soueast,S09,S09,2026,2000,197,SUV,AWD,7,chinese,suv,0.0013
Chery,Tiggo 7 Pro,Tiggo 7,2022,1500,156,SUV,FWD,5,chinese,suv,0.0253
Opel,Grandland,Grandland,2019,1200,130,SUV,FWD,5,european,suv,0.0274
Mitsubishi,Lancer Crystala,Lancer,2000,1600,113,Sedan,FWD,5,japanese,family,0.0281
Mitsubishi,Lancer Puma,Lancer,2008,1600,113,Sedan,FWD,5,japanese,family,0.0281
Mercedes,GLC300,GLC,2026,2000,258,SUV,4WD,5,european,luxury_suv,0.0745
MG,RX5,RX5,2022,1500,169,SUV,FWD,5,chinese,suv,0.017
Hyundai,Elantra HD,Elantra,2017,1600,122,Sedan,FWD,5,korean,family,0.0768
Mercedes,A35,A-Class,2026,1600,156,Sedan,RWD,5,european,executive,0.0745
Mitsubishi,Lancer EX Shark,Lancer,2012,1600,113,Sedan,FWD,5,japanese,family,0.0281
Mini,Countryman S,Countryman,2020,2000,178,Crossover,AWD,5,european,crossover,0.0091
Volkswagen,Golf 7,Golf,2014,1400,150,Hatchback,FWD,5,european,family,0.0389
Chery,Tiggo 3,Tiggo 3,2023,1500,113,SUV,FWD,5,chinese,suv,0.0253
Xiaomi,Yu7,Yu7,2025,0,385,SUV,AWD,5,chinese,suv,0.0003
Daewoo,Nubira 2,Nubira,2003,1600,100,Sedan,FWD,5,korean,family,0.0308
Haval,H6,H6,2022,1500,169,SUV,FWD,5,chinese,suv,0.0025
Suzuki,Swift Dzire,Swift Dzire,2022,1200,83,Hatchback,FWD,5,japanese,city,0.0264
Mercedes,GLA200,GLA,2018,1400,163,Crossover,FWD,5,european,luxury_suv,0.0745
Porsche,Cayenne S,Cayenne,2025,4000,440,SUV,AWD,5,european,luxury_suv,0.0082
JAC,JS4,JS4,2021,1500,147,SUV,FWD,5,chinese,suv,0.0047
Mercedes,Viano,Viano,2026,1600,156,Van,RWD,8,european,van,0.0745
MG,ZS,ZS,2026,1500,106,SUV,FWD,5,chinese,suv,0.017
Volkswagen,T-Roc,T-Roc,2026,1000,115,Crossover,FWD,5,european,crossover,0.0389
Suzuki,Vitara,Vitara,2023,1400,140,SUV,AWD,5,japanese,suv,0.0264
Mercedes,GLA200,GLA,2023,1400,163,Crossover,FWD,5,european,luxury_suv,0.0745
JAC,S3,S3,2016,1500,113,Crossover,FWD,5,chinese,crossover,0.0047
Mercedes,CLS,CLS,2020,1600,156,Coupe,RWD,5,european,sport,0.0745
Daihatsu,Charade,Charade,2007,1000,56,Hatchback,FWD,5,japanese,city,0.0085
Chery,Arrizo 6,Arrizo 6,2026,1600,145,Sedan,FWD,5,chinese,family,0.0253
Chery,Arrizo 5,Arrizo 5,2026,1500,115,Sedan,FWD,5,chinese,family,0.0253
Soueast,S07,S07,2026,2000,197,SUV,AWD,7,chinese,suv,0.0013
Changan,CS55,CS55,2026,1500,156,SUV,FWD,5,chinese,suv,0.0077
MG,7,7,2026,1500,181,Sedan,FWD,5,chinese,executive,0.017
Volkswagen,Bora,Bora,2002,1600,105,Sedan,FWD,5,european,family,0.0389
Volkswagen,Golf 7,Golf,2019,1400,150,Hatchback,FWD,5,european,family,0.0389
MG,GT,GT,2026,1500,143,Sedan,FWD,5,chinese,family,0.017
Land Rover,Range Rover Evoque,Range Rover,2025,1500,249,Crossover,AWD,5,european,luxury_suv,0.0108
Hyundai,Elantra,Elantra,2026,1600,128,Sedan,FWD,5,korean,family,0.0768
Chery,Tiggo 8,Tiggo 8,2026,1500,197,SUV,FWD,7,chinese,suv,0.0253
Shineray,X30,X30,2026,1500,113,SUV,FWD,5,chinese,suv,0.0003
Volkswagen,Golf 6,Golf,2011,1400,122,Hatchback,FWD,5,european,family,0.0389
Suzuki,Swift Dzire,Swift Dzire,2021,1200,83,Hatchback,FWD,5,japanese,city,0.0264
Hyundai,Elantra,Elantra,2017,1600,128,Sedan,FWD,5,korean,family,0.0768
Audi,Q2,Q2,2025,1000,115,Crossover,FWD,5,european,luxury_suv,0.0141
Kia,Cerato,Cerato,2004,1600,123,Sedan,FWD,5,korean,family,0.0577
Chevrolet,Pickup,Pickup,2026,1600,110,Sedan,FWD,5,american,family,0.0414
Jetour,X70 Plus,X70 Plus,2024,1500,181,SUV,FWD,7,chinese,suv,0.0067
MG,RX5,RX5,2023,1500,169,SUV,FWD,5,chinese,suv,0.017
Toyota,Urban Cruiser,Urban Cruiser,2026,1600,120,Crossover,FWD,5,japanese,crossover,0.0303
Chevrolet,Captiva,Captiva,2026,1500,150,SUV,FWD,7,american,suv,0.0414
Hyundai,Elantra,Elantra,2020,1600,128,Sedan,FWD,5,korean,family,0.0768
Hyundai,Elantra,Elantra,2006,1600,128,Sedan,FWD,5,korean,family,0.0768
Peugeot,3008,3008,2026,1200,130,SUV,FWD,5,european,suv,0.0339
Hyundai,Accent RB,Accent,2006,1600,123,Sedan,FWD,5,korean,city,0.0768
Kia,K3,K3,2024,1600,120,Sedan,FWD,5,korean,family,0.0577
Hyundai,Elantra AD,Elantra,2017,1600,128,Sedan,FWD,5,korean,family,0.0768
Toyota,Corolla,Corolla,2026,1600,122,Sedan,FWD,5,japanese,family,0.0303
Toyota,Land Cruiser,Land Cruiser,2024,4000,271,SUV,4WD,8,japanese,luxury_suv,0.0303
Citroën,C Elysee,C Elysee,2022,1200,82,Sedan,FWD,5,european,family,0.0151
Mercedes,GT43,GT43,2022,1600,156,Coupe,RWD,5,european,sport,0.0745
Chery,Arrizo 5,Arrizo 5,2022,1500,115,Sedan,FWD,5,chinese,family,0.0253
GAC,Emzoom,Emzoom,2025,1500,147,Crossover,FWD,5,chinese,crossover,0.004
Citroën,C5 Aircross,C5 Aircross,2026,1200,130,SUV,FWD,5,european,suv,0.0151
Hyundai,Avante,Avante,2011,1600,120,Sedan,FWD,5,korean,family,0.0768
BMW,X6 M,X6,2017,4400,617,SUV,AWD,5,european,luxury_suv,0.0557
Toyota,Corolla,Corolla,2007,1600,122,Sedan,FWD,5,japanese,family,0.0303
Seat,Ibiza,Ibiza,2026,1000,95,Hatchback,FWD,5,european,city,0.0196
Chery,Tiggo 7,Tiggo 7,2026,1500,156,SUV,FWD,5,chinese,suv,0.0253
Nissan,Juke,Juke,2026,1000,117,Crossover,FWD,5,japanese,crossover,0.0316
Cupra,Leon,Leon,2026,2000,265,Hatchback,FWD,5,european,sport,0.002
Peugeot,408,408,2023,1600,165,Sedan,FWD,5,european,family,0.0339
Seat,Leon,Leon,2026,1500,150,Hatchback,FWD,5,european,family,0.0196
Volkswagen,Tiguan,Tiguan,2024,1400,150,SUV,FWD,5,european,suv,0.0389
Citroën,C Elysee,C Elysee,2016,1200,82,Sedan,FWD,5,european,family,0.0151
Zeekr,7X,7X,2025,0,475,SUV,AWD,5,chinese,suv,0.0035
Mercedes,CLA200,CLA,2026,1400,163,Coupe,FWD,5,european,sport,0.0745
Mercedes,A200,A-Class,2026,1400,163,Hatchback,FWD,5,european,executive,0.0745
Hyundai,Elantra AD,Elantra,2019,1600,128,Sedan,FWD,5,korean,family,0.0768
Changan,UNI-T,UNI-T,2025,1500,181,SUV,FWD,5,chinese,suv,0.0077
Fiat,500X,500X,2024,1400,80,Crossover,FWD,5,european,crossover,0.0447
Mitsubishi,Lancer Puma,Lancer,2013,1600,113,Sedan,FWD,5,japanese,family,0.0281
Subaru,XV,XV,2017,2000,156,Crossover,AWD,5,japanese,crossover,0.0053
Peugeot,307 SW,307 SW,2004,1400,95,Sedan,FWD,5,european,family,0.0339
BMW,Z4,Z4,2022,2000,197,Convertible,RWD,2,european,sport,0.0557
Mercedes,EQA260,EQ,2025,0,188,Crossover,AWD,5,european,luxury_suv,0.0745
Mercedes,GLC300,GLC,2025,2000,258,SUV,4WD,5,european,luxury_suv,0.0745
Skoda,Karoq,Karoq,2026,1500,150,SUV,FWD,5,european,suv,0.0311
Volkswagen,Golf 6,Golf,2012,1400,122,Hatchback,FWD,5,european,family,0.0389
MG,One,One,2025,1500,181,SUV,FWD,5,chinese,suv,0.017
Porsche,Boxster,Boxster,2024,2500,265,Convertible,RWD,2,european,sport,0.0082
Citroën,C5,C5,2026,1600,120,Sedan,FWD,5,european,executive,0.0151
Chery,Tiggo 3,Tiggo 3,2017,1500,113,SUV,FWD,5,chinese,suv,0.0253
Mitsubishi,Lancer Puma,Lancer,2005,1600,113,Sedan,FWD,5,japanese,family,0.0281
Proton,Saga,Saga,2025,1300,95,Sedan,FWD,5,other,city,0.0096
Mercedes,A35,A-Class,2021,1600,156,Sedan,RWD,5,european,executive,0.0745
Rox,01,01,2026,0,400,SUV,AWD,5,chinese,suv,0.0007
Mercedes,GLC43,GLC,2026,1600,156,Sedan,RWD,5,european,executive,0.0745
Mercedes,S450,S-Class,2019,0,329,Sedan,AWD,5,european,luxury,0.0745
Fiat,Uno,Uno,1997,1400,80,Hatchback,FWD,5,european,city,0.0447
Skoda,Octavia A5,Octavia,2009,1500,150,Sedan,FWD,5,european,family,0.0311
Hyundai,Accent RB,Accent,2026,1600,123,Sedan,FWD,5,korean,city,0.0768
Toyota,Fortuner,Fortuner,2026,2700,166,SUV,4WD,7,japanese,suv,0.0303
Ford,EcoSport,EcoSport,2018,1000,125,Crossover,FWD,5,american,crossover,0.0136
Chery,Tiggo 7,Tiggo 7,2023,1500,156,SUV,FWD,5,chinese,suv,0.0253
Volvo,XC40,XC40,2026,1500,163,Crossover,FWD,5,european,luxury_suv,0.0038
Changan,UNI-V,UNI-V,2026,1500,181,Sedan,FWD,5,chinese,executive,0.0077
JAC,S2,S2,2026,1500,109,Crossover,FWD,5,chinese,crossover,0.0047
MG,RX5,RX5,2026,1500,169,SUV,FWD,5,chinese,suv,0.017
Chery,Tiggo 4,Tiggo 4,2026,1500,147,SUV,FWD,5,chinese,suv,0.0253
Hyundai,Elantra MD,Elantra,2016,1600,120,Sedan,FWD,5,korean,family,0.0768
BMW,IX3,IX3,2019,0,286,SUV,RWD,5,european,luxury_suv,0.0557
Renault,Duster,Duster,2016,1600,114,Crossover,FWD,5,european,crossover,0.0417
Kia,Soul,Soul,2010,1600,130,Crossover,FWD,5,korean,crossover,0.0577
Chevrolet,Optra,Optra,2016,1600,109,Sedan,FWD,5,american,family,0.0414
Opel,Grandland,Grandland,2026,1200,130,SUV,FWD,5,european,suv,0.0274
Changan,Eado Plus,Eado Plus,2026,1500,177,Sedan,FWD,5,chinese,executive,0.0077
Proton,Saga,Saga,2020,1300,95,Sedan,FWD,5,other,city,0.0096
Peugeot,5008,5008,2026,1200,130,SUV,FWD,7,european,suv,0.0339
Skoda,Octavia A5,Octavia,2008,1500,150,Sedan,FWD,5,european,family,0.0311
Fiat,Tempra,Tempra,1993,1600,90,Sedan,FWD,5,european,family,0.0447
Kia,Xceed,Xceed,2023,1500,160,Crossover,FWD,5,korean,crossover,0.0577
Hyundai,Elantra,Elantra,2004,1600,128,Sedan,FWD,5,korean,family,0.0768
GMC,Terrain,Terrain,2026,1500,170,SUV,AWD,5,american,suv,0.002
Mitsubishi,Lancer EX Shark,Lancer,2014,1600,113,Sedan,FWD,5,japanese,family,0.0281
Jetour,X70,X70,2022,1500,156,SUV,FWD,7,chinese,suv,0.0067
Peugeot,2008,2008,2026,1200,130,Crossover,FWD,5,european,crossover,0.0339
Daewoo,Nubira 2,Nubira,2002,1600,100,Sedan,FWD,5,korean,family,0.0308
Mercedes,250,250,2013,2500,150,Sedan,RWD,5,european,executive,0.0745
BMW,318i,3 Series,2010,2000,136,Sedan,RWD,5,european,executive,0.0557
Mitsubishi,Attrage,Attrage,2019,1200,78,Sedan,FWD,5,japanese,city,0.0281
BMW,420,4 Series,2026,2000,184,Coupe,RWD,4,european,sport,0.0557
GMC,Hummer EV,Hummer EV,2026,0,1000,Pickup,AWD,5,american,truck,0.002
Volvo,XC60,XC60,2026,2000,250,SUV,AWD,5,european,luxury_suv,0.0038
BMW,M4,M4,2026,3000,510,Coupe,RWD,4,european,sport,0.0557
Porsche,Cayenne S,Cayenne,2026,4000,440,SUV,AWD,5,european,luxury_suv,0.0082
Porsche,Cayenne S,Cayenne,2011,4000,440,SUV,AWD,5,european,luxury_suv,0.0082
Kia,Rio,Rio,2009,1400,100,Sedan,FWD,5,korean,city,0.0577
Lada,Granta,Granta,2023,1600,87,Sedan,FWD,5,other,city,0.0133
Mercedes,E350,E-Class,2018,3500,302,Sedan,RWD,5,european,executive,0.0745
Hyundai,Accent RB,Accent,2024,1600,123,Sedan,FWD,5,korean,city,0.0768
Ford,Fusion,Fusion,2020,1600,125,Sedan,FWD,5,american,family,0.0136
Chery,Tiggo 7,Tiggo 7,2022,1500,156,SUV,FWD,5,chinese,suv,0.0253
Chery,Arrizo 8,Arrizo 8,2026,2000,197,Sedan,FWD,5,chinese,executive,0.0253
Chery,Tiggo 7,Tiggo 7,2021,1500,156,SUV,FWD,5,chinese,suv,0.0253
Nissan,Qashqai,Qashqai,2015,1500,163,SUV,FWD,5,japanese,suv,0.0316
Kia,Sportage,Sportage,2013,1600,177,SUV,FWD,5,korean,suv,0.0577
Chery,Tiggo 4 Pro,Tiggo 4,2026,1500,147,SUV,FWD,5,chinese,suv,0.0253
Fiat,500X,500X,2026,1400,80,Crossover,FWD,5,european,crossover,0.0447
Suzuki,Van,Van,2022,1200,83,Hatchback,FWD,5,japanese,city,0.0264
Daewoo,Lanos 2,Lanos,2008,1500,86,Sedan,FWD,5,korean,city,0.0308
Haval,Jolion Pro,Jolion Pro,2025,1500,169,SUV,FWD,5,chinese,suv,0.0025
Renault,Kardian,Kardian,2026,1600,100,Crossover,FWD,5,european,crossover,0.0417
Hyundai,I30,I30,2026,1600,120,Sedan,FWD,5,korean,family,0.0768
Seat,Leon,Leon,2024,1500,150,Hatchback,FWD,5,european,family,0.0196
Haval,H6,H6,2026,1500,169,SUV,FWD,5,chinese,suv,0.0025
Audi,Q8,Q8,2024,3000,340,SUV,AWD,5,european,luxury_suv,0.0141
Nissan,Sentra,Sentra,2016,1600,122,Sedan,FWD,5,japanese,family,0.0316
Hyundai,Accent RB,Accent,2015,1600,123,Sedan,FWD,5,korean,city,0.0768
Audi,A4,A4,2019,2000,190,Sedan,AWD,5,european,executive,0.0141
Audi,Q3,Q3,2026,1500,150,SUV,FWD,5,european,luxury_suv,0.0141
Changan,CS35,CS35,2017,1500,113,SUV,FWD,5,chinese,suv,0.0077
Daihatsu,Sirion,Sirion,2000,1000,58,Hatchback,FWD,5,japanese,city,0.0085
Proton,Waja,Waja,2005,1600,110,Sedan,FWD,5,other,family,0.0096
Daewoo,Nubira 2,Nubira,2004,1600,100,Sedan,FWD,5,korean,family,0.0308
Chery,Tiggo 7 Pro,Tiggo 7,2026,1500,156,SUV,FWD,5,chinese,suv,0.0253
Hyundai,Santa Fe,Santa Fe,2013,2000,186,SUV,AWD,7,korean,suv,0.0768
Chery,Tiggo 8 Pro Max,Tiggo 8,2026,1500,113,SUV,FWD,5,chinese,suv,0.0253
Ford,Mondeo,Mondeo,1998,2000,145,Sedan,FWD,5,american,executive,0.0136
Skoda,Octavia A4,Octavia,2007,1500,150,Sedan,FWD,5,european,family,0.0311
Chevrolet,Captiva,Captiva,2020,1500,150,SUV,FWD,7,american,suv,0.0414
Fiat,Tipo,Tipo,2019,1600,110,Sedan,FWD,5,european,family,0.0447
Chery,Arrizo 5,Arrizo 5,2025,1500,115,Sedan,FWD,5,chinese,family,0.0253
Hyundai,Accent RB,Accent,2021,1600,123,Sedan,FWD,5,korean,city,0.0768
Hyundai,Elantra AD,Elantra,2018,1600,128,Sedan,FWD,5,korean,family,0.0768
Kia,K3,K3,2025,1600,120,Sedan,FWD,5,korean,family,0.0577
Avatr,11,11,2025,0,425,SUV,AWD,5,chinese,luxury_suv,0.0018
Hyundai,I30,I30,2011,1600,120,Sedan,FWD,5,korean,family,0.0768
Skoda,Octavia A4,Octavia,2004,1500,150,Sedan,FWD,5,european,family,0.0311
Mercedes,S450,S-Class,2026,0,329,Sedan,AWD,5,european,luxury,0.0745
Mitsubishi,Eclipse Cross,Eclipse Cross,2026,1500,163,SUV,AWD,5,japanese,suv,0.0281
Nissan,Sentra,Sentra,2015,1600,122,Sedan,FWD,5,japanese,family,0.0316
Mercedes,GLC,GLC,2026,1500,197,SUV,4WD,5,european,luxury_suv,0.0745
BMW,IX3,IX3,2024,0,286,SUV,RWD,5,european,luxury_suv,0.0557
Volkswagen,Tayron,Tayron,2026,1400,130,Sedan,FWD,5,european,family,0.0389
BMW,IX3,IX3,2012,0,286,SUV,RWD,5,european,luxury_suv,0.0557
Audi,Q7,Q7,2025,3000,340,SUV,AWD,7,european,luxury_suv,0.0141
Nissan,X-Trail,X-Trail,2009,1700,158,SUV,AWD,7,japanese,suv,0.0316
Mercedes,GLA200,GLA,2017,1400,163,Crossover,FWD,5,european,luxury_suv,0.0745
Hyundai,Elantra HD,Elantra,2019,1600,122,Sedan,FWD,5,korean,family,0.0768
Daewoo,Nubira 2,Nubira,2005,1600,100,Sedan,FWD,5,korean,family,0.0308
BYD,Leopard 5,Leopard 5,2025,2000,600,SUV,AWD,5,chinese,luxury_suv,0.0141
Citroën,C5,C5,2014,1600,120,Sedan,FWD,5,european,executive,0.0151
Renault,Kadjar,Kadjar,2021,1600,163,SUV,FWD,5,european,suv,0.0417
Volkswagen,Bora,Bora,2005,1600,105,Sedan,FWD,5,european,family,0.0389
Mitsubishi,Lancer Puma,Lancer,2014,1600,113,Sedan,FWD,5,japanese,family,0.0281
BMW,318i,3 Series,2026,2000,136,Sedan,RWD,5,european,executive,0.0557
Geely,GX3 Pro,GX3 Pro,2025,1500,110,Sedan,FWD,5,chinese,family,0.0155
Hyundai,Avante,Avante,2025,1600,120,Sedan,FWD,5,korean,family,0.0768
Opel,Crossland,Crossland,2024,1200,110,Crossover,FWD,5,european,crossover,0.0274
Seat,Ateca,Ateca,2025,1500,150,SUV,FWD,5,european,suv,0.0196
Geely,Coolray,Coolray,2025,1500,177,Crossover,FWD,5,chinese,crossover,0.0155
Toyota,Land Cruiser,Land Cruiser,2026,4000,271,SUV,4WD,8,japanese,luxury_suv,0.0303
Opel,Mokka,Mokka,2026,1200,100,Crossover,FWD,5,european,crossover,0.0274
Mitsubishi,Lancer Puma,Lancer,2004,1600,113,Sedan,FWD,5,japanese,family,0.0281
Skoda,Octavia A7,Octavia,2019,1500,150,Sedan,FWD,5,european,family,0.0311
Subaru,XV,XV,2014,2000,156,Crossover,AWD,5,japanese,crossover,0.0053
Daewoo,Lanos 2,Lanos,2002,1500,86,Sedan,FWD,5,korean,city,0.0308
Mitsubishi,Eclipse Cross,Eclipse Cross,2024,1500,163,SUV,AWD,5,japanese,suv,0.0281
JAC,J7,J7,2026,1500,169,Sedan,FWD,5,chinese,executive,0.0047
GAC,Emzoom,Emzoom,2026,1500,147,Crossover,FWD,5,chinese,crossover,0.004
GAC,Empow,Empow,2026,1500,174,Sedan,FWD,5,chinese,executive,0.004
Mazda,3,3,2026,1500,120,Sedan,FWD,5,japanese,family,0.0063
Dodge,Ram,Ram,2021,3600,305,Pickup,4WD,5,american,truck,0.0017
Geely,Coolray,Coolray,2026,1500,177,Crossover,FWD,5,chinese,crossover,0.0155
Toyota,Rush,Rush,2022,1500,104,SUV,FWD,7,japanese,suv,0.0303
Hyundai,Elantra MD,Elantra,2012,1600,120,Sedan,FWD,5,korean,family,0.0768
BMW,I3,I3,2024,0,170,Hatchback,RWD,4,european,city,0.0557
Mini,John Cooper,John Cooper,2021,2000,231,Hatchback,FWD,4,european,sport,0.0091
Haval,Jolion,Jolion,2022,1500,147,SUV,FWD,5,chinese,suv,0.0025
Jetour,Dashing,Dashing,2025,1500,156,Sedan,FWD,5,chinese,family,0.0067
Volkswagen,ID4,ID4,2025,0,204,SUV,FWD,5,european,suv,0.0389
Mercedes,GLA200,GLA,2026,1400,163,Crossover,FWD,5,european,luxury_suv,0.0745
Hyundai,Getz,Getz,2006,1400,97,Hatchback,FWD,5,korean,city,0.0768
Chery,Tiggo 8 Pro,Tiggo 8,2021,2000,254,SUV,FWD,7,chinese,suv,0.0253
Jetour,X95,X95,2023,2000,230,SUV,AWD,7,chinese,suv,0.0067
Haval,H6,H6,2025,1500,169,SUV,FWD,5,chinese,suv,0.0025
Skoda,Octavia A4,Octavia,1999,1500,150,Sedan,FWD,5,european,family,0.0311
Volkswagen,Beetle,Beetle,2003,1400,150,Coupe,FWD,4,european,sport,0.0389
Geely,Okavango,Okavango,2022,1500,190,SUV,AWD,7,chinese,suv,0.0155
Toyota,C-HR,C-HR,2022,1200,116,Crossover,FWD,5,japanese,crossover,0.0303
Mercedes,CLE200,CLE,2026,1600,156,Sedan,RWD,5,european,executive,0.0745
BYD,B2,B2,2025,0,218,Sedan,FWD,5,chinese,family,0.0141
Kaiyi,X7,X7,2026,2000,204,SUV,FWD,5,chinese,suv,0.0008
Mitsubishi,Outlander,Outlander,2026,2400,167,SUV,AWD,7,japanese,suv,0.0281
Ford,Fiesta,Fiesta,2010,1000,100,Hatchback,FWD,5,american,city,0.0136
BYD,Song Plus,Song Plus,2025,0,200,Sedan,FWD,5,chinese,family,0.0141
Mercedes,V250,V250,2026,2100,190,MPV,RWD,8,european,mpv,0.0745
BYD,Tang L,Tang L,2025,0,200,Sedan,FWD,5,chinese,family,0.0141
BYD,Seagull,Seagull,2025,0,200,Sedan,FWD,5,chinese,family,0.0141
Mitsubishi,Xpander,Xpander,2026,1500,105,MPV,FWD,7,japanese,mpv,0.0281
Hyundai,Elantra,Elantra,2011,1600,128,Sedan,FWD,5,korean,family,0.0768
Chery,Tiggo 7 Pro,Tiggo 7,2025,1500,156,SUV,FWD,5,chinese,suv,0.0253
BMW,330,3 Series,2023,2000,258,Sedan,RWD,5,european,executive,0.0557
Hyundai,Elantra HD,Elantra,2018,1600,122,Sedan,FWD,5,korean,family,0.0768
Nissan,Patrol,Patrol,2026,4000,275,SUV,4WD,8,japanese,luxury_suv,0.0316
Mercedes,GLC300,GLC,2022,2000,258,SUV,4WD,5,european,luxury_suv,0.0745
Peugeot,206,206,2004,1400,75,Hatchback,FWD,5,european,city,0.0339
Citroën,C4 Grand Picasso,C4 Grand Picasso,2012,1600,120,MPV,FWD,7,european,mpv,0.0151
Suzuki,Swift Dzire,Swift Dzire,2015,1200,83,Hatchback,FWD,5,japanese,city,0.0264
Chrysler,Town & Country,Town & Country,2013,3600,283,MPV,FWD,7,american,mpv,0.0017
Opel,Crossland,Crossland,2023,1200,110,Crossover,FWD,5,european,crossover,0.0274
Volkswagen,Golf 3,Golf,1992,1800,75,Hatchback,FWD,5,european,family,0.0389
Daewoo,Nubira 1,Nubira,1997,1600,100,Sedan,FWD,5,korean,family,0.0308
Skoda,Octavia A4,Octavia,2003,1500,150,Sedan,FWD,5,european,family,0.0311
Mini,Countryman,Countryman,2026,1500,136,Crossover,FWD,5,european,crossover,0.0091
BMW,520i,5 Series,2026,2000,184,Sedan,RWD,5,european,executive,0.0557
Porsche,Macan,Macan,2026,2000,265,Crossover,AWD,5,european,luxury_suv,0.0082
Seat,Ibiza,Ibiza,2018,1000,95,Hatchback,FWD,5,european,city,0.0196
Deepal,S 05,S 05,2026,0,218,SUV,FWD,5,chinese,suv,0.0008
BYD,L3,L3,2017,1500,107,Sedan,FWD,5,chinese,family,0.0141
Suzuki,Ciaz,Ciaz,2015,1500,105,Sedan,FWD,5,japanese,family,0.0264
Nissan,Sentra,Sentra,2014,1600,122,Sedan,FWD,5,japanese,family,0.0316
BMW,330,3 Series,2024,2000,258,Sedan,RWD,5,european,executive,0.0557
Honda,City,City,2013,1500,119,Sedan,FWD,5,japanese,family,0.0151
BMW,IX1,IX1,2025,0,313,Crossover,AWD,5,european,luxury_suv,0.0557
Renault,Sandero Stepway,Sandero,2013,1600,115,Hatchback,FWD,5,european,crossover,0.0417
Hyundai,Getz,Getz,2011,1400,97,Hatchback,FWD,5,korean,city,0.0768
Kia,Cerato Koup,Cerato,2010,1600,120,Sedan,FWD,5,korean,family,0.0577
Ford,Focus,Focus,2012,1500,150,Hatchback,FWD,5,american,family,0.0136
Chevrolet,Camaro,Camaro,2024,2000,275,Coupe,RWD,4,american,sport,0.0414
Cadillac,Escalade,Escalade,2026,6200,420,SUV,4WD,8,american,luxury_suv,0.0007
Hyundai,Elantra MD,Elantra,2015,1600,120,Sedan,FWD,5,korean,family,0.0768
Skoda,Felicia,Felicia,1996,1300,68,Hatchback,FWD,5,european,city,0.0311
Daewoo,Juliet,Juliet,2004,1600,100,Sedan,FWD,5,korean,family,0.0308
Avatr,07,07,2025,0,578,SUV,AWD,5,chinese,luxury_suv,0.0018
Mitsubishi,Lancer Puma,Lancer,2007,1600,113,Sedan,FWD,5,japanese,family,0.0281
Skoda,Octavia A4,Octavia,2002,1500,150,Sedan,FWD,5,european,family,0.0311
Seat,Cordoba,Cordoba,2002,1600,100,Sedan,FWD,5,european,family,0.0196
Suzuki,Vitara,Vitara,2021,1400,140,SUV,AWD,5,japanese,suv,0.0264
Kia,Soul,Soul,2012,1600,130,Crossover,FWD,5,korean,crossover,0.0577
Mercedes,G63,G63,2025,4000,577,SUV,4WD,5,european,luxury_suv,0.0745
Jetour,X70S,X70S,2024,1500,156,SUV,FWD,5,chinese,suv,0.0067
Hyundai,Elantra HD,Elantra,2023,1600,122,Sedan,FWD,5,korean,family,0.0768
Mitsubishi,Xpander,Xpander,2024,1500,105,MPV,FWD,7,japanese,mpv,0.0281
Skoda,Octavia A8,Octavia,2022,1500,150,Sedan,FWD,5,european,family,0.0311
Hyundai,IX35,IX35,2016,1600,120,SUV,FWD,5,korean,suv,0.0768
Land Rover,Discovery,Discovery,2005,2000,249,SUV,4WD,7,european,luxury_suv,0.0108
Volkswagen,Touareg,Touareg,2025,3000,282,SUV,AWD,5,european,luxury_suv,0.0389
Chevrolet,T-Series,T-Series,2015,1600,110,Sedan,FWD,5,american,family,0.0414
BAIC,X3,X3,2023,1500,109,Crossover,FWD,5,chinese,crossover,0.0047
BMW,525,5 Series,2009,2500,218,Sedan,RWD,5,european,executive,0.0557
Daewoo,Nubira 2,Nubira,2001,1600,100,Sedan,FWD,5,korean,family,0.0308
Nissan,Sentra,Sentra,2022,1600,122,Sedan,FWD,5,japanese,family,0.0316
Mercedes,AMG,AMG,2026,4000,510,Sedan,AWD,5,european,sport,0.0745
Hyundai,Grand i10,Grand i10,2017,1200,84,Hatchback,FWD,5,korean,city,0.0768
Peugeot,2008,2008,2015,1200,130,Crossover,FWD,5,european,crossover,0.0339
BMW,Z4,Z4,2023,2000,197,Convertible,RWD,2,european,sport,0.0557
Mercedes,C300,C-Class,2022,2000,258,Sedan,RWD,5,european,executive,0.0745
BMW,530,5 Series,2024,2000,258,Sedan,RWD,5,european,executive,0.0557
Peugeot,2008,2008,2016,1200,130,Crossover,FWD,5,european,crossover,0.0339
Land Rover,Defender,Defender,2021,2000,300,SUV,4WD,5,european,luxury_suv,0.0108
Mercedes,GLE,GLE,2025,1600,156,SUV,AWD,5,european,luxury_suv,0.0745
Skoda,Octavia A7,Octavia,2014,1500,150,Sedan,FWD,5,european,family,0.0311
GMC,Yukon,Yukon,2024,5300,355,SUV,4WD,9,american,luxury_suv,0.002
Audi,Q3,Q3,2022,1500,150,SUV,FWD,5,european,luxury_suv,0.0141
Speranza,Tiggo,Tiggo,2017,1300,70,Hatchback,FWD,5,chinese,city,0.0146
Fiat,500X,500X,2019,1400,80,Crossover,FWD,5,european,crossover,0.0447
Chevrolet,N300,N300,2015,1600,110,Sedan,FWD,5,american,family,0.0414
Volkswagen,Golf 6,Golf,2024,1400,122,Hatchback,FWD,5,european,family,0.0389
BMW,X5 M,X5,2020,4400,617,SUV,AWD,7,european,luxury_suv,0.0557
Toyota,BZ3,BZ3,2025,0,218,Sedan,FWD,5,japanese,family,0.0303
Fiat,Regata,Regata,1989,1600,90,Sedan,FWD,5,european,family,0.0447
Toyota,Rush,Rush,2020,1500,104,SUV,FWD,7,japanese,suv,0.0303
Volvo,S60,S60,2016,2000,197,Sedan,FWD,5,european,luxury,0.0038
Mitsubishi,Xpander,Xpander,2021,1500,105,MPV,FWD,7,japanese,mpv,0.0281
Seat,Ateca,Ateca,2026,1500,150,SUV,FWD,5,european,suv,0.0196
Chery,Tiggo 7 Pro Max,Tiggo 7,2026,1500,113,SUV,FWD,5,chinese,suv,0.0253
Mini,Cooper,Cooper,2024,1500,136,Hatchback,FWD,4,european,city,0.0091
BMW,523,5 Series,2011,2500,177,Sedan,RWD,5,european,executive,0.0557
Hyundai,Sonata,Sonata,2010,2000,154,Sedan,FWD,5,korean,executive,0.0768
Hyundai,Avante,Avante,2005,1600,120,Sedan,FWD,5,korean,family,0.0768
Hyundai,Atos,Atos,2011,1000,57,Hatchback,FWD,5,korean,city,0.0768
Daewoo,Nubira 2,Nubira,2009,1600,100,Sedan,FWD,5,korean,family,0.0308
Subaru,Impreza,Impreza,2013,2000,154,Sedan,AWD,5,japanese,family,0.0053
Citroën,C3,C3,2020,1200,83,Hatchback,FWD,5,european,city,0.0151
Daewoo,Lanos 2,Lanos,2006,1500,86,Sedan,FWD,5,korean,city,0.0308
Toyota,Land Cruiser,Land Cruiser,2020,4000,271,SUV,4WD,8,japanese,luxury_suv,0.0303
Renault,Captur,Captur,2018,1000,90,Crossover,FWD,5,european,crossover,0.0417
Hyundai,Accent RB,Accent,2022,1600,123,Sedan,FWD,5,korean,city,0.0768
Peugeot,2008,2008,2021,1200,130,Crossover,FWD,5,european,crossover,0.0339
BAIC,X55,X55,2025,1500,150,SUV,FWD,5,chinese,suv,0.0047
Nissan,Sentra,Sentra,2020,1600,122,Sedan,FWD,5,japanese,family,0.0316
Hyundai,Accent RB,Accent,2019,1600,123,Sedan,FWD,5,korean,city,0.0768
GMC,Hummer EV,Hummer EV,2025,0,1000,Pickup,AWD,5,american,truck,0.002
Zeekr,7X,7X,2026,0,475,SUV,AWD,5,chinese,suv,0.0035
Suzuki,Baleno,Baleno,2026,1200,90,Hatchback,FWD,5,japanese,city,0.0264
Toyota,Prado,Prado,2009,2700,163,SUV,4WD,7,japanese,luxury_suv,0.0303
Toyota,Rush,Rush,2019,1500,104,SUV,FWD,7,japanese,suv,0.0303
Citroën,C4 Grand Picasso,C4 Grand Picasso,2014,1600,120,MPV,FWD,7,european,mpv,0.0151
BMW,3 Series,3 Series,2005,2000,184,Sedan,RWD,5,european,executive,0.0557
Chery,Tiggo 8 Pro,Tiggo 8,2023,2000,254,SUV,FWD,7,chinese,suv,0.0253
Nissan,Sentra,Sentra,2024,1600,122,Sedan,FWD,5,japanese,family,0.0316
Mercedes,GLC200,GLC,2026,1500,197,SUV,4WD,5,european,luxury_suv,0.0745
Toyota,Land Cruiser,Land Cruiser,2008,4000,271,SUV,4WD,8,japanese,luxury_suv,0.0303
Ford,Focus,Focus,2013,1500,150,Hatchback,FWD,5,american,family,0.0136
Mitsubishi,Lancer Crystala,Lancer,1999,1600,113,Sedan,FWD,5,japanese,family,0.0281
Volkswagen,ID4,ID4,2024,0,204,SUV,FWD,5,european,suv,0.0389
BYD,Destroyer 05,Destroyer 05,2025,1500,425,Sedan,FWD,5,chinese,executive,0.0141
Deepal,S 05,S 05,2025,0,218,SUV,FWD,5,chinese,suv,0.0008
Porsche,911,911,2025,3000,385,Coupe,RWD,4,european,sport,0.0082
Hyundai,IX35,IX35,2013,1600,120,SUV,FWD,5,korean,suv,0.0768
Mercedes,Viano,Viano,2021,1600,156,Van,RWD,8,european,van,0.0745
Citroën,C Elysee,C Elysee,2014,1200,82,Sedan,FWD,5,european,family,0.0151
Nissan,Juke,Juke,2017,1000,117,Crossover,FWD,5,japanese,crossover,0.0316
Chery,Tiggo 8 Pro,Tiggo 8,2025,2000,254,SUV,FWD,7,chinese,suv,0.0253
Peugeot,301,301,2016,1200,82,Sedan,FWD,5,european,family,0.0339
Honda,ZRV,ZRV,2025,1500,120,Sedan,FWD,5,japanese,family,0.0151
Volvo,XC90,XC90,2026,2000,300,SUV,AWD,7,european,luxury_suv,0.0038
Hyundai,Elantra CN7,Elantra,2022,1600,128,Sedan,FWD,5,korean,family,0.0768
Hyundai,Matrix,Matrix,2011,1600,120,MPV,FWD,5,korean,mpv,0.0768
Hyundai,Accent RB,Accent,2012,1600,123,Sedan,FWD,5,korean,city,0.0768
Volkswagen,ID6,ID6,2024,0,204,SUV,AWD,7,european,suv,0.0389
Geely,Emgrand 7,Emgrand 7,2019,1800,132,Sedan,FWD,5,chinese,family,0.0155
BMW,I3,I3,2026,0,170,Hatchback,RWD,4,european,city,0.0557
Chery,Arrizo 5 Pro,Arrizo 5,2026,1500,147,Sedan,FWD,5,chinese,family,0.0253
Mercedes,GLC43,GLC,2025,1600,156,Sedan,RWD,5,european,executive,0.0745
SsangYong,Torres,Torres,2026,1500,170,SUV,FWD,5,korean,suv,0.0028
Mini,Countryman S,Countryman,2011,2000,178,Crossover,AWD,5,european,crossover,0.0091
BAIC,U5 Plus,U5 Plus,2025,1500,109,Sedan,FWD,5,chinese,family,0.0047
Opel,Corsa,Corsa,2026,1200,75,Hatchback,FWD,5,european,city,0.0274
BAIC,X55,X55,2026,1500,150,SUV,FWD,5,chinese,suv,0.0047
Skoda,Octavia A4,Octavia,2006,1500,150,Sedan,FWD,5,european,family,0.0311
Seat,Arona,Arona,2021,1000,95,Crossover,FWD,5,european,crossover,0.0196
JAC,S2,S2,2024,1500,109,Crossover,FWD,5,chinese,crossover,0.0047
Daihatsu,Sirion,Sirion,2009,1000,58,Hatchback,FWD,5,japanese,city,0.0085
MG,350,350,2014,1500,106,Sedan,FWD,5,chinese,family,0.017
Mitsubishi,Lancer Puma,Lancer,2012,1600,113,Sedan,FWD,5,japanese,family,0.0281
Daihatsu,Terios,Terios,2000,1500,105,SUV,4WD,5,japanese,suv,0.0085
Changan,Alsvin,Alsvin,2016,1500,109,Sedan,FWD,5,chinese,family,0.0077
Renault,Duster,Duster,2012,1600,114,Crossover,FWD,5,european,crossover,0.0417
Hyundai,Avante,Avante,2012,1600,120,Sedan,FWD,5,korean,family,0.0768
GMC,Yukon,Yukon,2026,5300,355,SUV,4WD,9,american,luxury_suv,0.002
Mercedes,CLS,CLS,2005,1600,156,Coupe,RWD,5,european,sport,0.0745
Seat,Toledo,Toledo,2015,1600,105,Sedan,FWD,5,european,family,0.0196
Toyota,Land Cruiser,Land Cruiser,2014,4000,271,SUV,4WD,8,japanese,luxury_suv,0.0303
Hyundai,Santa Fe,Santa Fe,2026,2000,186,SUV,AWD,7,korean,suv,0.0768
Hyundai,Elantra,Elantra,2010,1600,128,Sedan,FWD,5,korean,family,0.0768
Changan,Alsvin,Alsvin,2022,1500,109,Sedan,FWD,5,chinese,family,0.0077
Changan,CS35,CS35,2016,1500,113,SUV,FWD,5,chinese,suv,0.0077
Kia,Sportage,Sportage,2016,1600,177,SUV,FWD,5,korean,suv,0.0577
Proton,Persona,Persona,2014,1600,110,Sedan,FWD,5,other,family,0.0096
Mercedes,E280,E-Class,2006,3000,231,Sedan,RWD,5,european,executive,0.0745
Kia,Rio,Rio,2011,1400,100,Sedan,FWD,5,korean,city,0.0577
Subaru,Impreza,Impreza,2014,2000,154,Sedan,AWD,5,japanese,family,0.0053
Mercedes,EQE500,EQ,2023,0,402,Sedan,AWD,5,european,executive,0.0745
Brilliance,V5,V5,2014,1500,150,SUV,FWD,5,chinese,suv,0.0068
Volkswagen,Parati,Parati,2006,1400,130,Sedan,FWD,5,european,family,0.0389
Jeep,Grand Cherokee,Grand Cherokee,2006,3600,293,SUV,4WD,5,american,luxury_suv,0.0176
Daewoo,Lanos 2,Lanos,2007,1500,86,Sedan,FWD,5,korean,city,0.0308
Mercedes,E300,E-Class,2025,2000,258,Sedan,RWD,5,european,executive,0.0745
Chery,Tiggo 4,Tiggo 4,2025,1500,147,SUV,FWD,5,chinese,suv,0.0253
Honda,Civic,Civic,1985,1500,182,Sedan,FWD,5,japanese,family,0.0151
Chevrolet,N300,N300,2016,1600,110,Sedan,FWD,5,american,family,0.0414
Mercedes,200,200,2008,2000,136,Sedan,RWD,5,european,executive,0.0745
Volkswagen,Tiguan,Tiguan,2015,1400,150,SUV,FWD,5,european,suv,0.0389
Haval,Jolion,Jolion,2026,1500,147,SUV,FWD,5,chinese,suv,0.0025
Geely,Starray,Starray,2026,1500,110,MPV,FWD,7,chinese,mpv,0.0155
GAC,Empow,Empow,2024,1500,174,Sedan,FWD,5,chinese,executive,0.004
Hyundai,Avante,Avante,2007,1600,120,Sedan,FWD,5,korean,family,0.0768
JAC,J7,J7,2022,1500,169,Sedan,FWD,5,chinese,executive,0.0047
Ford,Kuga,Kuga,2019,1600,125,Sedan,FWD,5,american,family,0.0136
Suzuki,Ciaz,Ciaz,2016,1500,105,Sedan,FWD,5,japanese,family,0.0264
Renault,Sandero Stepway,Sandero,2014,1600,115,Hatchback,FWD,5,european,crossover,0.0417
Skoda,Octavia A4,Octavia,2008,1500,150,Sedan,FWD,5,european,family,0.0311
Geely,GX3 Pro,GX3 Pro,2024,1500,110,Sedan,FWD,5,chinese,family,0.0155
Mercedes,V250,V250,2023,2100,190,MPV,RWD,8,european,mpv,0.0745
Peugeot,2008,2008,2017,1200,130,Crossover,FWD,5,european,crossover,0.0339
Nissan,Sunny,Sunny,2004,1600,110,Sedan,FWD,5,japanese,family,0.0316
Hyundai,Elantra HD,Elantra,2021,1600,122,Sedan,FWD,5,korean,family,0.0768
Skoda,Superb,Superb,2025,1800,180,Sedan,FWD,5,european,executive,0.0311
Jaguar,F-Pace,F-Pace,2019,2000,250,SUV,AWD,5,european,luxury_suv,0.0023
Daewoo,Juliet,Juliet,2001,1600,100,Sedan,FWD,5,korean,family,0.0308
Daewoo,Nubira 2,Nubira,2006,1600,100,Sedan,FWD,5,korean,family,0.0308
Daewoo,Lanos 2,Lanos,2004,1500,86,Sedan,FWD,5,korean,city,0.0308
Jetour,X70S,X70S,2021,1500,156,SUV,FWD,5,chinese,suv,0.0067
Renault,Megane,Megane,2025,1500,115,Hatchback,FWD,5,european,family,0.0417
Haval,Jolion Pro,Jolion Pro,2026,1500,169,SUV,FWD,5,chinese,suv,0.0025
Renault,Kadjar,Kadjar,2016,1600,163,SUV,FWD,5,european,suv,0.0417
Opel,Corsa,Corsa,2025,1200,75,Hatchback,FWD,5,european,city,0.0274
Toyota,Rush,Rush,2023,1500,104,SUV,FWD,7,japanese,suv,0.0303
Subaru,Impreza,Impreza,2006,1498,107,Sedan,AWD,5,japanese,family,0.0053
Kia,Ceed,Ceed,2018,1600,128,Hatchback,FWD,5,korean,family,0.0577
Kia,Carnival,Carnival,2026,2200,202,MPV,FWD,8,korean,mpv,0.0577
Kia,Forte,Forte,2010,1600,120,Sedan,FWD,5,korean,family,0.0577
Jetour,X90 Plus,X90 Plus,2024,1598,197,SUV,FWD,7,chinese,suv,0.0067
Jeep,Liberty,Liberty,2007,2400,150,SUV,4WD,5,american,suv,0.0176
BYD,Sealion 6,Sealion 6,2026,0,200,Sedan,FWD,5,chinese,family,0.0141
Avatr,11,11,2026,0,425,SUV,AWD,5,chinese,luxury_suv,0.0018
Hyundai,Atos,Atos,2005,1000,57,Hatchback,FWD,5,korean,city,0.0768
BMW,X5,X5,2007,3000,340,SUV,AWD,7,european,luxury_suv,0.0557
Mercedes,180,180,2022,1800,122,Sedan,RWD,5,european,executive,0.0745
Avatr,12,12,2026,0,578,Sedan,AWD,5,chinese,luxury,0.0018
Hyundai,IX35,IX35,2015,1600,120,SUV,FWD,5,korean,suv,0.0768
Hyundai,Accent HCI,Accent,2021,1500,100,Hatchback,FWD,5,korean,city,0.0768
Avatr,12,12,2024,0,578,Sedan,AWD,5,chinese,luxury,0.0018
Kia,K4,K4,2017,1600,120,Sedan,FWD,5,korean,family,0.0577
Tesla,Model Y,Model Y,2025,0,283,SUV,RWD,5,american,suv,0.0037
Hyundai,Getz,Getz,2007,1400,97,Hatchback,FWD,5,korean,city,0.0768
Mitsubishi,Lancer Puma,Lancer,2006,1600,113,Sedan,FWD,5,japanese,family,0.0281
Land Rover,Range Rover,Range Rover,2025,3000,400,SUV,4WD,5,european,luxury_suv,0.0108
Daihatsu,Terios,Terios,2015,1500,105,SUV,4WD,5,japanese,suv,0.0085
Kia,K3,K3,2015,1600,120,Sedan,FWD,5,korean,family,0.0577
Jeep,Grand Cherokee,Grand Cherokee,2008,3600,293,SUV,4WD,5,american,luxury_suv,0.0176
Citroën,C Elysee,C Elysee,2019,1200,82,Sedan,FWD,5,european,family,0.0151
Chery,Tiggo 7 Pro,Tiggo 7,2024,1500,156,SUV,FWD,5,chinese,suv,0.0253
Volkswagen,T-Roc,T-Roc,2024,1000,115,Crossover,FWD,5,european,crossover,0.0389
Mitsubishi,Eclipse Cross,Eclipse Cross,2019,1500,163,SUV,AWD,5,japanese,suv,0.0281
Land Rover,Range Rover Evoque,Range Rover,2021,1500,249,Crossover,AWD,5,european,luxury_suv,0.0108
Chevrolet,Malibu,Malibu,2021,1500,163,Sedan,FWD,5,american,executive,0.0414
Renault,Duster,Duster,2014,1600,114,Crossover,FWD,5,european,crossover,0.0417
BMW,520i,5 Series,2002,2000,184,Sedan,RWD,5,european,executive,0.0557
Renault,Duster,Duster,2023,1600,114,Crossover,FWD,5,european,crossover,0.0417
Peugeot,2008,2008,2020,1200,130,Crossover,FWD,5,european,crossover,0.0339
Mercedes,C180,C-Class,1993,1600,156,Sedan,RWD,5,european,executive,0.0745
Kia,Ceed,Ceed,2017,1600,128,Hatchback,FWD,5,korean,family,0.0577
Volkswagen,Golf 6,Golf,2003,1400,122,Hatchback,FWD,5,european,family,0.0389
Mini,Cooper,Cooper,2026,1500,136,Hatchback,FWD,4,european,city,0.0091
Daihatsu,Terios,Terios,2012,1500,105,SUV,4WD,5,japanese,suv,0.0085
Citroën,C4,C4,2013,1200,130,Hatchback,FWD,5,european,family,0.0151
Fiat,Linea,Linea,2016,1600,120,Sedan,FWD,5,european,family,0.0447
Volkswagen,Touareg,Touareg,2026,3000,282,SUV,AWD,5,european,luxury_suv,0.0389
Chery,Tiggo 3,Tiggo 3,2019,1500,113,SUV,FWD,5,chinese,suv,0.0253
Skoda,Octavia Combi,Octavia,2009,1500,150,Sedan,FWD,5,european,family,0.0311
Volkswagen,Golf 7,Golf,2018,1400,150,Hatchback,FWD,5,european,family,0.0389
Kia,Sorento,Sorento,2026,2400,173,SUV,AWD,7,korean,suv,0.0577
Porsche,Panamera,Panamera,2020,3000,330,Sedan,AWD,4,european,luxury,0.0082
Chevrolet,Pickup,Pickup,2002,1600,110,Sedan,FWD,5,american,family,0.0414
Hyundai,Excel,Excel,1988,1600,120,Sedan,FWD,5,korean,family,0.0768
SsangYong,Torres,Torres,2026,1500,170,SUV,FWD,5,korean,suv,0.0008
Volkswagen,T-Roc,T-Roc,2023,1000,115,Crossover,FWD,5,european,crossover,0.0389
BMW,X2,X2,2019,1500,136,Crossover,FWD,5,european,luxury_suv,0.0557
Geely,Coolray,Coolray,2024,1500,177,Crossover,FWD,5,chinese,crossover,0.0155
Mercedes,GLA,GLA,2025,1400,163,Crossover,FWD,5,european,luxury_suv,0.0745
Hyundai,Accent RB,Accent,2002,1600,123,Sedan,FWD,5,korean,city,0.0768
SsangYong,Tivoli XLV,Tivoli,2019,1500,163,SUV,FWD,5,korean,suv,0.0028
Changan,Eado,Eado,2026,1500,156,Sedan,FWD,5,chinese,family,0.0077
Toyota,Fortuner,Fortuner,2019,2700,166,SUV,4WD,7,japanese,suv,0.0303
Toyota,Yaris,Yaris,2011,1500,107,Hatchback,FWD,5,japanese,city,0.0303
Fiat,Linea,Linea,2017,1600,120,Sedan,FWD,5,european,family,0.0447
Mercedes,E230,E-Class,1990,1600,156,Sedan,RWD,5,european,executive,0.0745
Volkswagen,Golf 6,Golf,2010,1400,122,Hatchback,FWD,5,european,family,0.0389
Hyundai,Elantra AD,Elantra,2020,1600,128,Sedan,FWD,5,korean,family,0.0768
Kia,Cerato Koup,Cerato,2012,1600,120,Sedan,FWD,5,korean,family,0.0577
BMW,330,3 Series,2010,2000,258,Sedan,RWD,5,european,executive,0.0557
BMW,318i,3 Series,2001,2000,136,Sedan,RWD,5,european,executive,0.0557
Kia,Carens,Carens,2025,1600,130,MPV,FWD,7,korean,mpv,0.0577
Mazda,3,3,2020,1500,120,Sedan,FWD,5,japanese,family,0.0063
BYD,Seagull,Seagull,2024,0,200,Sedan,FWD,5,chinese,family,0.0141
BMW,316,3 Series,2007,1600,116,Sedan,RWD,5,european,executive,0.0557
Volkswagen,Golf 6,Golf,2019,1400,122,Hatchback,FWD,5,european,family,0.0389
Jetour,T1,T1,2025,1500,156,Crossover,FWD,5,chinese,crossover,0.0067
Kia,Sephia,Sephia,2001,1600,120,Sedan,FWD,5,korean,family,0.0577
Ford,Fiesta,Fiesta,2012,1000,100,Hatchback,FWD,5,american,city,0.0136
Jeep,Grand Cherokee,Grand Cherokee,1999,3600,293,SUV,4WD,5,american,luxury_suv,0.0176
Skoda,Octavia A8,Octavia,2024,1395,150,Sedan,FWD,5,european,family,0.0311
Mercedes,C250,C-Class,2011,1800,204,Sedan,RWD,5,european,executive,0.0745
Peugeot,5008,5008,2025,1200,130,SUV,FWD,7,european,suv,0.0339
Daihatsu,Charade,Charade,1990,1000,56,Hatchback,FWD,5,japanese,city,0.0085
Mercedes,200,200,1997,2000,136,Sedan,RWD,5,european,executive,0.0745
Hyundai,Avante,Avante,2014,1600,120,Sedan,FWD,5,korean,family,0.0768
Seat,Ibiza,Ibiza,1990,1000,95,Hatchback,FWD,5,european,city,0.0196
Speranza,Chery QQ,Chery QQ,2009,1300,70,Hatchback,FWD,5,chinese,city,0.0146
Kia,Sephia,Sephia,1995,1600,120,Sedan,FWD,5,korean,family,0.0577
Mini,Cooper,Cooper,2017,1500,136,Hatchback,FWD,4,european,city,0.0091
Kia,Grand Cerato,Cerato,2019,1600,120,Sedan,FWD,5,korean,family,0.0577
MG,6,6,2019,1500,169,Sedan,FWD,5,chinese,executive,0.017
Hyundai,I10,I10,2016,1000,67,Hatchback,FWD,5,korean,city,0.0768
BMW,IX1,IX1,2026,0,313,Crossover,AWD,5,european,luxury_suv,0.0557
Audi,A5,A5,2026,2000,190,Coupe,AWD,4,european,executive,0.0141
Brilliance,V5,V5,2017,1500,150,SUV,FWD,5,chinese,suv,0.0068
Kia,Grand Cerato,Cerato,2021,1600,120,Sedan,FWD,5,korean,family,0.0577
Land Rover,Defender,Defender,2024,2000,300,SUV,4WD,5,european,luxury_suv,0.0108
Hyundai,Bayon,Bayon,2022,1600,120,Crossover,FWD,5,korean,crossover,0.0768
Kia,Soul,Soul,2016,1600,130,Crossover,FWD,5,korean,crossover,0.0577
Proton,Gen-2,Gen-2,2011,1600,110,Hatchback,FWD,5,other,family,0.0096
Mitsubishi,Mirage,Mirage,2026,1600,113,Hatchback,FWD,5,japanese,city,0.0281
JAC,S2,S2,2019,1500,109,Crossover,FWD,5,chinese,crossover,0.0047
Jeep,Grand Cherokee 4xe,Grand Cherokee,2010,2000,375,SUV,4WD,5,american,luxury_suv,0.0176
Mercedes,A200,A-Class,2024,1400,163,Hatchback,FWD,5,european,executive,0.0745
Mitsubishi,Lancer Crystala,Lancer,1998,1600,113,Sedan,FWD,5,japanese,family,0.0281
Mercedes,V250,V250,2025,2100,190,MPV,RWD,8,european,mpv,0.0745
Land Rover,Range Rover Evoque,Range Rover,2012,1500,249,Crossover,AWD,5,european,luxury_suv,0.0108
Suzuki,Vitara,Vitara,2002,1400,140,SUV,AWD,5,japanese,suv,0.0264
Mercedes,500,500,2025,4700,435,Sedan,RWD,5,european,luxury,0.0745
Kia,K4,K4,2016,1600,120,Sedan,FWD,5,korean,family,0.0577
Hyundai,Elantra HD,Elantra,2009,1600,122,Sedan,FWD,5,korean,family,0.0768
Mercedes,E280,E-Class,2007,3000,231,Sedan,RWD,5,european,executive,0.0745
Chevrolet,Captiva,Captiva,2025,1500,150,SUV,FWD,7,american,suv,0.0414
DS,DS7,DS7,2024,1600,225,SUV,AWD,5,european,luxury_suv,0.0015
Volkswagen,Beetle,Beetle,2014,1400,150,Coupe,FWD,4,european,sport,0.0389
Mercedes,GLS,GLS,2025,1600,156,SUV,AWD,5,european,luxury_suv,0.0745
Peugeot,2008,2008,2019,1200,130,Crossover,FWD,5,european,crossover,0.0339
Jetour,Dashing,Dashing,2024,1500,156,Sedan,FWD,5,chinese,family,0.0067
Hyundai,Sonata,Sonata,2025,2000,154,Sedan,FWD,5,korean,executive,0.0768
Volkswagen,Passat,Passat,2026,1800,150,Sedan,FWD,5,european,executive,0.0389
BMW,M4,M4,2025,3000,510,Coupe,RWD,4,european,sport,0.0557
Kaiyi,X7,X7,2025,2000,204,SUV,FWD,5,chinese,suv,0.0008
Jaguar,F-Pace,F-Pace,2022,2000,250,SUV,AWD,5,european,luxury_suv,0.0023
Seat,Arona,Arona,2025,1000,95,Crossover,FWD,5,european,crossover,0.0196
Toyota,Prado,Prado,2015,2700,163,SUV,4WD,7,japanese,luxury_suv,0.0303
Chery,Arrizo 8,Arrizo 8,2025,2000,197,Sedan,FWD,5,chinese,executive,0.0253
Jeep,Cherokee,Cherokee,2025,2400,184,SUV,4WD,5,american,suv,0.0176
GMC,Terrain,Terrain,2023,1500,170,SUV,AWD,5,american,suv,0.002
MG,6,6,2023,1500,169,Sedan,FWD,5,chinese,executive,0.017
Kia,K3,K3,2022,1600,120,Sedan,FWD,5,korean,family,0.0577
Audi,Q3,Q3,2025,1500,150,SUV,FWD,5,european,luxury_suv,0.0141
Mini,Countryman,Countryman,2016,1500,136,Crossover,FWD,5,european,crossover,0.0091
Hyundai,Grand i10,Grand i10,2015,1200,84,Hatchback,FWD,5,korean,city,0.0768
SsangYong,Torres,Torres,2023,1500,170,SUV,FWD,5,korean,suv,0.0028
Mitsubishi,Lancer EX Shark,Lancer,2017,1600,113,Sedan,FWD,5,japanese,family,0.0281
Volkswagen,Golf,Golf,2018,1400,150,Hatchback,FWD,5,european,family,0.0389
Jeep,Grand Cherokee,Grand Cherokee,2012,3600,293,SUV,4WD,5,american,luxury_suv,0.0176
Mercedes,GT43,GT43,2025,1600,156,Coupe,RWD,5,european,sport,0.0745
Volkswagen,Golf 4,Golf,1999,1600,100,Hatchback,FWD,5,european,family,0.0389
Nissan,Qashqai,Qashqai,2010,1500,163,SUV,FWD,5,japanese,suv,0.0316
Jetour,X70S,X70S,2022,1500,156,SUV,FWD,5,chinese,suv,0.0067
Kia,Shuma,Shuma,2008,1600,120,Sedan,FWD,5,korean,family,0.0577
Changan,CS55,CS55,2022,1500,156,SUV,FWD,5,chinese,suv,0.0077
Toyota,Land Cruiser,Land Cruiser,2012,4000,271,SUV,4WD,8,japanese,luxury_suv,0.0303
Nissan,Tiida,Tiida,2014,1600,110,Sedan,FWD,5,japanese,family,0.0316
Skoda,Fabia,Fabia,2008,1000,95,Hatchback,FWD,5,european,city,0.0311
Mitsubishi,Attrage,Attrage,2018,1200,78,Sedan,FWD,5,japanese,city,0.0281
Jeep,Grand Cherokee,Grand Cherokee,2010,3600,293,SUV,4WD,5,american,luxury_suv,0.0176
BMW,IX3,IX3,2013,0,286,SUV,RWD,5,european,luxury_suv,0.0557
SsangYong,Torres,Torres,2025,1500,170,SUV,FWD,5,korean,suv,0.0028
Geely,Emgrand,Emgrand,2025,1500,107,Sedan,FWD,5,chinese,family,0.0155
Volvo,XC90,XC90,2011,2000,300,SUV,AWD,7,european,luxury_suv,0.0038
Hyundai,Excel,Excel,1994,1600,120,Sedan,FWD,5,korean,family,0.0768
Jeep,Grand Cherokee,Grand Cherokee,2001,3600,293,SUV,4WD,5,american,luxury_suv,0.0176
Citroën,C5 Aircross,C5 Aircross,2023,1200,130,SUV,FWD,5,european,suv,0.0151
Chevrolet,N300,N300,2023,1600,110,Sedan,FWD,5,american,family,0.0414
Hyundai,Elantra HD,Elantra,2022,1600,122,Sedan,FWD,5,korean,family,0.0768
Mercedes,CLA180,CLA,2019,1400,136,Coupe,FWD,5,european,sport,0.0745
Kia,Carens,Carens,2015,1600,130,MPV,FWD,7,korean,mpv,0.0577
Daewoo,Nubira 1,Nubira,1998,1600,100,Sedan,FWD,5,korean,family,0.0308
Chery,Envy,Envy,2014,1500,113,Sedan,FWD,5,chinese,family,0.0253
Mitsubishi,Xpander Cross,Xpander Cross,2025,1600,113,MPV,FWD,7,japanese,mpv,0.0281
Daewoo,Lanos 2,Lanos,2001,1500,86,Sedan,FWD,5,korean,city,0.0308
Hyundai,Accent RB,Accent,2025,1600,123,Sedan,FWD,5,korean,city,0.0768
Geely,Emgrand 7,Emgrand 7,2018,1800,132,Sedan,FWD,5,chinese,family,0.0155
BMW,X6 M,X6,2016,4400,617,SUV,AWD,5,european,luxury_suv,0.0557
Mitsubishi,Lancer Puma,Lancer,2009,1600,113,Sedan,FWD,5,japanese,family,0.0281
Toyota,Corolla,Corolla,2003,1600,122,Sedan,FWD,5,japanese,family,0.0303
Nissan,Juke,Juke,2020,1000,117,Crossover,FWD,5,japanese,crossover,0.0316
Peugeot,5008,5008,2023,1200,130,SUV,FWD,7,european,suv,0.0339
BAIC,EU5 Plus,EU5 Plus,2025,0,163,Sedan,FWD,5,chinese,family,0.0047
Isuzu,D-Max,D-Max,2026,3000,163,Pickup,4WD,5,japanese,truck,0.0008
BMW,X5 M,X5,2017,4400,617,SUV,AWD,7,european,luxury_suv,0.0557
Renault,Kardian,Kardian,2025,1600,100,Crossover,FWD,5,european,crossover,0.0417
Hyundai,Elantra CN7,Elantra,2023,1600,128,Sedan,FWD,5,korean,family,0.0768
Mercedes,C180,C-Class,2004,1600,156,Sedan,RWD,5,european,executive,0.0745
Honda,City,City,2019,1500,119,Sedan,FWD,5,japanese,family,0.0151
Citroën,C5,C5,2016,1600,120,Sedan,FWD,5,european,executive,0.0151
Jaguar,XE,XE,2021,2000,250,Sedan,RWD,5,european,luxury,0.0023
Mercedes,A200,A-Class,2019,1400,163,Hatchback,FWD,5,european,executive,0.0745
Chery,Tiggo 8,Tiggo 8,2022,1500,197,SUV,FWD,7,chinese,suv,0.0253
GMC,Yukon,Yukon,2025,5300,355,SUV,4WD,9,american,luxury_suv,0.002
Suzuki,Swift Dzire,Swift Dzire,2023,1200,83,Hatchback,FWD,5,japanese,city,0.0264
Porsche,Cayenne S,Cayenne,2016,4000,440,SUV,AWD,5,european,luxury_suv,0.0082
Hyundai,I30,I30,2017,1600,120,Sedan,FWD,5,korean,family,0.0768
Mitsubishi,Pajero,Pajero,2006,3000,178,SUV,4WD,7,japanese,suv,0.0281
Hyundai,Avante,Avante,2021,1600,120,Sedan,FWD,5,korean,family,0.0768
Hyundai,XD,XD,2004,1600,120,Sedan,FWD,5,korean,family,0.0768
Skoda,Rapid,Rapid,2015,1500,150,Sedan,FWD,5,european,family,0.0311
JAC,S2,S2,2025,1500,109,Crossover,FWD,5,chinese,crossover,0.0047
Volkswagen,Golf 6,Golf,2014,1400,122,Hatchback,FWD,5,european,family,0.0389
BMW,528,5 Series,2014,2000,245,Sedan,RWD,5,european,executive,0.0557
Proton,Persona,Persona,2015,1600,110,Sedan,FWD,5,other,family,0.0096
Speranza,Chery QQ,Chery QQ,2006,1300,70,Hatchback,FWD,5,chinese,city,0.0146
Skoda,Karoq,Karoq,2022,1500,150,SUV,FWD,5,european,suv,0.0311
Opel,Astra,Astra,2011,1400,150,Hatchback,FWD,5,european,family,0.0274
Renault,Austral,Austral,2026,1300,158,SUV,FWD,5,european,suv,0.0417
Alfa Romeo,Giulietta,Giulietta,2021,1400,150,Hatchback,FWD,5,european,executive,0.0018
Fiat,Tempra,Tempra,1990,1600,90,Sedan,FWD,5,european,family,0.0447
Chery,Tiggo 7 Pro,Tiggo 7,2023,1500,156,SUV,FWD,5,chinese,suv,0.0253
Hyundai,Solaris,Solaris,2017,1600,120,Sedan,FWD,5,korean,family,0.0768
Kia,Cerato,Cerato,2005,1600,123,Sedan,FWD,5,korean,family,0.0577
Volkswagen,Golf 6,Golf,2015,1400,122,Hatchback,FWD,5,european,family,0.0389
Suzuki,S-Presso,S-Presso,2022,1200,83,Hatchback,FWD,5,japanese,city,0.0264
Honda,City,City,2016,1500,119,Sedan,FWD,5,japanese,family,0.0151
Hyundai,Avante,Avante,2001,1600,120,Sedan,FWD,5,korean,family,0.0768
Seat,Ibiza,Ibiza,2009,1000,95,Hatchback,FWD,5,european,city,0.0196
Speranza,Chery QQ,Chery QQ,2005,1300,70,Hatchback,FWD,5,chinese,city,0.0146
BMW,320i,3 Series,2000,2000,184,Sedan,RWD,5,european,executive,0.0557
BMW,523,5 Series,2001,2500,177,Sedan,RWD,5,european,executive,0.0557
Speranza,A620,A620,2008,2000,145,Sedan,FWD,5,chinese,family,0.0146
Hyundai,Elantra MD,Elantra,2013,1600,120,Sedan,FWD,5,korean,family,0.0768
Daewoo,Lanos 2,Lanos,2003,1500,86,Sedan,FWD,5,korean,city,0.0308
Citroën,C5,C5,2022,1600,120,Sedan,FWD,5,european,executive,0.0151
Hyundai,Excel,Excel,1990,1600,120,Sedan,FWD,5,korean,family,0.0768
Volkswagen,ID4,ID4,2021,0,204,SUV,FWD,5,european,suv,0.0389
Hyundai,Elantra HD,Elantra,2024,1600,122,Sedan,FWD,5,korean,family,0.0768
Proton,Waja,Waja,2009,1600,110,Sedan,FWD,5,other,family,0.0096
Suzuki,Swift Dzire,Swift Dzire,2016,1200,83,Hatchback,FWD,5,japanese,city,0.0264
Mitsubishi,Eclipse Cross,Eclipse Cross,2021,1500,163,SUV,AWD,5,japanese,suv,0.0281
Kia,Grand Cerato,Cerato,2024,1600,120,Sedan,FWD,5,korean,family,0.0577
Hyundai,Elantra,Elantra,2007,1600,128,Sedan,FWD,5,korean,family,0.0768
BMW,318i,3 Series,2003,2000,136,Sedan,RWD,5,european,executive,0.0557
Mini,Countryman,Countryman,2023,1500,136,Crossover,FWD,5,european,crossover,0.0091
Hyundai,Accent RB,Accent,2013,1600,123,Sedan,FWD,5,korean,city,0.0768
Audi,A3,A3,2023,1500,150,Sedan,FWD,5,european,executive,0.0141
Rox,01,01,2025,0,400,SUV,AWD,5,chinese,suv,0.0007
Speranza,Chery QQ,Chery QQ,2007,1300,70,Hatchback,FWD,5,chinese,city,0.0146
Daewoo,Nubira 2,Nubira,1999,1600,100,Sedan,FWD,5,korean,family,0.0308
Mitsubishi,Pajero,Pajero,2004,3000,178,SUV,4WD,7,japanese,suv,0.0281
Fiat,Uno,Uno,2000,1400,80,Hatchback,FWD,5,european,city,0.0447
MG,GT,GT,2025,1500,143,Sedan,FWD,5,chinese,family,0.017
Peugeot,2008,2008,2022,1200,130,Crossover,FWD,5,european,crossover,0.0339
Daewoo,Nubira 2,Nubira,2008,1600,100,Sedan,FWD,5,korean,family,0.0308
BMW,218i,2 Series,2018,1500,136,Coupe,FWD,4,european,executive,0.0557
Nissan,X-Trail,X-Trail,2014,1700,158,SUV,AWD,7,japanese,suv,0.0316
Peugeot,2008,2008,2018,1200,130,Crossover,FWD,5,european,crossover,0.0339
Skoda,Felicia,Felicia,1995,1300,68,Hatchback,FWD,5,european,city,0.0311
Skoda,Octavia A8,Octavia,2006,1500,150,Sedan,FWD,5,european,family,0.0311
Daihatsu,Charade,Charade,2003,1000,56,Hatchback,FWD,5,japanese,city,0.0085
Geely,Pandino,Pandino,2016,1500,110,Sedan,FWD,5,chinese,family,0.0155
Honda,City,City,2012,1500,119,Sedan,FWD,5,japanese,family,0.0151
Chevrolet,Cruze,Cruze,2009,1600,124,Sedan,FWD,5,american,family,0.0414
Jeep,Liberty,Liberty,2006,2400,150,SUV,4WD,5,american,suv,0.0176
Mitsubishi,Lancer Puma,Lancer,2011,1600,113,Sedan,FWD,5,japanese,family,0.0281
Fiat,Tipo,Tipo,2017,1600,110,Sedan,FWD,5,european,family,0.0447
Mitsubishi,Eclipse Cross,Eclipse Cross,2025,1500,163,SUV,AWD,5,japanese,suv,0.0281
JAC,J7,J7,2025,1500,169,Sedan,FWD,5,chinese,executive,0.0047
DFSK,EAGLE 580,EAGLE 580,2021,1500,150,SUV,FWD,7,chinese,suv,0.0017
BYD,Song L,Song L,2026,0,200,Sedan,FWD,5,chinese,family,0.0141
Suzuki,Vitara,Vitara,1997,1400,140,SUV,AWD,5,japanese,suv,0.0264
Renault,Taliant,Taliant,2025,1600,100,Sedan,FWD,5,european,family,0.0417
Nissan,Tiida,Tiida,2013,1600,110,Sedan,FWD,5,japanese,family,0.0316
Fiat,Siena,Siena,2007,1400,80,Hatchback,FWD,5,european,city,0.0447
Changan,Alsvin,Alsvin,2010,1500,109,Sedan,FWD,5,chinese,family,0.0077
Changan,Benni,Benni,2016,1000,68,Hatchback,FWD,5,chinese,city,0.0077
Ford,Fiesta,Fiesta,1998,1000,100,Hatchback,FWD,5,american,city,0.0136
Skoda,Octavia A4,Octavia,2005,1500,150,Sedan,FWD,5,european,family,0.0311
Audi,Q2,Q2,2026,1000,115,Crossover,FWD,5,european,luxury_suv,0.0141
Hyundai,Creta,Creta,2023,1500,115,SUV,FWD,5,korean,crossover,0.0768
Seat,Ateca,Ateca,2021,1500,150,SUV,FWD,5,european,suv,0.0196
Chevrolet,Captiva,Captiva,2022,1500,150,SUV,FWD,7,american,suv,0.0414
XPeng,G9,G9,2026,0,550,SUV,AWD,6,chinese,suv,0.0005
BMW,730,730,2018,3000,258,Sedan,RWD,5,european,luxury,0.0557
Toyota,Prado,Prado,2020,2700,163,SUV,4WD,7,japanese,luxury_suv,0.0303
Seat,Ibiza,Ibiza,2024,1000,95,Hatchback,FWD,5,european,city,0.0196
Tesla,Cybertruck,Cybertruck,2025,0,600,Pickup,AWD,5,american,truck,0.0037
Daihatsu,Grand Terios,Terios,2009,1500,105,SUV,4WD,7,japanese,suv,0.0085
Toyota,C-HR,C-HR,2023,1200,116,Crossover,FWD,5,japanese,crossover,0.0303
Hyundai,Elantra HD,Elantra,2007,1600,122,Sedan,FWD,5,korean,family,0.0768
BMW,X4,X4,2024,2000,184,SUV,AWD,5,european,luxury_suv,0.0557
Skoda,Octavia A4,Octavia,2026,1500,150,Sedan,FWD,5,european,family,0.0311
Hyundai,Elantra HD,Elantra,2012,1600,122,Sedan,FWD,5,korean,family,0.0768
Mercedes,B150,B-Class,2008,1600,156,Sedan,RWD,5,european,executive,0.0745
Mercedes,B180,B-Class,2015,1600,122,MPV,FWD,5,european,executive,0.0745
Chery,Tiggo,Tiggo,2018,1600,106,SUV,FWD,5,chinese,suv,0.0253
BMW,118,1 Series,2019,1500,136,Hatchback,RWD,5,european,executive,0.0557
Mercedes,CLA200,CLA,2019,1400,163,Coupe,FWD,5,european,sport,0.0745
Land Rover,Range Rover,Range Rover,2006,3000,400,SUV,4WD,5,european,luxury_suv,0.0108
Volvo,XC90,XC90,2019,2000,300,SUV,AWD,7,european,luxury_suv,0.0038
Volvo,XC40,XC40,2022,1500,163,Crossover,FWD,5,european,luxury_suv,0.0038
Mitsubishi,Pajero,Pajero,2009,3000,178,SUV,4WD,7,japanese,suv,0.0281
Seat,Ateca,Ateca,2022,1500,150,SUV,FWD,5,european,suv,0.0196
Mitsubishi,Eclipse Cross,Eclipse Cross,2022,1500,163,SUV,AWD,5,japanese,suv,0.0281
Daewoo,Juliet,Juliet,1999,1600,100,Sedan,FWD,5,korean,family,0.0308
Suzuki,Vitara,Vitara,2016,1400,140,SUV,AWD,5,japanese,suv,0.0264
Daewoo,Juliet,Juliet,2000,1600,100,Sedan,FWD,5,korean,family,0.0308
Hyundai,I30,I30,2009,1600,120,Sedan,FWD,5,korean,family,0.0768
Kia,Carens,Carens,2009,1600,130,MPV,FWD,7,korean,mpv,0.0577
Seat,Ibiza,Ibiza,2008,1000,95,Hatchback,FWD,5,european,city,0.0196
Daihatsu,Sirion,Sirion,2010,1000,58,Hatchback,FWD,5,japanese,city,0.0085
Kia,Sephia,Sephia,2000,1600,120,Sedan,FWD,5,korean,family,0.0577
Hyundai,Accent RB,Accent,2011,1600,123,Sedan,FWD,5,korean,city,0.0768
Kia,Cerato,Cerato,2006,1600,123,Sedan,FWD,5,korean,family,0.0577
Mitsubishi,Outlander,Outlander,2025,2400,167,SUV,AWD,7,japanese,suv,0.0281
Citroën,C4,C4,2007,1200,130,Hatchback,FWD,5,european,family,0.0151
Mitsubishi,Eclipse Cross,Eclipse Cross,2020,1500,163,SUV,AWD,5,japanese,suv,0.0281
Suzuki,Vitara,Vitara,1998,1400,140,SUV,AWD,5,japanese,suv,0.0264
Mercedes,E250,E-Class,2015,1800,204,Sedan,RWD,5,european,executive,0.0745
Volkswagen,Golf 4,Golf,2002,1600,100,Hatchback,FWD,5,european,family,0.0389
Chevrolet,Equinox,Equinox,2020,1500,170,SUV,FWD,5,american,suv,0.0414
Mercedes,E200,E-Class,2004,2000,184,Sedan,RWD,5,european,executive,0.0745
DFSK,EAGLE 580,EAGLE 580,2018,1500,150,SUV,FWD,7,chinese,suv,0.0017
Jeep,Grand Cherokee,Grand Cherokee,1993,3600,293,SUV,4WD,5,american,luxury_suv,0.0176
Suzuki,Ertiga,Ertiga,2021,1500,105,MPV,FWD,7,japanese,mpv,0.0264
Porsche,Cayenne S,Cayenne,2012,4000,440,SUV,AWD,5,european,luxury_suv,0.0082
Daewoo,Nubira 2,Nubira,2007,1600,100,Sedan,FWD,5,korean,family,0.0308
Chery,Tiggo 8 Pro,Tiggo 8,2022,2000,254,SUV,FWD,7,chinese,suv,0.0253
Volvo,XC40,XC40,2021,1500,163,Crossover,FWD,5,european,luxury_suv,0.0038
Mini,John Cooper,John Cooper,2006,2000,231,Hatchback,FWD,4,european,sport,0.0091
Isuzu,D-Max,D-Max,2015,3000,163,Pickup,4WD,5,japanese,truck,0.0008
Hyundai,Grand i10,Grand i10,2019,1200,84,Hatchback,FWD,5,korean,city,0.0768
Mercedes,E240,E-Class,1999,1600,156,Sedan,RWD,5,european,executive,0.0745
Toyota,Avanza,Avanza,2008,1500,103,MPV,FWD,7,japanese,mpv,0.0303
Jetour,X95,X95,2022,2000,230,SUV,AWD,7,chinese,suv,0.0067
Hyundai,Elantra,Elantra,1996,1600,128,Sedan,FWD,5,korean,family,0.0768
Kia,Carens,Carens,2013,1600,130,MPV,FWD,7,korean,mpv,0.0577
Volkswagen,Bora,Bora,2003,1600,105,Sedan,FWD,5,european,family,0.0389
Mitsubishi,Lancer,Lancer,2003,1600,113,Sedan,FWD,5,japanese,family,0.0281
Honda,CRV,CRV,2026,1500,190,SUV,AWD,5,japanese,suv,0.0151
Mitsubishi,Eclipse,Eclipse,2021,2000,147,Coupe,FWD,4,japanese,sport,0.0281
Kia,Pride,Pride,2006,1600,120,Sedan,FWD,5,korean,family,0.0577
Chevrolet,Equinox,Equinox,2019,1500,170,SUV,FWD,5,american,suv,0.0414
Ford,Fiesta,Fiesta,2018,1000,100,Hatchback,FWD,5,american,city,0.0136
Hyundai,Elantra MD,Elantra,2011,1600,120,Sedan,FWD,5,korean,family,0.0768
Kia,Forte,Forte,2009,1600,120,Sedan,FWD,5,korean,family,0.0577
Mercedes,EQE500,EQ,2025,0,402,Sedan,AWD,5,european,executive,0.0745
BMW,X5,X5,2009,3000,340,SUV,AWD,7,european,luxury_suv,0.0557
Jeep,Liberty,Liberty,2011,2400,150,SUV,4WD,5,american,suv,0.0176
Fiat,128,128,1999,1100,55,Hatchback,FWD,5,european,city,0.0447
Suzuki,Van,Van,2025,1200,83,Hatchback,FWD,5,japanese,city,0.0264
Suzuki,Baleno,Baleno,2021,1200,90,Hatchback,FWD,5,japanese,city,0.0264
Hyundai,Accent HCI,Accent,2020,1500,100,Hatchback,FWD,5,korean,city,0.0768
Opel,Crossland,Crossland,2019,1200,110,Crossover,FWD,5,european,crossover,0.0274
Brilliance,V5,V5,2019,1500,150,SUV,FWD,5,chinese,suv,0.0068
Peugeot,5008,5008,2016,1200,130,SUV,FWD,7,european,suv,0.0339
Jeep,Liberty,Liberty,2002,2400,150,SUV,4WD,5,american,suv,0.0176
Honda,City,City,2007,1500,119,Sedan,FWD,5,japanese,family,0.0151
Chrysler,Town & Country,Town & Country,2003,3600,283,MPV,FWD,7,american,mpv,0.0017
BYD,L3,L3,2023,1500,107,Sedan,FWD,5,chinese,family,0.0141
MG,GT,GT,2023,1500,143,Sedan,FWD,5,chinese,family,0.017
Proton,Saga,Saga,2011,1300,95,Sedan,FWD,5,other,city,0.0096
Kia,Sorento,Sorento,2021,2400,173,SUV,AWD,7,korean,suv,0.0577
Geely,Okavango,Okavango,2024,1500,190,SUV,AWD,7,chinese,suv,0.0155
Kia,K3,K3,2016,1600,120,Sedan,FWD,5,korean,family,0.0577
Skoda,Octavia A4,Octavia,2009,1500,150,Sedan,FWD,5,european,family,0.0311
Opel,Corsa,Corsa,2007,1200,75,Hatchback,FWD,5,european,city,0.0274
Peugeot,301,301,2018,1200,82,Sedan,FWD,5,european,family,0.0339
Hyundai,Coupe,Coupe,2007,1600,120,Sedan,FWD,5,korean,family,0.0768
Hyundai,Elantra,Elantra,2005,1600,128,Sedan,FWD,5,korean,family,0.0768
BMW,116,1 Series,2012,1500,109,Hatchback,RWD,5,european,executive,0.0557
Porsche,Cayenne,Cayenne,2009,3000,340,SUV,AWD,5,european,luxury_suv,0.0082
Skoda,Octavia A5,Octavia,2005,1500,150,Sedan,FWD,5,european,family,0.0311
Mitsubishi,Lancer EX Shark,Lancer,2008,1600,113,Sedan,FWD,5,japanese,family,0.0281
Mitsubishi,Xpander Cross,Xpander Cross,2023,1600,113,MPV,FWD,7,japanese,mpv,0.0281
Mahindra,Scorpio,Scorpio,2012,2200,140,SUV,4WD,7,other,suv,0.0007
Mercedes,180,180,2014,1800,122,Sedan,RWD,5,european,executive,0.0745
Chery,Tiggo 8,Tiggo 8,2021,1500,197,SUV,FWD,7,chinese,suv,0.0253
Peugeot,207,207,2008,1400,95,Hatchback,FWD,5,european,city,0.0339
Kia,Grand Cerato,Cerato,2023,1600,120,Sedan,FWD,5,korean,family,0.0577
Geely,Ck,Ck,2009,1300,83,Sedan,FWD,5,chinese,city,0.0155
Mitsubishi,Pajero,Pajero,2010,3000,178,SUV,4WD,7,japanese,suv,0.0281
Citroën,C5 Aircross,C5 Aircross,2022,1200,130,SUV,FWD,5,european,suv,0.0151
Fiat,Linea,Linea,2013,1600,120,Sedan,FWD,5,european,family,0.0447
Chevrolet,Pickup,Pickup,2017,1600,110,Sedan,FWD,5,american,family,0.0414
Fiat,Uno,Uno,2002,1400,80,Hatchback,FWD,5,european,city,0.0447
Mitsubishi,Lancer Puma,Lancer,2010,1600,113,Sedan,FWD,5,japanese,family,0.0281
Peugeot,2008,2008,2024,1200,130,Crossover,FWD,5,european,crossover,0.0339
Chery,A5,A5,2025,1600,109,Sedan,FWD,5,chinese,family,0.0253
Jetour,X70,X70,2023,1500,156,SUV,FWD,7,chinese,suv,0.0067
Suzuki,Swift Dzire,Swift Dzire,2018,1200,83,Hatchback,FWD,5,japanese,city,0.0264
MG,5,5,2013,1500,169,Sedan,FWD,5,chinese,family,0.017
Senova,A1,A1,2018,1000,67,Hatchback,FWD,5,chinese,city,0.0013
Hyundai,Elantra MD,Elantra,2009,1600,120,Sedan,FWD,5,korean,family,0.0768
BMW,X3,X3,2006,2000,184,SUV,AWD,5,european,luxury_suv,0.0557
Mercedes,180,180,2012,1800,122,Sedan,RWD,5,european,executive,0.0745
Toyota,Corolla,Corolla,1989,1600,122,Sedan,FWD,5,japanese,family,0.0303
Kia,Grand Cerato,Cerato,2020,1600,120,Sedan,FWD,5,korean,family,0.0577
Changan,Benni Mini,Benni Mini,2014,1000,68,Hatchback,FWD,4,chinese,city,0.0077
Hyundai,Avante,Avante,2006,1600,120,Sedan,FWD,5,korean,family,0.0768
Fiat,Tipo,Tipo,2025,1600,110,Sedan,FWD,5,european,family,0.0447
Toyota,Yaris,Yaris,2000,1500,107,Hatchback,FWD,5,japanese,city,0.0303
Peugeot,207,207,2007,1400,95,Hatchback,FWD,5,european,city,0.0339
Chevrolet,T-Series,T-Series,2016,1600,110,Sedan,FWD,5,american,family,0.0414
Fiat,Tempra,Tempra,1991,1600,90,Sedan,FWD,5,european,family,0.0447
Chevrolet,T-Series,T-Series,2018,1600,110,Sedan,FWD,5,american,family,0.0414
Suzuki,Van,Van,2011,1200,83,Hatchback,FWD,5,japanese,city,0.0264
Honda,CRV,CRV,2008,1500,190,SUV,AWD,5,japanese,suv,0.0151
Daewoo,Nubira 2,Nubira,2000,1600,100,Sedan,FWD,5,korean,family,0.0308
BMW,X5,X5,2019,3000,340,SUV,AWD,7,european,luxury_suv,0.0557
Hyundai,Elantra HD,Elantra,2010,1600,122,Sedan,FWD,5,korean,family,0.0768
Peugeot,308,308,2013,1200,130,Hatchback,FWD,5,european,family,0.0339
Kia,Shuma,Shuma,2001,1600,120,Sedan,FWD,5,korean,family,0.0577
Hyundai,Verna,Verna,2000,1600,123,Sedan,FWD,5,korean,city,0.0768
Suzuki,Vitara,Vitara,2017,1400,140,SUV,AWD,5,japanese,suv,0.0264
Peugeot,406,406,2002,1400,95,Sedan,FWD,5,european,family,0.0339
Hyundai,Elantra MD,Elantra,2014,1600,120,Sedan,FWD,5,korean,family,0.0768
Honda,ZRV,ZRV,2024,1500,120,Sedan,FWD,5,japanese,family,0.0151
Audi,A5,A5,2016,2000,190,Coupe,AWD,4,european,executive,0.0141
Isuzu,D-Max,D-Max,2024,3000,163,Pickup,4WD,5,japanese,truck,0.0008
Mitsubishi,Mirage,Mirage,2025,1600,113,Hatchback,FWD,5,japanese,city,0.0281
Skoda,Octavia A5,Octavia,2007,1500,150,Sedan,FWD,5,european,family,0.0311
Fiat,Petra,Petra,2003,1400,80,Hatchback,FWD,5,european,city,0.0447
Suzuki,Van,Van,2024,1200,83,Hatchback,FWD,5,japanese,city,0.0264
Brilliance,V6,V6,2020,2000,163,SUV,FWD,7,chinese,suv,0.0068
Honda,City,City,2015,1500,119,Sedan,FWD,5,japanese,family,0.0151
Peugeot,308,308,2012,1200,130,Hatchback,FWD,5,european,family,0.0339
Ford,Focus,Focus,2004,1500,150,Hatchback,FWD,5,american,family,0.0136
Audi,Q7,Q7,2016,3000,340,SUV,AWD,7,european,luxury_suv,0.0141
Fiat,Uno,Uno,2006,1400,80,Hatchback,FWD,5,european,city,0.0447
Volkswagen,Golf 3,Golf,1994,1800,75,Hatchback,FWD,5,european,family,0.0389
Volvo,S60,S60,2004,2000,197,Sedan,FWD,5,european,luxury,0.0038
Hyundai,Coupe,Coupe,2013,1600,120,Sedan,FWD,5,korean,family,0.0768
Kia,K3,K3,2014,1600,120,Sedan,FWD,5,korean,family,0.0577
Daihatsu,Sirion,Sirion,2007,1000,58,Hatchback,FWD,5,japanese,city,0.0085
Nissan,Juke,Juke,2014,1000,117,Crossover,FWD,5,japanese,crossover,0.0316
Citroën,C4 Grand Picasso,C4 Grand Picasso,2020,1600,120,MPV,FWD,7,european,mpv,0.0151
BMW,X3,X3,2008,2000,184,SUV,AWD,5,european,luxury_suv,0.0557
Toyota,Fortuner,Fortuner,2015,2700,166,SUV,4WD,7,japanese,suv,0.0303
Hyundai,Accent RB,Accent,2016,1600,123,Sedan,FWD,5,korean,city,0.0768
Volkswagen,Beetle,Beetle,1979,1400,150,Coupe,FWD,4,european,sport,0.0389
Opel,Vectra,Vectra,2006,1800,122,Sedan,FWD,5,european,executive,0.0274
Kia,Sorento,Sorento,2008,2400,173,SUV,AWD,7,korean,suv,0.0577
Suzuki,Swift Dzire,Swift Dzire,1995,1200,83,Hatchback,FWD,5,japanese,city,0.0264
Chevrolet,T-Series,T-Series,2013,1600,110,Sedan,FWD,5,american,family,0.0414
Peugeot,308 SW,308 SW,2009,1400,95,Sedan,FWD,5,european,family,0.0339
Ford,Mondeo,Mondeo,1997,2000,145,Sedan,FWD,5,american,executive,0.0136
Hyundai,Avante,Avante,2008,1600,120,Sedan,FWD,5,korean,family,0.0768
Volkswagen,Jetta,Jetta,2016,1400,150,Sedan,FWD,5,european,family,0.0389
Mercedes,E200,E-Class,1999,2000,184,Sedan,RWD,5,european,executive,0.0745
Hyundai,I20,I20,2011,1400,100,Hatchback,FWD,5,korean,city,0.0768
Mercedes,180,180,2015,1800,122,Sedan,RWD,5,european,executive,0.0745
Volkswagen,Jetta,Jetta,2014,1400,150,Sedan,FWD,5,european,family,0.0389
Volkswagen,Touareg,Touareg,2024,3000,282,SUV,AWD,5,european,luxury_suv,0.0389
Honda,Civic,Civic,2012,1500,182,Sedan,FWD,5,japanese,family,0.0151
Brilliance,V6,V6,2019,2000,163,SUV,FWD,7,chinese,suv,0.0068
BMW,X3 M,X3,2011,3000,480,SUV,AWD,5,european,luxury_suv,0.0557
Mercedes,C180,C-Class,2002,1600,156,Sedan,RWD,5,european,executive,0.0745
JAC,S2,S2,2017,1500,109,Crossover,FWD,5,chinese,crossover,0.0047
Mitsubishi,Xpander Cross,Xpander Cross,2021,1600,113,MPV,FWD,7,japanese,mpv,0.0281
Volkswagen,Tiguan,Tiguan,2016,1400,150,SUV,FWD,5,european,suv,0.0389
Fiat,Tempra,Tempra,1999,1600,90,Sedan,FWD,5,european,family,0.0447
Mitsubishi,Lancer EX Shark,Lancer,2009,1600,113,Sedan,FWD,5,japanese,family,0.0281
Daewoo,Matiz,Matiz,2001,800,52,Hatchback,FWD,4,korean,city,0.0308
Suzuki,Vitara,Vitara,2022,1400,140,SUV,AWD,5,japanese,suv,0.0264
Geely,Coolray,Coolray,2023,1500,177,Crossover,FWD,5,chinese,crossover,0.0155
Mitsubishi,Eclipse Cross,Eclipse Cross,2023,1500,163,SUV,AWD,5,japanese,suv,0.0281
Audi,Q7,Q7,2024,3000,340,SUV,AWD,7,european,luxury_suv,0.0141
JAC,JS3,JS3,2023,1500,113,Crossover,FWD,5,chinese,crossover,0.0047
Kia,Soul,Soul,2009,1600,130,Crossover,FWD,5,korean,crossover,0.0577
Honda,ZRV,ZRV,2021,1500,120,Sedan,FWD,5,japanese,family,0.0151
Mercedes,E200,E-Class,1975,2000,184,Sedan,RWD,5,european,executive,0.0745
Jeep,Cherokee,Cherokee,1991,2400,184,SUV,4WD,5,american,suv,0.0176
Hyundai,Elantra,Elantra,1995,1600,128,Sedan,FWD,5,korean,family,0.0768
Daewoo,Lanos 2,Lanos,2000,1500,86,Sedan,FWD,5,korean,city,0.0308
Fiat,Linea,Linea,2023,1600,120,Sedan,FWD,5,european,family,0.0447
Jeep,Renegade,Renegade,1977,1400,150,Crossover,FWD,5,american,crossover,0.0176
Honda,Civic,Civic,1997,1500,182,Sedan,FWD,5,japanese,family,0.0151
Chery,A5,A5,2022,1600,109,Sedan,FWD,5,chinese,family,0.0253
Mercedes,500,500,2026,4700,435,Sedan,RWD,5,european,luxury,0.0745
Renault,Duster,Duster,2013,1600,114,Crossover,FWD,5,european,crossover,0.0417
Chery,Tiggo,Tiggo,2015,1600,106,SUV,FWD,5,chinese,suv,0.0253
Hyundai,XD,XD,2006,1600,120,Sedan,FWD,5,korean,family,0.0768
BAIC,X7,X7,2023,2000,204,SUV,AWD,7,chinese,suv,0.0047
Volkswagen,T-Roc,T-Roc,2022,1000,115,Crossover,FWD,5,european,crossover,0.0389
Nissan,Sunny,Sunny,1998,1600,110,Sedan,FWD,5,japanese,family,0.0316
Seat,Tarraco,Tarraco,2022,1500,150,SUV,FWD,7,european,suv,0.0196
Peugeot,5008,5008,2013,1200,130,SUV,FWD,7,european,suv,0.0339
Mercedes,E200,E-Class,2006,2000,184,Sedan,RWD,5,european,executive,0.0745
Speranza,Tiggo,Tiggo,2011,1300,70,Hatchback,FWD,5,chinese,city,0.0146
Fiat,Dogan,Dogan,1997,1400,80,Hatchback,FWD,5,european,city,0.0447
Chevrolet,Optra,Optra,2014,1600,109,Sedan,FWD,5,american,family,0.0414
Renault,Duster,Duster,2011,1600,114,Crossover,FWD,5,european,crossover,0.0417
SsangYong,Tivoli,Tivoli,2017,1500,163,SUV,FWD,5,korean,suv,0.0028
Fiat,Dogan,Dogan,1996,1400,80,Hatchback,FWD,5,european,city,0.0447
BMW,X3,X3,2012,2000,184,SUV,AWD,5,european,luxury_suv,0.0557
Hyundai,Santa Fe,Santa Fe,2022,2000,186,SUV,AWD,7,korean,suv,0.0768
Suzuki,Baleno,Baleno,2025,1200,90,Hatchback,FWD,5,japanese,city,0.0264
Daewoo,Lacetti,Lacetti,2005,1600,109,Sedan,FWD,5,korean,family,0.0308
Kia,Sephia,Sephia,1996,1600,120,Sedan,FWD,5,korean,family,0.0577
Kia,Carnival,Carnival,2011,2200,202,MPV,FWD,8,korean,mpv,0.0577
Mercedes,E200,E-Class,2002,2000,184,Sedan,RWD,5,european,executive,0.0745
Chery,Tiggo,Tiggo,2014,1600,106,SUV,FWD,5,chinese,suv,0.0253
Changan,Alsvin,Alsvin,2024,1500,109,Sedan,FWD,5,chinese,family,0.0077
Chevrolet,Lanos,Lanos,2004,1500,86,Sedan,FWD,5,american,city,0.0414
Fiat,500,500,2020,1200,69,Hatchback,FWD,4,european,city,0.0447
Volkswagen,Passat,Passat,2015,1800,150,Sedan,FWD,5,european,executive,0.0389
Suzuki,S-Presso,S-Presso,2025,1200,83,Hatchback,FWD,5,japanese,city,0.0264
Nissan,X-Trail,X-Trail,2012,1700,158,SUV,AWD,7,japanese,suv,0.0316
Seat,Ibiza,Ibiza,1993,1000,95,Hatchback,FWD,5,european,city,0.0196
Fiat,Regata,Regata,1988,1600,90,Sedan,FWD,5,european,family,0.0447
Citroën,C5,C5,2015,1600,120,Sedan,FWD,5,european,executive,0.0151
Fiat,Punto,Punto,2015,1200,69,Hatchback,FWD,5,european,city,0.0447
Peugeot,406,406,1999,1400,95,Sedan,FWD,5,european,family,0.0339
Chevrolet,T-Series,T-Series,2021,1600,110,Sedan,FWD,5,american,family,0.0414
Land Rover,Range Rover,Range Rover,2007,3000,400,SUV,4WD,5,european,luxury_suv,0.0108
BMW,M850,M850,2021,4400,530,Coupe,AWD,4,european,sport,0.0557
Daihatsu,Grand Terios,Terios,2012,1500,105,SUV,4WD,7,japanese,suv,0.0085
Changan,CS35,CS35,2022,1500,113,SUV,FWD,5,chinese,suv,0.0077
Seat,Ateca,Ateca,2019,1500,150,SUV,FWD,5,european,suv,0.0196
Peugeot,308,308,2016,1200,130,Hatchback,FWD,5,european,family,0.0339
BMW,116,1 Series,2008,1500,109,Hatchback,RWD,5,european,executive,0.0557
Proton,Waja,Waja,2008,1600,110,Sedan,FWD,5,other,family,0.0096
Honda,Civic,Civic,2003,1500,182,Sedan,FWD,5,japanese,family,0.0151
Mitsubishi,Lancer Puma,Lancer,2003,1600,113,Sedan,FWD,5,japanese,family,0.0281
Skoda,Octavia A4,Octavia,1997,1500,150,Sedan,FWD,5,european,family,0.0311
Honda,City,City,2005,1500,119,Sedan,FWD,5,japanese,family,0.0151
Mini,Cooper,Cooper,2016,1500,136,Hatchback,FWD,4,european,city,0.0091
Renault,19,19,1991,1600,90,Sedan,FWD,5,european,family,0.0417
Seat,Arona,Arona,2022,1000,95,Crossover,FWD,5,european,crossover,0.0196
Changan,CS35,CS35,2021,1500,113,SUV,FWD,5,chinese,suv,0.0077
Toyota,Corolla,Corolla,1996,1600,122,Sedan,FWD,5,japanese,family,0.0303
Nissan,Tiida,Tiida,2010,1600,110,Sedan,FWD,5,japanese,family,0.0316
Suzuki,Swift,Swift,2017,1200,83,Hatchback,FWD,5,japanese,city,0.0264
Hyundai,Getz,Getz,2005,1400,97,Hatchback,FWD,5,korean,city,0.0768
Suzuki,Van,Van,2023,1200,83,Hatchback,FWD,5,japanese,city,0.0264
BMW,740,7 Series,2011,3000,340,Sedan,RWD,5,european,luxury,0.0557
Seat,Toledo,Toledo,2005,1600,105,Sedan,FWD,5,european,family,0.0196
Chevrolet,N300,N300,2019,1600,110,Sedan,FWD,5,american,family,0.0414
Ford,EcoSport,EcoSport,2017,1000,125,Crossover,FWD,5,american,crossover,0.0136
Mercedes,180,180,2019,1800,122,Sedan,RWD,5,european,executive,0.0745
Chery,Tiggo,Tiggo,2009,1600,106,SUV,FWD,5,chinese,suv,0.0253
Skoda,Fabia,Fabia,2022,1000,95,Hatchback,FWD,5,european,city,0.0311
Ford,Focus,Focus,2023,1500,150,Hatchback,FWD,5,american,family,0.0136
Volkswagen,Tiguan,Tiguan,2010,1400,150,SUV,FWD,5,european,suv,0.0389
Kia,Soul,Soul,2018,1600,130,Crossover,FWD,5,korean,crossover,0.0577
Volkswagen,Jetta,Jetta,2013,1400,150,Sedan,FWD,5,european,family,0.0389
Kia,Sephia,Sephia,1998,1600,120,Sedan,FWD,5,korean,family,0.0577
DFSK,Glory,Glory,2016,1500,150,SUV,FWD,5,chinese,suv,0.0017
Brilliance,FRV Cross,FRV Cross,2011,1800,136,Crossover,FWD,5,chinese,crossover,0.0068
Toyota,Yaris,Yaris,2018,1500,107,Hatchback,FWD,5,japanese,city,0.0303
Toyota,Urban Cruiser,Urban Cruiser,2025,1600,120,Crossover,FWD,5,japanese,crossover,0.0303
Kia,Forte,Forte,2013,1600,120,Sedan,FWD,5,korean,family,0.0577
BMW,523,5 Series,1999,2500,177,Sedan,RWD,5,european,executive,0.0557
Renault,Megane,Megane,2015,1500,115,Hatchback,FWD,5,european,family,0.0417
Mercedes,E240,E-Class,2004,1600,156,Sedan,RWD,5,european,executive,0.0745
DS,DS7,DS7,2020,1600,225,SUV,AWD,5,european,luxury_suv,0.0015
Skoda,Octavia A4,Octavia,2001,1500,150,Sedan,FWD,5,european,family,0.0311
JAC,JS4,JS4,2022,1500,147,SUV,FWD,5,chinese,suv,0.0047
Kia,Forte,Forte,2012,1600,120,Sedan,FWD,5,korean,family,0.0577
Seat,Ibiza,Ibiza,2007,1000,95,Hatchback,FWD,5,european,city,0.0196
Mini,Countryman S,Countryman,2014,2000,178,Crossover,AWD,5,european,crossover,0.0091
Chrysler,Town & Country,Town & Country,2012,3600,283,MPV,FWD,7,american,mpv,0.0017
SsangYong,Tivoli XLV,Tivoli,2017,1500,163,SUV,FWD,5,korean,suv,0.0028
Peugeot,406,406,1997,1400,95,Sedan,FWD,5,european,family,0.0339
Kia,Cerato,Cerato,2007,1600,123,Sedan,FWD,5,korean,family,0.0577
Suzuki,Swift,Swift,2006,1200,83,Hatchback,FWD,5,japanese,city,0.0264
Opel,Vectra,Vectra,1991,1800,122,Sedan,FWD,5,european,executive,0.0274
Fiat,Tempra,Tempra,1996,1600,90,Sedan,FWD,5,european,family,0.0447
Fiat,1300,1300,1998,1300,65,Sedan,RWD,5,european,family,0.0447
Chery,A15,A15,2009,1500,92,Sedan,FWD,5,chinese,family,0.0253
Proton,Saga,Saga,2021,1300,95,Sedan,FWD,5,other,city,0.0096
Mercedes,CLA180,CLA,2016,1400,136,Coupe,FWD,5,european,sport,0.0745
Volkswagen,Tiguan,Tiguan,2017,1400,150,SUV,FWD,5,european,suv,0.0389
Nissan,Sunny,Sunny,1992,1600,110,Sedan,FWD,5,japanese,family,0.0316
Lada,Granta,Granta,2015,1600,87,Sedan,FWD,5,other,city,0.0133
Nissan,X-Trail,X-Trail,2010,1700,158,SUV,AWD,7,japanese,suv,0.0316
Geely,Emgrand X7,Emgrand X7,2020,2400,137,SUV,FWD,7,chinese,suv,0.0155
Toyota,Echo,Echo,2002,1600,120,Sedan,FWD,5,japanese,family,0.0303
Mercedes,200,200,1994,2000,136,Sedan,RWD,5,european,executive,0.0745
Mercedes,C200,C-Class,2002,1500,184,Sedan,RWD,5,european,executive,0.0745
Honda,CRV,CRV,2020,1500,190,SUV,AWD,5,japanese,suv,0.0151
Dodge,Challenger,Challenger,2022,3600,305,Coupe,RWD,4,american,sport,0.0017
Brilliance,FSV,FSV,2010,1600,116,Sedan,FWD,5,chinese,family,0.0068
Hyundai,Accent,Accent,2018,1600,123,Sedan,FWD,5,korean,city,0.0768
Land Rover,Range Rover Vogue,Range Rover,2010,3000,400,SUV,4WD,5,european,luxury_suv,0.0108
Peugeot,508,508,2018,1600,165,Sedan,FWD,5,european,executive,0.0339
Kia,Sephia,Sephia,2021,1600,120,Sedan,FWD,5,korean,family,0.0577
Daewoo,Lanos 2,Lanos,2026,1500,86,Sedan,FWD,5,korean,city,0.0308
Subaru,XV,XV,2018,2000,156,Crossover,AWD,5,japanese,crossover,0.0053
Mitsubishi,Colt,Colt,1996,1300,95,Hatchback,FWD,5,japanese,city,0.0281
Nissan,Qashqai,Qashqai,2023,1500,163,SUV,FWD,5,japanese,suv,0.0316
Audi,A4,A4,2016,2000,190,Sedan,AWD,5,european,executive,0.0141
Land Rover,Range Rover Vogue,Range Rover,2018,3000,400,SUV,4WD,5,european,luxury_suv,0.0108
BAIC,X7,X7,2022,2000,204,SUV,AWD,7,chinese,suv,0.0047
Honda,Accord,Accord,1986,1500,192,Sedan,FWD,5,japanese,executive,0.0151
Volvo,S60,S60,2015,2000,197,Sedan,FWD,5,european,luxury,0.0038
Fiat,132,132,1978,1600,95,Sedan,RWD,5,european,family,0.0447
Brilliance,FRV Cross,FRV Cross,2010,1800,136,Crossover,FWD,5,chinese,crossover,0.0068
BMW,118,1 Series,2023,1500,136,Hatchback,RWD,5,european,executive,0.0557
MG,350,350,2011,1500,106,Sedan,FWD,5,chinese,family,0.017
BMW,X2,X2,2026,1500,136,Crossover,FWD,5,european,luxury_suv,0.0557
Kia,Sorento,Sorento,2010,2400,173,SUV,AWD,7,korean,suv,0.0577
Hyundai,Elantra,Elantra,2023,1600,128,Sedan,FWD,5,korean,family,0.0768
Volkswagen,Caddy,Caddy,2019,2000,122,Van,FWD,5,european,van,0.0389
Speranza,Tiggo,Tiggo,2013,1300,70,Hatchback,FWD,5,chinese,city,0.0146
Volkswagen,Golf 4,Golf,2001,1600,100,Hatchback,FWD,5,european,family,0.0389
BMW,318i,3 Series,1994,2000,136,Sedan,RWD,5,european,executive,0.0557
Fiat,Regata,Regata,1987,1600,90,Sedan,FWD,5,european,family,0.0447
BMW,318i,3 Series,2002,2000,136,Sedan,RWD,5,european,executive,0.0557
Toyota,Land Cruiser,Land Cruiser,1997,4000,271,SUV,4WD,8,japanese,luxury_suv,0.0303
Peugeot,308,308,2017,1200,130,Hatchback,FWD,5,european,family,0.0339
Skoda,Octavia A5,Octavia,2010,1500,150,Sedan,FWD,5,european,family,0.0311
Renault,Captur,Captur,2015,1000,90,Crossover,FWD,5,european,crossover,0.0417
Peugeot,308 SW,308 SW,2010,1400,95,Sedan,FWD,5,european,family,0.0339
Peugeot,407,407,2007,1400,95,Sedan,FWD,5,european,family,0.0339
Hyundai,Elantra HD,Elantra,2008,1600,122,Sedan,FWD,5,korean,family,0.0768
Suzuki,Ertiga,Ertiga,2024,1500,105,MPV,FWD,7,japanese,mpv,0.0264
Audi,Q7,Q7,2014,3000,340,SUV,AWD,7,european,luxury_suv,0.0141
BMW,528,5 Series,2013,2000,245,Sedan,RWD,5,european,executive,0.0557
Mitsubishi,Colt,Colt,1988,1300,95,Hatchback,FWD,5,japanese,city,0.0281
Seat,Ibiza,Ibiza,2023,1000,95,Hatchback,FWD,5,european,city,0.0196
Honda,CRV,CRV,2025,1500,190,SUV,AWD,5,japanese,suv,0.0151
Citroën,C4,C4,2025,1200,130,Hatchback,FWD,5,european,family,0.0151
BMW,528,5 Series,2015,2000,245,Sedan,RWD,5,european,executive,0.0557
Chery,Arrizo 5,Arrizo 5,2019,1500,115,Sedan,FWD,5,chinese,family,0.0253
Hyundai,Avante,Avante,2002,1600,120,Sedan,FWD,5,korean,family,0.0768
Chrysler,Town & Country,Town & Country,2015,3600,283,MPV,FWD,7,american,mpv,0.0017
Daihatsu,Sirion,Sirion,2008,1000,58,Hatchback,FWD,5,japanese,city,0.0085
SsangYong,Tivoli,Tivoli,2016,1500,163,SUV,FWD,5,korean,suv,0.0028
Speranza,Tiggo,Tiggo,2014,1300,70,Hatchback,FWD,5,chinese,city,0.0146
Mercedes,C300,C-Class,2011,2000,258,Sedan,RWD,5,european,executive,0.0745
Land Rover,Range Rover Evoque,Range Rover,2015,1500,249,Crossover,AWD,5,european,luxury_suv,0.0108
Hyundai,Elantra HD,Elantra,2011,1600,122,Sedan,FWD,5,korean,family,0.0768
Mercedes,180,180,2000,1800,122,Sedan,RWD,5,european,executive,0.0745
Toyota,C-HR,C-HR,2017,1200,116,Crossover,FWD,5,japanese,crossover,0.0303
Opel,Corsa,Corsa,2008,1200,75,Hatchback,FWD,5,european,city,0.0274
BMW,Z4,Z4,2019,2000,197,Convertible,RWD,2,european,sport,0.0557
BMW,316,3 Series,1993,1600,116,Sedan,RWD,5,european,executive,0.0557
Toyota,Corona,Corona,1993,1600,120,Sedan,FWD,5,japanese,family,0.0303
BMW,X1,X1,2022,1500,136,Crossover,FWD,5,european,luxury_suv,0.0557
Renault,Taliant,Taliant,2024,1600,100,Sedan,FWD,5,european,family,0.0417
Mercedes,180,180,2011,1800,122,Sedan,RWD,5,european,executive,0.0745
Seat,Toledo,Toledo,2014,1600,105,Sedan,FWD,5,european,family,0.0196
Maserati,Grecale,Grecale,2024,2000,300,SUV,AWD,5,european,luxury_suv,0.0003
Hyundai,Avante,Avante,2013,1600,120,Sedan,FWD,5,korean,family,0.0768
Chevrolet,T-Series,T-Series,2022,1600,110,Sedan,FWD,5,american,family,0.0414
BMW,X4,X4,2023,2000,184,SUV,AWD,5,european,luxury_suv,0.0557
BMW,316,3 Series,2005,1600,116,Sedan,RWD,5,european,executive,0.0557
BMW,525,5 Series,1998,2500,218,Sedan,RWD,5,european,executive,0.0557
Nissan,X-Trail,X-Trail,2013,1700,158,SUV,AWD,7,japanese,suv,0.0316
Chery,Tiggo,Tiggo,2012,1600,106,SUV,FWD,5,chinese,suv,0.0253
Honda,Civic,Civic,1990,1500,182,Sedan,FWD,5,japanese,family,0.0151
Fiat,Grand Punto,Grand Punto,2015,1400,77,Hatchback,FWD,5,european,city,0.0447
Mercedes,EQS450,EQ,2025,0,355,Sedan,AWD,5,european,luxury,0.0745
JAC,JS3,JS3,2015,1500,113,Crossover,FWD,5,chinese,crossover,0.0047
Kia,Soul,Soul,2020,1600,130,Crossover,FWD,5,korean,crossover,0.0577
Peugeot,301,301,2023,1200,82,Sedan,FWD,5,european,family,0.0339
Suzuki,Ertiga,Ertiga,2019,1500,105,MPV,FWD,7,japanese,mpv,0.0264
Kia,Carens,Carens,2023,1600,130,MPV,FWD,7,korean,mpv,0.0577
Seat,Ibiza,Ibiza,1991,1000,95,Hatchback,FWD,5,european,city,0.0196
Renault,Clio,Clio,1998,1000,90,Hatchback,FWD,5,european,city,0.0417
Kia,Cerato Koup,Cerato,2011,1600,120,Sedan,FWD,5,korean,family,0.0577
Chevrolet,Captiva,Captiva,2011,1500,150,SUV,FWD,7,american,suv,0.0414
Opel,Corsa,Corsa,2018,1200,75,Hatchback,FWD,5,european,city,0.0274
Chrysler,Town & Country,Town & Country,2001,3600,283,MPV,FWD,7,american,mpv,0.0017
Hyundai,Sonata,Sonata,2021,2000,154,Sedan,FWD,5,korean,executive,0.0768
Land Rover,Range Rover,Range Rover,2017,3000,400,SUV,4WD,5,european,luxury_suv,0.0108
Changan,CS55,CS55,2021,1500,156,SUV,FWD,5,chinese,suv,0.0077
BMW,740,7 Series,2018,3000,340,Sedan,RWD,5,european,luxury,0.0557
Fiat,500X,500X,2017,1400,80,Crossover,FWD,5,european,crossover,0.0447
Volkswagen,Caddy,Caddy,2012,2000,122,Van,FWD,5,european,van,0.0389
Mercedes,S500,S-Class,2014,4700,435,Sedan,RWD,5,european,luxury,0.0745
Lada,2107,2107,1989,1600,75,Sedan,RWD,5,other,family,0.0133
Suzuki,Van,Van,2021,1200,83,Hatchback,FWD,5,japanese,city,0.0264
Hyundai,Elantra MD,Elantra,2019,1600,120,Sedan,FWD,5,korean,family,0.0768
Kia,Ceed,Ceed,2019,1600,128,Hatchback,FWD,5,korean,family,0.0577
Peugeot,3008,3008,2012,1200,130,SUV,FWD,5,european,suv,0.0339
Hyundai,XD,XD,2000,1600,120,Sedan,FWD,5,korean,family,0.0768
DFSK,Glory,Glory,2019,1500,150,SUV,FWD,5,chinese,suv,0.0017
Hyundai,Avante,Avante,2015,1600,120,Sedan,FWD,5,korean,family,0.0768
Chery,A5,A5,2010,1600,109,Sedan,FWD,5,chinese,family,0.0253
Chery,Tiggo 7,Tiggo 7,2014,1500,156,SUV,FWD,5,chinese,suv,0.0253
BYD,L3,L3,2022,1500,107,Sedan,FWD,5,chinese,family,0.0141
Peugeot,405,405,2002,1600,90,Sedan,FWD,5,european,family,0.0339
Mercedes,180,180,2007,1800,122,Sedan,RWD,5,european,executive,0.0745
Opel,Corsa,Corsa,1997,1200,75,Hatchback,FWD,5,european,city,0.0274
Hyundai,Excel,Excel,1992,1600,120,Sedan,FWD,5,korean,family,0.0768
Fiat,Dogan,Dogan,1992,1400,80,Hatchback,FWD,5,european,city,0.0447
Peugeot,308,308,2014,1200,130,Hatchback,FWD,5,european,family,0.0339
MG,One,One,2022,1500,181,SUV,FWD,5,chinese,suv,0.017
Volkswagen,Touareg,Touareg,2008,3000,282,SUV,AWD,5,european,luxury_suv,0.0389
Chery,Arrizo 5,Arrizo 5,2024,1500,115,Sedan,FWD,5,chinese,family,0.0253
Chevrolet,T-Series,T-Series,2008,1600,110,Sedan,FWD,5,american,family,0.0414
Chevrolet,Pickup,Pickup,2011,1600,110,Sedan,FWD,5,american,family,0.0414
Volkswagen,Golf 6,Golf,2009,1400,122,Hatchback,FWD,5,european,family,0.0389
Hyundai,Accent RB,Accent,2023,1600,123,Sedan,FWD,5,korean,city,0.0768
Toyota,Corolla,Corolla,1986,1600,122,Sedan,FWD,5,japanese,family,0.0303
Chery,Tiggo 8 Pro,Tiggo 8,2026,2000,254,SUV,FWD,7,chinese,suv,0.0253
Kia,Picanto,Picanto,2017,1000,67,Hatchback,FWD,5,korean,city,0.0577
BMW,525,5 Series,2002,2500,218,Sedan,RWD,5,european,executive,0.0557
BMW,520i,5 Series,1996,2000,184,Sedan,RWD,5,european,executive,0.0557
Chevrolet,Spark,Spark,2014,1000,68,Hatchback,FWD,4,american,city,0.0414
Audi,Q3,Q3,2018,1500,150,SUV,FWD,5,european,luxury_suv,0.0141
SsangYong,Torres,Torres,2024,1500,170,SUV,FWD,5,korean,suv,0.0028
JAC,JS3,JS3,2018,1500,113,Crossover,FWD,5,chinese,crossover,0.0047
Speranza,Tiggo,Tiggo,2018,1300,70,Hatchback,FWD,5,chinese,city,0.0146
Volkswagen,Beetle,Beetle,2005,1400,150,Coupe,FWD,4,european,sport,0.0389
Brilliance,V5,V5,2015,1500,150,SUV,FWD,5,chinese,suv,0.0068
Honda,Accord,Accord,2024,1500,192,Sedan,FWD,5,japanese,executive,0.0151
Mercedes,230,230,1976,2300,150,Sedan,RWD,5,european,executive,0.0745
Ford,Focus,Focus,2015,1500,150,Hatchback,FWD,5,american,family,0.0136
Mercedes,E200,E-Class,1981,2000,184,Sedan,RWD,5,european,executive,0.0745
Honda,Civic,Civic,2016,1500,182,Sedan,FWD,5,japanese,family,0.0151
Chevrolet,Captiva,Captiva,2013,1500,150,SUV,FWD,7,american,suv,0.0414
Chevrolet,T-Series,T-Series,2005,1600,110,Sedan,FWD,5,american,family,0.0414
Hyundai,Avante,Avante,2010,1600,120,Sedan,FWD,5,korean,family,0.0768
Speranza,Envy,Envy,2015,1500,109,Sedan,FWD,5,chinese,family,0.0146
Land Rover,Range Rover,Range Rover,2010,3000,400,SUV,4WD,5,european,luxury_suv,0.0108
Suzuki,Van,Van,2018,1200,83,Hatchback,FWD,5,japanese,city,0.0264
Nissan,Sunny,Sunny,2001,1600,110,Sedan,FWD,5,japanese,family,0.0316
Chevrolet,Aveo,Aveo,2026,1400,100,Sedan,FWD,5,american,city,0.0414
Kia,Grand Cerato,Cerato,2018,1600,120,Sedan,FWD,5,korean,family,0.0577
Kia,Soul,Soul,2013,1600,130,Crossover,FWD,5,korean,crossover,0.0577
Audi,A5,A5,2013,2000,190,Coupe,AWD,4,european,executive,0.0141
Honda,Civic,Civic,1991,1500,182,Sedan,FWD,5,japanese,family,0.0151
Toyota,Yaris,Yaris,2016,1500,107,Hatchback,FWD,5,japanese,city,0.0303
Isuzu,D-Max,D-Max,2013,3000,163,Pickup,4WD,5,japanese,truck,0.0008
Hyundai,I30,I30,1998,1600,120,Sedan,FWD,5,korean,family,0.0768
Hyundai,Matrix,Matrix,2004,1600,120,MPV,FWD,5,korean,mpv,0.0768
Fiat,1300,1300,1997,1300,65,Sedan,RWD,5,european,family,0.0447
Mercedes,E240,E-Class,2005,1600,156,Sedan,RWD,5,european,executive,0.0745
Kia,Cerato Koup,Cerato,2013,1600,120,Sedan,FWD,5,korean,family,0.0577
JAC,S3,S3,2022,1500,113,Crossover,FWD,5,chinese,crossover,0.0047
Changan,Eado Plus,Eado Plus,2022,1500,177,Sedan,FWD,5,chinese,executive,0.0077
Hyundai,XD,XD,2005,1600,120,Sedan,FWD,5,korean,family,0.0768
Lada,Granta,Granta,2024,1600,87,Sedan,FWD,5,other,city,0.0133
Seat,Leon,Leon,2011,1500,150,Hatchback,FWD,5,european,family,0.0196
Chevrolet,T-Series,T-Series,2026,1600,110,Sedan,FWD,5,american,family,0.0414
Fiat,500X,500X,2025,1400,80,Crossover,FWD,5,european,crossover,0.0447
Suzuki,Swift,Swift,2025,1200,83,Hatchback,FWD,5,japanese,city,0.0264
Mercedes,EQE350,EQ,2026,0,288,Sedan,RWD,5,european,executive,0.0745
Volkswagen,T-Roc,T-Roc,2025,1000,115,Crossover,FWD,5,european,crossover,0.0389
Audi,Q8,Q8,2021,3000,340,SUV,AWD,5,european,luxury_suv,0.0141
Zeekr,001,001,2023,0,536,Sedan,AWD,5,chinese,executive,0.0035
Citroën,C4 Grand Picasso,C4 Grand Picasso,2016,1598,165,MPV,FWD,7,european,mpv,0.0151
Jetour,X90 Plus,X90 Plus,2026,1598,197,SUV,FWD,7,chinese,suv,0.0067
GAC,Empow,Empow,2025,1500,174,Sedan,FWD,5,chinese,executive,0.004
Zeekr,7X,7X,2024,0,475,SUV,AWD,5,chinese,suv,0.0035
Avatr,11,11,2023,0,425,SUV,AWD,5,chinese,luxury_suv,0.0018
Haval,Jolion,Jolion,2025,1500,147,SUV,FWD,5,chinese,suv,0.0025
Mercedes,G63,G63,2026,4000,577,SUV,4WD,5,european,luxury_suv,0.0745
Skoda,Octavia A8,Octavia,2025,1395,150,Sedan,FWD,5,european,family,0.0311
Peugeot,2008,2008,2025,1200,130,Crossover,FWD,5,european,crossover,0.0339
Opel,Grandland,Grandland,2025,1200,130,SUV,FWD,5,european,suv,0.0274
Nissan,X-Trail,X-Trail,2026,1700,158,SUV,AWD,7,japanese,suv,0.0316
Chevrolet,N-Series,N-Series,2026,1600,110,Sedan,FWD,5,american,family,0.0414
Suzuki,Swift Dzire,Swift Dzire,2025,1200,83,Hatchback,FWD,5,japanese,city,0.0264
Opel,Mokka,Mokka,2025,1200,100,Crossover,FWD,5,european,crossover,0.0274
SsangYong,Torres,Torres,2025,1500,170,SUV,FWD,5,korean,suv,0.0008
Volkswagen,Golf,Golf,2025,1400,150,Hatchback,FWD,5,european,family,0.0389
JAC,JS4,JS4,2025,1500,147,SUV,FWD,5,chinese,suv,0.0047
Hyundai,I20,I20,2021,1400,100,Hatchback,FWD,5,korean,city,0.0768
JAC,JS4,JS4,2024,1500,147,SUV,FWD,5,chinese,suv,0.0047
Chevrolet,T-Series,T-Series,2025,1600,110,Sedan,FWD,5,american,family,0.0414
Alfa Romeo,Giulia,Giulia,2025,2000,200,Sedan,RWD,5,european,executive,0.0018
Nissan,X-Trail,X-Trail,2024,1700,158,SUV,AWD,7,japanese,suv,0.0316
Shineray,X30,X30,2025,1500,113,SUV,FWD,5,chinese,suv,0.0003
Toyota,Hilux,Hilux,1983,2500,144,Pickup,4WD,5,japanese,truck,0.0303
Toyota,Hilux,Hilux,2000,2500,144,Pickup,4WD,5,japanese,truck,0.0303
Toyota,Hilux,Hilux,2008,2500,144,Pickup,4WD,5,japanese,truck,0.0303
Toyota,Hilux,Hilux,2009,2500,144,Pickup,4WD,5,japanese,truck,0.0303
Toyota,Hilux,Hilux,2010,2500,144,Pickup,4WD,5,japanese,truck,0.0303
Toyota,Hilux,Hilux,2025,2500,144,Pickup,4WD,5,japanese,truck,0.0303
Toyota,Hilux,Hilux,2026,2500,144,Pickup,4WD,5,japanese,truck,0.0303
Toyota,Cressida,Cressida,1980,2000,140,Sedan,RWD,5,japanese,family,0.0303
Toyota,Cressida,Cressida,1982,2000,140,Sedan,RWD,5,japanese,family,0.0303
Toyota,Cressida,Cressida,1983,2000,140,Sedan,RWD,5,japanese,family,0.0303
Toyota,Cressida,Cressida,1989,2000,140,Sedan,RWD,5,japanese,family,0.0303
Toyota,Camry,Camry,2005,2400,167,Sedan,FWD,5,japanese,family,0.0303
Toyota,Camry,Camry,2006,2400,167,Sedan,FWD,5,japanese,family,0.0303
Toyota,Camry,Camry,2008,2400,167,Sedan,FWD,5,japanese,family,0.0303
Toyota,Camry,Camry,2009,2400,167,Sedan,FWD,5,japanese,family,0.0303
Toyota,Camry,Camry,2011,2400,167,Sedan,FWD,5,japanese,family,0.0303
Toyota,Avensis,Avensis,2005,1800,147,Sedan,FWD,5,japanese,family,0.0303
Toyota,Avensis,Avensis,2006,1800,147,Sedan,FWD,5,japanese,family,0.0303
Toyota,Avensis,Avensis,2007,1800,147,Sedan,FWD,5,japanese,family,0.0303
Toyota,Auris,Auris,2015,1600,132,Hatchback,FWD,5,japanese,family,0.0303
Toyota,Auris,Auris,2017,1600,132,Hatchback,FWD,5,japanese,family,0.0303
Toyota,Tercel,Tercel,1994,1500,90,Sedan,FWD,5,japanese,city,0.0303
Toyota,Tercel,Tercel,1995,1500,90,Sedan,FWD,5,japanese,city,0.0303
Toyota,Tercel,Tercel,1998,1500,90,Sedan,FWD,5,japanese,city,0.0303
Lada,2017,2017,1997,1500,71,Sedan,RWD,5,other,family,0.0133
Lada,2017,2017,2004,1500,71,Sedan,RWD,5,other,family,0.0133
Lada,2017,2017,2006,1500,71,Sedan,RWD,5,other,family,0.0133
Lada,2017,2017,2011,1500,71,Sedan,RWD,5,other,family,0.0133
Lada,2017,2017,2017,1500,71,Sedan,RWD,5,other,family,0.0133
Lada,Niva,Niva,1981,1700,83,SUV,4WD,5,other,suv,0.0133
Lada,Niva,Niva,1982,1700,83,SUV,4WD,5,other,suv,0.0133
Lada,Niva,Niva,1983,1700,83,SUV,4WD,5,other,suv,0.0133
Lada,Niva,Niva,1984,1700,83,SUV,4WD,5,other,suv,0.0133
Lada,Niva,Niva,1993,1700,83,SUV,4WD,5,other,suv,0.0133
Lada,Niva,Niva,1995,1700,83,SUV,4WD,5,other,suv,0.0133
Lada,1200,1200,1973,1200,62,Sedan,RWD,5,other,family,0.0133
Lada,1200,1200,1979,1200,62,Sedan,RWD,5,other,family,0.0133
Lada,1200,1200,1982,1200,62,Sedan,RWD,5,other,family,0.0133
Lada,1200,1200,1984,1200,62,Sedan,RWD,5,other,family,0.0133
Lada,1200,1200,1995,1200,62,Sedan,RWD,5,other,family,0.0133
Lada,1500,1500,1980,1500,71,Sedan,RWD,5,other,family,0.0133
Lada,1500,1500,2012,1500,71,Sedan,RWD,5,other,family,0.0133
Lada,1500,1500,2018,1500,71,Sedan,RWD,5,other,family,0.0133
Suzuki,Celerio,Celerio,2010,1000,67,Hatchback,FWD,5,japanese,city,0.0264
Suzuki,Celerio,Celerio,2011,1000,67,Hatchback,FWD,5,japanese,city,0.0264
Suzuki,Celerio,Celerio,2013,1000,67,Hatchback,FWD,5,japanese,city,0.0264
Suzuki,Celerio,Celerio,2022,1000,67,Hatchback,FWD,5,japanese,city,0.0264
Suzuki,Celerio,Celerio,2024,1000,67,Hatchback,FWD,5,japanese,city,0.0264
Proton,Wira,Wira,2000,1500,90,Sedan,FWD,5,other,family,0.0096
Proton,Wira,Wira,2004,1500,90,Sedan,FWD,5,other,family,0.0096
Proton,Wira,Wira,2005,1500,90,Sedan,FWD,5,other,family,0.0096
Proton,Wira,Wira,2006,1500,90,Sedan,FWD,5,other,family,0.0096
Proton,Preve,Preve,2019,1600,138,Sedan,FWD,5,other,family,0.0096
Peugeot,305,305,1979,1500,74,Sedan,FWD,5,european,family,0.0339
Peugeot,305,305,1980,1500,74,Sedan,FWD,5,european,family,0.0339
Peugeot,305,305,1981,1500,74,Sedan,FWD,5,european,family,0.0339
Peugeot,305,305,1982,1500,74,Sedan,FWD,5,european,family,0.0339
Citroën,Ax,Ax,1993,1400,75,Hatchback,FWD,5,european,city,0.0151
Citroën,Ax,Ax,1995,1400,75,Hatchback,FWD,5,european,city,0.0151
Citroën,Ax,Ax,1996,1400,75,Hatchback,FWD,5,european,city,0.0151
Citroën,Xsara,Xsara,2000,1600,110,Hatchback,FWD,5,european,family,0.0151
Citroën,Xsara,Xsara,2001,1600,110,Hatchback,FWD,5,european,family,0.0151
Citroën,Xsara,Xsara,2002,1600,110,Hatchback,FWD,5,european,family,0.0151
Citroën,Zx,Zx,1996,1600,90,Hatchback,FWD,5,european,family,0.0151
Citroën,Zx,Zx,1997,1600,90,Hatchback,FWD,5,european,family,0.0151
Citroën,Zx,Zx,1998,1600,90,Hatchback,FWD,5,european,family,0.0151
Daewoo,Espero,Espero,1994,1500,90,Sedan,FWD,5,korean,family,0.0308
Daewoo,Espero,Espero,1995,1500,90,Sedan,FWD,5,korean,family,0.0308
Daewoo,Espero,Espero,1996,1500,90,Sedan,FWD,5,korean,family,0.0308
Daewoo,Espero,Espero,1997,1500,90,Sedan,FWD,5,korean,family,0.0308
Daewoo,Racer,Racer,1993,1500,90,Sedan,FWD,5,korean,family,0.0308
Daewoo,Racer,Racer,1994,1500,90,Sedan,FWD,5,korean,family,0.0308
Daewoo,Racer,Racer,1996,1500,90,Sedan,FWD,5,korean,family,0.0308
Daewoo,Cielo,Cielo,1995,1500,90,Sedan,FWD,5,korean,family,0.0308
Daewoo,Cielo,Cielo,1996,1500,90,Sedan,FWD,5,korean,family,0.0308
BAIC,X35,X35,2018,1500,113,SUV,FWD,5,chinese,suv,0.0047
BAIC,X35,X35,2025,1500,113,SUV,FWD,5,chinese,suv,0.0047
BAIC,X35,X35,2026,1500,113,SUV,FWD,5,chinese,suv,0.0047
Volkswagen,Golf 2,Golf 2,1985,1600,90,Hatchback,FWD,5,european,family,0.0389
Volkswagen,Golf 2,Golf 2,1987,1600,90,Hatchback,FWD,5,european,family,0.0389
Volkswagen,Golf 2,Golf 2,1988,1600,90,Hatchback,FWD,5,european,family,0.0389
Volkswagen,Golf 2,Golf 2,1989,1600,90,Hatchback,FWD,5,european,family,0.0389
Volkswagen,Golf 2,Golf 2,1990,1600,90,Hatchback,FWD,5,european,family,0.0389
Volkswagen,Golf 2,Golf 2,1991,1600,90,Hatchback,FWD,5,european,family,0.0389
Volkswagen,Golf 2,Golf 2,1992,1600,90,Hatchback,FWD,5,european,family,0.0389
Volkswagen,Suran,Suran,2007,1600,101,Hatchback,FWD,5,european,family,0.0389
Volkswagen,Suran,Suran,2008,1600,101,Hatchback,FWD,5,european,family,0.0389
Volkswagen,Suran,Suran,2009,1600,101,Hatchback,FWD,5,european,family,0.0389
Volkswagen,CC,CC,2006,2000,200,Sedan,FWD,5,european,executive,0.0389
Volkswagen,CC,CC,2012,2000,200,Sedan,FWD,5,european,executive,0.0389
Volkswagen,CC,CC,2013,2000,200,Sedan,FWD,5,european,executive,0.0389
Volvo,240,240,1971,2300,114,Sedan,RWD,5,european,family,0.0038
Volvo,240,240,1980,2300,114,Sedan,RWD,5,european,family,0.0038
Volvo,240,240,1983,2300,114,Sedan,RWD,5,european,family,0.0038
Volvo,240,240,1985,2300,114,Sedan,RWD,5,european,family,0.0038
Volvo,240,240,1987,2300,114,Sedan,RWD,5,european,family,0.0038
Volvo,S80,S80,2009,2500,200,Sedan,FWD,5,european,executive,0.0038
Volvo,S80,S80,2014,2500,200,Sedan,FWD,5,european,executive,0.0038
Volvo,S80,S80,2015,2500,200,Sedan,FWD,5,european,executive,0.0038
Mercedes,190,190,1983,2000,122,Sedan,RWD,5,european,family,0.0745
Mercedes,190,190,1987,2000,122,Sedan,RWD,5,european,family,0.0745
Mercedes,190,190,1991,2000,122,Sedan,RWD,5,european,family,0.0745
Mercedes,190,190,1993,2000,122,Sedan,RWD,5,european,family,0.0745
Mercedes,190,190,2000,2000,122,Sedan,RWD,5,european,family,0.0745
Mercedes,190,190,2013,2000,122,Sedan,RWD,5,european,family,0.0745
Mercedes,300,300,1986,3000,188,Sedan,RWD,5,european,executive,0.0745
Mercedes,300,300,2020,3000,188,Sedan,RWD,5,european,executive,0.0745
Mercedes,300,300,2021,3000,188,Sedan,RWD,5,european,executive,0.0745
Mercedes,300,300,2026,3000,188,Sedan,RWD,5,european,executive,0.0745
Mercedes,Vito,Vito,1997,2100,136,Van,RWD,8,european,van,0.0745
Mercedes,Vito,Vito,2025,2100,136,Van,RWD,8,european,van,0.0745
Mercedes,Vito,Vito,2026,2100,136,Van,RWD,8,european,van,0.0745
Porsche,Taycan,Taycan,2022,0,408,Sedan,AWD,4,european,luxury,0.0082
Porsche,Taycan,Taycan,2023,0,408,Sedan,AWD,4,european,luxury,0.0082
Porsche,Taycan,Taycan,2024,0,408,Sedan,AWD,4,european,luxury,0.0082
Mazda,2,2,2016,1500,115,Hatchback,FWD,5,japanese,city,0.0063
Mazda,2,2,2017,1500,115,Hatchback,FWD,5,japanese,city,0.0063
Mazda,929,929,1975,2000,120,Sedan,RWD,5,japanese,family,0.0063
Mazda,929,929,1980,2000,120,Sedan,RWD,5,japanese,family,0.0063
Mazda,929,929,1982,2000,120,Sedan,RWD,5,japanese,family,0.0063
Mazda,929,929,1983,2000,120,Sedan,RWD,5,japanese,family,0.0063
Mazda,929,929,1984,2000,120,Sedan,RWD,5,japanese,family,0.0063
Mazda,626,626,1980,2000,136,Sedan,FWD,5,japanese,family,0.0063
Mazda,626,626,1981,2000,136,Sedan,FWD,5,japanese,family,0.0063
Mazda,626,626,1990,2000,136,Sedan,FWD,5,japanese,family,0.0063
BMW,M3,M3,2008,3000,425,Sedan,RWD,5,european,sport,0.0557
BMW,M3,M3,2023,3000,425,Sedan,RWD,5,european,sport,0.0557
BMW,M3,M3,2025,3000,425,Sedan,RWD,5,european,sport,0.0557
BMW,M3,M3,2026,3000,425,Sedan,RWD,5,european,sport,0.0557
BMW,750,750,2010,4400,530,Sedan,RWD,5,european,luxury,0.0557
BMW,750,750,2011,4400,530,Sedan,RWD,5,european,luxury,0.0557
BMW,750,750,2016,4400,530,Sedan,RWD,5,european,luxury,0.0557
Kia,Seltos,Seltos,2022,1600,123,SUV,FWD,5,korean,suv,0.0577
Kia,Seltos,Seltos,2023,1600,123,SUV,FWD,5,korean,suv,0.0577
Kia,Seltos,Seltos,2024,1600,123,SUV,FWD,5,korean,suv,0.0577
Kia,Seltos,Seltos,2025,1600,123,SUV,FWD,5,korean,suv,0.0577
Kia,Pegas,Pegas,2020,1400,95,Sedan,FWD,5,korean,family,0.0577
Kia,K5,K5,2016,2000,152,Sedan,FWD,5,korean,family,0.0577
Kia,K5,K5,2024,2000,152,Sedan,FWD,5,korean,family,0.0577
Subaru,Legacy,Legacy,2008,2500,170,Sedan,AWD,5,japanese,family,0.0053
Subaru,Legacy,Legacy,2010,2500,170,Sedan,AWD,5,japanese,family,0.0053
Subaru,Legacy,Legacy,2012,2500,170,Sedan,AWD,5,japanese,family,0.0053
Subaru,Legacy,Legacy,2013,2500,170,Sedan,AWD,5,japanese,family,0.0053
Alfa Romeo,156,156,1998,2000,155,Sedan,FWD,5,european,family,0.0018
Alfa Romeo,156,156,2000,2000,155,Sedan,FWD,5,european,family,0.0018
Alfa Romeo,156,156,2001,2000,155,Sedan,FWD,5,european,family,0.0018
Alfa Romeo,156,156,2002,2000,155,Sedan,FWD,5,european,family,0.0018
Alfa Romeo,156,156,2003,2000,155,Sedan,FWD,5,european,family,0.0018
GMC,Sierra,Sierra,2024,5300,355,Pickup,4WD,5,american,truck,0.002
GMC,Sierra,Sierra,2025,5300,355,Pickup,4WD,5,american,truck,0.002
GMC,Sierra,Sierra,2026,5300,355,Pickup,4WD,5,american,truck,0.002
Renault,Scala,Scala,2010,1600,110,Sedan,FWD,5,european,family,0.0417
Renault,Scala,Scala,2011,1600,110,Sedan,FWD,5,european,family,0.0417
Renault,Laguna,Laguna,2011,2000,140,Sedan,FWD,5,european,family,0.0417
Renault,Laguna,Laguna,2013,2000,140,Sedan,FWD,5,european,family,0.0417
Renault,Laguna,Laguna,2016,2000,140,Sedan,FWD,5,european,family,0.0417
Renault,Laguna,Laguna,2017,2000,140,Sedan,FWD,5,european,family,0.0417
Renault,Koleos,Koleos,1994,2500,171,SUV,FWD,5,european,suv,0.0417
Fiat,124,124,1973,1200,60,Sedan,RWD,5,european,family,0.0447
Fiat,125,125,1981,1600,90,Sedan,RWD,5,european,family,0.0447
Fiat,Albea,Albea,2011,1400,77,Sedan,FWD,5,european,city,0.0447
Fiat,Doblo,Doblo,2017,1600,105,MPV,FWD,5,european,mpv,0.0447
Fiat,Doblo,Doblo,2021,1600,105,MPV,FWD,5,european,mpv,0.0447
Hyundai,Azera,Azera,2023,3300,270,Sedan,FWD,5,korean,executive,0.0768
Hyundai,Azera,Azera,2024,3300,270,Sedan,FWD,5,korean,executive,0.0768
Hyundai,Staria,Staria,2025,2200,177,Van,FWD,9,korean,van,0.0768
Hyundai,Kona,Kona,2020,1600,177,SUV,FWD,5,korean,suv,0.0768
Nissan,Armada,Armada,2006,5600,400,SUV,4WD,8,japanese,luxury_suv,0.0316
Nissan,Armada,Armada,2008,5600,400,SUV,4WD,8,japanese,luxury_suv,0.0316
Nissan,Armada,Armada,2025,5600,400,SUV,4WD,8,japanese,luxury_suv,0.0316
Nissan,Armada,Armada,2026,5600,400,SUV,4WD,8,japanese,luxury_suv,0.0316
Chevrolet,Corvette,Corvette,2015,6200,466,Coupe,RWD,2,american,sport,0.0414
Chevrolet,Corvette,Corvette,2016,6200,466,Coupe,RWD,2,american,sport,0.0414
Chevrolet,Corvette,Corvette,2020,6200,466,Coupe,RWD,2,american,sport,0.0414
Chevrolet,Corvette,Corvette,2023,6200,466,Coupe,RWD,2,american,sport,0.0414
Chevrolet,Corvette,Corvette,2025,6200,466,Coupe,RWD,2,american,sport,0.0414
Dodge,Charger,Charger,2013,3600,292,Sedan,RWD,5,american,sport,0.0017
Dodge,Charger,Charger,2014,3600,292,Sedan,RWD,5,american,sport,0.0017
Dodge,Charger,Charger,2015,3600,292,Sedan,RWD,5,american,sport,0.0017
Dodge,Charger,Charger,2026,3600,292,Sedan,RWD,5,american,sport,0.0017
Dodge,Durango,Durango,2002,3600,293,SUV,AWD,7,american,suv,0.0017
Dodge,Durango,Durango,2004,3600,293,SUV,AWD,7,american,suv,0.0017
Dodge,Durango,Durango,2012,3600,293,SUV,AWD,7,american,suv,0.0017
Dodge,Durango,Durango,2013,3600,293,SUV,AWD,7,american,suv,0.0017
Chrysler,C300,C300,2006,3500,292,Sedan,RWD,5,american,executive,0.0017
Chrysler,C300,C300,2007,3500,292,Sedan,RWD,5,american,executive,0.0017
Chrysler,C300,C300,2008,3500,292,Sedan,RWD,5,american,executive,0.0017
Chrysler,C300,C300,2013,3500,292,Sedan,RWD,5,american,executive,0.0017
Jaguar,E-Pace,E-Pace,2019,2000,246,SUV,AWD,5,european,luxury_suv,0.0023
Jaguar,E-Pace,E-Pace,2020,2000,246,SUV,AWD,5,european,luxury_suv,0.0023
Jaguar,E-Pace,E-Pace,2024,2000,246,SUV,AWD,5,european,luxury_suv,0.0023
Jaguar,Xf,Xf,2013,2000,247,Sedan,RWD,5,european,luxury,0.0023
Jaguar,Xf,Xf,2017,2000,247,Sedan,RWD,5,european,luxury,0.0023
Jaguar,Xf,Xf,2020,2000,247,Sedan,RWD,5,european,luxury,0.0023
Lexus,Lx,Lx,2019,5700,383,SUV,4WD,8,other,luxury_suv,0.001
Lexus,Lx,Lx,2026,5700,383,SUV,4WD,8,other,luxury_suv,0.001
Lamborghini,Urus,Urus,2019,4000,650,SUV,AWD,5,other,luxury_suv,0.001
Lamborghini,Urus,Urus,2023,4000,650,SUV,AWD,5,other,luxury_suv,0.001
Lamborghini,Urus,Urus,2025,4000,650,SUV,AWD,5,other,luxury_suv,0.001
Lamborghini,Urus,Urus,2026,4000,650,SUV,AWD,5,other,luxury_suv,0.001
Bentley,Bentayga,Bentayga,2017,4000,542,SUV,AWD,5,european,luxury_suv,0.0005
Bentley,Bentayga,Bentayga,2022,4000,542,SUV,AWD,5,european,luxury_suv,0.0005
Bentley,Bentayga,Bentayga,2025,4000,542,SUV,AWD,5,european,luxury_suv,0.0005
