make,model,year,fuel,transmission
BYD,F3,2024,petrol,Manual
BYD,F3,2025,petrol,Manual
Subaru,Impreza,2009,petrol,Manual
Peugeot,206,2002,petrol,Manual
Peugeot,405,1996,petrol,Manual
Mercedes,C200,2020,petrol,Manual
Changan,Benni,2009,petrol,Manual
Fiat,131,1981,petrol,Manual
Daewoo,Lanos,1999,petrol,Manual
Skoda,Octavia,1998,petrol,Manual
Peugeot,405,1998,petrol,Manual
Hyundai,Verna,2019,petrol,Manual
Suzuki,Alto,2022,petrol,Manual
Suzuki,Alto,2019,petrol,Manual
Renault,Logan,2013,petrol,Manual
Geely,Emgrand,2013,petrol,Manual
Opel,Corsa,2005,petrol,Manual
Daewoo,Nubira,2002,petrol,Manual
Chevrolet,Lanos,2011,petrol,Manual
Opel,Corsa,1994,petrol,Manual
Peugeot,301,2015,petrol,Manual
Chery,Arrizo 5 Pro,2022,petrol,Manual
Renault,Logan,2016,petrol,Manual
Hyundai,Verna,2011,petrol,Manual
BYD,F3,2021,petrol,Manual
Renault,Megane,1999,petrol,Manual
Fiat,128,1977,petrol,Manual
Renault,Megane,2000,petrol,Manual
Opel,Vectra,1995,petrol,Manual
Renault,Logan,2017,petrol,Manual
Chevrolet,Lanos,2010,petrol,Manual
Fiat,128,1979,petrol,Manual
Fiat,Shahin,2008,petrol,Manual
Volkswagen,Pointer,2004,petrol,Manual
MG,HS,2025,petrol,Automatic
Suzuki,Ertiga,2015,petrol,Automatic
Kia,Carnival MPV,2001,petrol,Automatic
Ford,Fusion,2018,petrol,Automatic
Opel,Vectra,2008,petrol,Automatic
Ford,Kuga,2015,petrol,Automatic
Hyundai,Getz,2008,petrol,Automatic
Hyundai,Tucson,2020,petrol,Automatic
Kia,Cerato,2021,petrol,Automatic
Hyundai,Creta,2016,petrol,Automatic
Hyundai,Accent,2008,petrol,Automatic
Opel,Astra,2014,petrol,Automatic
Renault,Sandero,2016,petrol,Automatic
BMW,740,2017,petrol,Automatic
Mercedes,E200,2023,petrol,Automatic
BMW,525,2010,petrol,Automatic
Hyundai,Tucson,2012,petrol,Automatic
Mercedes,E280,2008,petrol,Automatic
Daewoo,Nubira,2006,cng,Automatic
Renault,Megane,2000,petrol,Automatic
Mercedes,E180,2016,petrol,Automatic
Peugeot,308 SW,2008,petrol,Automatic
Mercedes,A200,2020,petrol,Automatic
Porsche,Cayenne,2016,petrol,Automatic
Kia,Cerato,2022,petrol,Automatic
Mercedes,E300,2020,petrol,Automatic
Skoda,Octavia,1998,petrol,Automatic
Audi,Q8,2022,petrol,Automatic
Skoda,Octavia,2003,petrol,Automatic
Hyundai,Tucson,1996,petrol,Automatic
Brilliance,Galena,2008,petrol,Automatic
Nissan,Sunny,2007,petrol,Automatic
Mazda,323,2007,petrol,Automatic
BMW,316,2013,petrol,Automatic
Porsche,Cayenne,2020,petrol,Automatic
Skoda,Octavia,2021,petrol,Automatic
Citroën,Grand C4 Spacetourer,2021,petrol,Automatic
Fiat,Tipo,2021,petrol,Automatic
Mercedes,200,2021,petrol,Automatic
Mercedes,AMG,2025,petrol,Automatic
Toyota,Corolla,2015,petrol,Automatic
Proton,Gen-2,2016,petrol,Automatic
Chevrolet,Optra,2006,petrol,Automatic
Renault,Logan,2014,petrol,Automatic
Geely,Emgrand X7,2015,petrol,Automatic
Nissan,Qashqai,2020,petrol,Automatic
Peugeot,407,2008,petrol,Automatic
Nissan,Bluebird,2019,petrol,Automatic
Audi,A4,2012,petrol,Automatic
Peugeot,301,2021,petrol,Automatic
Mercedes,C180,2020,petrol,Automatic
Kia,Rio,2014,petrol,Automatic
Skoda,Octavia,2024,petrol,Automatic
Jeep,Cherokee,2018,petrol,Automatic
Peugeot,405,1997,petrol,Automatic
Mercedes,GLC200,2020,petrol,Automatic
Hyundai,Tucson,2021,petrol,Automatic
Hyundai,Tucson,2022,petrol,Automatic
Geely,Emgrand,2019,petrol,Automatic
Chevrolet,Aveo,2016,petrol,Automatic
Toyota,Land Cruiser,2019,petrol,Automatic
Lada,Granta,2020,petrol,Automatic
Renault,Logan,2018,petrol,Automatic
Brilliance,Galena,2007,cng,Automatic
Mercedes,S500,2017,petrol,Automatic
BMW,316,2010,petrol,Automatic
Chevrolet,Aveo,2015,petrol,Automatic
Seat,Tarraco,2019,petrol,Automatic
Speranza,A620,2007,petrol,Automatic
Mercedes,350,2018,hybrid,Automatic
Hyundai,Verna,2011,petrol,Automatic
Mercedes,C180,2023,petrol,Automatic
Kia,Picanto,2015,petrol,Automatic
BMW,320i,2026,petrol,Automatic
Volkswagen,Golf,2014,petrol,Automatic
Mini,Paceman,2010,petrol,Automatic
Mercedes,C180,2025,petrol,Automatic
BMW,320i,2023,petrol,Automatic
Mitsubishi,Lancer,2015,petrol,Automatic
Ford,Bronco Raptor,2017,petrol,Automatic
Chevrolet,Optra,2022,petrol,Automatic
Geely,Pandino,2013,petrol,Automatic
Mercedes,C180,2017,petrol,Automatic
Chevrolet,Optra,2018,petrol,Automatic
Mercedes,E200,2020,petrol,Automatic
Renault,Sandero Stepway,2002,petrol,Automatic
Volkswagen,Passat,2021,petrol,Automatic
Mercedes,C180,2013,petrol,Automatic
Ford,Focus,2014,petrol,Automatic
Kia,Rio,2013,petrol,Automatic
Opel,Grandland,2020,petrol,Automatic
Peugeot,307,2005,petrol,Automatic
Toyota,Echo,2019,petrol,Automatic
Peugeot,5008,2017,petrol,Automatic
BMW,X1,2018,petrol,Automatic
Nissan,Sentra,2026,petrol,Automatic
Mercedes,C180,2011,petrol,Automatic
Mercedes,E200,1984,petrol,Automatic
Chevrolet,Cruze,2015,petrol,Automatic
Nissan,Sentra,2021,petrol,Automatic
Mercedes,C280,2008,petrol,Automatic
Daewoo,Nubira,1997,petrol,Automatic
Volkswagen,Transporter,2000,petrol,Automatic
Mercedes,C200,2023,petrol,Automatic
Renault,Megane,2009,petrol,Automatic
Chevrolet,Aveo,2020,petrol,Automatic
BMW,320i,2018,petrol,Automatic
Jeep,Wrangler,2015,petrol,Automatic
Toyota,Corolla,2018,petrol,Automatic
Mercedes,GLC300,2020,petrol,Automatic
Mazda,3,2016,petrol,Automatic
Toyota,Corolla,2010,petrol,Automatic
Peugeot,307,2006,petrol,Automatic
Speranza,Tiggo,2009,petrol,Automatic
Audi,A6,2022,petrol,Automatic
BMW,X6,2024,petrol,Automatic
Opel,Astra,2021,petrol,Automatic
Seat,Ibiza,2010,petrol,Automatic
Mercedes,E200,2024,petrol,Automatic
Toyota,Corolla,2019,petrol,Automatic
Renault,Clio,2006,petrol,Automatic
Renault,Megane,2022,petrol,Automatic
Proton,Gen-2,2014,petrol,Automatic
Hyundai,Elantra,1994,petrol,Automatic
Peugeot,406,2004,petrol,Automatic
Skoda,Kodiaq,2021,petrol,Automatic
Citroën,C3 Aircross,2022,petrol,Automatic
Nissan,Sunny,2021,petrol,Automatic
Opel,Vectra,1996,petrol,Automatic
Mercedes,E180,2019,petrol,Automatic
Peugeot,307 SW,2006,petrol,Automatic
Mercedes,C200,2013,petrol,Automatic
Renault,Logan,2017,petrol,Automatic
Changan,Benni,2017,petrol,Automatic
Volvo,XC40,2020,petrol,Automatic
Nissan,Sentra,2019,petrol,Automatic
Kia,Carnival MPV,2016,petrol,Automatic
Skoda,Kodiaq,2020,petrol,Automatic
Jetour,X70 Plus,2025,petrol,Automatic
BMW,X3,2013,petrol,Automatic
Mercedes,C180,2019,petrol,Automatic
Seat,Tarraco,2003,petrol,Automatic
Skoda,Octavia Combi,2011,petrol,Automatic
Renault,Sandero,2019,petrol,Automatic
Seat,Toledo,2000,petrol,Automatic
Volkswagen,Transporter,2024,hybrid,Automatic
Hyundai,Accent,2010,petrol,Automatic
Kia,Sportage,2018,petrol,Automatic
Hyundai,Tucson,2022,hybrid,Automatic
Mini,Countryman S,2018,petrol,Automatic
Suzuki,Grand Vitara,2021,petrol,Automatic
Mercedes,E200,2021,petrol,Automatic
Mini,Cooper,2021,petrol,Automatic
Honda,Civic,2019,petrol,Automatic
BMW,X1,2017,petrol,Automatic
Renault,Duster,2018,petrol,Automatic
Hyundai,Verna,2014,hybrid,Automatic
Mercedes,C180,2022,petrol,Automatic
Porsche,Cayman,2020,petrol,Automatic
Opel,Insignia,2018,petrol,Automatic
Brilliance,Galena,2012,petrol,Automatic
Peugeot,5008,2020,petrol,Automatic
BMW,X1,2014,petrol,Automatic
Mercedes,A200,2022,petrol,Automatic
Daewoo,Lacetti,2007,petrol,Automatic
BMW,318i,2017,petrol,Automatic
Volkswagen,Passat,1998,petrol,Automatic
Mercedes,E300,2021,petrol,Automatic
BMW,520i,2015,petrol,Automatic
Volkswagen,Golf,2015,hybrid,Automatic
Mercedes,E200,2015,petrol,Automatic
Mercedes,C180,2024,petrol,Automatic
Soueast,S06,2026,petrol,Automatic
Opel,Astra,2019,petrol,Automatic
Geely,Emgrand,2015,petrol,Automatic
BMW,X1,2020,petrol,Automatic
Mercedes,C180,1995,petrol,Automatic
Renault,Fluence,2014,petrol,Automatic
Volkswagen,Passat,2012,petrol,Automatic
JAC,S3,2015,petrol,Automatic
Mitsubishi,Lancer,2007,petrol,Automatic
Hyundai,Matrix,2006,petrol,Automatic
Audi,A3,2024,petrol,Automatic
Hyundai,Matrix,2010,petrol,Automatic
Mercedes,B180,2021,petrol,Automatic
Brilliance,FSV,2013,petrol,Automatic
Skoda,Kodiaq,2019,petrol,Automatic
Ford,Focus,2008,petrol,Automatic
BMW,X3,2010,petrol,Automatic
BMW,520i,2025,petrol,Automatic
Kia,Sportage,2020,petrol,Automatic
Kia,Cerato,2017,petrol,Automatic
Mercedes,GLK300,2010,petrol,Automatic
Skoda,Octavia,2012,petrol,Automatic
Chevrolet,Optra,2021,petrol,Automatic
Kia,Carnival MPV,2003,petrol,Automatic
Renault,Megane,2018,petrol,Automatic
Geely,Emgrand X7,2013,petrol,Automatic
Mercedes,E250,2011,petrol,Automatic
Jeep,Grand Cherokee,1997,petrol,Automatic
Mitsubishi,Lancer,1991,petrol,Automatic
Nissan,Juke,2021,petrol,Automatic
Kia,Carnival MPV,2010,petrol,Automatic
Tesla,Model Y,2021,electric,Automatic
Hyundai,Matrix,2005,petrol,Automatic
Land Rover,Range Rover Velar,2022,petrol,Automatic
Hyundai,Tucson,2007,petrol,Automatic
Volvo,XC60,2013,petrol,Automatic
Mercedes,GLA200,2025,petrol,Automatic
Kia,Rio,2016,petrol,Automatic
BMW,218i,2016,petrol,Automatic
Chevrolet,Cruze,2010,petrol,Automatic
Chevrolet,Cruze,2016,petrol,Automatic
Hyundai,Elantra,2021,petrol,Automatic
Kia,Sorento,2023,hybrid,Automatic
Porsche,Macan,2024,petrol,Automatic
Renault,Megane,2004,petrol,Automatic
BYD,Tang L,2024,electric,Automatic
Mercedes,E250,2013,petrol,Automatic
Renault,Sandero,2021,petrol,Automatic
Hyundai,Verna,2014,petrol,Automatic
Renault,Logan,2013,petrol,Automatic
BMW,528,2011,petrol,Automatic
Nissan,Qashqai,2016,petrol,Automatic
Skoda,Octavia,2009,petrol,Automatic
Hyundai,Verna,2015,petrol,Automatic
Hyundai,Matrix,2008,petrol,Automatic
Hyundai,Tucson,2001,petrol,Automatic
Daewoo,Lanos,2001,petrol,Automatic
Mercedes,C200,2022,petrol,Automatic
Kia,Cerato,2022,diesel,Automatic
Jeep,Grand Cherokee,2015,petrol,Automatic
Suzuki,Swift,2015,petrol,Automatic
Peugeot,301,2020,petrol,Automatic
Peugeot,308,2010,petrol,Automatic
Citroën,Grand C4 Spacetourer,2001,petrol,Automatic
MG,RX5,2024,petrol,Automatic
Hyundai,Elantra,2025,petrol,Automatic
BMW,X2,2020,petrol,Automatic
Mitsubishi,Lancer EX Shark,2018,petrol,Automatic
Hyundai,Matrix,2007,petrol,Automatic
Volkswagen,Tiguan,2014,petrol,Automatic
Land Rover,Range Rover Velar,2020,petrol,Automatic
Mercedes,C180,2018,petrol,Automatic
Volkswagen,Polo,2004,petrol,Automatic
Opel,Astra,2020,petrol,Automatic
DS,DS4,2017,petrol,Automatic
Honda,City,2009,petrol,Automatic
Peugeot,508,2022,petrol,Automatic
BMW,420,2024,petrol,Automatic
Honda,Accord,2021,petrol,Automatic
Peugeot,307,2007,petrol,Automatic
Peugeot,408,2026,petrol,Automatic
Hyundai,Coupe,2005,petrol,Automatic
BMW,318i,2016,petrol,Automatic
Chrysler,Town & Country,1998,petrol,Automatic
Proton,Persona,2005,petrol,Automatic
Porsche,911,2020,petrol,Automatic
BMW,X5,2020,petrol,Automatic
Fiat,Grand Punto,2021,petrol,Automatic
Land Rover,Range Rover Velar,2024,petrol,Automatic
Alfa Romeo,Giulietta,2020,petrol,Automatic
Opel,Insignia,2016,petrol,Automatic
BMW,M4,2022,petrol,Automatic
Chevrolet,Optra,2008,petrol,Automatic
Citroën,C4,2022,petrol,Automatic
Renault,Megane,2021,petrol,Automatic
Honda,CRV,2024,petrol,Automatic
Daewoo,Lacetti,2010,petrol,Automatic
Mercedes,C180,2016,petrol,Automatic
Mercedes,GLA200,2021,petrol,Automatic
Audi,A3,2014,petrol,Automatic
Mercedes,C200,2010,petrol,Automatic
Daewoo,Nubira,2002,petrol,Automatic
DS,DS7,2021,petrol,Automatic
Renault,Logan,2006,petrol,Automatic
Chevrolet,Optra,2010,petrol,Automatic
BMW,X5,2025,petrol,Automatic
Toyota,Corolla,2021,petrol,Automatic
Kia,Carens,2010,petrol,Automatic
BMW,X1,2019,petrol,Automatic
Mercedes,C300,2020,petrol,Automatic
Renault,Sandero Stepway,2016,petrol,Automatic
Seat,Tarraco,2021,petrol,Automatic
BMW,Z4,2020,petrol,Automatic
Land Rover,Range Rover Sport,2022,hybrid,Automatic
Mercedes,E350,2024,petrol,Automatic
Kia,Sorento,2023,petrol,Automatic
Mercedes,200,2022,petrol,Automatic
Porsche,Cayenne S,2024,petrol,Automatic
Fiat,Tipo,2020,petrol,Automatic
Mercedes,E300,2022,petrol,Automatic
Hyundai,Avante,2024,petrol,Automatic
Kia,Sorento,2025,hybrid,Automatic
Peugeot,3008,2020,petrol,Automatic
Hyundai,Tucson,2019,petrol,Automatic
Land Rover,Range Rover,2022,petrol,Automatic
Skoda,Octavia,2010,petrol,Automatic
Jeep,Grand Cherokee,2023,petrol,Automatic
Mercedes,C250,2010,petrol,Automatic
Mini,Cooper,2020,petrol,Automatic
Kia,Rio,2000,petrol,Automatic
BYD,F3,2025,petrol,Automatic
Toyota,Corolla Cross,2008,petrol,Automatic
Toyota,Corolla Cross,2007,petrol,Automatic
Renault,Logan,2016,petrol,Automatic
MG,ZS,2022,petrol,Automatic
Nissan,Juke,2015,petrol,Automatic
Renault,Megane,2006,petrol,Automatic
Kia,Sportage,2025,petrol,Automatic
Mercedes,C200,2024,petrol,Automatic
Mercedes,E200,2018,petrol,Automatic
Nissan,Sunny,2024,petrol,Automatic
Kia,Sportage,2026,petrol,Automatic
Jaguar,F-Type,2016,petrol,Automatic
Kia,Cerato,2014,petrol,Automatic
Daewoo,Nubira,1998,petrol,Automatic
Jeep,Grand Cherokee 4xe,2017,petrol,Automatic
Suzuki,Grand Vitara,2022,petrol,Automatic
Hyundai,Tucson,2017,petrol,Automatic
Mercedes,C180,2014,petrol,Automatic
Seat,Ibiza,2019,petrol,Automatic
Brilliance,Galena,2009,petrol,Automatic
Kia,Carnival MPV,2022,petrol,Automatic
MG,6,2021,petrol,Automatic
Renault,Clio,2005,petrol,Automatic
Peugeot,308,2011,petrol,Automatic
Citroën,Grand C4 Spacetourer,2022,petrol,Automatic
Opel,Vectra,1994,petrol,Automatic
Toyota,Fortuner,2023,petrol,Automatic
Ford,Fusion,2016,petrol,Automatic
Nissan,Sunny,2005,petrol,Automatic
BMW,X3,2019,petrol,Automatic
Daewoo,Lanos,2011,cng,Automatic
Renault,Sandero Stepway,2021,petrol,Automatic
BMW,3 Series,2020,petrol,Automatic
Mercedes,V250,2022,petrol,Automatic
Skoda,Octavia,2022,petrol,Automatic
Suzuki,Ciaz,2022,petrol,Automatic
BMW,520i,2017,petrol,Automatic
Hyundai,Tucson,2010,petrol,Automatic
Mitsubishi,Lancer EX Shark,2002,petrol,Automatic
Mercedes,B180,2020,petrol,Automatic
Jeep,Wrangler,2013,petrol,Automatic
Kia,Spectra,2004,petrol,Automatic
Citroën,C4,2006,petrol,Automatic
Renault,Sandero,2013,petrol,Automatic
Land Rover,Range Rover Sport,2022,petrol,Automatic
Kia,Cerato,2010,petrol,Automatic
BMW,X3,2020,petrol,Automatic
Citroën,Grand C4 Spacetourer,2025,petrol,Automatic
Mercedes,E300,2023,petrol,Automatic
Kia,Cerato,2011,petrol,Automatic
Mazda,323,2010,petrol,Automatic
BMW,118,2013,petrol,Automatic
Renault,Megane,2020,petrol,Automatic
Land Rover,Range Rover Sport,2019,petrol,Automatic
Jeep,Grand Cherokee 4xe,2020,petrol,Automatic
Volkswagen,Tiguan,2009,petrol,Automatic
Opel,Corsa,2004,petrol,Automatic
Mercedes,C200,2020,petrol,Automatic
Toyota,Corolla,2009,petrol,Automatic
Daewoo,Nubira,2001,petrol,Automatic
Audi,Q7,2021,petrol,Automatic
Mercedes,A180,2021,petrol,Automatic
Chevrolet,Captiva,2021,petrol,Automatic
Opel,Astra,2008,petrol,Automatic
Peugeot,208,2015,petrol,Automatic
Chery,Tiggo,2021,petrol,Automatic
Chevrolet,Cruze,2022,petrol,Automatic
Mercedes,E300,2010,petrol,Automatic
Nissan,Juke,2022,petrol,Automatic
Daihatsu,Terios,2008,petrol,Automatic
Chery,Arrizo 5 Pro,2019,petrol,Automatic
Nissan,Bluebird,2020,petrol,Automatic
Kia,Pride,2001,petrol,Automatic
Renault,Megane,2007,petrol,Automatic
Hyundai,Elantra,2018,petrol,Automatic
Proton,Gen-2,2015,petrol,Automatic
Honda,City,2010,petrol,Automatic
Kia,Sportage,2019,petrol,Automatic
Speranza,A516,2010,petrol,Automatic
Renault,Logan,2019,petrol,Automatic
Nissan,Sunny,2009,petrol,Automatic
Opel,Astra,2021,diesel,Automatic
Volkswagen,Tiguan,2025,petrol,Automatic
Opel,Meriva,2015,diesel,Automatic
Kia,Rio,2006,petrol,Automatic
Toyota,Corolla Cross,2006,petrol,Automatic
Kia,Xceed,2022,petrol,Automatic
Hyundai,Elantra,2016,petrol,Automatic
Daewoo,Leganza,2000,petrol,Automatic
Hyundai,I10,2023,petrol,Automatic
Peugeot,3008,2019,petrol,Automatic
MG,6,2020,petrol,Automatic
Chevrolet,Cruze,2017,petrol,Automatic
Mercedes,350,2020,petrol,Automatic
Mercedes,C200,2021,petrol,Automatic
Citroën,C4,2005,petrol,Automatic
Citroën,C5,2023,petrol,Automatic
Opel,Vectra,1995,petrol,Automatic
Toyota,Corolla,2022,petrol,Automatic
Chery,Envy,2017,petrol,Automatic
Citroën,C3,2007,petrol,Automatic
Jeep,Wrangler,1978,petrol,Automatic
Mercedes,GLC,2022,petrol,Automatic
Peugeot,3008,2014,petrol,Automatic
Renault,Logan,2019,cng,Automatic
Nissan,Sunny,2017,petrol,Automatic
BYD,F3,2014,petrol,Automatic
BMW,3 Series,2016,petrol,Automatic
Mercedes,230,2008,petrol,Automatic
Renault,Megane,2001,petrol,Automatic
Honda,Civic,1998,petrol,Automatic
Kia,Picanto,2009,petrol,Automatic
Kia,Carnival MPV,2013,petrol,Automatic
Peugeot,301,2015,petrol,Automatic
Jeep,Renegade,2016,petrol,Automatic
Mercedes,GLC200,2023,petrol,Automatic
Audi,Q7,2023,petrol,Automatic
Fiat,Punto,2017,petrol,Automatic
Mercedes,GLC43,2022,petrol,Automatic
Kia,Picanto,2005,petrol,Automatic
Volkswagen,Passat,2011,petrol,Automatic
Opel,Astra,2013,petrol,Automatic
Jeep,Wrangler,2012,petrol,Automatic
Peugeot,307 SW,2008,petrol,Automatic
Mitsubishi,Lancer,2017,petrol,Automatic
Mercedes,G63,2016,petrol,Automatic
Chevrolet,Aveo,2007,petrol,Automatic
Kia,Picanto,2006,petrol,Automatic
Honda,Accord,2020,petrol,Automatic
Proton,Persona,2009,petrol,Automatic
Kia,Picanto,2010,petrol,Automatic
Seat,Ibiza,2021,petrol,Automatic
Volkswagen,Passat,2000,petrol,Automatic
Lotus,Emira,2024,petrol,Automatic
Skoda,Octavia,2014,petrol,Automatic
Skoda,Superb,2022,petrol,Automatic
Peugeot,408,2025,petrol,Automatic
Fiat,Punto,2009,petrol,Automatic
BMW,523,2000,petrol,Automatic
Seat,Cordoba,2008,petrol,Automatic
Hyundai,Tucson,2023,petrol,Automatic
Jeep,Renegade,2019,petrol,Automatic
Zotye,T600,2018,petrol,Automatic
BMW,520i,2020,petrol,Automatic
Jeep,Grand Cherokee,2018,petrol,Automatic
Fiat,500X,2020,petrol,Automatic
Skoda,Superb,2024,petrol,Automatic
Tesla,Cybertruck,2022,electric,Automatic
Volkswagen,Passat,2017,petrol,Automatic
Mercedes,200,1989,petrol,Automatic
BMW,520i,2014,petrol,Automatic
Mercedes,EQA260,2024,electric,Automatic
Skoda,Kodiaq,2025,petrol,Automatic
Kia,Carens,2012,petrol,Automatic
Fiat,Tipo,2022,petrol,Automatic
Nissan,Sunny,2026,petrol,Automatic
Chevrolet,Cruze,2010,diesel,Automatic
Volkswagen,Golf,2019,petrol,Automatic
Land Rover,Range Rover Vogue,2025,petrol,Automatic
Subaru,XV,2016,petrol,Automatic
Renault,Symbol,2010,petrol,Automatic
Porsche,Macan,2021,petrol,Automatic
Opel,Astra,2009,petrol,Automatic
Renault,Kadjar,2019,petrol,Automatic
BMW,X5,2024,petrol,Automatic
Jeep,Wrangler,2014,petrol,Automatic
Subaru,Impreza,2005,petrol,Automatic
Subaru,XV,2022,petrol,Automatic
Renault,Duster,2019,petrol,Automatic
MG,GT,2022,petrol,Automatic
Subaru,Impreza,2009,petrol,Automatic
Audi,A4,2022,petrol,Automatic
Renault,Sandero Stepway,2018,petrol,Automatic
Suzuki,Swift,2024,petrol,Automatic
Kia,Carnival MPV,2015,petrol,Automatic
SsangYong,Tivoli,2024,petrol,Automatic
Opel,Corsa,2016,petrol,Automatic
Kia,Cerato,2018,petrol,Automatic
Audi,Q3,2024,petrol,Automatic
Nissan,X-Trail,2007,petrol,Automatic
Seat,Arona,2019,petrol,Automatic
Land Rover,Range Rover Vogue,2024,petrol,Automatic
Daewoo,Lanos,2000,petrol,Automatic
SsangYong,Tivoli XLV,2020,petrol,Automatic
Honda,Accord,2019,petrol,Automatic
Chevrolet,Lanos,2015,petrol,Automatic
BMW,320i,2017,petrol,Automatic
Seat,Ibiza,2020,petrol,Automatic
Nissan,Sunny,2016,petrol,Automatic
Hyundai,Tucson,1998,petrol,Automatic
BMW,320i,2024,petrol,Automatic
Skoda,Superb,2021,petrol,Automatic
Proton,Persona,2011,petrol,Automatic
BMW,340,2017,petrol,Automatic
Mercedes,250,2015,petrol,Automatic
Jeep,Grand Cherokee,2019,petrol,Automatic
Fiat,500,2021,petrol,Automatic
Hyundai,Tucson,2025,petrol,Automatic
Mercedes,E200,1990,petrol,Automatic
Cupra,Formentor,2024,petrol,Automatic
Skoda,Kodiaq,2023,petrol,Automatic
MG,Cyberster,2024,electric,Automatic
BAIC,BJ30,2025,petrol,Automatic
Toyota,Corolla,2024,petrol,Automatic
Changan,Benni Mini,2016,petrol,Automatic
Mercedes,E200,2017,petrol,Automatic
Jeep,Grand Cherokee,2014,petrol,Automatic
Renault,Megane,2005,petrol,Automatic
Nissan,Sunny,2003,petrol,Automatic
Mercedes,200,1978,petrol,Automatic
Volvo,XC40,2024,petrol,Automatic
Opel,Vectra,2000,petrol,Automatic
Land Rover,Range Rover Vogue,2023,petrol,Automatic
Proton,Persona,1980,petrol,Automatic
Hyundai,I10,2015,petrol,Automatic
Jeep,Grand Cherokee,2017,petrol,Automatic
Suzuki,Swift,2022,petrol,Automatic
Toyota,Corolla,2025,petrol,Automatic
Toyota,Corolla,2023,petrol,Automatic
Nissan,Juke,2013,petrol,Automatic
Seat,Leon,2019,petrol,Automatic
Daewoo,Nubira,2000,petrol,Automatic
Hyundai,Tucson,2008,petrol,Automatic
Peugeot,3008,2021,petrol,Automatic
Opel,Astra,2018,petrol,Automatic
Kia,Carnival MPV,2022,diesel,Automatic
Jeep,Cherokee,2000,petrol,Automatic
Skoda,Octavia,2018,petrol,Automatic
BMW,530,2018,petrol,Automatic
Kia,Sorento,2024,hybrid,Automatic
Hyundai,Verna,2012,petrol,Automatic
Kia,Cerato,2016,petrol,Automatic
Opel,Astra,2015,petrol,Automatic
GMC,Hummer EV,2024,electric,Automatic
BMW,520i,2024,petrol,Automatic
Nissan,Bluebird,2009,petrol,Automatic
Hyundai,Elantra,2015,petrol,Automatic
Mercedes,E250,2010,petrol,Automatic
Peugeot,408,2012,petrol,Automatic
Chery,Tiggo,2023,petrol,Automatic
Mercedes,C200,2014,petrol,Automatic
Kia,Cerato,2020,petrol,Automatic
Mercedes,E200,2019,petrol,Automatic
Kia,Cerato,2012,petrol,Automatic
Opel,Insignia,2017,petrol,Automatic
MG,X5,2024,petrol,Automatic
Kia,Spectra,2002,petrol,Automatic
Audi,A3,2022,petrol,Automatic
Jeep,Renegade,2021,petrol,Automatic
Opel,Astra,2017,petrol,Automatic
Hyundai,Tucson,2015,petrol,Automatic
Citroën,C4,2016,petrol,Automatic
Mini,Countryman,2018,petrol,Automatic
Hyundai,Elantra,2012,petrol,Automatic
Nissan,Sunny,2022,petrol,Automatic
Chevrolet,Malibu,2019,petrol,Automatic
Mercedes,C180,2006,petrol,Automatic
Honda,Accord,2022,petrol,Automatic
Hyundai,Accent,2015,petrol,Automatic
MG,5,2021,petrol,Automatic
Mitsubishi,Lancer,2016,petrol,Automatic
Renault,Duster,2021,petrol,Automatic
Audi,Q3,2015,petrol,Automatic
Mazda,3,2015,petrol,Automatic
Porsche,Cayenne S,2020,petrol,Automatic
Toyota,Echo,2018,petrol,Automatic
Mercedes,GLA200,2019,petrol,Automatic
Opel,Grandland,2021,petrol,Automatic
Kia,Sportage,2022,petrol,Automatic
Chery,Tiggo,2022,petrol,Automatic
Jeep,Cherokee,2008,petrol,Automatic
Land Rover,Range Rover,2020,petrol,Automatic
BMW,530,2023,petrol,Automatic
Volkswagen,Jetta,2010,petrol,Automatic
Speranza,A516,2009,petrol,Automatic
Volkswagen,Passat,2009,petrol,Automatic
Daihatsu,Grand Terios,1990,petrol,Automatic
Opel,Insignia,2021,petrol,Automatic
Toyota,Belta,2022,petrol,Automatic
Volvo,XC90,2022,petrol,Automatic
Jaguar,XE,2018,petrol,Automatic
BMW,218i,2021,petrol,Automatic
Hyundai,Elantra,1997,petrol,Automatic
Chery,Tiggo,2025,petrol,Automatic
Opel,Grandland,2018,petrol,Automatic
Mercedes,A35,2023,petrol,Automatic
Land Rover,Discovery,2015,petrol,Automatic
Seat,Ibiza,2022,petrol,Automatic
Jetour,X95,2026,petrol,Automatic
Mercedes,E300,2019,petrol,Automatic
Jetour,T2,2025,petrol,Automatic
BMW,X6 M,2019,petrol,Automatic
MG,X5,2026,petrol,Automatic
Mercedes,C30,2024,petrol,Automatic
Proton,Gen-2,2006,petrol,Automatic
MG,HS,2021,petrol,Automatic
Kia,Pride,2002,petrol,Automatic
Fiat,500,2024,petrol,Automatic
Mercedes,CLA200,2024,petrol,Automatic
Land Rover,Range Rover Velar,2021,petrol,Automatic
BMW,318i,2018,petrol,Automatic
Mercedes,GLE,2023,petrol,Automatic
Citroën,C5,2020,petrol,Automatic
Hyundai,Tucson,2000,petrol,Automatic
Mercedes,CLA200,2015,petrol,Automatic
Toyota,Corolla,2020,petrol,Automatic
Mercedes,180,2021,petrol,Automatic
Tesla,Model Y,2020,electric,Automatic
Brilliance,Galena,2007,petrol,Automatic
BMW,525,2007,petrol,Automatic
Chevrolet,Cruze,2025,petrol,Automatic
Renault,Duster,2020,petrol,Automatic
Opel,Astra,2007,petrol,Automatic
Dodge,Ram,2010,petrol,Automatic
Kia,Carnival MPV,2023,petrol,Automatic
Mitsubishi,Mirage,1999,petrol,Automatic
Mitsubishi,Pajero,2013,petrol,Automatic
Land Rover,Range Rover,2021,petrol,Automatic
Seat,Leon,2020,petrol,Automatic
Chery,Arrizo 5,2023,petrol,Automatic
Toyota,Corolla,1999,cng,Automatic
Renault,Kadjar,2017,petrol,Automatic
Opel,Vectra,2002,petrol,Automatic
Renault,Logan,2010,petrol,Automatic
Citroën,Grand C4 Spacetourer,2013,petrol,Automatic
Hyundai,Matrix,2001,petrol,Automatic
Subaru,XV,2015,petrol,Automatic
BMW,318i,2019,petrol,Automatic
Porsche,Macan,2023,petrol,Automatic
Volkswagen,Bora,2000,petrol,Automatic
Chevrolet,Avalanche,1984,petrol,Automatic
Daewoo,Lanos,2008,petrol,Automatic
Geely,Emgrand X7,2019,petrol,Automatic
BMW,X1,2021,petrol,Automatic
Brilliance,FRV,2010,petrol,Automatic
Geely,Emgrand X7,2022,petrol,Automatic
Renault,19,2019,petrol,Automatic
Hyundai,Tucson,2018,petrol,Automatic
Daewoo,Nubira,2006,petrol,Automatic
Opel,Astra,2016,petrol,Automatic
Land Rover,Range Rover Evoque,2024,petrol,Automatic
Mercedes,G63,2024,petrol,Automatic
Hyundai,Verna,2009,petrol,Automatic
Mitsubishi,Xpander,2022,petrol,Automatic
Kia,Cerato,2013,petrol,Automatic
Nissan,Bluebird,2021,petrol,Automatic
Skoda,Octavia,2006,petrol,Automatic
Honda,Fit,1999,petrol,Automatic
BMW,530,2019,petrol,Automatic
Renault,Fluence,2017,petrol,Automatic
Mercedes,C180,2010,petrol,Automatic
MG,X5,2022,petrol,Automatic
Kia,Sportage,2021,petrol,Automatic
Jeep,Cherokee,2012,petrol,Automatic
BMW,340,2019,petrol,Automatic
Maserati,Grecale,2023,petrol,Automatic
Kia,Rio,2017,petrol,Automatic
Mercedes,AMG,2024,petrol,Automatic
MG,Cyberster,2025,electric,Automatic
Opel,Corsa,2014,petrol,Automatic
Nissan,Qashqai,2019,diesel,Automatic
Daewoo,Nubira,1999,petrol,Automatic
Mercedes,GLC,2025,petrol,Automatic
Volkswagen,Passat,2008,petrol,Automatic
Geely,Starray,2025,diesel,Automatic
Audi,Q4 E-Tron,2024,electric,Automatic
Tesla,Cybertruck,2024,electric,Automatic
BMW,I7,2024,electric,Automatic
Audi,Q3,2021,petrol,Automatic
Skoda,Octavia,2020,petrol,Automatic
Mercedes,GLC200,2022,petrol,Automatic
Hyundai,Accent,2026,petrol,Automatic
Volkswagen,Passat,2023,petrol,Automatic
SsangYong,Tivoli,2018,petrol,Automatic
MG,X5,2019,petrol,Automatic
Skoda,Octavia,2023,petrol,Automatic
Renault,Kadjar,2022,petrol,Automatic
Tesla,Model Y,2022,electric,Automatic
Hyundai,Solaris,2016,petrol,Automatic
Toyota,Corolla Cross,2021,petrol,Automatic
Volkswagen,ID6,2023,electric,Automatic
Geely,Emgrand,2015,cng,Automatic
Peugeot,405,1999,petrol,Automatic
Peugeot,308 SW,2021,petrol,Automatic
Land Rover,Range Rover Evoque,2020,petrol,Automatic
Skoda,Superb,2019,petrol,Automatic
Mercedes,GLA200,2015,petrol,Automatic
Jeep,Cherokee,2021,petrol,Automatic
Ford,Kuga,2016,petrol,Automatic
MG,HS,2022,petrol,Automatic
Kia,Pride,2000,petrol,Automatic
Mercedes,GLA200,2022,petrol,Automatic
Audi,A6,2019,petrol,Automatic
Chery,Arrizo 5 Pro,2022,petrol,Automatic
Mercedes,S500,2009,petrol,Automatic
Hyundai,Elantra CN7,2021,petrol,Automatic
Mazda,3,2010,petrol,Automatic
Mitsubishi,Pajero,2011,petrol,Automatic
DS,DS4,2023,petrol,Automatic
Kia,Sportage,2017,petrol,Automatic
Daewoo,Nubira,2004,petrol,Automatic
Proton,Gen-2,2012,petrol,Automatic
Porsche,Cayenne S,2019,petrol,Automatic
Mitsubishi,Attrage,2015,petrol,Automatic
Hyundai,Accent,2008,diesel,Automatic
BMW,IX1,2024,electric,Automatic
Kia,Sportage,2014,petrol,Automatic
BMW,330,2016,petrol,Automatic
Kia,Carnival MPV,1998,petrol,Automatic
Suzuki,Baleno,2022,petrol,Automatic
Volkswagen,Tiguan,2021,petrol,Automatic
Proton,Persona,2019,petrol,Automatic
Fiat,Grand Punto,2017,petrol,Automatic
Chery,Tiggo,2024,petrol,Automatic
Renault,Sandero Stepway,2019,petrol,Automatic
Volkswagen,Bora,2001,petrol,Automatic
Geely,Emgrand,2015,hybrid,Automatic
Toyota,Corolla Cross,1993,petrol,Automatic
Jeep,Grand Cherokee 4xe,2005,petrol,Automatic
Daewoo,Lacetti,2002,petrol,Automatic
Ford,Bronco Raptor,1997,petrol,Automatic
Senova,A1,2016,petrol,Automatic
Kia,Carnival MPV,2000,petrol,Automatic
Skoda,Octavia A8,2021,petrol,Automatic
JAC,S3,2018,petrol,Automatic
Mercedes,GLC200,2010,petrol,Automatic
Mercedes,200,1982,petrol,Automatic
Mazda,3,2008,petrol,Automatic
Nissan,Sunny,2008,petrol,Automatic
Volkswagen,Golf,1997,petrol,Automatic
Daewoo,Lanos,1999,petrol,Automatic
Hyundai,Tucson,2000,cng,Automatic
Renault,Sandero Stepway,2005,petrol,Automatic
Opel,Corsa,2019,petrol,Automatic
Renault,Megane,2008,petrol,Automatic
Volkswagen,Transporter,2024,petrol,Automatic
Mercedes,GLC200,2021,petrol,Automatic
Mercedes,CLA180,2018,diesel,Automatic
Peugeot,301,2019,petrol,Automatic
BMW,418,2020,petrol,Automatic
Audi,A5,2025,petrol,Automatic
Mercedes,AMG,2023,petrol,Automatic
Suzuki,Swift,2021,petrol,Automatic
MG,ZS,2021,petrol,Automatic
Nissan,Sunny,2010,petrol,Automatic
Mitsubishi,Pajero,1997,petrol,Automatic
Renault,Megane,2010,petrol,Automatic
Mercedes,E200,2026,petrol,Automatic
Mini,Cooper,2012,petrol,Automatic
Hyundai,Verna,2003,petrol,Automatic
Hyundai,Tucson,2026,petrol,Automatic
Chevrolet,Aveo,2014,petrol,Automatic
Hyundai,Accent RB,2014,petrol,Automatic
Geely,Emgrand X7,2024,petrol,Automatic
Cupra,Terramar,2025,petrol,Automatic
Volkswagen,Golf,1989,petrol,Automatic
Nissan,Sunny,2018,petrol,Automatic
Chevrolet,Optra,2012,petrol,Automatic
Chevrolet,Aveo,2018,petrol,Automatic
Mercedes,250,2022,petrol,Automatic
BMW,520i,2016,petrol,Automatic
Seat,Tarraco,2010,petrol,Automatic
BMW,X5,2023,petrol,Automatic
Proton,Persona,2010,diesel,Automatic
Proton,Saga,2010,petrol,Automatic
Toyota,Corona,1999,diesel,Automatic
Jeep,Cherokee,2014,petrol,Automatic
Cupra,Leon,2025,petrol,Automatic
Mercedes,GLE450,2022,petrol,Automatic
Hyundai,Matrix,2002,petrol,Automatic
Jeep,Renegade,2018,petrol,Automatic
Chery,Tiggo 8 Pro,2024,petrol,Automatic
Mitsubishi,Attrage,2014,petrol,Automatic
Mercedes,E230,2008,petrol,Automatic
Mini,John Cooper,2026,petrol,Automatic
Daihatsu,Terios,2007,petrol,Automatic
Toyota,Corolla,1988,petrol,Automatic
Geely,X7,2019,petrol,Automatic
Hyundai,Elantra,2012,diesel,Automatic
Honda,Fit,1997,petrol,Automatic
Honda,Civic,2008,petrol,Automatic
BMW,118,2021,petrol,Automatic
Audi,Q8,2025,petrol,Automatic
Mercedes,250,2010,petrol,Automatic
Renault,Sandero Stepway,2025,petrol,Automatic
Volkswagen,ID4,2023,electric,Automatic
Daihatsu,Grand Terios,2008,petrol,Automatic
Mercedes,C200,2025,petrol,Automatic
Renault,Sandero Stepway,2015,petrol,Automatic
Mercedes,S500,2021,petrol,Automatic
Porsche,Cayenne,2021,petrol,Automatic
Hyundai,Matrix,2006,cng,Automatic
Alfa Romeo,Giulietta,2024,petrol,Automatic
Skoda,Octavia A7,2016,petrol,Automatic
Chery,Tiggo,2019,petrol,Automatic
Kia,Rio,1999,petrol,Automatic
Brilliance,FRV,2009,petrol,Automatic
BAIC,EU5 Plus,2010,electric,Automatic
Hyundai,Avante,2023,petrol,Automatic
Jeep,Cherokee,1995,petrol,Automatic
Hyundai,Accent,2005,petrol,Automatic
Nissan,Sentra,2017,petrol,Automatic
Citroën,C4X,2023,petrol,Automatic
Proton,Gen-2,2007,petrol,Automatic
Kia,Carnival MPV,1999,petrol,Automatic
Mitsubishi,Lancer,1999,petrol,Automatic
Kia,Carens,2011,petrol,Automatic
Chery,Tiggo 3,2018,petrol,Automatic
Mercedes,GLC200,2024,petrol,Automatic
Mercedes,GLS,2021,petrol,Automatic
BMW,520i,2023,petrol,Automatic
Geely,Emgrand X7,2010,petrol,Automatic
Nissan,Sunny,2025,cng,Automatic
Ford,Focus,2016,petrol,Automatic
Honda,Civic,1993,petrol,Automatic
BMW,X3,2011,petrol,Automatic
MG,ZS,2020,petrol,Automatic
Mercedes,GLS,2024,petrol,Automatic
Dodge,Ram,2012,petrol,Automatic
Honda,Civic,1979,petrol,Automatic
Changan,Benni Mini,2010,petrol,Automatic
Mitsubishi,Lancer,2001,petrol,Automatic
BMW,340,2016,petrol,Automatic
Skoda,Octavia,2011,petrol,Automatic
Mercedes,GLC200,1981,petrol,Automatic
Hyundai,Tucson,2016,petrol,Automatic
Audi,A3,2013,petrol,Automatic
Ford,Focus,2005,petrol,Automatic
JAC,J7,2021,petrol,Automatic
Hyundai,Tucson,2013,petrol,Automatic
Hyundai,Verna,2019,petrol,Automatic
Mitsubishi,Colt,1997,petrol,Automatic
Subaru,Impreza,2007,petrol,Automatic
Opel,Vectra,1997,petrol,Automatic
Land Rover,Range Rover Sport,2020,petrol,Automatic
Seat,Ibiza,2013,petrol,Automatic
Mercedes,GLC300,2023,petrol,Automatic
Mini,Cooper,2015,petrol,Automatic
Ford,EcoSport,2019,petrol,Automatic
Mercedes,S500,2008,petrol,Automatic
Citroën,Grand C4 Spacetourer,2006,petrol,Automatic
Nissan,Patrol,2024,petrol,Automatic
Volkswagen,Golf,2000,petrol,Automatic
Hyundai,I10,2013,petrol,Automatic
Kia,Sportage,2024,petrol,Automatic
Daewoo,Lanos,1999,diesel,Automatic
Nissan,Sunny,2023,petrol,Automatic
BMW,X3,2024,petrol,Automatic
Fiat,500,2009,petrol,Automatic
Mercedes,G63,2023,petrol,Automatic
Mercedes,CLS350,2019,petrol,Automatic
Mini,Countryman,2024,petrol,Automatic
Ford,Focus,2006,petrol,Automatic
Chevrolet,Aveo,2019,petrol,Automatic
Jeep,Cherokee,2022,petrol,Automatic
Seat,Leon,2016,petrol,Automatic
Mercedes,CLA200,2022,petrol,Automatic
BMW,316,2014,petrol,Automatic
Toyota,Corolla,2008,petrol,Automatic
Renault,Megane,2023,petrol,Automatic
Jeep,Wrangler,2016,petrol,Automatic
Jaguar,F-Pace,2021,petrol,Automatic
Audi,A3,2019,diesel,Automatic
Audi,A5,2023,petrol,Automatic
Mercedes,C180,2009,petrol,Automatic
Mercedes,E200,2025,petrol,Automatic
Kia,Cerato,2015,petrol,Automatic
Mini,Cooper,2025,petrol,Automatic
Speranza,A620,2011,petrol,Automatic
Fiat,Grand Punto,1991,petrol,Manual
Renault,Logan,2010,petrol,Manual
Renault,Logan,2012,petrol,Manual
Fiat,Siena,2001,petrol,Manual
Kia,Pride,2001,petrol,Manual
Suzuki,Grand Vitara,2019,petrol,Manual
Opel,Astra,2005,petrol,Manual
Hyundai,Verna,2007,petrol,Manual
BYD,F3,2020,petrol,Manual
Daewoo,Matiz,2000,petrol,Manual
Chery,QQ,2006,petrol,Manual
Fiat,Shahin,1995,petrol,Manual
Chery,A11,2006,petrol,Manual
Fiat,Regata,1982,petrol,Manual
Volkswagen,Golf,2000,petrol,Manual
Hyundai,Accent,1999,petrol,Manual
Mercedes,200,1979,petrol,Manual
Opel,Vectra,1993,petrol,Manual
Suzuki,Swift,1992,petrol,Manual
Hyundai,Verna,2010,petrol,Manual
Daewoo,Lanos,2001,petrol,Manual
Mercedes,200,1985,petrol,Manual
Daewoo,Nubira,2004,cng,Manual
Fiat,Shahin,2000,diesel,Manual
Hyundai,Tucson,1996,petrol,Manual
Hyundai,Accent,2008,petrol,Manual
Daewoo,Nubira,2000,hybrid,Manual
Fiat,128,1987,petrol,Manual
Kia,Pride,1999,petrol,Manual
Skoda,Octavia Combi,1997,petrol,Manual
Hyundai,Tucson,1995,petrol,Manual
Speranza,A213,2008,petrol,Manual
Lada,Granta,2016,petrol,Manual
Fiat,Grand Punto,1992,petrol,Manual
Changhe,Super Panda,2018,petrol,Manual
Fiat,Shahin,2006,petrol,Manual
Hyundai,Tucson,2006,diesel,Manual
Fiat,127,1982,petrol,Manual
Hyundai,Verna,2013,cng,Manual
Senova,A1,2016,petrol,Manual
Geely,Emgrand X7,2015,petrol,Manual
BYD,F3,2017,cng,Manual
Renault,Logan,2015,petrol,Manual
Peugeot,405,2001,petrol,Manual
Volkswagen,Pointer,2005,petrol,Manual
Opel,Astra,2001,petrol,Manual
Speranza,A113,2008,diesel,Manual
Hyundai,Accent,2006,petrol,Manual
Hyundai,Tucson,2008,petrol,Manual
Daewoo,Lanos,2007,petrol,Manual
Fiat,Grand Punto,1998,petrol,Manual
Chevrolet,Spark,2008,petrol,Manual
Daewoo,Nubira,2006,petrol,Manual
BYD,F3,2011,petrol,Manual
Suzuki,Vitara,1990,petrol,Manual
Chery,A11,2007,petrol,Manual
Skoda,Octavia Combi,2000,petrol,Manual
Chevrolet,Lanos,2009,petrol,Manual
Suzuki,Grand Vitara,2007,petrol,Manual
Suzuki,Grand Vitara,2013,petrol,Manual
Opel,Corsa,2003,petrol,Manual
Volkswagen,Polo,2005,petrol,Manual
Opel,Astra,1994,petrol,Manual
Chevrolet,Cruze,2010,diesel,Manual
Geely,Emgrand,2018,petrol,Manual
Geely,Emgrand,2019,petrol,Manual
Fiat,Grand Punto,1990,petrol,Manual
Volkswagen,Pointer,2006,petrol,Manual
Hyundai,Tucson,1997,petrol,Manual
Seat,Cordoba,2001,petrol,Manual
Kia,Carnival MPV,1995,petrol,Manual
Fiat,128,2008,petrol,Manual
Daewoo,Lanos,2008,petrol,Manual
Fiat,Siena,2000,petrol,Manual
Hyundai,Accent,2002,petrol,Manual
BYD,F3,2019,diesel,Manual
Lada,2105,1995,petrol,Manual
Speranza,Chery QQ,2017,petrol,Manual
Chevrolet,Lanos,2011,cng,Manual
Chevrolet,Lanos,2017,petrol,Manual
Peugeot,405,2003,petrol,Manual
Seat,Tarraco,2001,petrol,Manual
Chevrolet,Lanos,2016,petrol,Manual
Daewoo,Leganza,2000,petrol,Manual
Suzuki,Grand Vitara,2010,petrol,Manual
Fiat,131,1978,petrol,Manual
Fiat,Siena,2008,petrol,Manual
Seat,Tarraco,2002,petrol,Manual
Daewoo,Lanos,1996,petrol,Manual
Opel,Vectra,1999,petrol,Manual
Lada,2105,1984,petrol,Manual
Fiat,131,1983,petrol,Manual
Peugeot,307 SW,2007,petrol,Manual
BYD,F3,2018,petrol,Manual
Peugeot,504,1978,cng,Manual
Volkswagen,Jetta,1990,petrol,Manual
Kia,Spectra,2003,petrol,Manual
Fiat,128,1984,petrol,Manual
Daewoo,Nubira,1998,petrol,Manual
Fiat,128,1989,petrol,Manual
Peugeot,405,1996,diesel,Manual
Chevrolet,Lanos,2012,petrol,Manual
Mahindra,Scorpio,2009,petrol,Manual
Fiat,131,1979,cng,Manual
Opel,Astra,2000,petrol,Manual
Mitsubishi,Lancer,1993,petrol,Manual
Chevrolet,Aveo,2012,petrol,Manual
Citroën,Grand C4 Spacetourer,2003,petrol,Manual
Peugeot,206,2011,petrol,Manual
Daewoo,Lanos,2010,cng,Manual
Speranza,A113,2010,petrol,Manual
Daewoo,Nubira,2001,cng,Manual
Proton,Persona,2006,petrol,Manual
Hyundai,Verna,2009,petrol,Manual
Fiat,Grand Punto,1995,petrol,Manual
Suzuki,Grand Vitara,2018,petrol,Manual
Peugeot,405,1999,petrol,Manual
Volkswagen,Golf,1980,petrol,Manual
Kia,Picanto,2008,petrol,Manual
Daewoo,Nubira,2001,petrol,Manual
Chevrolet,Lanos,2019,petrol,Manual
Nissan,Sunny,2007,petrol,Manual
Chevrolet,Spark,2010,diesel,Manual
Chevrolet,Lanos,2013,petrol,Manual
Volkswagen,Polo,1996,petrol,Manual
Peugeot,405,1995,petrol,Manual
Speranza,A620,2007,petrol,Manual
Peugeot,505,1980,petrol,Manual
Land Rover,Defender,1993,diesel,Manual
Toyota,Corolla,1998,petrol,Manual
Fiat,Grand Punto,2002,petrol,Manual
Chery,Tiggo,2010,petrol,Manual
BMW,518,1982,petrol,Manual
Skoda,Octavia,1999,petrol,Manual
Lada,2107,2010,cng,Manual
Renault,Sandero Stepway,2023,petrol,Manual
Hyundai,Verna,2015,petrol,Manual
Chery,QQ,2005,petrol,Manual
Mitsubishi,Lancer,1998,petrol,Manual
Fiat,Shahin,1996,petrol,Manual
Speranza,A516,2008,cng,Manual
Daewoo,Lanos,2002,cng,Manual
Chevrolet,Lanos,2014,petrol,Manual
Suzuki,Grand Vitara,2022,petrol,Manual
Daewoo,Matiz,1999,petrol,Manual
Skoda,Octavia Combi,1994,diesel,Manual
Toyota,Corolla,1992,petrol,Manual
Geely,Emgrand,2015,petrol,Manual
Hyundai,Accent,2005,petrol,Manual
Daewoo,Lanos,2003,petrol,Manual
Opel,Corsa,2000,petrol,Manual
Daewoo,Lanos,1997,petrol,Manual
Geely,Emgrand,2014,petrol,Manual
Chevrolet,Lanos,2019,cng,Manual
Volkswagen,Golf,1977,petrol,Manual
Peugeot,308 SW,1992,cng,Manual
Hyundai,Tucson,1994,petrol,Manual
Fiat,128,1988,petrol,Manual
Fiat,Grand Punto,2000,cng,Manual
Renault,Sandero Stepway,1997,petrol,Manual
Suzuki,Grand Vitara,2014,petrol,Manual
Nissan,Bluebird,1984,petrol,Manual
Chevrolet,Optra,2007,petrol,Manual
Chevrolet,Lanos,2005,petrol,Manual
Volkswagen,Parati,2005,petrol,Manual
Opel,Corsa,2004,petrol,Manual
Daewoo,Nubira,2000,petrol,Manual
Chevrolet,Aveo,2007,cng,Manual
Hyundai,Accent,1999,diesel,Manual
Fiat,128,2006,petrol,Manual
BYD,F3,2011,cng,Manual
Changan,Benni,2015,petrol,Manual
Hyundai,Atos,2010,petrol,Manual
Fiat,Punto,2009,petrol,Manual
Chevrolet,Avalanche,1996,diesel,Manual
Mercedes,200,1976,petrol,Manual
Mazda,323,1981,petrol,Manual
Speranza,A516,2011,petrol,Manual
Speranza,M11,2012,diesel,Manual
Citroën,Grand C4 Spacetourer,2005,petrol,Manual
Daewoo,Nubira,2005,petrol,Manual
Hyundai,Tucson,1990,diesel,Manual
Renault,Clio,2003,petrol,Manual
Speranza,A516,2010,cng,Manual
Kia,Picanto,2006,petrol,Manual
Hyundai,Tucson,1990,petrol,Manual
Fiat,128,1983,petrol,Manual
Daewoo,Nubira,2008,petrol,Manual
Lada,2107,1980,petrol,Manual
Changan,Benni Mini,2013,petrol,Manual
Fiat,132,1980,petrol,Manual
Daewoo,Nubira,1997,petrol,Manual
Hyundai,Verna,2010,cng,Manual
Seat,Tarraco,1993,petrol,Manual
Skoda,Felicia,1997,petrol,Manual
Fiat,128,1982,petrol,Manual
Fiat,132,1979,cng,Manual
BYD,F3,2007,petrol,Manual
Fiat,Punto,2000,petrol,Manual
Seat,Ibiza,2001,petrol,Manual
Fiat,127,1977,petrol,Manual
Hyundai,Tucson,2010,petrol,Manual
Kia,Rio,2008,petrol,Manual
Suzuki,Swift,1993,petrol,Manual
Hyundai,Tucson,1998,petrol,Manual
Peugeot,307,2005,petrol,Manual
Suzuki,Grand Vitara,2005,petrol,Manual
Hyundai,Coupe,2005,petrol,Manual
Fiat,Palio,2007,petrol,Manual
Lada,2110,2007,petrol,Manual
Skoda,Octavia Combi,1996,petrol,Manual
Fiat,128,1991,petrol,Manual
Fiat,Punto,2001,petrol,Manual
Peugeot,504,1979,petrol,Manual
Fiat,Grand Punto,2000,petrol,Manual
Hyundai,Accent,1997,petrol,Manual
Nissan,Sunny,2000,petrol,Manual
Toyota,Corolla Cross,2007,petrol,Manual
Lada,Samara,2006,petrol,Manual
Speranza,A516,2008,petrol,Manual
Chevrolet,Avalanche,2009,diesel,Manual
Lada,2107,2007,petrol,Manual
Citroën,Grand C4 Spacetourer,2004,petrol,Manual
Speranza,A113,2012,petrol,Manual
Hyundai,Verna,2007,diesel,Manual
Skoda,Octavia Combi,1995,petrol,Manual
Kia,Carnival MPV,2004,petrol,Manual
Chevrolet,Aveo,2009,petrol,Manual
Speranza,A516,2007,petrol,Manual
Hyundai,Atos,2009,petrol,Manual
Speranza,Tiggo,2009,petrol,Manual
Chevrolet,Aveo,2013,petrol,Manual
Jeep,Cherokee,1993,petrol,Manual
Hyundai,Verna,2012,petrol,Manual
Hyundai,Accent,2001,petrol,Manual
Chery,Arrizo 5 Pro,2025,petrol,Manual
Citroën,C3,2004,petrol,Manual
Hyundai,Accent,1998,petrol,Manual
Mitsubishi,Lancer,1991,petrol,Manual
Skoda,Octavia,2000,petrol,Manual
BYD,F3,2019,cng,Manual
Chevrolet,Avalanche,2007,diesel,Manual
Fiat,Grand Punto,2001,petrol,Manual
Volkswagen,Golf,1992,petrol,Manual
Fiat,Grand Punto,1997,petrol,Manual
Ford,Fiesta,1997,petrol,Manual
Fiat,Grand Punto,2016,petrol,Manual
Lada,Samara,1984,petrol,Manual
Suzuki,Swift,1999,petrol,Manual
Speranza,A516,2009,petrol,Manual
Brilliance,FRV,2010,petrol,Manual
Volkswagen,Jetta,1989,petrol,Manual
Volkswagen,Polo,2004,petrol,Manual
Hyundai,Getz,2009,petrol,Manual
Renault,Logan,2017,cng,Manual
Skoda,Octavia Combi,1994,petrol,Manual
Seat,Ibiza,1992,petrol,Manual
Suzuki,Grand Vitara,2016,petrol,Manual
Kia,Pride,1996,petrol,Manual
Daewoo,Lanos,2002,petrol,Manual
Jeep,Cherokee,1994,petrol,Manual
Chery,QQ,2007,petrol,Manual
DFSK,Glory,2022,petrol,Manual
Ford,Bronco Raptor,2010,petrol,Manual
Mitsubishi,Lancer,1996,petrol,Manual
Daewoo,Nubira,1999,petrol,Manual
Hyundai,Verna,2016,petrol,Manual
BAIC,EU5 Plus,2000,electric,Automatic
Fiat,127,1984,petrol,Manual
Fiat,131,1976,petrol,Manual
Skoda,Octavia Combi,1998,petrol,Manual
Renault,Sandero Stepway,1989,petrol,Manual
Peugeot,206,2000,petrol,Manual
Lada,2107,2005,petrol,Manual
Volkswagen,Polo,1986,petrol,Manual
Zotye,Xplosion,2008,petrol,Manual
Fiat,131,1977,petrol,Manual
Honda,Accord,2003,petrol,Manual
Kia,Cerato,2010,petrol,Manual
Seat,Tarraco,1998,petrol,Manual
Lada,2107,2011,petrol,Manual
Fiat,Shahin,2007,petrol,Manual
Volkswagen,Polo,2003,petrol,Manual
Daewoo,Lanos,2005,cng,Manual
Skoda,Fabia,2005,petrol,Manual
Renault,Logan,2009,petrol,Manual
Volkswagen,Transporter,2006,petrol,Manual
Chevrolet,Lanos,2001,petrol,Manual
Kia,Rio,2003,petrol,Manual
Fiat,Palio,2006,petrol,Manual
Speranza,M11,2010,petrol,Manual
Fiat,Tipo,2020,petrol,Manual
Changhe,Super Panda,2016,petrol,Manual
Fiat,128,2009,petrol,Manual
Toyota,Corona,1994,petrol,Manual
Hyundai,Accent,2009,petrol,Manual
Suzuki,Alto,2007,petrol,Manual
Citroën,C3,2007,petrol,Manual
Seat,Tarraco,2006,petrol,Manual
Geely,Emgrand,2014,diesel,Manual
Daewoo,Nubira,2004,petrol,Manual
Hyundai,Verna,2009,diesel,Manual
Renault,Clio,2005,petrol,Manual
Geely,Emgrand 7,2015,petrol,Manual
Lada,2107,2002,petrol,Manual
Chevrolet,Aveo,2008,petrol,Manual
Hyundai,Matrix,2007,petrol,Manual
Fiat,128,1981,petrol,Manual
Daewoo,Lanos,2000,diesel,Manual
Chevrolet,Spark,2009,petrol,Manual
Hyundai,Atos,1998,petrol,Manual
Chevrolet,Aveo,2009,cng,Manual
Fiat,132,1976,petrol,Manual
Renault,Logan,2011,cng,Manual
Skoda,Octavia,2001,petrol,Manual
Fiat,Grand Punto,1994,petrol,Manual
Daewoo,Lanos,2006,petrol,Manual
Opel,Corsa,2003,cng,Manual
Volkswagen,Golf,1995,diesel,Manual
Daewoo,Lanos,2005,diesel,Manual
Brilliance,FRV,2013,petrol,Manual
Renault,Sandero Stepway,2012,petrol,Manual
BYD,F3,2008,petrol,Manual
Fiat,Grand Punto,1981,petrol,Manual
Nissan,Sunny,2009,petrol,Manual
Seat,Ibiza,1998,petrol,Manual
Renault,Clio,2008,petrol,Manual
Chevrolet,Lanos,2015,petrol,Manual
Peugeot,504,1978,petrol,Manual
Mercedes,230,1979,petrol,Manual
Seat,Cordoba,2007,petrol,Manual
BAIC,EU5 Plus,2005,electric,Automatic
Mercedes,GLC200,1986,petrol,Manual
Hyundai,Verna,2012,cng,Manual
Hyundai,I10,2012,petrol,Manual
Fiat,Grand Punto,1993,petrol,Manual
Daewoo,Lanos,2005,petrol,Manual
Chevrolet,Lanos,2013,cng,Manual
Renault,Logan,2011,petrol,Manual
Suzuki,Swift,1995,petrol,Manual
Renault,Clio,2001,petrol,Manual
Kia,Pride,1997,petrol,Manual
Hyundai,Tucson,1999,petrol,Manual
Chevrolet,Aveo,2010,petrol,Manual
Seat,Tarraco,2000,petrol,Manual
Mazda,323,1982,petrol,Manual
FAW,X40,2013,petrol,Manual
Kia,Pride,2009,petrol,Manual
Daewoo,Nubira,2009,petrol,Manual
Nissan,Bluebird,2019,petrol,Manual
Chevrolet,Aveo,2006,petrol,Manual
Speranza,Tiggo,2010,petrol,Manual
Fiat,127,1986,petrol,Manual
Lada,Granta,2017,petrol,Manual
Chevrolet,Lanos,2018,petrol,Manual
BYD,F3,2019,petrol,Manual
Fiat,Grand Punto,2004,petrol,Manual
Opel,Vectra,2002,petrol,Manual
Lada,2107,2011,cng,Manual
Hyundai,I10,2010,petrol,Manual
Hyundai,Accent,2007,petrol,Manual
Seat,Tarraco,1992,petrol,Manual
BMW,520i,1992,petrol,Manual
Chevrolet,Optra,2008,petrol,Manual
Ford,Fiesta,1999,petrol,Manual
Suzuki,Grand Vitara,2015,petrol,Manual
Hyundai,Verna,2013,petrol,Manual
Brilliance,FSV,2011,petrol,Manual
Brilliance,FRV,2012,petrol,Manual
BMW,316,2009,petrol,Manual
Suzuki,Grand Vitara,2006,petrol,Manual
Proton,Persona,2000,petrol,Manual
Mercedes,230,1977,petrol,Manual
Opel,Vectra,2001,petrol,Manual
Opel,Astra,2006,petrol,Manual
Seat,Tarraco,1994,petrol,Manual
Hyundai,Verna,2008,cng,Manual
Renault,19,1999,petrol,Manual
Volkswagen,Transporter,2000,petrol,Manual
Mercedes,200,1980,petrol,Manual
Saipa,Pride,2014,petrol,Manual
Fiat,128,1976,petrol,Manual
Renault,Clio,2002,petrol,Manual
Hyundai,Verna,2008,petrol,Manual
Peugeot,407,2008,petrol,Manual
Mercedes,200,1981,petrol,Manual
Suzuki,Alto,2020,petrol,Manual
Mitsubishi,Lancer,1990,petrol,Manual
Fiat,128,1980,petrol,Manual
Fiat,128,1998,petrol,Manual
Ford,Bronco Raptor,1999,petrol,Manual
Suzuki,Grand Vitara,2009,petrol,Manual
Lada,2107,2008,petrol,Manual
Brilliance,FSV,2013,petrol,Manual
Chevrolet,Aveo,2010,diesel,Manual
Mitsubishi,Lancer,2008,petrol,Manual
Hyundai,Atos,2008,petrol,Manual
Chevrolet,Aveo,2011,petrol,Manual
Opel,Astra,2001,diesel,Manual
Fiat,Shahin,2005,petrol,Manual
Speranza,A113,2008,petrol,Manual
Fiat,Grand Punto,1981,hybrid,Manual
Volkswagen,Passat,1999,cng,Manual
Kia,Pride,1998,petrol,Manual
Volkswagen,Polo,1989,petrol,Manual
Suzuki,Grand Vitara,2003,petrol,Manual
Fiat,127,1987,petrol,Manual
Great Wall,Peri,2009,petrol,Manual
Hyundai,Tucson,2005,petrol,Manual
Volkswagen,Polo,2009,petrol,Manual
Hyundai,Verna,2017,petrol,Manual
Opel,Vectra,1997,petrol,Manual
Ford,Bronco Raptor,1998,petrol,Manual
Suzuki,Alto,2009,petrol,Manual
Volkswagen,Golf,1990,petrol,Manual
Saipa,Tiba,2014,petrol,Manual
Volkswagen,Polo,2001,petrol,Manual
Skoda,Fabia,2002,petrol,Manual
Lada,Granta,2019,petrol,Manual
Nissan,Sunny,2008,petrol,Manual
BYD,F3,2018,cng,Manual
Fiat,Punto,1995,petrol,Manual
Daewoo,Lanos,2000,petrol,Manual
Opel,Vectra,1996,cng,Manual
Lada,Samara,1992,petrol,Manual
Fiat,Regata,1985,petrol,Manual
Honda,Accord,1993,petrol,Manual
Mercedes,200,1975,petrol,Manual
Fiat,Grand Punto,2007,cng,Manual
Renault,Clio,2002,diesel,Manual
Hyundai,Excel,1995,petrol,Manual
Fiat,Siena,2003,petrol,Manual
Opel,Corsa,1995,diesel,Manual
Senova,A1,2008,petrol,Manual
Geely,Emgrand 7,2017,petrol,Manual
Volkswagen,Polo,1999,petrol,Manual
Daihatsu,Grand Terios,1990,petrol,Manual
Volkswagen,Polo,2000,petrol,Manual
Nissan,Sunny,1999,petrol,Manual
Chevrolet,Cruze,2010,petrol,Manual
Chevrolet,Optra,2009,petrol,Manual
Suzuki,Baleno,1999,petrol,Manual
Lada,2107,2010,petrol,Manual
Speranza,A516,2010,petrol,Manual
Toyota,Corolla,1999,petrol,Manual
Daewoo,Nubira,2003,petrol,Manual
Suzuki,Grand Vitara,2008,petrol,Manual
Lada,Samara,2008,cng,Manual
Chevrolet,Pickup,1986,diesel,Manual
Speranza,A516,2010,diesel,Manual
Hyundai,Accent,2010,petrol,Manual
Speranza,Chery QQ,2018,petrol,Manual
Geely,Ck,2008,petrol,Manual
BYD,F3,2013,petrol,Manual
Volkswagen,Transporter,2008,petrol,Manual
Hyundai,I10,2009,petrol,Manual
Fiat,Punto,2003,petrol,Manual
Fiat,128,1985,petrol,Manual
Fiat,128,1997,petrol,Manual
Hyundai,Tucson,2002,petrol,Manual
Speranza,A516,2009,cng,Manual
Geely,Emgrand X7,2009,petrol,Manual
Toyota,Corolla Cross,2008,petrol,Manual
Chevrolet,Spark,2012,petrol,Manual
Kia,Rio,2001,petrol,Manual
Fiat,Siena,2004,petrol,Manual
Mitsubishi,Lancer,1998,diesel,Manual
Honda,Civic,1992,petrol,Manual
Toyota,Corolla,1984,petrol,Manual
Kia,Shuma,1998,petrol,Manual
Changhe,Super Panda,2009,petrol,Manual
Geely,X7,2016,petrol,Manual
Toyota,Yaris,2009,petrol,Manual
Fiat,Grand Punto,1983,petrol,Manual
Fiat,Dogan,1995,petrol,Manual
Mitsubishi,Lancer,1992,petrol,Manual
Nissan,Sunny,1999,cng,Manual
Fiat,128,1975,petrol,Manual
Suzuki,Grand Vitara,1985,petrol,Manual
Mazda,323,1984,petrol,Manual
Geely,Emgrand X7,2008,petrol,Manual
Opel,Grandland,1998,petrol,Manual
Volkswagen,Caddy,2008,petrol,Manual
Speranza,M12,2011,petrol,Manual
Renault,Logan,2020,petrol,Manual
Mitsubishi,Lancer,1999,petrol,Manual
Fiat,Tipo,2021,petrol,Manual
Volkswagen,Beetle,1980,petrol,Manual
Fiat,Shahin,1999,petrol,Manual
Nissan,Sunny,1994,petrol,Manual
Chevrolet,Spark,2007,petrol,Manual
Hyundai,Matrix,2006,petrol,Manual
Hyundai,I10,2008,petrol,Manual
Peugeot,405,1994,petrol,Manual
Fiat,127,1983,petrol,Manual
Suzuki,Alto,2008,petrol,Manual
Opel,Corsa,1999,petrol,Manual
Chevrolet,Avalanche,1985,petrol,Manual
Peugeot,405,2009,petrol,Manual
Lada,2107,1998,petrol,Manual
Lada,Granta,2020,petrol,Manual
Geely,Emgrand,2017,petrol,Manual
Hyundai,Excel,1998,petrol,Manual
Fiat,Siena,2002,petrol,Manual
Opel,Corsa,1995,petrol,Manual
Speranza,A113,2011,petrol,Manual
Ford,Escort,1998,petrol,Manual
Citroën,Grand C4 Spacetourer,1996,petrol,Manual
Renault,Clio,2007,petrol,Manual
Lada,Samara,1988,petrol,Manual
Chevrolet,Optra,2007,diesel,Manual
Fiat,131,1979,petrol,Manual
Speranza,Envy,2017,petrol,Manual
Suzuki,Grand Vitara,1999,petrol,Manual
Mercedes,200,1983,petrol,Manual
Kia,Carnival MPV,1999,petrol,Manual
Jeep,Cherokee,1995,petrol,Manual
Mitsubishi,Lancer,1984,petrol,Manual
Fiat,127,1982,diesel,Manual
Opel,Astra,2007,petrol,Manual
Hyundai,Accent,2000,petrol,Manual
Ford,Fiesta,2000,petrol,Manual
Renault,19,2000,petrol,Manual
Chevrolet,Lanos,2016,cng,Manual
Volkswagen,Jetta,1986,petrol,Manual
Saipa,Pride,2009,petrol,Manual
Suzuki,Alto,2016,petrol,Manual
Ford,Focus,2002,petrol,Manual
Chevrolet,Spark,2010,petrol,Manual
Volkswagen,Golf,1991,petrol,Manual
Proton,Persona,2004,petrol,Manual
Peugeot,504,1977,petrol,Manual
Ford,Focus,2003,petrol,Manual
Changan,Benni,2008,petrol,Manual
Renault,Megane,2006,petrol,Manual
BYD,F3,2013,cng,Manual
BYD,F3,2023,petrol,Manual
Kia,Rio,2006,petrol,Manual
Volkswagen,Polo,1997,petrol,Manual
BYD,F3,2014,cng,Manual
Volkswagen,Golf,1994,petrol,Manual
Lada,2105,1993,petrol,Manual
Lada,Granta,2018,petrol,Manual
Fiat,Shahin,1997,petrol,Manual
Mazda,323,2006,petrol,Manual
Seat,Tarraco,1994,diesel,Manual
Suzuki,Alto,2015,petrol,Manual
Fiat,Linea,2009,petrol,Manual
Hyundai,Accent,2011,petrol,Manual
Hyundai,Matrix,2005,petrol,Manual
Chery,A15,2007,petrol,Manual
Peugeot,405,1991,petrol,Manual
Lada,2107,1994,petrol,Manual
Fiat,131,1980,petrol,Manual
Suzuki,Grand Vitara,2008,diesel,Manual
Chery,A15,2010,cng,Manual
Speranza,A11,2006,hybrid,Manual
Opel,Corsa,2004,hybrid,Manual
BYD,F3,2015,petrol,Manual
DFSK,Glory,2021,petrol,Manual
Fiat,132,1977,petrol,Manual
Mazda,121,1998,petrol,Manual
Opel,Corsa,2006,petrol,Manual
Mitsubishi,Lancer,1994,petrol,Manual
Fiat,Uno,1998,petrol,Manual
Chery,A11,2005,petrol,Manual
Volkswagen,Golf,1997,petrol,Manual
Volkswagen,Golf,1993,petrol,Manual
Chevrolet,Avalanche,1999,diesel,Manual
Lada,2110,2006,cng,Manual
Daewoo,Nubira,1999,diesel,Manual
Fiat,Punto,2008,petrol,Manual
Brilliance,FRV,2011,petrol,Manual
BMW,316,1995,petrol,Manual
Volkswagen,Jetta,1988,petrol,Manual
Suzuki,Grand Vitara,2011,petrol,Manual
Brilliance,FRV Cross,2009,petrol,Manual
Volkswagen,Golf,1987,petrol,Manual
Daewoo,Lanos,1999,cng,Manual
Fiat,Punto,1994,petrol,Manual
Lada,2107,2009,petrol,Manual
Fiat,Grand Punto,1985,petrol,Manual
Speranza,A113,2012,diesel,Manual
Renault,Logan,2012,cng,Manual
Fiat,Grand Punto,2009,petrol,Manual
Opel,Insignia,2020,petrol,Automatic
BMW,316,1994,petrol,Automatic
BMW,X4,2018,petrol,Automatic
Nissan,Tiida,2008,petrol,Automatic
Jeep,Cherokee,2010,petrol,Automatic
SsangYong,Tivoli XLV,1997,diesel,Automatic
Seat,Leon,2025,petrol,Automatic
BMW,X6,2018,petrol,Automatic
Honda,City,2006,petrol,Automatic
Citroën,Grand C4 Spacetourer,2017,petrol,Automatic
Mercedes,200,1986,petrol,Automatic
BMW,320i,2015,petrol,Automatic
Mercedes,CLS350,2005,petrol,Automatic
Nissan,Bluebird,2023,petrol,Automatic
Daewoo,Nubira,2003,petrol,Automatic
Chevrolet,Cruze,2014,petrol,Automatic
Mini,Cooper,2019,petrol,Automatic
Suzuki,Alto,2017,petrol,Automatic
Mercedes,GLC200,2025,petrol,Automatic
BMW,X3,2016,petrol,Automatic
BMW,X4,2025,petrol,Automatic
BMW,316,2015,petrol,Automatic
Mercedes,C180,2012,petrol,Automatic
Chevrolet,Cruze,2020,petrol,Automatic
Peugeot,5008,2019,petrol,Automatic
Toyota,Echo,2005,petrol,Automatic
Hyundai,Avante,2022,cng,Automatic
Kia,Picanto,2019,petrol,Automatic
Opel,Meriva,2016,petrol,Automatic
Opel,Mokka,2016,petrol,Automatic
BMW,IX3,2023,electric,Automatic
Kia,Rio,2003,petrol,Automatic
Jetour,X90 Plus,2025,petrol,Automatic
Audi,A4,2023,petrol,Automatic
Ford,Focus,2022,petrol,Automatic
Mercedes,C200,2019,petrol,Automatic
BMW,X1,2025,petrol,Automatic
Volkswagen,Passat,2022,petrol,Automatic
Toyota,Land Cruiser,2009,petrol,Automatic
Suzuki,Alto,2018,petrol,Automatic
Opel,Mokka,2023,petrol,Automatic
Skoda,Octavia Combi,2010,petrol,Automatic
Volkswagen,Transporter,2022,hybrid,Automatic
Mercedes,C200,2008,petrol,Automatic
Mercedes,GLA200,2024,petrol,Automatic
Kia,Cerato,2023,petrol,Automatic
Skoda,Fabia,2005,petrol,Automatic
Chevrolet,Aveo,2017,petrol,Automatic
Tesla,Model Y,2023,electric,Automatic
MG,HS,2023,petrol,Automatic
Mercedes,EQE350,2022,electric,Automatic
Honda,City,2004,petrol,Automatic
Mercedes,CLA180,2020,petrol,Automatic
Opel,Corsa,2013,petrol,Automatic
Kia,Sportage,2023,petrol,Automatic
Chevrolet,Cruze,2008,petrol,Automatic
Peugeot,406,2000,petrol,Automatic
Porsche,Macan,2020,petrol,Automatic
Land Rover,Range Rover Sport,2021,hybrid,Automatic
Volkswagen,ID4,2022,electric,Automatic
Speranza,A113,2008,petrol,Automatic
BMW,320i,2013,petrol,Automatic
Toyota,Avanza,2016,petrol,Automatic
BMW,X3,2014,petrol,Automatic
Nissan,Bluebird,2018,petrol,Automatic
Jeep,Renegade,2017,petrol,Automatic
Mercedes,V250,2021,petrol,Automatic
Kia,Carnival MPV,2024,petrol,Automatic
Brilliance,Galena,2008,cng,Automatic
Citroën,C3,2021,petrol,Automatic
Mini,Cooper,2010,petrol,Automatic
Hyundai,Verna,2007,petrol,Automatic
Subaru,Impreza,2010,petrol,Automatic
Ford,Fiesta,2014,petrol,Automatic
Mercedes,GLE450,2023,petrol,Automatic
Skoda,Octavia,1999,cng,Automatic
Volkswagen,Golf,2016,petrol,Automatic
Mercedes,CLA200,2025,petrol,Automatic
Mercedes,S450,2023,electric,Automatic
Volkswagen,Polo,2000,petrol,Automatic
MG,7,2025,petrol,Automatic
Nissan,Sunny,2019,petrol,Automatic
Peugeot,508,2016,petrol,Automatic
Nissan,Livina,2011,petrol,Automatic
Mercedes,E200,1994,petrol,Automatic
Volkswagen,Passat,2016,petrol,Automatic
Renault,Logan,2015,petrol,Automatic
Mitsubishi,Pajero,2022,petrol,Automatic
Seat,Tarraco,2016,petrol,Automatic
Nissan,Qashqai,2017,petrol,Automatic
Kia,Rio,2019,petrol,Automatic
Mercedes,E200,2013,petrol,Automatic
Volkswagen,Passat,2020,petrol,Automatic
BMW,X6,2025,petrol,Automatic
Audi,A3,2020,petrol,Automatic
Peugeot,508,2015,petrol,Automatic
Proton,Gen-2,2008,petrol,Automatic
Fiat,Grand Punto,2020,petrol,Automatic
MG,5,2025,petrol,Automatic
Toyota,Avanza,2009,petrol,Automatic
BAIC,BJ30,2025,hybrid,Automatic
Jeep,Grand Cherokee,2022,petrol,Automatic
Chevrolet,Optra,2009,petrol,Automatic
BMW,X6,2023,petrol,Automatic
Mercedes,C180,2000,petrol,Automatic
Hyundai,Verna,2010,cng,Automatic
BMW,523,1998,petrol,Automatic
Porsche,Cayenne S,2015,petrol,Automatic
Chery,Tiggo,2026,petrol,Automatic
Proton,Gen-2,2013,petrol,Automatic
Opel,Astra,2004,petrol,Automatic
Hyundai,Verna,2010,petrol,Automatic
Honda,Civic,2009,petrol,Automatic
BMW,X3,2023,petrol,Automatic
Mitsubishi,Mirage,1998,petrol,Automatic
Skoda,Octavia,2015,petrol,Automatic
Mercedes,E200,1998,petrol,Automatic
Hyundai,Matrix,2003,petrol,Automatic
Fiat,Punto,2016,diesel,Automatic
Land Rover,Range Rover Velar,2025,petrol,Automatic
Honda,Accord,1985,petrol,Automatic
Volkswagen,Polo,2014,petrol,Automatic
Opel,Astra,2005,petrol,Automatic
Chevrolet,Aveo,2013,petrol,Automatic
BMW,X6,2021,petrol,Automatic
Nissan,Sunny,2011,petrol,Automatic
Mercedes,E300,2012,petrol,Automatic
Hyundai,Elantra HD,2020,petrol,Automatic
Kia,Carnival MPV,2017,petrol,Automatic
Fiat,Grand Punto,2022,petrol,Automatic
Honda,City,2008,petrol,Automatic
Opel,Astra,1994,petrol,Automatic
Audi,A6,2023,petrol,Automatic
Speranza,A620,2007,cng,Automatic
Peugeot,405,1993,petrol,Automatic
Mercedes,GLC,2020,petrol,Automatic
Chevrolet,Optra,2019,petrol,Automatic
Citroën,C5 Aircross,2024,petrol,Automatic
Kia,Rio,2015,petrol,Automatic
Daewoo,Leganza,1999,petrol,Automatic
Mitsubishi,Lancer,2008,petrol,Automatic
Volkswagen,Jetta,2017,petrol,Automatic
Hyundai,Veloster,2012,petrol,Automatic
Toyota,Prado,2023,petrol,Automatic
Mercedes,GLE,2015,petrol,Automatic
Citroën,Grand C4 Spacetourer,2007,petrol,Automatic
Chery,Arrizo 5 Pro,2023,petrol,Automatic
Kia,Carnival MPV,2011,petrol,Automatic
BMW,X6 M,2024,petrol,Automatic
Honda,Accord,2008,petrol,Automatic
Opel,Grandland,2022,petrol,Automatic
Seat,Leon,2018,petrol,Automatic
Suzuki,Swift,1993,petrol,Automatic
Renault,Captur,2016,petrol,Automatic
Peugeot,206,2001,petrol,Automatic
Kia,Spectra,2005,petrol,Automatic
Hyundai,Accent,2012,petrol,Automatic
Opel,Insignia,2015,petrol,Automatic
Nissan,Bluebird,2025,petrol,Automatic
Chrysler,Town & Country,2006,petrol,Automatic
Mercedes,C180,2015,petrol,Automatic
BMW,X6,2017,petrol,Automatic
BAIC,EU5 Plus,2014,electric,Automatic
Seat,Tarraco,2025,petrol,Automatic
BMW,320i,2020,petrol,Automatic
Nissan,Sunny,2015,petrol,Automatic
Mitsubishi,Lancer,2009,petrol,Automatic
Daihatsu,Terios,2013,petrol,Automatic
Kia,Carens,2014,petrol,Automatic
Skoda,Kodiaq,2024,petrol,Automatic
Chevrolet,Optra,2008,cng,Automatic
Kia,Carnival,2024,petrol,Automatic
Toyota,Land Cruiser,2022,petrol,Automatic
MG,X5,2021,petrol,Automatic
Mini,Paceman,2019,petrol,Automatic
Nissan,Livina,2010,petrol,Automatic
BMW,X5,2015,petrol,Automatic
Mercedes,CLA180,2015,petrol,Automatic
Kia,K3,2013,petrol,Automatic
Volkswagen,Transporter,2002,petrol,Automatic
JAC,S3,2019,petrol,Automatic
Volkswagen,Passat,2002,petrol,Automatic
Mercedes,GLS,2022,petrol,Automatic
Tesla,Model 3,2024,electric,Automatic
Chevrolet,Cruze,2021,petrol,Automatic
Mercedes,C180,2005,petrol,Automatic
BMW,X3,2017,petrol,Automatic
Audi,Q7,2019,petrol,Automatic
Land Rover,Range Rover,2014,petrol,Automatic
Kia,Picanto,2016,petrol,Automatic
Porsche,Cayenne,2024,petrol,Automatic
Seat,Tarraco,2008,diesel,Automatic
Ford,Fiesta,2019,petrol,Automatic
BMW,740,2016,petrol,Automatic
Kia,Picanto,2012,petrol,Automatic
Jeep,Grand Cherokee,2016,petrol,Automatic
MG,HS,2021,diesel,Automatic
Mercedes,200,1977,petrol,Automatic
BMW,320i,2019,petrol,Automatic
Hyundai,Accent,2011,petrol,Automatic
BMW,X3,2015,petrol,Automatic
Kia,Xceed,2025,petrol,Automatic
Renault,Sandero,2017,petrol,Automatic
Audi,Q2,2020,petrol,Automatic
Nissan,Qashqai,2018,petrol,Automatic
Porsche,Cayenne,2022,petrol,Automatic
Subaru,XV,2019,petrol,Automatic
Mitsubishi,Lancer EX Shark,2024,petrol,Automatic
Chevrolet,Cruze,2011,petrol,Automatic
Daewoo,Lacetti,2003,cng,Automatic
Brilliance,Galena,2006,cng,Automatic
DFSK,EAGLE 580,2020,petrol,Automatic
Audi,Q4 E-Tron,2021,electric,Automatic
Proton,Persona,2006,cng,Automatic
Mercedes,E200,2022,petrol,Automatic
Chevrolet,Aveo,2009,petrol,Automatic
BMW,X1,2015,petrol,Automatic
Audi,Q3,2019,petrol,Automatic
Subaru,Impreza,2015,petrol,Automatic
Peugeot,3008,2022,petrol,Automatic
Mitsubishi,Attrage,2016,petrol,Automatic
Nissan,Tiida,2007,petrol,Automatic
MG,RX5,2020,petrol,Automatic
Hyundai,Sonata,2009,petrol,Automatic
Nissan,Bluebird,2015,petrol,Automatic
Seat,Ibiza,2017,petrol,Automatic
Opel,Corsa,1999,petrol,Automatic
Nissan,Sunny,2014,petrol,Automatic
Volkswagen,Jetta,2008,petrol,Automatic
Peugeot,208,2014,petrol,Automatic
Mercedes,500,2008,petrol,Automatic
Renault,Symbol,2009,diesel,Automatic
Peugeot,3008,2017,petrol,Automatic
Mercedes,CLE200,2024,petrol,Automatic
Opel,Crossland,2020,diesel,Automatic
Mercedes,G63,2021,petrol,Automatic
Kia,Rio,2008,petrol,Automatic
Mercedes,CLA200,2020,petrol,Automatic
Hyundai,Tucson,2024,petrol,Automatic
BMW,X3 M,2019,petrol,Automatic
Audi,Q2,2024,petrol,Automatic
Chery,Tiggo 3,2021,petrol,Automatic
Subaru,Impreza,2004,petrol,Automatic
Opel,Corsa,2022,petrol,Automatic
Proton,Persona,2010,cng,Automatic
Mercedes,C30,2020,petrol,Automatic
Peugeot,207,2012,petrol,Automatic
Mini,Paceman,2013,petrol,Automatic
Brilliance,FRV,2015,petrol,Automatic
Hyundai,Tucson,2005,diesel,Automatic
Mercedes,A180,2022,petrol,Automatic
Mazda,323,2008,petrol,Automatic
Mercedes,200,1981,petrol,Automatic
Daihatsu,Grand Terios,2007,petrol,Automatic
Mercedes,CLA180,2014,petrol,Automatic
Seat,Tarraco,2020,petrol,Automatic
Opel,Corsa,2023,diesel,Automatic
Mercedes,EQS580,2023,electric,Automatic
Mitsubishi,Lancer,1998,petrol,Automatic
Mini,Cooper,2013,petrol,Automatic
Nissan,Qashqai,2019,petrol,Automatic
Hyundai,Tucson,2024,hybrid,Automatic
Mercedes,C200,2024,hybrid,Automatic
Hyundai,Tucson,2025,hybrid,Automatic
Kia,Sorento,2020,petrol,Automatic
Kia,Carnival,2016,petrol,Automatic
Kia,Picanto,2011,petrol,Automatic
Suzuki,Ciaz,2024,petrol,Automatic
Kia,Rio,2012,petrol,Automatic
Opel,Mokka,2022,petrol,Automatic
Renault,Sandero Stepway,2003,petrol,Automatic
Nissan,X-Trail,2008,petrol,Automatic
Kia,Carnival MPV,2020,petrol,Automatic
Audi,Q8,2023,petrol,Automatic
BMW,218i,2023,petrol,Automatic
Audi,A5,2019,petrol,Automatic
Volkswagen,Tiguan,2020,petrol,Automatic
Mitsubishi,Lancer EX Shark,2019,petrol,Automatic
Volkswagen,Golf,2011,petrol,Automatic
Fiat,128,1990,petrol,Automatic
Mazda,323,2015,petrol,Automatic
BMW,740,2019,petrol,Automatic
Chery,Arrizo 5 Pro,2020,petrol,Automatic
Citroën,C4X,2025,petrol,Automatic
Mercedes,AMG,2022,petrol,Automatic
Speranza,A620,2010,petrol,Automatic
Jeep,Grand Cherokee,2020,petrol,Automatic
Volvo,XC90,2020,petrol,Automatic
Citroën,C Elysee,2020,petrol,Automatic
Renault,Megane,2006,cng,Automatic
Hyundai,Tucson,1997,petrol,Automatic
Hyundai,Verna,2016,cng,Automatic
Toyota,Yaris,2008,petrol,Automatic
Changan,Benni,2013,petrol,Automatic
BMW,116,2014,petrol,Automatic
Changan,CS55 Plus,2025,petrol,Automatic
Audi,A4,2018,petrol,Automatic
Renault,Kadjar,2018,petrol,Automatic
Hyundai,Elantra,2022,petrol,Automatic
Daihatsu,Charade,1997,petrol,Automatic
Geely,X7,2020,petrol,Automatic
Mitsubishi,Attrage,2005,petrol,Automatic
Seat,Tarraco,2017,petrol,Automatic
BYD,Song Plus,2024,electric,Automatic
BMW,523,2010,petrol,Automatic
Toyota,Corolla Cross,1991,petrol,Automatic
Nissan,Bluebird,2017,petrol,Automatic
Peugeot,307,2008,petrol,Automatic
BMW,X1,2026,petrol,Automatic
Seat,Leon,2022,petrol,Automatic
Subaru,XV,2021,petrol,Automatic
Nissan,Sunny,2025,petrol,Automatic
Chevrolet,Cruze,1990,petrol,Automatic
Kia,Picanto,2023,petrol,Automatic
Land Rover,Range Rover Vogue,2024,hybrid,Automatic
Mitsubishi,Lancer,2012,petrol,Automatic
Mercedes,CLS350,2020,petrol,Automatic
Mini,John Cooper,2019,petrol,Automatic
Fiat,Punto,2011,diesel,Automatic
Daihatsu,Terios,2009,petrol,Automatic
Seat,Toledo,2018,petrol,Automatic
Kia,Carnival MPV,2014,petrol,Automatic
Hyundai,Elantra,2014,petrol,Automatic
Land Rover,Range Rover,2023,petrol,Automatic
Jaguar,XE,2020,petrol,Automatic
Daewoo,Nubira,2005,petrol,Automatic
Tesla,Model 3,2023,electric,Automatic
Hyundai,Tucson,1988,petrol,Automatic
Mazda,3,2009,petrol,Automatic
Jeep,Wrangler,2011,petrol,Automatic
BMW,X7,2025,petrol,Automatic
Toyota,Land Cruiser,2023,petrol,Automatic
Jeep,Renegade,2022,petrol,Automatic
Peugeot,508,2017,petrol,Automatic
Mercedes,CLA200,2023,petrol,Automatic
Ford,Focus,2010,petrol,Automatic
Kia,Sportage,2015,petrol,Automatic
Mercedes,GLC300,2024,petrol,Automatic
Land Rover,Range Rover,2024,hybrid,Automatic
Ford,Bronco Raptor,2018,petrol,Automatic
Mazda,3,2006,petrol,Automatic
Kia,Picanto,2014,petrol,Automatic
Chevrolet,Optra,2007,diesel,Automatic
Renault,Austral,2024,petrol,Automatic
BMW,740,2024,petrol,Automatic
Mercedes,B200,2019,petrol,Automatic
Audi,A3,2015,petrol,Automatic
Skoda,Kodiaq,2022,petrol,Automatic
Ford,Bronco Raptor,2015,petrol,Automatic
Geely,Emgrand X7,2014,petrol,Automatic
Mercedes,CLA200,2021,petrol,Automatic
Peugeot,301,2017,petrol,Automatic
Citroën,C3 Aircross,2021,petrol,Automatic
Geely,Pandino,2014,petrol,Automatic
Honda,Civic,1992,petrol,Automatic
Renault,Logan,2022,petrol,Automatic
Mercedes,CLA200,2014,petrol,Automatic
Jeep,Cherokee,2006,petrol,Automatic
Kia,Rio,2007,petrol,Automatic
Volvo,XC90,2021,petrol,Automatic
Seat,Leon,2017,petrol,Automatic
Volvo,S60,2018,petrol,Automatic
Toyota,Corolla Cross,1997,petrol,Automatic
MG,5,2022,petrol,Automatic
Chevrolet,Captiva,2024,petrol,Automatic
BYD,F3,2022,petrol,Automatic
Audi,A5,2024,petrol,Automatic
Jeep,Cherokee,2016,petrol,Automatic
Hyundai,I20,2022,petrol,Automatic
MG,6,2024,petrol,Automatic
Jeep,Cherokee,2024,petrol,Automatic
Changan,UNI-T,2024,petrol,Automatic
Jeep,Grand Cherokee,2021,petrol,Automatic
Nissan,Bluebird,2013,petrol,Automatic
Jaguar,XE,2016,petrol,Automatic
Kia,Carnival,2014,petrol,Automatic
Hyundai,Avante,2000,petrol,Automatic
Chery,Tiggo 8,2024,petrol,Automatic
Citroën,Grand C4 Spacetourer,1999,petrol,Automatic
Mercedes,B200,2013,petrol,Automatic
Jeep,Grand Cherokee 4xe,2007,petrol,Automatic
Nissan,Qashqai,2013,petrol,Automatic
Mazda,3,2007,petrol,Automatic
Land Rover,Range Rover Sport,2016,petrol,Automatic
Peugeot,308 SW,2011,petrol,Automatic
Skoda,Octavia,2016,petrol,Automatic
Ford,Focus,2022,diesel,Automatic
BMW,X3,2007,petrol,Automatic
Seat,Ateca,2020,petrol,Automatic
BMW,523,1997,petrol,Automatic
Seat,Ibiza,2014,petrol,Automatic
Chevrolet,Optra,2023,petrol,Automatic
Chrysler,Town & Country,2005,petrol,Automatic
Avatr,12,2025,electric,Automatic
Mercedes,GLE,2019,petrol,Automatic
Seat,Tarraco,2018,petrol,Automatic
Kia,Carnival MPV,2002,petrol,Automatic
Peugeot,307,2004,petrol,Automatic
Nissan,Sentra,2018,petrol,Automatic
Mercedes,E200,1988,petrol,Automatic
Kia,Shuma,1999,petrol,Automatic
Kia,Soul,2017,petrol,Automatic
Audi,Q7,2008,petrol,Automatic
Ford,Bronco Raptor,2019,petrol,Automatic
BYD,F3,2015,petrol,Automatic
Jaguar,F-Type,2020,petrol,Automatic
Nissan,Juke,2025,petrol,Automatic
Hyundai,Elantra CN7,2024,petrol,Automatic
Chevrolet,Aveo,2006,petrol,Automatic
Mercedes,350,2024,hybrid,Automatic
Nissan,Patrol,2016,petrol,Automatic
Nissan,Sentra,2023,petrol,Automatic
Porsche,Cayman,2024,petrol,Automatic
Peugeot,508,2020,petrol,Automatic
Peugeot,508,2013,petrol,Automatic
Geely,Emgrand X7,2012,petrol,Automatic
Renault,Fluence,2010,petrol,Automatic
Mazda,323,2006,petrol,Automatic
Mercedes,230,1990,petrol,Automatic
GMC,Terrain,2024,petrol,Automatic
Cupra,Leon,2024,petrol,Automatic
Chevrolet,Optra,2017,petrol,Automatic
Porsche,Cayenne,2019,petrol,Automatic
Chrysler,Town & Country,1997,petrol,Automatic
Peugeot,208,2013,petrol,Automatic
BYD,L3,2016,petrol,Automatic
Mini,Paceman,2008,petrol,Automatic
Mercedes,GLE,2021,petrol,Automatic
Mercedes,250,2023,petrol,Automatic
BMW,3 Series,2024,hybrid,Automatic
Kia,Picanto,2013,petrol,Automatic
Jeep,Cherokee,2020,petrol,Automatic
Mini,Countryman S,2016,petrol,Automatic
Mercedes,GLA,2018,petrol,Automatic
Proton,Persona,2010,petrol,Automatic
Renault,Megane,2019,petrol,Automatic
Volkswagen,Golf,2024,petrol,Automatic
BAIC,U5 Plus,2026,petrol,Automatic
Mercedes,V250,2020,petrol,Automatic
Citroën,C4 Grand Picasso,2019,petrol,Automatic
Volkswagen,Golf 7,2016,petrol,Automatic
Honda,CRV,2021,petrol,Automatic
Renault,Fluence,2015,petrol,Automatic
BMW,X7,2024,petrol,Automatic
Mercedes,200,2013,petrol,Automatic
Mercedes,C180,2003,petrol,Automatic
Ford,Focus,2017,petrol,Automatic
Subaru,Impreza,2016,petrol,Automatic
Renault,Megane,2016,petrol,Automatic
Toyota,Yaris,2009,petrol,Automatic
Chevrolet,Aveo,2013,hybrid,Automatic
Opel,Vectra,1998,petrol,Automatic
Daewoo,Lacetti,2004,petrol,Automatic
BMW,523,2007,petrol,Automatic
Daihatsu,Grand Terios,2001,petrol,Automatic
Chevrolet,Avalanche,1978,petrol,Automatic
Kia,Xceed,2024,petrol,Automatic
Volkswagen,Jetta,1989,petrol,Automatic
Mercedes,GLS,2023,petrol,Automatic
Toyota,Fortuner,2014,petrol,Automatic
Mercedes,E300,2011,petrol,Automatic
Mercedes,GLA200,2020,petrol,Automatic
Chery,A11,2006,petrol,Automatic
Honda,Civic,2020,petrol,Automatic
BMW,X6 M,2018,petrol,Automatic
Mercedes,E200,2005,petrol,Automatic
Hyundai,Tucson,1997,diesel,Automatic
Seat,Leon,2021,petrol,Automatic
Seat,Tarraco,2024,petrol,Automatic
Honda,Civic,2007,petrol,Automatic
Haval,Jolion Pro,2022,petrol,Automatic
Renault,Sandero Stepway,2020,petrol,Automatic
Changan,Benni,2016,diesel,Automatic
Mercedes,500,2017,petrol,Automatic
Volkswagen,Passat,2013,petrol,Automatic
Opel,Mokka,2024,petrol,Automatic
Changan,Benni,2015,petrol,Automatic
Audi,A3,2016,petrol,Automatic
Subaru,Impreza,2021,petrol,Automatic
BMW,218i,2015,petrol,Automatic
Kia,Soul,2015,petrol,Automatic
Peugeot,5008,2022,petrol,Automatic
Volkswagen,ID6,2022,electric,Automatic
Jeep,Cherokee,2011,petrol,Automatic
BMW,740,2026,petrol,Automatic
Mitsubishi,Pajero,2015,petrol,Automatic
Daihatsu,Grand Terios,1997,petrol,Automatic
Kia,Sorento,2022,hybrid,Automatic
Jeep,Cherokee,2009,petrol,Automatic
Changan,Benni Mini,2015,petrol,Automatic
Mercedes,GLA200,2016,petrol,Automatic
Cupra,Formentor,2025,petrol,Automatic
BYD,F3,2023,petrol,Automatic
Brilliance,V6,2021,petrol,Automatic
Geely,Emgrand X7,2016,petrol,Automatic
Skoda,Octavia,2026,petrol,Automatic
Nissan,Qashqai,2025,petrol,Automatic
Renault,Sandero,2018,petrol,Automatic
BMW,X1,2023,petrol,Automatic
Skoda,Superb,2026,petrol,Automatic
Mercedes,C200,2009,petrol,Automatic
Audi,A3,2026,petrol,Automatic
Volkswagen,Transporter,2012,petrol,Automatic
Renault,Fluence,2012,petrol,Automatic
Mazda,3,2014,petrol,Automatic
Opel,Astra,2006,petrol,Automatic
DS,DS4,2024,petrol,Automatic
Chevrolet,Optra,2025,petrol,Automatic
Opel,Vectra,1999,petrol,Automatic
SsangYong,Tivoli,2021,petrol,Automatic
Hyundai,Elantra,2013,petrol,Automatic
Geely,Emgrand,2013,petrol,Automatic
Mercedes,C200,1998,petrol,Automatic
Skoda,Octavia,2007,petrol,Automatic
Porsche,Cayenne S,2021,petrol,Automatic
Audi,Q3,2000,petrol,Automatic
BYD,F3,2012,cng,Automatic
Renault,Logan,2021,petrol,Automatic
Zotye,T600,2019,petrol,Automatic
BMW,X4,2017,petrol,Automatic
Subaru,Impreza,2020,petrol,Automatic
Hyundai,I10,2011,petrol,Automatic
Kia,Sportage,2012,petrol,Automatic
Renault,Sandero Stepway,2017,petrol,Automatic
Mitsubishi,Attrage,2025,petrol,Automatic
Ford,Focus,2021,petrol,Automatic
SsangYong,Tivoli XLV,2018,petrol,Automatic
SsangYong,Tivoli,2019,petrol,Automatic
Jeep,Grand Cherokee,2000,petrol,Automatic
Skoda,Octavia,2002,petrol,Automatic
Volkswagen,Golf,1999,petrol,Automatic
Hyundai,Atos,2002,petrol,Automatic
BMW,X3,2018,petrol,Automatic
Peugeot,3008,2023,petrol,Automatic
Kia,Carnival MPV,2018,petrol,Automatic
Mercedes,EQE350,2023,electric,Automatic
Skoda,Octavia,2000,petrol,Automatic
Volkswagen,Polo,2005,petrol,Automatic
Toyota,Fortuner,2013,petrol,Automatic
Kia,Rio,2005,petrol,Automatic
Jeep,Cherokee,1996,petrol,Automatic
Skoda,Octavia Combi,2021,petrol,Automatic
BMW,316,1995,petrol,Automatic
Nissan,Bluebird,2016,petrol,Automatic
Mercedes,E180,2018,petrol,Automatic
Chevrolet,Camaro,2021,petrol,Automatic
Chevrolet,Spark,2008,petrol,Automatic
Renault,Symbol,2016,petrol,Automatic
Fiat,500,2026,petrol,Automatic
Mercedes,E200,2000,petrol,Automatic
Mercedes,GLC,2024,petrol,Automatic
Volkswagen,Passat,2007,petrol,Automatic
Chevrolet,Equinox,2018,petrol,Automatic
Nissan,Sentra,2025,petrol,Automatic
MG,6,2022,petrol,Automatic
Proton,Gen-2,2009,petrol,Automatic
Land Rover,Range Rover,2019,petrol,Automatic
Opel,Insignia,2014,petrol,Automatic
FAW,X40,2018,petrol,Automatic
Mercedes,250,2011,petrol,Automatic
BMW,X5,2016,petrol,Automatic
BMW,316,2008,petrol,Automatic
Mercedes,EQS450,2024,electric,Automatic
BMW,116,2013,petrol,Automatic
Peugeot,301,2022,petrol,Automatic
Hyundai,Verna,2005,petrol,Automatic
Renault,Austral,2025,petrol,Automatic
Porsche,Macan,2025,hybrid,Automatic
MG,6,2025,petrol,Automatic
Ford,Bronco Raptor,1998,petrol,Automatic
Kia,Carnival MPV,2025,petrol,Automatic
Mercedes,E180,2016,cng,Automatic
Hyundai,Tucson,2005,petrol,Automatic
Toyota,Corolla,1999,petrol,Automatic
BAIC,EU5 Plus,2017,electric,Automatic
Jeep,Wrangler,2018,petrol,Automatic
Chevrolet,Avalanche,2015,petrol,Automatic
Peugeot,308 SW,2012,petrol,Automatic
BMW,X3 M,2021,petrol,Automatic
Jeep,Cherokee,1997,petrol,Automatic
Toyota,Fortuner,2016,petrol,Automatic
Kia,Cerato,2019,petrol,Automatic
Mercedes,E200,1982,petrol,Automatic
Chevrolet,Optra,2009,cng,Automatic
Proton,Saga,2013,petrol,Automatic
Ford,Bronco Raptor,2024,petrol,Automatic
Skoda,Kodiaq,2026,petrol,Automatic
BMW,X3,2009,petrol,Automatic
Mini,Paceman,2014,petrol,Automatic
Skoda,Octavia Combi,2012,petrol,Automatic
Jeep,Cherokee,2015,petrol,Automatic
Volkswagen,Beetle,2001,petrol,Automatic
MG,ZS,2024,petrol,Automatic
BMW,3 Series,2017,petrol,Automatic
Skoda,Octavia A4,1998,petrol,Automatic
Hyundai,Elantra,2008,petrol,Automatic
Mercedes,GLA200,2019,diesel,Automatic
Geely,Emgrand,2026,petrol,Automatic
Chery,Arrizo 5 Pro,2025,petrol,Automatic
Toyota,Yaris,2007,petrol,Automatic
Peugeot,406,2001,petrol,Automatic
Porsche,Cayenne,2014,petrol,Automatic
Mercedes,A200,2016,petrol,Automatic
Mazda,323,1998,petrol,Automatic
Mercedes,200,1980,petrol,Automatic
Volkswagen,Passat,2018,petrol,Automatic
Mercedes,GLC43,2018,petrol,Automatic
JAC,JS3,2022,petrol,Automatic
Toyota,Yaris,2006,petrol,Automatic
Mercedes,A35,2020,petrol,Automatic
Daewoo,Leganza,2001,petrol,Automatic
MG,350,2012,petrol,Automatic
Mercedes,200,1987,petrol,Automatic
Chevrolet,Captiva,2023,petrol,Automatic
Volkswagen,Polo,1999,petrol,Automatic
Chevrolet,Optra,2011,petrol,Automatic
Speranza,Tiggo,2012,petrol,Automatic
Nissan,Bluebird,2008,petrol,Automatic
Nissan,Sunny,1999,petrol,Automatic
BMW,420,2023,petrol,Automatic
Volkswagen,Golf,1994,petrol,Automatic
Mercedes,GLA,2021,petrol,Automatic
Peugeot,406,2003,petrol,Automatic
DS,DS7,2022,petrol,Automatic
Seat,Ateca,2018,petrol,Automatic
Nissan,Sunny,2020,petrol,Automatic
BYD,F3,2015,cng,Automatic
Volkswagen,Golf,2012,petrol,Automatic
Daewoo,Lanos,1998,petrol,Automatic
BMW,218i,2020,petrol,Automatic
Kia,Sportage,2025,hybrid,Automatic
BMW,520i,2012,petrol,Automatic
Renault,Sandero,2023,petrol,Automatic
Mercedes,GLS580,2023,petrol,Automatic
Daihatsu,Grand Terios,1999,petrol,Automatic
Daewoo,Lanos,2003,petrol,Automatic
Chery,Tiggo,2017,petrol,Automatic
Jeep,Cherokee,2013,petrol,Automatic
Land Rover,Range Rover,2018,petrol,Automatic
Fiat,Punto,2016,petrol,Automatic
BMW,318i,2018,diesel,Automatic
Mercedes,500,2007,petrol,Automatic
Hyundai,Matrix,2009,petrol,Automatic
BMW,X7,2021,petrol,Automatic
Volkswagen,Jetta,2007,petrol,Automatic
Audi,Q3,2023,petrol,Automatic
Nissan,Juke,2012,petrol,Automatic
BMW,X7,2020,petrol,Automatic
Nissan,Bluebird,2010,petrol,Automatic
Chevrolet,Aveo,2008,petrol,Automatic
Nissan,Qashqai,2021,petrol,Automatic
Renault,Logan,2020,petrol,Automatic
Mitsubishi,Xpander,2019,petrol,Automatic
Land Rover,Range Rover,2024,petrol,Automatic
Hyundai,Elantra,2019,petrol,Automatic
Opel,Astra,2023,petrol,Automatic
Peugeot,3008,2011,petrol,Automatic
Daewoo,Leganza,2004,cng,Automatic
Porsche,Macan,2017,petrol,Automatic
Chevrolet,Cruze,2012,petrol,Automatic
Volkswagen,Golf,1988,petrol,Automatic
Alfa Romeo,Giulietta,2019,petrol,Automatic
Renault,Duster,2026,petrol,Automatic
Mercedes,EQE500,2024,electric,Automatic
Opel,Crossland,2022,petrol,Automatic
Opel,Grandland,2024,petrol,Automatic
Honda,Accord,2007,petrol,Automatic
Mercedes,GLS580,2024,petrol,Automatic
Volkswagen,Passat,2006,petrol,Automatic
Mitsubishi,Pajero,1992,petrol,Automatic
Renault,Duster,2022,petrol,Automatic
Renault,Captur,2017,petrol,Automatic
Kia,Carnival MPV,2012,petrol,Automatic
Jeep,Cherokee,1996,cng,Automatic
BAIC,X7,2025,petrol,Automatic
Audi,Q3,2016,petrol,Automatic
Kia,Grand Cerato,2022,petrol,Automatic
Peugeot,406,2006,petrol,Automatic
Hyundai,Tucson,2009,petrol,Automatic
BMW,X1,2013,petrol,Automatic
Opel,Astra,2010,petrol,Automatic
Speranza,Tiggo,2010,petrol,Automatic
Jeep,Grand Cherokee 4xe,2006,petrol,Automatic
Suzuki,Swift,2009,petrol,Automatic
BMW,420,2015,petrol,Automatic
Mitsubishi,Colt,2007,petrol,Automatic
Audi,A3,2017,petrol,Automatic
Toyota,Corolla Cross,2003,petrol,Automatic
BYD,F3,2013,petrol,Automatic
Mercedes,S450,2022,electric,Automatic
Mercedes,E200,1997,petrol,Automatic
Mercedes,E200,2003,petrol,Automatic
Mercedes,CLS350,2012,petrol,Automatic
Mercedes,E180,2017,petrol,Automatic
BMW,218i,2024,petrol,Automatic
Geely,Emgrand,2013,cng,Automatic
Dodge,Ram,2008,petrol,Automatic
Mercedes,180,2018,petrol,Automatic
Chevrolet,Optra,2013,petrol,Automatic
Mercedes,200,2023,petrol,Automatic
BMW,340,2026,petrol,Automatic
Mercedes,CLA180,2024,petrol,Automatic
Mercedes,E200,2014,petrol,Automatic
Ford,Bronco Raptor,2000,petrol,Automatic
Mercedes,C30,2025,petrol,Automatic
Mini,Paceman,2015,petrol,Automatic
Land Rover,Range Rover Sport,2024,petrol,Automatic
Kia,Sportage,2024,hybrid,Automatic
Hyundai,Santa Fe,2023,hybrid,Automatic
Daewoo,Lacetti,2009,petrol,Automatic
Kia,K3,2023,petrol,Automatic
Mercedes,250,2023,diesel,Automatic
Jeep,Renegade,2016,diesel,Automatic
Tesla,Model Y,2024,electric,Automatic
Land Rover,Range Rover Evoque,2023,petrol,Automatic
BMW,M4,2024,petrol,Automatic
Kia,Sorento,2019,petrol,Automatic
Dodge,Challenger,2011,petrol,Automatic
Hyundai,Creta,2020,petrol,Automatic
Speranza,Tiggo,2022,petrol,Automatic
Suzuki,Swift,2016,petrol,Automatic
Zotye,Xplosion,2019,petrol,Automatic
Mercedes,S500,2007,petrol,Automatic
Opel,Corsa,2023,petrol,Automatic
Peugeot,508,2014,petrol,Automatic
Renault,Sandero,2022,petrol,Automatic
Volkswagen,Passat,1999,petrol,Automatic
Peugeot,508,2021,petrol,Automatic
Skoda,Octavia A7,2015,petrol,Automatic
BYD,Song L,2025,electric,Automatic
BMW,3 Series,2015,petrol,Automatic
Mercedes,CLA180,2018,petrol,Automatic
BMW,340,2018,petrol,Automatic
Kia,Picanto,2021,petrol,Automatic
Ford,Bronco Raptor,2008,petrol,Automatic
Mercedes,E200,2007,petrol,Automatic
Peugeot,308 SW,2015,petrol,Automatic
Ford,Focus,2018,petrol,Automatic
Volkswagen,Golf,2003,petrol,Automatic
Daewoo,Lanos,1997,petrol,Automatic
Hyundai,Accent RB,2017,petrol,Automatic
Mitsubishi,Lancer,2018,petrol,Automatic
Hyundai,Accent,2016,petrol,Automatic
Jeep,Cherokee,1999,petrol,Automatic
Mitsubishi,Lancer,2013,petrol,Automatic
Seat,Arona,2019,diesel,Automatic
BYD,F3,2024,petrol,Automatic
Lada,Granta,2016,petrol,Automatic
Citroën,Grand C4 Spacetourer,2019,petrol,Automatic
Peugeot,301,2014,petrol,Automatic
Renault,Sandero,2013,diesel,Automatic
Fiat,Grand Punto,2024,petrol,Automatic
Volkswagen,Passat,2014,petrol,Automatic
Mercedes,E300,2021,hybrid,Automatic
Volkswagen,Golf,2020,petrol,Automatic
Xiaomi,SU7,2025,electric,Automatic
Hyundai,I10,2010,petrol,Automatic
BMW,520i,2005,petrol,Automatic
Geely,Pandino,2011,petrol,Automatic
Hyundai,I10,2017,petrol,Automatic
Jeep,Cherokee,1998,petrol,Automatic
Toyota,Corolla,1982,petrol,Automatic
Skoda,Octavia A5,2006,petrol,Automatic
Daihatsu,Terios,2010,petrol,Automatic
Kia,Pride,1999,petrol,Automatic
Audi,Q2,2018,petrol,Automatic
Peugeot,408,2024,petrol,Automatic
Land Rover,Defender,2020,petrol,Automatic
Avatr,11,2024,electric,Automatic
MG,350,2013,petrol,Automatic
Jeep,Liberty,2003,petrol,Automatic
Seat,Tarraco,2001,petrol,Automatic
Skoda,Octavia Combi,2007,petrol,Automatic
Chevrolet,Lanos,2019,petrol,Automatic
Toyota,Prado,2016,petrol,Automatic
Citroën,C4X,2024,petrol,Automatic
Hyundai,Accent,2021,petrol,Automatic
Opel,Astra,2003,petrol,Automatic
Honda,Civic,2018,petrol,Automatic
Skoda,Octavia,2019,petrol,Automatic
Speranza,Chery QQ,2017,petrol,Automatic
Mercedes,E200,2016,petrol,Automatic
Jetour,X70,2024,petrol,Automatic
Ford,Bronco Raptor,1996,petrol,Automatic
Suzuki,Ciaz,2021,petrol,Automatic
Chevrolet,Lanos,2013,petrol,Automatic
Kia,Carnival,2020,petrol,Automatic
Kia,Carnival,2019,petrol,Automatic
Mitsubishi,Lancer,2005,petrol,Automatic
Hyundai,Accent,2024,petrol,Automatic
Toyota,Corolla,1993,petrol,Automatic
Mercedes,GLE450,2025,petrol,Automatic
Peugeot,5008,2021,petrol,Automatic
Mercedes,CLS,2019,petrol,Automatic
DS,DS7,2023,petrol,Automatic
Mercedes,CLE300,2024,petrol,Automatic
Renault,Fluence,2016,petrol,Automatic
Subaru,Impreza,2019,petrol,Automatic
Mitsubishi,Eclipse,2024,petrol,Automatic
Renault,Megane,2017,diesel,Automatic
Land Rover,Range Rover Evoque,2023,hybrid,Automatic
Alfa Romeo,Giulietta,2016,petrol,Automatic
Opel,Astra,2001,petrol,Automatic
Chevrolet,Optra,2005,petrol,Automatic
Hyundai,Sonata,2007,petrol,Automatic
Seat,Toledo,2017,petrol,Automatic
Suzuki,Ertiga,2016,petrol,Automatic
Seat,Ibiza,2025,petrol,Automatic
Nissan,Sunny,2012,petrol,Automatic
Mitsubishi,Pajero,2017,petrol,Automatic
BMW,118,2012,petrol,Automatic
Daihatsu,Terios,2011,petrol,Automatic
Mercedes,E240,2003,petrol,Automatic
BMW,116,2015,petrol,Automatic
Hyundai,Matrix,2006,diesel,Automatic
Volkswagen,Jetta,2006,petrol,Automatic
Daewoo,Nubira,2005,cng,Automatic
Renault,Megane,2005,diesel,Automatic
Renault,Megane,2013,petrol,Automatic
Hyundai,Sonata,2007,cng,Automatic
Land Rover,Range Rover Vogue,2012,petrol,Automatic
BMW,520i,2018,petrol,Automatic
BMW,X5,2017,petrol,Automatic
Kia,Ceed,2016,petrol,Automatic
Jeep,Grand Cherokee 4xe,2021,petrol,Automatic
Hyundai,Verna,2017,petrol,Automatic
Peugeot,3008,2018,petrol,Automatic
Land Rover,Range Rover Velar,2023,petrol,Automatic
Proton,Saga,2012,petrol,Automatic
BMW,I3,2025,electric,Automatic
BMW,523,2008,petrol,Automatic
Brilliance,FRV Cross,2013,petrol,Automatic
BMW,I7,2025,electric,Automatic
BMW,I7,2023,electric,Automatic
Hyundai,Accent,2002,petrol,Automatic
Renault,Sandero Stepway,2022,petrol,Automatic
Jeep,Cherokee,1994,petrol,Automatic
BMW,X6 M,2025,petrol,Automatic
Mercedes,E250,2014,petrol,Automatic
Chevrolet,Optra,2020,petrol,Automatic
Brilliance,FSV,2011,petrol,Automatic
Citroën,Grand C4 Spacetourer,2016,petrol,Automatic
Daewoo,Matiz,1999,petrol,Automatic
Daewoo,Nubira,2001,cng,Automatic
Toyota,Corolla,2013,petrol,Automatic
Citroën,C5,2013,petrol,Automatic
MG,Cyberster,2023,electric,Automatic
MG,5,2020,petrol,Automatic
Cupra,Formentor,2022,petrol,Automatic
Mitsubishi,Lancer EX Shark,2022,petrol,Automatic
Citroën,C5 Aircross,2020,petrol,Automatic
Senova,A1,2015,petrol,Automatic
Chevrolet,Aveo,2017,cng,Automatic
Mercedes,C180,2024,hybrid,Automatic
Hyundai,Accent,2006,petrol,Automatic
Seat,Ibiza,2015,petrol,Automatic
Daihatsu,Grand Terios,2004,cng,Automatic
Daewoo,Lanos,1997,diesel,Automatic
Chery,Tiggo 8,2025,petrol,Automatic
Kia,Carnival MPV,2019,petrol,Automatic
Mazda,323,2019,petrol,Automatic
BMW,X5,2018,petrol,Automatic
Ford,Fusion,2017,petrol,Automatic
Mercedes,C250,2012,petrol,Automatic
Land Rover,Range Rover,2016,petrol,Automatic
Hyundai,Verna,2018,petrol,Automatic
Mercedes,E250,2012,petrol,Automatic
Volkswagen,Tiguan,2023,petrol,Automatic
Audi,Q7,2022,petrol,Automatic
Volkswagen,Golf,2004,petrol,Automatic
Jetour,X70 Plus,2026,petrol,Automatic
Peugeot,408,2022,petrol,Automatic
Jeep,Renegade,2023,petrol,Automatic
Chevrolet,Aveo,2012,petrol,Automatic
Audi,Q2,2022,petrol,Automatic
Hyundai,Santa Fe,2024,hybrid,Automatic
Kia,Picanto,2024,petrol,Automatic
Mercedes,EQS580,2022,electric,Automatic
BMW,418,2017,petrol,Automatic
Daihatsu,Grand Terios,2014,petrol,Automatic
SsangYong,Tivoli,2020,petrol,Automatic
Chery,Tiggo 3,2024,petrol,Automatic
Porsche,Macan,2018,petrol,Automatic
Jetour,X90,2023,petrol,Automatic
Suzuki,Baleno,1997,petrol,Automatic
BMW,X7,2023,petrol,Automatic
BAIC,X3,2022,petrol,Automatic
Honda,Accord,1994,petrol,Automatic
BMW,418,2016,petrol,Automatic
BMW,X6 M,2023,petrol,Automatic
Honda,Civic,1999,petrol,Automatic
Hyundai,Elantra AD,2026,petrol,Automatic
Skoda,Superb,2000,petrol,Automatic
Renault,Symbol,2011,petrol,Automatic
Hyundai,Accent,2014,petrol,Automatic
BMW,X6,2019,petrol,Automatic
Mercedes,250,2021,petrol,Automatic
Mitsubishi,Lancer,1997,diesel,Automatic
Citroën,C3 Aircross,2024,petrol,Automatic
Mercedes,GLE450,2021,petrol,Automatic
Chevrolet,Optra,2015,petrol,Automatic
Chevrolet,Optra,2010,diesel,Automatic
Lada,2107,2008,petrol,Automatic
Volkswagen,Passat,2019,petrol,Automatic
Renault,Sandero,2020,petrol,Automatic
Citroën,C5 Aircross,2021,petrol,Automatic
Nissan,Juke,2016,petrol,Automatic
Renault,Megane,2017,petrol,Automatic
Toyota,Fortuner,2020,petrol,Automatic
Citroën,C Elysee,2015,petrol,Automatic
Citroën,C Elysee,2021,petrol,Automatic
BMW,740,2009,petrol,Automatic
Mercedes,CLA180,2021,petrol,Automatic
Skoda,Superb,2014,petrol,Automatic
Volkswagen,Golf,2013,petrol,Automatic
Skoda,Octavia,2013,petrol,Automatic
Mitsubishi,Lancer,2000,petrol,Automatic
Kia,K3,2018,diesel,Automatic
XPeng,G9,2025,electric,Automatic
Chery,Tiggo 7,2024,petrol,Automatic
Kia,Sephia,1999,petrol,Automatic
Opel,Insignia,2019,petrol,Automatic
Geely,Coolray,2022,petrol,Automatic
Geely,Emgrand X7,2025,petrol,Automatic
Jeep,Grand Cherokee,2025,petrol,Automatic
Nissan,Bluebird,2026,petrol,Automatic
BMW,X5 M,2024,petrol,Automatic
Opel,Corsa,2012,petrol,Automatic
Skoda,Kodiaq,2000,petrol,Automatic
Audi,Q3,2020,petrol,Automatic
Mini,Countryman S,2019,petrol,Automatic
Hyundai,Getz,2010,petrol,Automatic
Nissan,Qashqai,2022,diesel,Automatic
Peugeot,208,2016,petrol,Automatic
BMW,X1,2012,petrol,Automatic
Honda,Civic,2013,petrol,Automatic
Jeep,Wrangler,2010,petrol,Automatic
Citroën,C5,2024,petrol,Automatic
Ford,Focus,2009,petrol,Automatic
Toyota,Fortuner,2017,petrol,Automatic
Toyota,Corolla,2012,petrol,Automatic
Mercedes,GLE,2018,petrol,Automatic
BMW,525,2008,petrol,Automatic
Porsche,Cayenne S,2023,petrol,Automatic
Honda,Accord,2009,petrol,Automatic
Kia,Carnival,2025,petrol,Automatic
Honda,Fit,2023,petrol,Automatic
Toyota,Yaris,2015,petrol,Automatic
Hyundai,Verna,2016,petrol,Automatic
MG,X5,2025,petrol,Automatic
Volkswagen,Jetta,2009,petrol,Automatic
Toyota,Fortuner,2021,petrol,Automatic
BMW,520i,2019,petrol,Automatic
Mercedes,AMG,2019,petrol,Automatic
Peugeot,405,1998,petrol,Automatic
Mini,Cooper,2011,petrol,Automatic
Toyota,Echo,2021,petrol,Automatic
Honda,Civic,2021,petrol,Automatic
Chevrolet,Cruze,2018,petrol,Automatic
Skoda,Karoq,2021,petrol,Automatic
Honda,Civic,2020,cng,Automatic
Mercedes,CLA180,2023,petrol,Automatic
BMW,520i,2021,petrol,Automatic
Mercedes,C180,1997,petrol,Automatic
Toyota,Corolla Cross,2023,petrol,Automatic
Nissan,Sunny,1993,petrol,Automatic
Opel,Mokka,2022,hybrid,Automatic
Chrysler,Town & Country,1999,petrol,Automatic
Mercedes,GLC,2023,petrol,Automatic
Renault,Duster,2017,petrol,Automatic
Hyundai,Getz,2009,petrol,Automatic
Kia,K4,2018,petrol,Automatic
Volkswagen,Tiguan,2022,petrol,Automatic
Volkswagen,Golf,2017,petrol,Automatic
MG,ZS,2023,petrol,Automatic
Seat,Tarraco,2015,petrol,Automatic
Dodge,Challenger,2013,petrol,Automatic
Mercedes,350,2006,petrol,Automatic
Lada,Granta,2021,petrol,Automatic
Alfa Romeo,Giulietta,2015,petrol,Automatic
Chevrolet,Cruze,2024,petrol,Automatic
Chevrolet,Optra,2007,petrol,Automatic
BMW,X1,2024,petrol,Automatic
Opel,Crossland,2020,petrol,Automatic
Daihatsu,Terios,1999,petrol,Automatic
Seat,Toledo,2016,petrol,Automatic
Mercedes,200,1990,petrol,Automatic
Mitsubishi,Pajero,2020,petrol,Automatic
MG,RX5,2019,petrol,Automatic
Porsche,Cayman,2025,petrol,Automatic
Suzuki,Alto,2021,petrol,Automatic
Seat,Ateca,2023,petrol,Automatic
Changan,CS55,2024,petrol,Automatic
Peugeot,3008,2025,petrol,Automatic
MG,X5,2023,petrol,Automatic
Toyota,Corolla,2017,petrol,Automatic
Seat,Tarraco,2023,petrol,Automatic
Hyundai,Tucson,2003,petrol,Automatic
Alfa Romeo,Tonale,2024,petrol,Automatic
Jaguar,F-Pace,2021,hybrid,Automatic
Mercedes,500,1994,petrol,Automatic
Mercedes,C180,2021,petrol,Automatic
Toyota,Corolla,1998,petrol,Automatic
Tesla,Model 3,2020,electric,Automatic
Porsche,Cayenne,2023,petrol,Automatic
Kaiyi,X3 Pro,2026,petrol,Automatic
Toyota,Corolla,2016,petrol,Automatic
Volvo,S60,2012,petrol,Automatic
Peugeot,3008,2015,petrol,Automatic
Mitsubishi,Pajero,2016,petrol,Automatic
Land Rover,Discovery,2016,petrol,Automatic
Chery,Tiggo 3,2022,petrol,Automatic
BMW,X1,2024,hybrid,Automatic
Proton,Persona,2013,petrol,Automatic
Mercedes,C30,1989,petrol,Automatic
Audi,A4,2021,petrol,Automatic
Land Rover,Range Rover Vogue,2019,petrol,Automatic
BMW,740,2007,petrol,Automatic
Speranza,A516,2008,petrol,Automatic
Renault,Fluence,2011,petrol,Automatic
Audi,Q2,2021,petrol,Automatic
Speranza,A620,2012,diesel,Automatic
Jaguar,F-Pace,2024,petrol,Automatic
Skoda,Octavia Combi,2010,diesel,Automatic
Porsche,Macan,2022,petrol,Automatic
Mercedes,A200,2021,petrol,Automatic
Fiat,Tipo,2018,petrol,Automatic
Mercedes,CLE200,2025,petrol,Automatic
Hyundai,Grand i10,2016,petrol,Automatic
Nissan,Qashqai,2014,petrol,Automatic
Mercedes,C30,2023,petrol,Automatic
Hyundai,Verna,2007,hybrid,Automatic
Mercedes,EQS450,2023,electric,Automatic
BMW,316,2012,diesel,Automatic
Jeep,Wrangler,1999,petrol,Automatic
Renault,Megane,2006,diesel,Automatic
Toyota,Corolla Cross,2020,petrol,Automatic
Chery,Tiggo,2010,petrol,Automatic
Renault,Logan,2012,petrol,Automatic
BMW,X5,2008,petrol,Automatic
Cupra,Formentor,2023,petrol,Automatic
BMW,218i,2026,petrol,Automatic
Mercedes,G63,2019,petrol,Automatic
Citroën,C3,2022,petrol,Automatic
Jeep,Grand Cherokee 4xe,2004,petrol,Automatic
Toyota,Prado,2019,petrol,Automatic
Mercedes,GLE,2024,petrol,Automatic
Porsche,Cayman,2023,petrol,Automatic
Mazda,323,2017,petrol,Automatic
Chery,Arrizo 5 Pro,2025,diesel,Automatic
Opel,Corsa,2010,petrol,Automatic
Volkswagen,Polo,2001,petrol,Automatic
Jeep,Grand Cherokee 4xe,2016,petrol,Automatic
Hyundai,Accent,2013,petrol,Automatic
Mercedes,GLA,2023,petrol,Automatic
Toyota,Land Cruiser,2021,petrol,Automatic
Mercedes,E300,2018,petrol,Automatic
Land Rover,Range Rover Vogue,2020,petrol,Automatic
Mitsubishi,Lancer,2016,diesel,Automatic
Chery,QQ,2008,petrol,Automatic
Mitsubishi,Pajero,2014,petrol,Automatic
Porsche,Cayenne,2011,petrol,Automatic
Nissan,Qashqai,2012,petrol,Automatic
Porsche,Cayenne,2025,petrol,Automatic
Land Rover,Range Rover Sport,2023,hybrid,Automatic
Zeekr,001,2025,electric,Automatic
Hyundai,Accent,2017,petrol,Automatic
Citroën,C4,2023,petrol,Automatic
Kia,Sephia,2003,petrol,Automatic
Geely,Emgrand X7,2013,diesel,Automatic
Mitsubishi,Lancer,2006,petrol,Automatic
Hyundai,Creta,2017,petrol,Automatic
Citroën,Grand C4 Spacetourer,2020,petrol,Automatic
Peugeot,5008,2015,petrol,Automatic
Chery,Tiggo 7,2025,petrol,Automatic
Audi,A3,2025,petrol,Automatic
Mazda,3,2017,petrol,Automatic
XPeng,G9,2024,electric,Automatic
Hyundai,Elantra,2009,petrol,Automatic
Toyota,Fortuner,2025,petrol,Automatic
SsangYong,Torres,2024,petrol,Automatic
Mitsubishi,Xpander,2023,petrol,Automatic
Hyundai,Tucson,1990,petrol,Automatic
Mitsubishi,Outlander,2004,petrol,Automatic
Mercedes,GLE,2022,petrol,Automatic
Speranza,A516,2010,cng,Automatic
Kia,Carnival MPV,2024,hybrid,Automatic
Volkswagen,Transporter,2021,hybrid,Automatic
Volkswagen,Golf,2010,petrol,Automatic
Mercedes,GLS580,2022,petrol,Automatic
Mercedes,E200,1986,petrol,Automatic
BMW,530,2007,petrol,Automatic
BMW,330,2011,petrol,Automatic
Kia,Carens,2016,petrol,Automatic
Jeep,Wrangler,2017,petrol,Automatic
Mitsubishi,Lancer,2011,petrol,Automatic
Ford,Focus,2007,petrol,Automatic
Geely,Emgrand X7,2008,petrol,Automatic
Mini,John Cooper,2023,petrol,Automatic
Kia,Carnival,2004,petrol,Automatic
Mercedes,E200,1993,petrol,Automatic
Mitsubishi,Lancer,2014,petrol,Automatic
Seat,Leon,2014,hybrid,Automatic
Mercedes,E230,1992,petrol,Automatic
Lada,Granta,2022,petrol,Automatic
Mitsubishi,Colt,1992,petrol,Automatic
Skoda,Karoq,2020,petrol,Automatic
Hyundai,Elantra AD,2025,petrol,Automatic
Kia,Soul,2011,petrol,Automatic
Mercedes,E350,2020,petrol,Automatic
Lotus,Emira,2025,petrol,Automatic
Skoda,Octavia,2004,cng,Automatic
Hyundai,Sonata,2008,petrol,Automatic
Fiat,132,1983,petrol,Automatic
Audi,Q8,2020,petrol,Automatic
BMW,520i,1992,petrol,Automatic
Mercedes,350,2007,petrol,Automatic
Mitsubishi,Mirage,2003,petrol,Automatic
Chevrolet,Camaro,2022,petrol,Automatic
Chery,Arrizo 5 Pro,2018,petrol,Automatic
Ford,Kuga,2017,petrol,Automatic
Mitsubishi,Eclipse,2018,petrol,Automatic
Mercedes,GLC200,2019,petrol,Automatic
Mitsubishi,Attrage,2023,petrol,Automatic
Hyundai,Creta,2019,petrol,Automatic
Jeep,Cherokee,2019,petrol,Automatic
Nissan,Sunny,2006,petrol,Automatic
Jeep,Liberty,2005,petrol,Automatic
Volkswagen,Golf,1993,petrol,Automatic
Citroën,Grand C4 Spacetourer,2014,petrol,Automatic
Hyundai,Accent,2025,petrol,Automatic
Brilliance,Galena,2011,petrol,Automatic
Mercedes,500,2024,petrol,Automatic
Cadillac,Escalade,2025,petrol,Automatic
Mercedes,500,2021,petrol,Automatic
Honda,Accord,2008,diesel,Automatic
BMW,420,2025,petrol,Automatic
Chery,A11,2005,petrol,Automatic
Suzuki,Baleno,1998,petrol,Automatic
Mercedes,A35,2024,petrol,Automatic
Fiat,500X,2021,petrol,Automatic
Land Rover,Range Rover Evoque,2022,petrol,Automatic
Toyota,Corolla Cross,2009,petrol,Automatic
Chevrolet,Camaro,2023,petrol,Automatic
Mercedes,V250,2018,petrol,Automatic
Chery,Tiggo 3,2020,petrol,Automatic
Volkswagen,Passat,2010,petrol,Automatic
Jeep,Cherokee,1998,hybrid,Automatic
Mercedes,E200,2010,petrol,Automatic
Dodge,Challenger,2021,petrol,Automatic
Toyota,Corolla Cross,2022,petrol,Automatic
MG,RX5,2021,petrol,Automatic
Opel,Astra,2018,diesel,Automatic
Mercedes,GT43,2023,petrol,Automatic
Mercedes,GLE,2017,petrol,Automatic
Proton,Persona,2020,petrol,Automatic
Audi,Q4 E-Tron,2022,electric,Automatic
Kia,Cerato,2024,petrol,Automatic
Hyundai,Elantra CN7,2025,petrol,Automatic
Kia,Sorento,2025,petrol,Automatic
Mercedes,C200,2007,petrol,Automatic
BMW,740,2008,petrol,Automatic
Kia,Sorento,2024,petrol,Automatic
Hyundai,Accent,2019,petrol,Automatic
Mini,Cooper,2023,petrol,Automatic
Citroën,C5,2021,petrol,Automatic
Chevrolet,Optra,2010,cng,Automatic
BMW,X4,2021,petrol,Automatic
Nissan,Bluebird,2022,petrol,Automatic
Mercedes,S580,2022,petrol,Automatic
Mini,Cooper,2018,petrol,Automatic
BMW,740,2017,hybrid,Automatic
Honda,Civic,2017,petrol,Automatic
Avatr,12,2023,electric,Automatic
BMW,520i,2013,petrol,Automatic
Citroën,C Elysee,2023,petrol,Automatic
MG,5,2022,diesel,Automatic
Jaguar,F-Type,2018,petrol,Automatic
Daewoo,Lanos,1996,petrol,Automatic
Skoda,Fabia,2002,diesel,Automatic
Jeep,Cherokee,2023,petrol,Automatic
Jetour,X70 Plus,2021,petrol,Automatic
Audi,A4,2024,petrol,Automatic
Mercedes,200,2020,petrol,Automatic
Hyundai,Accent,1999,petrol,Automatic
Ford,Kuga,2018,petrol,Automatic
Opel,Grandland,2023,petrol,Automatic
Volkswagen,Golf,1992,petrol,Automatic
Daewoo,Lacetti,2006,petrol,Automatic
Renault,Kadjar,2020,petrol,Automatic
Hyundai,Tucson,2011,petrol,Automatic
Renault,Captur,2019,petrol,Automatic
Toyota,Corolla,2014,petrol,Automatic
MG,ZS,2019,petrol,Automatic
Geely,Emgrand X7,2022,hybrid,Automatic
Honda,Civic,2010,petrol,Automatic
Mercedes,B200,2023,petrol,Automatic
BMW,X2,2025,petrol,Automatic
Daewoo,Lanos,2006,petrol,Automatic
Honda,Accord,1997,petrol,Automatic
Porsche,Cayenne S,2018,petrol,Automatic
Daewoo,Nubira,2005,diesel,Automatic
Mercedes,GLA,2026,petrol,Automatic
Citroën,Grand C4 Spacetourer,2024,petrol,Automatic
Daewoo,Nubira,2000,cng,Automatic
Dodge,Challenger,2023,petrol,Automatic
Mercedes,C280,2009,petrol,Automatic
Daewoo,Leganza,2005,petrol,Automatic
Toyota,Yaris,2014,petrol,Automatic
Hyundai,Verna,2003,diesel,Automatic
Chevrolet,Aveo,2011,petrol,Automatic
Jaguar,F-Type,2019,petrol,Automatic
Mercedes,B200,2022,petrol,Automatic
Honda,Accord,2016,petrol,Automatic
BYD,Song L,2024,electric,Automatic
Mercedes,GLE450,2024,petrol,Automatic
BMW,3 Series,2024,petrol,Automatic
Chevrolet,Avalanche,2020,hybrid,Automatic
Mini,Countryman S,2026,petrol,Automatic
Chery,Tiggo,2020,petrol,Automatic
Peugeot,407,2005,petrol,Automatic
MG,5,2024,petrol,Automatic
Ford,Fusion,2021,petrol,Automatic
Mercedes,C180,2007,petrol,Automatic
Mazda,323,2016,petrol,Automatic
Dodge,Challenger,2008,petrol,Automatic
Skoda,Fabia,2009,petrol,Automatic
Peugeot,508,2012,petrol,Automatic
Opel,Astra,2012,petrol,Automatic
Kia,Cerato,2008,petrol,Automatic
Mercedes,B150,2007,petrol,Automatic
Kia,Carens,2017,petrol,Automatic
Volkswagen,Jetta,2012,petrol,Automatic
Audi,A5,2022,petrol,Automatic
Volkswagen,Passat,1997,petrol,Automatic
BMW,316,1997,petrol,Automatic
Suzuki,Baleno,1991,diesel,Automatic
GMC,Yukon,2023,petrol,Automatic
Citroën,Grand C4 Spacetourer,2023,petrol,Automatic
Renault,Duster,2025,petrol,Automatic
Mini,Countryman,2020,petrol,Automatic
Audi,Q2,2019,petrol,Automatic
Changan,Benni Mini,2022,petrol,Automatic
Mitsubishi,Lancer EX Shark,2016,petrol,Automatic
Skoda,Octavia,2005,petrol,Automatic
Kia,Cerato Koup,2015,petrol,Automatic
Seat,Arona,2020,petrol,Automatic
Audi,A4,2017,petrol,Automatic
Mercedes,C200,2011,petrol,Automatic
Toyota,Fortuner,2024,petrol,Automatic
Toyota,Corolla,2006,petrol,Automatic
MG,5,2026,petrol,Automatic
BMW,116,2006,petrol,Automatic
Mercedes,C30,2019,petrol,Automatic
Honda,Accord,2005,petrol,Automatic
Volkswagen,Golf,2008,petrol,Automatic
Volkswagen,Tiguan,2018,petrol,Automatic
Porsche,911,2021,petrol,Automatic
Skoda,Octavia,2025,petrol,Automatic
Toyota,Corolla,2004,petrol,Automatic
Mitsubishi,Xpander,2025,petrol,Automatic
Skoda,Octavia,2008,petrol,Automatic
Seat,Leon,2015,petrol,Automatic
Opel,Corsa,2017,petrol,Automatic
Mazda,323,1982,petrol,Automatic
Fiat,Grand Punto,2010,petrol,Automatic
Mercedes,C30,2021,hybrid,Automatic
Toyota,Corolla,2011,petrol,Automatic
BAIC,EU5 Plus,2020,electric,Automatic
Brilliance,FRV,2013,petrol,Automatic
Jeep,Grand Cherokee 4xe,2018,petrol,Automatic
Chevrolet,Cruze,2013,petrol,Automatic
BMW,523,2006,petrol,Automatic
Citroën,C4,2009,petrol,Automatic
Citroën,C3 Aircross,2020,petrol,Automatic
Kia,Carnival,2013,petrol,Automatic
Chery,Arrizo 5 Pro,2024,petrol,Automatic
Jeep,Grand Cherokee,2024,petrol,Automatic
Mercedes,EQS450,2022,electric,Automatic
Skoda,Superb,2023,petrol,Automatic
Alfa Romeo,Tonale,2025,petrol,Automatic
Mercedes,CLA200,2013,petrol,Automatic
BMW,X6 M,2021,petrol,Automatic
Chevrolet,Spark,2012,petrol,Automatic
Speranza,A620,2006,petrol,Automatic
Porsche,Cayenne S,2022,petrol,Automatic
Nissan,Bluebird,2024,petrol,Automatic
Kia,Picanto,2018,petrol,Automatic
Speranza,M11,2006,petrol,Automatic
Jetour,Dashing,2026,petrol,Automatic
BMW,218i,2017,petrol,Automatic
Brilliance,V5,2013,petrol,Automatic
Volvo,XC40,2025,petrol,Automatic
Daewoo,Lanos,2005,petrol,Automatic
Mercedes,C200,2004,petrol,Automatic
Mercedes,EQE350,2024,electric,Automatic
Chevrolet,Aveo,2010,petrol,Automatic
Daewoo,Nubira,1997,cng,Automatic
Volvo,XC60,2022,petrol,Automatic
Jeep,Cherokee,2001,petrol,Automatic
Mitsubishi,Colt,1999,petrol,Automatic
Land Rover,Range Rover,2021,hybrid,Automatic
Toyota,Corolla Cross,2019,petrol,Automatic
Nissan,Tiida,2009,petrol,Automatic
Peugeot,3008,2016,petrol,Automatic
BYD,Song Plus,2023,electric,Automatic
Jaguar,F-Pace,2025,petrol,Automatic
Kia,Sorento,2006,petrol,Automatic
MG,RX5,2025,petrol,Automatic
Peugeot,405,1991,petrol,Automatic
Hyundai,Elantra,2024,petrol,Automatic
Nissan,Livina,2009,petrol,Automatic
Honda,Accord,1992,petrol,Automatic
Skoda,Superb,2024,hybrid,Automatic
Hyundai,Santa Fe,2024,petrol,Automatic
Kia,Cerato,2009,petrol,Automatic
Mercedes,C30,2022,petrol,Automatic
Changan,Benni Mini,2013,petrol,Automatic
Suzuki,Ciaz,2023,petrol,Automatic
Toyota,Corona,1998,petrol,Automatic
Mercedes,GT43,2021,petrol,Automatic
Hyundai,Sonata,2020,petrol,Automatic
Speranza,A620,2009,diesel,Automatic
Subaru,XV,2020,petrol,Automatic
Speranza,A620,2009,petrol,Automatic
Toyota,Prado,2024,petrol,Automatic
Toyota,Fortuner,2022,petrol,Automatic
Peugeot,308 SW,2013,petrol,Automatic
Mercedes,E300,2024,hybrid,Automatic
Land Rover,Discovery,2017,petrol,Automatic
Mazda,3,2019,petrol,Automatic
Nissan,Sunny,2013,petrol,Automatic
Mercedes,E300,2022,hybrid,Automatic
Mercedes,S580,2023,petrol,Automatic
Mini,Cooper,2008,petrol,Automatic
BMW,X1,2016,petrol,Automatic
Opel,Corsa,1996,petrol,Automatic
Changan,Eado,2022,petrol,Automatic
BMW,X6,2012,petrol,Automatic
Chevrolet,Avalanche,2008,petrol,Automatic
Renault,Sandero,2014,petrol,Automatic
Seat,Toledo,2019,petrol,Automatic
Citroën,C4X,2026,petrol,Automatic
Proton,Gen-2,2008,hybrid,Automatic
Volkswagen,Jetta,2011,petrol,Automatic
Skoda,Octavia A4,1998,petrol,Manual
Kia,Carnival MPV,2000,petrol,Manual
Renault,Clio,2004,petrol,Manual
Lada,Granta,2018,hybrid,Manual
Lada,2107,1991,petrol,Manual
Fiat,127,1989,petrol,Manual
Mitsubishi,Lancer,2007,petrol,Manual
Fiat,127,1985,petrol,Manual
Nissan,Sunny,2010,petrol,Manual
Fiat,131,1977,cng,Manual
Chevrolet,Aveo,2014,petrol,Manual
Fiat,128,1986,petrol,Manual
Chevrolet,Aveo,2006,cng,Manual
Speranza,A11,2005,petrol,Manual
Fiat,Punto,2012,petrol,Manual
Geely,Ck,2010,petrol,Manual
Mahindra,Scorpio,2008,petrol,Manual
Daewoo,Nubira,2007,petrol,Manual
Lada,Samara,2009,petrol,Manual
Fiat,Shahin,1993,petrol,Manual
BMW,316,1991,diesel,Manual
Suzuki,Grand Vitara,2023,diesel,Manual
Volkswagen,Pointer,2007,petrol,Manual
Suzuki,Van,2015,petrol,Manual
Mazda,121,1997,petrol,Manual
Volkswagen,Transporter,2004,petrol,Manual
Chevrolet,N300,2020,petrol,Manual
Daewoo,Nubira,2008,diesel,Manual
Hyundai,Verna,2015,hybrid,Manual
Fiat,127,1979,petrol,Manual
Fiat,Grand Punto,1987,petrol,Manual
Toyota,Corolla,1995,petrol,Manual
Mazda,121,1996,diesel,Manual
Chevrolet,Spark,2011,petrol,Manual
Fiat,Shahin,2000,petrol,Manual
Speranza,A516,2012,petrol,Manual
Skoda,Fabia,2012,petrol,Manual
Fiat,Grand Punto,2008,petrol,Manual
Mercedes,200,1978,petrol,Manual
Peugeot,206,2001,petrol,Manual
Fiat,Uno,1994,petrol,Manual
Lada,2107,2013,petrol,Manual
Ford,Escort,1999,petrol,Manual
Skoda,Fabia,2001,petrol,Manual
Hyundai,Matrix,2008,petrol,Manual
Fiat,Shahin,2004,petrol,Manual
Mitsubishi,Lancer EX Shark,1977,petrol,Manual
Honda,Civic,1984,petrol,Manual
Suzuki,Alto,2021,petrol,Manual
Suzuki,Swift,1994,petrol,Manual
Geely,Emgrand,2014,hybrid,Manual
Suzuki,Van,2016,cng,Manual
Geely,Emgrand 7,2014,petrol,Manual
Mazda,323,1993,cng,Manual
Seat,Ibiza,1994,petrol,Manual
Hyundai,Excel,1997,diesel,Manual
Mitsubishi,Lancer,2005,petrol,Manual
Hyundai,Tucson,2006,petrol,Manual
Speranza,A113,2008,cng,Manual
Lada,Granta,2020,cng,Manual
Toyota,Corolla,1993,petrol,Manual
Chevrolet,Avalanche,2021,petrol,Manual
Renault,Megane,2009,petrol,Manual
BMW,316,1994,petrol,Manual
Proton,Persona,2010,petrol,Manual
Volkswagen,Caddy,2002,cng,Manual
Nissan,Sunny,2002,petrol,Manual
Citroën,Grand C4 Spacetourer,2002,petrol,Manual
Toyota,Corolla Cross,1990,petrol,Manual
Kia,Sephia,2002,petrol,Manual
Kia,Carnival MPV,2002,petrol,Manual
Speranza,M12,2014,petrol,Manual
Fiat,Punto,2011,petrol,Manual
Peugeot,504,2007,petrol,Manual
Suzuki,Swift,1998,petrol,Manual
Renault,19,1997,petrol,Manual
Peugeot,206,2007,petrol,Manual
Saipa,Pride,2009,cng,Manual
Fiat,Shahin,2002,cng,Manual
Renault,Sandero Stepway,1998,petrol,Manual
Chevrolet,N300,2021,petrol,Manual
Volkswagen,Pointer,2001,petrol,Manual
Lada,2107,2006,petrol,Manual
Geely,Emgrand 7,2013,petrol,Manual
Fiat,127,1980,petrol,Manual
Suzuki,Grand Vitara,1994,petrol,Manual
Toyota,Prado,2007,diesel,Manual
Fiat,128,1978,petrol,Manual
Kia,Shuma,2000,petrol,Manual
Toyota,Corolla,1983,petrol,Manual
Chevrolet,Lanos,2007,petrol,Manual
Seat,Cordoba,2009,petrol,Manual
Proton,Persona,2005,diesel,Manual
Changan,Benni,2013,cng,Manual
Lada,2105,1994,petrol,Manual
Changan,Benni,2008,diesel,Manual
Proton,Gen-2,2006,diesel,Manual
Renault,Logan,2014,petrol,Manual
Geely,Emgrand,2016,petrol,Manual
Chevrolet,Aveo,2007,petrol,Manual
Lada,2110,2005,petrol,Manual
Chevrolet,Lanos,2009,cng,Manual
Fiat,128,1992,petrol,Manual
Fiat,128,1980,diesel,Manual
Opel,Vectra,1994,petrol,Manual
Chevrolet,Avalanche,2018,diesel,Manual
Chevrolet,Avalanche,2012,diesel,Manual
Chevrolet,Avalanche,2020,diesel,Manual
Seat,Toledo,1994,petrol,Manual
Kia,Pride,2004,diesel,Manual
Hyundai,Verna,2008,hybrid,Manual
Opel,Corsa,2004,diesel,Manual
Chevrolet,Lanos,2015,hybrid,Manual
Volkswagen,Jetta,1985,petrol,Manual
Hyundai,Verna,2014,petrol,Manual
Fiat,128,2007,petrol,Manual
Brilliance,FRV Cross,2009,cng,Manual
Mitsubishi,Colt,1993,petrol,Manual
Volkswagen,Polo,1990,petrol,Manual
Speranza,A620,2007,cng,Manual
Peugeot,504,1993,petrol,Manual
Geely,Pandino,2014,petrol,Manual
Geely,Emgrand X7,2010,petrol,Manual
Seat,Tarraco,1996,petrol,Manual
Chery,A11,2008,petrol,Manual
Fiat,Tipo,2024,petrol,Manual
Peugeot,405,2007,petrol,Manual
Renault,Sandero,2013,petrol,Manual
Daewoo,Lanos,2004,petrol,Manual
Fiat,Punto,1997,petrol,Manual
Chery,A15,2008,petrol,Manual
Fiat,Shahin,2002,petrol,Manual
Fiat,Uno,1988,petrol,Manual
Daewoo,Lanos,2002,diesel,Manual
Peugeot,405,1992,petrol,Manual
Lada,Granta,2017,hybrid,Manual
Daewoo,Lanos,2000,cng,Manual
BMW,316,1981,petrol,Manual
Kia,Carnival MPV,2003,petrol,Manual
Chevrolet,Avalanche,2004,diesel,Manual
Renault,Sandero,2011,petrol,Manual
Ford,Fiesta,1996,petrol,Manual
Kia,Pride,2000,petrol,Manual
Hyundai,Verna,2020,hybrid,Manual
Renault,Sandero,2011,diesel,Manual
Fiat,128,2002,petrol,Manual
Volkswagen,Polo,1988,petrol,Manual
Daewoo,Lanos,2006,diesel,Manual
BMW,316,2008,petrol,Manual
Renault,Logan,2010,diesel,Manual
Citroën,C3,2003,petrol,Manual
Chevrolet,Avalanche,2011,diesel,Manual
Peugeot,206,2005,petrol,Manual
Fiat,Shahin,1993,diesel,Manual
Lada,Samara,1995,petrol,Manual
Fiat,Grand Punto,2019,petrol,Manual
Lada,2105,1995,cng,Manual
Renault,Logan,2016,diesel,Manual
Hyundai,Verna,2006,petrol,Manual
Proton,Persona,2011,petrol,Manual
Seat,Ibiza,2006,petrol,Manual
Suzuki,Alto,2000,petrol,Manual
Daihatsu,Charade,1992,petrol,Manual
Fiat,131,1982,petrol,Manual
Toyota,Echo,2000,petrol,Manual
Opel,Corsa,1998,petrol,Manual
Renault,Logan,2016,cng,Manual
Suzuki,Grand Vitara,2009,hybrid,Manual
Kia,Carnival MPV,2001,petrol,Manual
Chevrolet,Pickup,2007,diesel,Manual
Hyundai,Tucson,2001,petrol,Manual
Fiat,Grand Punto,2021,petrol,Manual
Lada,2105,1984,cng,Manual
Chevrolet,Lanos,2015,cng,Manual
Kia,Carnival MPV,1998,petrol,Manual
Geely,Pandino,2015,diesel,Manual
Fiat,1300,2015,petrol,Manual
Opel,Vectra,1995,cng,Manual
Honda,Civic,1987,diesel,Manual
Lada,2105,1992,petrol,Manual
Skoda,Octavia,1997,petrol,Manual
Fiat,Siena,2005,petrol,Manual
Skoda,Favorit,1994,petrol,Manual
Peugeot,307,2008,petrol,Manual
Renault,Megane,2007,petrol,Manual
Geely,Emgrand X7,2014,petrol,Manual
Lada,Samara,1994,petrol,Manual
Renault,Sandero Stepway,2017,petrol,Manual
Geely,Emgrand,2013,cng,Manual
Suzuki,Grand Vitara,2000,petrol,Manual
Chevrolet,Aveo,2013,diesel,Manual
Suzuki,Alto,2015,cng,Manual
BYD,F3,2010,petrol,Manual
Hyundai,Tucson,1996,cng,Manual
Speranza,A11,2007,petrol,Manual
Toyota,Corolla,2000,petrol,Manual
Hyundai,Tucson,1992,petrol,Manual
Volkswagen,Polo,1998,petrol,Manual
Seat,Cordoba,1996,petrol,Manual
Fiat,Grand Punto,2006,cng,Manual
Peugeot,406,1998,petrol,Manual
Chevrolet,Cruze,1994,petrol,Manual
Kia,Carnival MPV,2000,cng,Manual
Toyota,Echo,2003,petrol,Manual
Fiat,Grand Punto,2007,petrol,Manual
Daewoo,Lanos,1998,petrol,Manual
Skoda,Octavia,2009,petrol,Manual
Daewoo,Lanos,2011,petrol,Manual
Kia,Rio,2002,petrol,Manual
Mitsubishi,Lancer EX Shark,2015,diesel,Manual
Fiat,Grand Punto,1989,petrol,Manual
Renault,Clio,2003,cng,Manual
Speranza,M11,2012,petrol,Manual
Renault,Logan,2012,diesel,Manual
Daewoo,Leganza,1999,petrol,Manual
Fiat,Punto,2009,diesel,Manual
Citroën,Grand C4 Spacetourer,1995,petrol,Manual
Toyota,Corolla,1990,petrol,Manual
Kia,Rio,2004,petrol,Manual
Daewoo,Lanos,2008,diesel,Manual
Volkswagen,Passat,2003,petrol,Manual
Renault,Sandero,2011,hybrid,Manual
Chevrolet,N300,2024,petrol,Manual
Citroën,Grand C4 Spacetourer,1997,petrol,Manual
Kia,Picanto,2013,petrol,Manual
Nissan,Sunny,2016,petrol,Manual
Chevrolet,Spark,2008,diesel,Manual
Peugeot,504,1978,diesel,Manual
Chevrolet,Optra,2006,petrol,Manual
Proton,Gen-2,2006,petrol,Manual
Renault,Duster,2015,petrol,Manual
Opel,Astra,2002,petrol,Manual
Chevrolet,Avalanche,2006,diesel,Manual
BYD,F3,2012,petrol,Manual
Fiat,Grand Punto,2006,petrol,Manual
Fiat,Siena,2006,petrol,Manual
Lada,2107,1984,petrol,Manual
Zotye,Xplosion,2009,cng,Manual
Fiat,1300,2008,petrol,Manual
Suzuki,Grand Vitara,2015,cng,Manual
Fiat,128,1988,cng,Manual
BAIC,EU5 Plus,2019,electric,Automatic
Skoda,Octavia A4,2000,petrol,Manual
Honda,City,2008,petrol,Manual
Fiat,Punto,2012,cng,Manual
Chery,Envy,2018,petrol,Manual
Geely,Emgrand 7,2016,petrol,Manual
Speranza,A113,2009,petrol,Manual
BYD,F3,2010,diesel,Manual
Fiat,Grand Punto,2003,petrol,Manual
Mahindra,Scorpio,2008,diesel,Manual
Ford,Bronco Raptor,2000,petrol,Manual
Lada,2107,2009,cng,Manual
Hyundai,Tucson,2009,petrol,Manual
Fiat,Shahin,2007,cng,Manual
Chevrolet,Optra,2010,cng,Manual
Fiat,131,1981,cng,Manual
Fiat,Tempra,1994,petrol,Manual
Honda,Civic,1996,petrol,Manual
Citroën,Grand C4 Spacetourer,1998,petrol,Manual
Ford,Mondeo,2000,petrol,Manual
Speranza,A11,2006,petrol,Manual
Speranza,M11,2011,cng,Manual
Speranza,M12,2012,petrol,Manual
Chevrolet,Lanos,2010,cng,Manual
Suzuki,Swift,1996,petrol,Manual
Fiat,Punto,2003,diesel,Manual
Hyundai,Matrix,2005,diesel,Manual
Suzuki,Grand Vitara,2012,petrol,Manual
Mitsubishi,Lancer EX Shark,1999,diesel,Manual
Audi,A4,1995,petrol,Manual
Mercedes,200,1982,petrol,Manual
Mitsubishi,Lancer,1982,petrol,Manual
Proton,Persona,2008,petrol,Manual
Proton,Gen-2,2008,petrol,Manual
Hyundai,Verna,2004,petrol,Manual
Daewoo,Matiz,2002,petrol,Manual
Speranza,A516,2011,cng,Manual
Nissan,Bluebird,1991,petrol,Manual
Volkswagen,Beetle,1975,petrol,Manual
Suzuki,Grand Vitara,1995,petrol,Manual
Volkswagen,Transporter,2005,petrol,Manual
Mercedes,E200,1980,petrol,Manual
Hyundai,Tucson,2011,petrol,Manual
Hyundai,Accent,1995,petrol,Manual
Lada,2107,1992,petrol,Manual
Peugeot,307,2006,petrol,Manual
Fiat,132,1979,petrol,Manual
Opel,Corsa,2003,diesel,Manual
Hyundai,Accent,2000,cng,Manual
Daihatsu,Grand Terios,1982,diesel,Manual
Proton,Gen-2,2013,petrol,Manual
Mitsubishi,Colt,1991,petrol,Manual
Daewoo,Nubira,2009,cng,Manual
Honda,City,2008,diesel,Manual
Volkswagen,Golf,1999,petrol,Manual
Peugeot,407,2008,diesel,Manual
Peugeot,308 SW,1988,petrol,Manual
Toyota,Corolla,2005,petrol,Manual
Suzuki,Alto,2013,petrol,Manual
Chery,A5,2007,cng,Manual
Kia,Carnival MPV,2005,petrol,Manual
Mitsubishi,Attrage,2014,petrol,Manual
Fiat,Shahin,2003,petrol,Manual
Renault,Sandero Stepway,1983,petrol,Manual
Peugeot,406,2000,petrol,Manual
Seat,Toledo,1996,petrol,Manual
Opel,Astra,2003,petrol,Manual
Toyota,Corolla Cross,1994,petrol,Manual
Opel,Vectra,2008,petrol,Manual
Lada,Samara,1990,petrol,Manual
Chevrolet,Avalanche,2010,diesel,Manual
Fiat,Punto,2016,petrol,Manual
Peugeot,307,2007,hybrid,Manual
Renault,Sandero Stepway,1990,petrol,Manual
Renault,Sandero Stepway,1995,petrol,Manual
Mazda,323,1993,petrol,Manual
Mazda,323,1992,petrol,Manual
Honda,Civic,1998,petrol,Manual
Opel,Astra,1999,petrol,Manual
Volkswagen,Beetle,1981,petrol,Manual
Skoda,Fabia,2004,petrol,Manual
Geely,Emgrand,2008,petrol,Manual
Changan,Benni,2008,cng,Manual
Proton,Saga,2010,diesel,Manual
Citroën,Grand C4 Spacetourer,2006,petrol,Manual
Lada,2110,2006,petrol,Manual
Fiat,Punto,2001,diesel,Manual
Nissan,Sunny,2006,petrol,Manual
Fiat,Grand Punto,2017,petrol,Manual
Volkswagen,Jetta,1987,petrol,Manual
Kia,Carnival,2003,petrol,Manual
Fiat,Grand Punto,2003,diesel,Manual
Brilliance,FRV,2009,petrol,Manual
Peugeot,405,2010,petrol,Manual
Geely,Emgrand,2014,cng,Manual
Seat,Toledo,2001,petrol,Manual
Renault,Clio,1997,petrol,Manual
Suzuki,Van,2008,petrol,Manual
Volkswagen,Pointer,2005,diesel,Manual
BAIC,EU5 Plus,2003,electric,Automatic
Peugeot,307,2007,diesel,Manual
Suzuki,Alto,2018,petrol,Manual
Peugeot,206,2008,petrol,Manual
Skoda,Fabia,2009,petrol,Manual
Lada,Samara,1983,petrol,Manual
Suzuki,Baleno,2000,diesel,Manual
Geely,Pandino,2010,petrol,Manual
Fiat,Grand Punto,1980,petrol,Manual
Peugeot,307,2007,petrol,Manual
Speranza,A113,2013,petrol,Manual
Chevrolet,Avalanche,2001,diesel,Manual
Chevrolet,N300,2013,petrol,Manual
Volkswagen,Golf,1984,petrol,Manual
Brilliance,FRV,2015,petrol,Manual
Nissan,Bluebird,1982,petrol,Manual
Nissan,Bluebird,2000,diesel,Manual
Volkswagen,Polo,1995,petrol,Manual
Chevrolet,Aveo,2016,petrol,Manual
Daewoo,Lanos,2014,cng,Manual
Toyota,Yaris,2006,petrol,Manual
Fiat,Punto,2007,petrol,Manual
Chevrolet,Optra,2010,petrol,Manual
Renault,Sandero,2015,petrol,Manual
Honda,Fit,2007,petrol,Manual
Fiat,Grand Punto,2024,petrol,Manual
Opel,Vectra,2000,petrol,Manual
Renault,Logan,2015,diesel,Manual
Hyundai,Tucson,1993,petrol,Manual
Honda,Fit,2008,petrol,Manual
Suzuki,Swift,1991,petrol,Manual
Honda,Civic,2017,petrol,Manual
Proton,Waja,2006,petrol,Manual
Volkswagen,Caddy,2000,petrol,Manual
Renault,Sandero,2012,petrol,Manual
Daewoo,Nubira,2007,cng,Manual
Changhe,Super Panda,2012,petrol,Manual
Fiat,128,1990,petrol,Manual
Fiat,Shahin,2001,petrol,Manual
Volkswagen,Golf,1985,petrol,Manual
Chevrolet,Avalanche,2019,diesel,Manual
Seat,Ibiza,2000,petrol,Manual
Skoda,Felicia,1998,petrol,Manual
Opel,Vectra,2007,petrol,Manual
Chevrolet,Optra,2008,cng,Manual
Mazda,323,1997,petrol,Manual
Peugeot,308 SW,1979,petrol,Manual
Mitsubishi,Lancer,1997,petrol,Manual
Fiat,Grand Punto,1986,petrol,Manual
Suzuki,Grand Vitara,2002,petrol,Manual
Honda,Accord,2004,petrol,Manual
Volkswagen,Transporter,2006,cng,Manual
Brilliance,FRV Cross,2008,petrol,Manual
Senova,A1,2015,petrol,Manual
Subaru,Impreza,2005,petrol,Manual
Toyota,Corolla,1997,petrol,Manual
Mitsubishi,Mirage,1997,petrol,Manual
BMW,X3,2015,petrol,Manual
Volkswagen,Transporter,2011,diesel,Manual
Fiat,Regata,1986,petrol,Manual
Lada,2107,2003,cng,Manual
Skoda,Fabia,2003,petrol,Manual
Proton,Gen-2,2010,petrol,Manual
Hyundai,Tucson,1997,diesel,Manual
Lada,Samara,1991,petrol,Manual
BYD,F3,2016,cng,Manual
Fiat,Grand Punto,2020,petrol,Manual
Toyota,Corolla Cross,1992,petrol,Manual
Geely,Emgrand,2018,cng,Manual
Kia,Picanto,2009,petrol,Manual
Hyundai,Excel,1996,petrol,Manual
Renault,Sandero Stepway,1984,diesel,Manual
BMW,3 Series,1986,petrol,Manual
Daewoo,Lanos,1994,petrol,Manual
Fiat,Grand Punto,1982,petrol,Manual
Suzuki,Grand Vitara,2021,petrol,Manual
Speranza,A516,2007,cng,Manual
Ford,Bronco Raptor,1988,petrol,Manual
Fiat,131,1975,petrol,Manual
Chery,Arrizo 5 Pro,2023,petrol,Manual
Volkswagen,Passat,1997,petrol,Manual
Hyundai,Verna,2005,petrol,Manual
Brilliance,FRV,2009,cng,Manual
Volkswagen,Jetta,1985,cng,Manual
Skoda,Octavia,1998,diesel,Manual
Fiat,Petra,2004,petrol,Manual
Kia,Pride,1989,petrol,Manual
Lada,Samara,2005,petrol,Manual
BYD,F3,2010,cng,Manual
Speranza,A113,2007,petrol,Manual
Seat,Tarraco,1990,petrol,Manual
Chery,QQ,2009,petrol,Manual
Kia,Spectra,2005,petrol,Manual
Nissan,Sunny,1995,petrol,Manual
Fiat,Shahin,1998,petrol,Manual
Volkswagen,Polo,1987,petrol,Manual
Lada,2110,2001,petrol,Manual
Peugeot,307,2003,petrol,Manual
Fiat,Grand Punto,2009,diesel,Manual
Toyota,Corolla Cross,2006,petrol,Manual
Lada,Samara,1982,diesel,Manual
Chevrolet,Spark,2006,petrol,Manual
Fiat,Grand Punto,1979,petrol,Manual
Daewoo,Lanos,1999,diesel,Manual
Toyota,Avanza,2009,petrol,Manual
Volkswagen,Golf,1983,petrol,Manual
Lada,Granta,2019,cng,Manual
Toyota,Corolla Cross,2001,petrol,Manual
Geely,Emgrand X7,2011,cng,Manual
Speranza,M11,2010,cng,Manual
Peugeot,206,2003,petrol,Manual
Hyundai,Matrix,2002,cng,Manual
Hyundai,Verna,2011,cng,Manual
Volkswagen,Golf,1979,petrol,Manual
Peugeot,504,1975,petrol,Manual
Suzuki,Van,2009,petrol,Manual
Chevrolet,Optra,2006,cng,Manual
Kia,Picanto,2011,petrol,Manual
Lada,2105,1990,petrol,Manual
Chevrolet,Pickup,2021,diesel,Manual
Chevrolet,Lanos,2018,cng,Manual
Changan,Benni,2013,petrol,Manual
Toyota,Corolla,2009,petrol,Manual
Renault,Clio,1995,petrol,Manual
Volvo,XC40,1988,petrol,Manual
Skoda,Octavia,2002,petrol,Manual
Fiat,Shahin,2013,petrol,Manual
Peugeot,405,1998,diesel,Manual
Speranza,A516,2006,petrol,Manual
Geely,Emgrand X7,2013,petrol,Manual
Zotye,Xplosion,2007,petrol,Manual
Honda,Accord,2008,petrol,Manual
Toyota,Yaris,2008,petrol,Manual
Nissan,Sunny,1982,petrol,Manual
Daewoo,Lanos,2009,petrol,Manual
Proton,Saga,2010,petrol,Manual
Fiat,Shahin,1995,diesel,Manual
Daewoo,Lanos,2001,cng,Manual
Fiat,Shahin,2009,petrol,Manual
Kia,Carnival MPV,2008,petrol,Manual
Peugeot,405,1976,petrol,Manual
Speranza,Tiggo,2012,cng,Manual
Renault,Logan,2010,cng,Manual
Peugeot,505,1983,petrol,Manual
Geely,X7,2014,petrol,Manual
Audi,A4,2021,petrol,Manual
Opel,Grandland,1994,petrol,Manual
Peugeot,505,1987,petrol,Manual
Mercedes,E200,1985,petrol,Manual
Daewoo,Nubira,2000,diesel,Manual
Kia,Picanto,2012,petrol,Manual
Kia,Spectra,2001,petrol,Manual
Hyundai,Verna,2017,hybrid,Manual
Volkswagen,Golf,1989,petrol,Manual
Daewoo,Nubira,2004,diesel,Manual
Volkswagen,Passat,1999,petrol,Manual
Chevrolet,Lanos,2009,diesel,Manual
Lada,2107,2014,petrol,Manual
Fiat,Tipo,1989,petrol,Manual
Opel,Vectra,1998,petrol,Manual
Fiat,Grand Punto,1988,petrol,Manual
Chery,Envy,2017,petrol,Manual
Nissan,Bluebird,1984,diesel,Manual
Hyundai,Coupe,1993,petrol,Manual
Renault,Sandero,2014,petrol,Manual
BMW,520i,1982,petrol,Manual
Daihatsu,Grand Terios,1991,petrol,Manual
Fiat,Uno,1993,petrol,Manual
Toyota,Corolla Cross,1997,petrol,Manual
Hyundai,Verna,2019,cng,Manual
Chery,Tiggo,2011,petrol,Manual
Ford,Bronco Raptor,2002,petrol,Manual
Changhe,Super Panda,2013,petrol,Manual
Hyundai,Verna,2014,cng,Manual
Fiat,Grand Punto,1998,cng,Manual
Honda,Accord,1980,petrol,Manual
Lada,Granta,2016,diesel,Manual
Changan,Benni Mini,2022,petrol,Manual
Chevrolet,Aveo,2011,diesel,Manual
Peugeot,405,2000,petrol,Manual
Renault,Megane,2003,petrol,Manual
Renault,Clio,2000,petrol,Manual
Chevrolet,N300,2014,petrol,Manual
Peugeot,505,1980,cng,Manual
Mercedes,200,1977,petrol,Manual
Mitsubishi,Lancer EX Shark,2003,diesel,Manual
Geely,Emgrand X7,2006,petrol,Manual
Renault,Sandero Stepway,1999,petrol,Manual
Suzuki,Grand Vitara,2024,petrol,Manual
BYD,F3,2025,diesel,Manual
Kia,Picanto,2010,petrol,Manual
Chevrolet,Lanos,2010,diesel,Manual
BMW,316,1992,petrol,Manual
Fiat,127,1984,diesel,Manual
Fiat,Punto,1998,petrol,Manual
Suzuki,S-Presso,2021,petrol,Manual
Volkswagen,Golf,2006,petrol,Manual
Chevrolet,Aveo,2008,cng,Manual
BMW,316,2006,petrol,Manual
Mercedes,200,1984,petrol,Manual
Renault,Logan,2018,petrol,Manual
Honda,Civic,1993,petrol,Manual
Chevrolet,Pickup,2022,diesel,Manual
Speranza,A113,2014,petrol,Manual
Mini,Paceman,2016,petrol,Manual
Chery,Tiggo,2013,petrol,Manual
Suzuki,Van,2013,petrol,Manual
Great Wall,Peri,2008,petrol,Manual
Toyota,Corolla,1994,petrol,Manual
Lada,Samara,2007,petrol,Manual
Fiat,131,1984,petrol,Manual
Lada,Granta,2020,diesel,Manual
Volkswagen,Pointer,2004,diesel,Manual
Toyota,Corolla,2002,petrol,Manual
BAIC,EU5 Plus,2006,electric,Automatic
BMW,518,1992,petrol,Manual
Fiat,127,1985,diesel,Manual
Kia,Picanto,2004,petrol,Manual
Fiat,1300,1993,petrol,Manual
DFSK,EAGLE 580,2010,petrol,Manual
Nissan,Bluebird,2021,petrol,Manual
Renault,Sandero Stepway,1979,petrol,Manual
Geely,Pandino,2012,petrol,Automatic
Mercedes,C180,2026,petrol,Automatic
Proton,Saga,2026,petrol,Automatic
Mercedes,C200,2026,petrol,Automatic
Mercedes,Viano,2025,petrol,Automatic
BAIC,BJ30,2026,hybrid,Automatic
Jetour,T2,2026,petrol,Automatic
Volkswagen,Golf 6,2004,petrol,Automatic
MG,ZS,2021,cng,Automatic
Opel,Crossland,2021,cng,Automatic
Chery,Arrizo 5,2021,petrol,Automatic
Chevrolet,Cruze,2011,diesel,Automatic
Toyota,Land Cruiser,2025,petrol,Automatic
Suzuki,S-Presso,2026,petrol,Automatic
MG,One,2026,petrol,Automatic
Mercedes,B180,2014,petrol,Automatic
Opel,Crossland,2025,petrol,Automatic
Mercedes,A200,2023,petrol,Automatic
Changan,CS55 Plus,2026,petrol,Automatic
Jeep,Grand Cherokee,2011,petrol,Automatic
DFSK,EAGLE 580,2019,petrol,Automatic
Skoda,Octavia A4,2000,cng,Automatic
Kia,Cerato,2022,cng,Automatic
MG,ZS,2025,petrol,Automatic
Chevrolet,Aveo,2020,diesel,Automatic
Cupra,Terramar,2026,petrol,Automatic
Opel,Vectra,2007,diesel,Manual
Jeep,Renegade,2020,petrol,Automatic
Soueast,S05,2026,petrol,Automatic
Seat,Arona,2026,petrol,Automatic
Renault,Taliant,2026,petrol,Automatic
Nissan,Sunny,2013,diesel,Manual
BMW,IX3,2025,electric,Automatic
Volvo,XC60,2021,petrol,Automatic
BMW,520i,2025,diesel,Automatic
BYD,Sealion 6,2025,electric,Automatic
Mitsubishi,Lancer Crystala,1997,diesel,Automatic
Chery,Tiggo 4 Pro,2025,diesel,Automatic
Nissan,Qashqai,2026,petrol,Automatic
Renault,Megane,2026,petrol,Automatic
Jetour,X70S,2026,petrol,Automatic
Jetour,T1,2026,petrol,Automatic
Jetour,X90,2026,petrol,Automatic
Skoda,Octavia A7,2020,petrol,Automatic
Chevrolet,Optra,2026,petrol,Automatic
Chery,Arrizo 5,2020,petrol,Manual
Renault,Fluence,2013,petrol,Automatic
Mitsubishi,Lancer EX Shark,2015,petrol,Automatic
Renault,Logan,2018,diesel,Automatic
Kia,Cerato,2014,diesel,Automatic
Volkswagen,Tiguan,2026,petrol,Automatic
Jetour,X70,2021,petrol,Automatic
Hyundai,Santa Fe,2025,hybrid,Automatic
Land Rover,Range Rover Vogue,2026,petrol,Automatic
Opel,Insignia,2014,diesel,Automatic
Kia,K4,2026,petrol,Automatic
Porsche,Cayenne S,2014,petrol,Automatic
Kia,Carens,2024,petrol,Automatic
Hyundai,I10,2014,cng,Automatic
Nissan,Sunny,2018,diesel,Automatic
Hyundai,Avante,2004,petrol,Automatic
Mitsubishi,Eclipse Cross,2018,petrol,Automatic
Volkswagen,Jetta,2011,diesel,Automatic
MG,5,2023,petrol,Automatic
MG,HS,2026,hybrid,Automatic
Peugeot,508,2023,petrol,Automatic
Land Rover,Range Rover Evoque,2026,petrol,Automatic
Soueast,S09,2026,petrol,Automatic
Chery,Tiggo 7 Pro,2022,petrol,Automatic
Mitsubishi,Lancer EX Shark,2016,diesel,Automatic
Opel,Grandland,2019,petrol,Automatic
Mitsubishi,Lancer Crystala,2000,petrol,Automatic
Mitsubishi,Lancer Puma,2008,petrol,Automatic
Ford,Kuga,2018,diesel,Automatic
Chevrolet,Lanos,2017,diesel,Manual
Mercedes,GLC300,2026,petrol,Automatic
MG,RX5,2022,petrol,Automatic
Hyundai,Elantra HD,2017,petrol,Automatic
Mercedes,A35,2026,petrol,Automatic
Mitsubishi,Lancer EX Shark,2012,petrol,Automatic
Kia,Carnival,2016,petrol,Manual
Mini,Countryman S,2020,petrol,Automatic
Volkswagen,Golf 7,2014,petrol,Automatic
Chery,Tiggo 3,2022,diesel,Automatic
Chery,Tiggo 3,2023,petrol,Automatic
Xiaomi,Yu7,2025,electric,Automatic
Haval,H6,2022,petrol,Automatic
Suzuki,Swift Dzire,2022,petrol,Automatic
Mercedes,GLA200,2018,petrol,Automatic
Porsche,Cayenne S,2025,petrol,Automatic
JAC,JS4,2021,petrol,Automatic
Mercedes,Viano,2026,petrol,Automatic
MG,ZS,2026,petrol,Automatic
Volkswagen,T-Roc,2026,petrol,Automatic
Suzuki,Vitara,2023,petrol,Automatic
Mercedes,GLA200,2023,petrol,Automatic
JAC,S3,2016,petrol,Automatic
Kia,Cerato,2013,diesel,Automatic
Fiat,Tipo,2021,diesel,Automatic
Mercedes,CLS,2020,petrol,Automatic
Daihatsu,Charade,2007,petrol,Automatic
Suzuki,Swift,2026,petrol,Automatic
BMW,320i,2024,cng,Automatic
Chery,Arrizo 6,2026,petrol,Automatic
Chery,Arrizo 6,2026,diesel,Automatic
Chery,Arrizo 5,2026,petrol,Automatic
Soueast,S07,2026,petrol,Automatic
Changan,CS55,2026,petrol,Automatic
MG,7,2026,petrol,Automatic
Volkswagen,Bora,2002,petrol,Automatic
Hyundai,Atos,2010,petrol,Automatic
Kia,Sportage,2020,diesel,Automatic
Volkswagen,Golf 7,2019,petrol,Automatic
MG,GT,2026,petrol,Automatic
Land Rover,Range Rover Evoque,2025,petrol,Automatic
Hyundai,Elantra,2026,petrol,Automatic
Chery,Tiggo 8,2026,petrol,Automatic
Shineray,X30,2026,petrol,Manual
Volkswagen,Golf 6,2011,petrol,Automatic
Suzuki,Swift Dzire,2021,petrol,Automatic
Hyundai,Elantra,2017,petrol,Automatic
Audi,Q2,2025,petrol,Automatic
Kia,Cerato,2004,petrol,Automatic
Chevrolet,Pickup,2026,petrol,Manual
Jetour,X70 Plus,2024,petrol,Automatic
Chevrolet,Pickup,2026,diesel,Manual
MG,RX5,2023,petrol,Automatic
Toyota,Urban Cruiser,2026,petrol,Automatic
Chevrolet,Captiva,2026,petrol,Automatic
Hyundai,Elantra,2020,petrol,Automatic
Mitsubishi,Lancer Puma,2008,petrol,Manual
Hyundai,Elantra,2006,diesel,Automatic
Peugeot,3008,2026,petrol,Automatic
Hyundai,Accent RB,2006,petrol,Automatic
Kia,K3,2024,petrol,Automatic
Renault,Megane,2022,diesel,Automatic
Hyundai,Elantra AD,2017,petrol,Automatic
Toyota,Corolla,2026,petrol,Automatic
Toyota,Yaris,2008,diesel,Manual
Toyota,Land Cruiser,2024,petrol,Automatic
JAC,S3,2016,cng,Automatic
Mercedes,E250,2013,cng,Automatic
Citroën,C Elysee,2022,petrol,Automatic
Mercedes,GT43,2022,petrol,Automatic
Chery,Arrizo 5,2022,petrol,Automatic
GAC,Emzoom,2025,petrol,Automatic
Citroën,C5 Aircross,2026,petrol,Automatic
Chery,Tiggo 4 Pro,2025,petrol,Automatic
Hyundai,Avante,2011,petrol,Automatic
Kia,Sportage,2026,diesel,Automatic
BMW,X6 M,2017,petrol,Automatic
Kia,Sportage,2025,diesel,Automatic
Toyota,Corolla,2007,petrol,Automatic
Toyota,Belta,2022,diesel,Automatic
Seat,Ibiza,2026,petrol,Automatic
Chery,Tiggo 7,2026,petrol,Automatic
Nissan,Juke,2026,petrol,Automatic
Cupra,Leon,2026,petrol,Automatic
Peugeot,408,2023,petrol,Automatic
Seat,Leon,2026,petrol,Automatic
Renault,Logan,2016,diesel,Automatic
BMW,316,1992,cng,Manual
Volkswagen,Tiguan,2024,petrol,Automatic
Citroën,C Elysee,2016,petrol,Automatic
Zeekr,7X,2025,electric,Automatic
Mercedes,CLA200,2026,petrol,Automatic
Mercedes,A200,2026,petrol,Automatic
Mercedes,C180,2024,diesel,Automatic
Hyundai,Elantra AD,2019,diesel,Automatic
Changan,UNI-T,2025,petrol,Automatic
Fiat,500X,2024,diesel,Automatic
Mitsubishi,Lancer Puma,2013,petrol,Automatic
Subaru,XV,2017,cng,Automatic
Peugeot,307 SW,2004,petrol,Automatic
BMW,Z4,2022,petrol,Automatic
Mercedes,EQA260,2025,electric,Automatic
Mercedes,GLC300,2025,petrol,Automatic
Skoda,Karoq,2026,petrol,Automatic
Volkswagen,Golf 6,2012,petrol,Automatic
MG,One,2025,petrol,Automatic
Hyundai,Excel,1997,petrol,Manual
Porsche,Boxster,2024,petrol,Automatic
Citroën,C5,2026,petrol,Automatic
Chery,Tiggo 3,2017,petrol,Automatic
Mitsubishi,Lancer Puma,2005,petrol,Manual
Proton,Saga,2025,petrol,Automatic
Mercedes,A35,2021,petrol,Automatic
Rox,01,2026,electric,Automatic
Mercedes,GLC43,2026,petrol,Automatic
Mercedes,S450,2019,electric,Automatic
Citroën,C Elysee,2015,diesel,Manual
Kia,Cerato,2020,cng,Automatic
Jeep,Wrangler,2015,cng,Automatic
Fiat,Uno,1997,petrol,Manual
Skoda,Octavia A5,2009,petrol,Manual
Land Rover,Range Rover,2023,hybrid,Automatic
Hyundai,Accent RB,2026,petrol,Automatic
Toyota,Fortuner,2026,petrol,Automatic
Kia,Carnival,2025,hybrid,Automatic
Ford,EcoSport,2018,petrol,Automatic
Renault,Megane,2018,diesel,Automatic
Chery,Tiggo 7,2023,petrol,Automatic
Honda,Civic,2009,diesel,Automatic
Volvo,XC40,2026,hybrid,Automatic
Changan,UNI-V,2026,petrol,Automatic
JAC,S2,2026,petrol,Automatic
MG,RX5,2026,petrol,Automatic
Chery,Tiggo 4,2026,petrol,Automatic
Renault,Logan,2013,diesel,Automatic
Hyundai,Elantra MD,2016,petrol,Automatic
BMW,IX3,2019,electric,Automatic
Renault,Duster,2016,petrol,Manual
Fiat,Tipo,2020,diesel,Automatic
Kia,Soul,2010,petrol,Automatic
Chevrolet,Optra,2016,diesel,Automatic
Opel,Grandland,2026,petrol,Automatic
Changan,Eado Plus,2026,petrol,Automatic
Proton,Saga,2020,petrol,Automatic
Peugeot,5008,2026,petrol,Automatic
Skoda,Octavia A5,2008,petrol,Automatic
Fiat,Tempra,1993,petrol,Manual
Kia,Xceed,2023,petrol,Automatic
Hyundai,Elantra,2004,petrol,Automatic
GMC,Terrain,2026,petrol,Automatic
Mitsubishi,Lancer EX Shark,2014,petrol,Automatic
Jetour,X70,2022,petrol,Automatic
Peugeot,2008,2026,petrol,Automatic
Mercedes,250,2013,petrol,Automatic
Mitsubishi,Attrage,2019,diesel,Automatic
BMW,420,2026,petrol,Automatic
GMC,Hummer EV,2026,electric,Automatic
Kia,Sportage,2023,diesel,Automatic
Volvo,XC60,2026,petrol,Automatic
MG,ZS,2022,cng,Automatic
Volvo,XC40,2026,petrol,Automatic
Renault,Sandero Stepway,2023,petrol,Automatic
BMW,M4,2026,petrol,Automatic
Porsche,Cayenne S,2026,petrol,Automatic
Porsche,Cayenne S,2011,petrol,Automatic
Kia,Rio,2009,petrol,Automatic
Lada,Granta,2023,diesel,Automatic
Mercedes,E350,2018,petrol,Automatic
Hyundai,Accent RB,2024,petrol,Automatic
Ford,Fusion,2020,petrol,Automatic
Chery,Tiggo 7,2022,petrol,Automatic
Chery,Arrizo 8,2026,petrol,Automatic
Chery,Tiggo 7,2021,petrol,Automatic
Nissan,Qashqai,2015,petrol,Automatic
Honda,Civic,2008,cng,Automatic
Kia,Sportage,2013,diesel,Automatic
Chery,Tiggo 4 Pro,2026,petrol,Automatic
Fiat,500X,2026,petrol,Automatic
Suzuki,Van,2022,diesel,Manual
Haval,Jolion Pro,2025,petrol,Automatic
Renault,Kardian,2026,petrol,Automatic
Hyundai,I30,2026,petrol,Automatic
Seat,Leon,2024,petrol,Automatic
Haval,H6,2026,petrol,Automatic
Audi,Q8,2024,petrol,Automatic
Nissan,Sentra,2016,petrol,Automatic
Hyundai,Accent RB,2015,hybrid,Automatic
Audi,A4,2019,petrol,Automatic
Audi,Q3,2026,petrol,Automatic
Opel,Astra,2008,diesel,Automatic
Changan,CS35,2017,petrol,Automatic
Fiat,Tipo,2021,cng,Automatic
Daihatsu,Sirion,2000,petrol,Automatic
Proton,Waja,2005,diesel,Manual
BYD,F3,2020,cng,Manual
Kia,Picanto,2006,diesel,Manual
Porsche,Macan,2025,petrol,Automatic
Changan,Benni Mini,2013,cng,Manual
Suzuki,Swift Dzire,2022,cng,Automatic
Kia,Rio,2012,diesel,Manual
Chery,Tiggo 7 Pro,2026,petrol,Automatic
Hyundai,Santa Fe,2013,petrol,Automatic
Chery,Arrizo 5,2022,petrol,Manual
Chery,Tiggo 8 Pro Max,2026,petrol,Automatic
Ford,Mondeo,1998,petrol,Manual
Skoda,Octavia A4,2007,petrol,Automatic
Chevrolet,Captiva,2020,petrol,Automatic
Fiat,Tipo,2019,petrol,Automatic
Chery,Arrizo 5,2025,petrol,Automatic
Kia,Cerato,2017,diesel,Automatic
Hyundai,Accent RB,2021,petrol,Automatic
Hyundai,Elantra AD,2018,petrol,Automatic
Suzuki,Ciaz,2022,diesel,Automatic
Chery,Tiggo 7,2021,cng,Automatic
Kia,K3,2025,petrol,Automatic
Suzuki,S-Presso,2021,cng,Manual
Avatr,11,2025,electric,Automatic
Nissan,Sunny,2020,diesel,Automatic
Hyundai,I30,2011,diesel,Automatic
Renault,Megane,2021,diesel,Automatic
Hyundai,Accent RB,2015,petrol,Automatic
Skoda,Octavia A4,2004,cng,Automatic
Mercedes,S450,2026,electric,Automatic
Mitsubishi,Eclipse Cross,2026,petrol,Automatic
Nissan,Sentra,2015,petrol,Automatic
Mercedes,GLC,2026,hybrid,Automatic
BMW,IX3,2024,electric,Automatic
Mercedes,CLA200,2026,hybrid,Automatic
Volkswagen,Tayron,2026,petrol,Automatic
BMW,IX3,2012,electric,Automatic
Audi,Q7,2025,petrol,Automatic
Chevrolet,Cruze,2015,diesel,Automatic
Honda,City,2009,diesel,Automatic
Chery,Tiggo 3,2022,hybrid,Automatic
Nissan,X-Trail,2009,petrol,Automatic
Mercedes,GLA200,2017,petrol,Automatic
Fiat,Siena,2003,diesel,Manual
Hyundai,Elantra HD,2019,cng,Automatic
Skoda,Octavia A4,2004,diesel,Automatic
Hyundai,Matrix,2008,diesel,Automatic
BYD,Leopard 5,2025,hybrid,Automatic
Citroën,C5,2014,petrol,Automatic
MG,RX5,2020,diesel,Automatic
Renault,Kadjar,2021,petrol,Automatic
Volkswagen,Bora,2005,petrol,Automatic
Mitsubishi,Lancer Puma,2014,petrol,Automatic
Seat,Ibiza,2021,cng,Automatic
BMW,316,2012,petrol,Automatic
Kia,K3,2018,petrol,Automatic
Geely,GX3 Pro,2025,petrol,Automatic
Honda,City,2008,diesel,Automatic
Hyundai,Avante,2025,petrol,Automatic
Opel,Crossland,2024,petrol,Automatic
Seat,Ateca,2025,petrol,Automatic
Fiat,500X,2024,petrol,Automatic
Geely,Coolray,2025,petrol,Automatic
Toyota,Land Cruiser,2026,petrol,Automatic
Opel,Mokka,2026,petrol,Automatic
Mitsubishi,Lancer Puma,2004,petrol,Automatic
Skoda,Octavia A7,2019,petrol,Automatic
Subaru,XV,2014,petrol,Automatic
Mitsubishi,Eclipse Cross,2024,petrol,Automatic
Mazda,3,2016,diesel,Automatic
Hyundai,Verna,2012,diesel,Manual
JAC,J7,2026,petrol,Automatic
GAC,Emzoom,2026,petrol,Automatic
GAC,Empow,2026,petrol,Automatic
Mazda,3,2026,petrol,Automatic
Dodge,Ram,2021,petrol,Automatic
Geely,Coolray,2026,petrol,Automatic
Toyota,Rush,2022,petrol,Automatic
Hyundai,Elantra MD,2012,petrol,Automatic
BMW,I3,2024,electric,Automatic
Mini,John Cooper,2021,petrol,Automatic
Renault,Megane,2023,diesel,Automatic
Haval,Jolion,2022,cng,Automatic
Jetour,Dashing,2025,petrol,Automatic
Renault,Logan,2019,hybrid,Automatic
Volkswagen,ID4,2025,electric,Automatic
Peugeot,3008,2019,cng,Automatic
Nissan,Qashqai,2022,petrol,Automatic
Mercedes,C200,2009,cng,Automatic
Mercedes,GLA200,2026,petrol,Automatic
Hyundai,Getz,2006,petrol,Automatic
Chery,Tiggo 8 Pro,2021,petrol,Automatic
Jetour,X95,2023,petrol,Automatic
Haval,H6,2025,hybrid,Automatic
Suzuki,Swift Dzire,2022,diesel,Automatic
Jeep,Grand Cherokee,2020,diesel,Automatic
MG,RX5,2019,diesel,Automatic
Skoda,Octavia A4,1999,petrol,Manual
Chery,Arrizo 5,2020,diesel,Manual
Renault,Duster,2015,diesel,Manual
Volkswagen,Beetle,2003,petrol,Automatic
Geely,Okavango,2022,hybrid,Automatic
Toyota,C-HR,2022,petrol,Automatic
Mercedes,CLE200,2026,petrol,Automatic
BYD,B2,2025,electric,Automatic
Kaiyi,X7,2026,petrol,Automatic
Mitsubishi,Outlander,2026,petrol,Automatic
Chevrolet,Optra,2016,petrol,Automatic
Ford,Fiesta,2010,petrol,Automatic
BYD,Song Plus,2025,electric,Automatic
Mercedes,V250,2026,petrol,Automatic
Hyundai,Elantra HD,2017,cng,Automatic
BYD,Tang L,2025,electric,Automatic
BYD,Seagull,2025,electric,Automatic
Mitsubishi,Xpander,2026,petrol,Automatic
Hyundai,Elantra,2011,cng,Automatic
Peugeot,301,2015,cng,Automatic
Hyundai,Verna,2014,diesel,Manual
Chery,Tiggo 7 Pro,2025,petrol,Automatic
BMW,330,2023,petrol,Automatic
Hyundai,Elantra HD,2018,petrol,Automatic
Opel,Crossland,2021,petrol,Automatic
Nissan,Patrol,2026,petrol,Automatic
Hyundai,Matrix,2005,cng,Automatic
Mercedes,GLC300,2022,petrol,Automatic
Peugeot,206,2004,petrol,Manual
Chevrolet,Captiva,2021,cng,Automatic
Citroën,C4 Grand Picasso,2012,petrol,Automatic
Hyundai,I10,2015,diesel,Automatic
Renault,Megane,2008,diesel,Automatic
Hyundai,Elantra AD,2019,petrol,Automatic
Suzuki,Swift Dzire,2015,diesel,Automatic
Chrysler,Town & Country,2013,petrol,Automatic
Opel,Crossland,2023,petrol,Automatic
Volkswagen,Golf 3,1992,petrol,Automatic
Kia,Picanto,2013,diesel,Automatic
Skoda,Octavia A4,2003,petrol,Automatic
Mini,Countryman,2026,petrol,Automatic
BMW,520i,2026,petrol,Automatic
Porsche,Macan,2026,petrol,Automatic
Mitsubishi,Lancer EX Shark,2015,hybrid,Automatic
Seat,Ibiza,2018,petrol,Automatic
Deepal,S 05,2026,electric,Automatic
BMW,X3,2010,diesel,Automatic
BYD,L3,2017,cng,Automatic
Suzuki,Ciaz,2015,diesel,Automatic
Nissan,Sentra,2014,petrol,Automatic
BMW,330,2024,petrol,Automatic
Fiat,Tipo,2021,diesel,Manual
Skoda,Octavia A4,1998,diesel,Automatic
Honda,City,2013,petrol,Automatic
BMW,IX1,2025,electric,Automatic
Renault,Sandero Stepway,2013,petrol,Manual
Renault,Logan,2020,diesel,Automatic
Volkswagen,Tiguan,2020,cng,Automatic
Hyundai,Getz,2011,petrol,Automatic
Kia,Cerato Koup,2010,petrol,Automatic
Ford,Focus,2012,petrol,Automatic
Chevrolet,Camaro,2024,petrol,Automatic
Cadillac,Escalade,2026,petrol,Automatic
Haval,Jolion,2022,petrol,Automatic
Hyundai,Elantra MD,2015,petrol,Automatic
Skoda,Felicia,1996,petrol,Manual
Renault,Sandero Stepway,2017,diesel,Automatic
Avatr,07,2025,electric,Automatic
MG,ZS,2026,diesel,Automatic
Renault,Duster,2018,diesel,Automatic
Skoda,Octavia A4,2004,petrol,Automatic
MG,HS,2026,petrol,Automatic
Renault,Logan,2017,diesel,Automatic
Volkswagen,Passat,2002,petrol,Manual
Mitsubishi,Lancer Puma,2007,petrol,Automatic
Skoda,Octavia A4,2002,diesel,Manual
Seat,Cordoba,2002,petrol,Manual
Renault,Sandero Stepway,2016,diesel,Automatic
Suzuki,Vitara,2021,diesel,Automatic
Kia,Soul,2012,petrol,Automatic
Hyundai,Elantra HD,2019,petrol,Automatic
Mercedes,G63,2025,petrol,Automatic
Jetour,X70S,2024,petrol,Automatic
Renault,Duster,2017,petrol,Manual
Hyundai,Elantra HD,2023,petrol,Automatic
Geely,Emgrand 7,2013,cng,Manual
Mitsubishi,Lancer Puma,2008,cng,Manual
Mitsubishi,Xpander,2024,petrol,Automatic
Skoda,Octavia A8,2022,diesel,Automatic
Fiat,Tipo,2019,petrol,Manual
Geely,Pandino,2015,petrol,Automatic
Kia,Rio,2014,cng,Automatic
Hyundai,IX35,2016,petrol,Automatic
Opel,Vectra,2008,diesel,Automatic
Kia,Carnival,2025,diesel,Automatic
Kia,Picanto,2010,diesel,Automatic
Opel,Astra,2013,diesel,Automatic
Land Rover,Discovery,2005,petrol,Automatic
Volkswagen,Touareg,2025,petrol,Automatic
Chevrolet,T-Series,2015,diesel,Manual
BAIC,X3,2023,petrol,Automatic
BMW,525,2009,petrol,Automatic
BMW,418,2017,diesel,Automatic
Opel,Astra,2014,cng,Automatic
Nissan,Sentra,2022,petrol,Automatic
Mercedes,AMG,2026,petrol,Automatic
Hyundai,Grand i10,2017,petrol,Automatic
Peugeot,2008,2015,petrol,Automatic
Renault,Kadjar,2018,diesel,Automatic
Fiat,Palio,2006,cng,Manual
BMW,Z4,2023,petrol,Automatic
Geely,Starray,2025,petrol,Automatic
Mercedes,C300,2022,petrol,Automatic
BMW,530,2024,hybrid,Automatic
Peugeot,2008,2016,petrol,Automatic
Land Rover,Defender,2021,petrol,Automatic
Mercedes,GLE,2025,petrol,Automatic
Skoda,Octavia A7,2014,diesel,Automatic
Chevrolet,Cruze,2016,diesel,Automatic
GMC,Yukon,2024,petrol,Automatic
Mercedes,GLC200,2025,hybrid,Automatic
Audi,Q3,2022,petrol,Automatic
Chevrolet,N300,2021,diesel,Manual
Ford,Focus,2006,diesel,Automatic
Seat,Toledo,2019,diesel,Automatic
Speranza,Tiggo,2017,diesel,Automatic
Fiat,500X,2019,petrol,Automatic
Chevrolet,N300,2015,petrol,Manual
Volkswagen,Golf 6,2024,petrol,Automatic
Changan,Benni Mini,2016,diesel,Automatic
BMW,X5 M,2020,petrol,Automatic
Toyota,BZ3,2025,electric,Automatic
Fiat,Regata,1989,petrol,Manual
Toyota,Rush,2020,petrol,Automatic
Volvo,S60,2016,petrol,Automatic
BMW,320i,2015,diesel,Automatic
Mitsubishi,Xpander,2021,petrol,Automatic
Seat,Ateca,2026,petrol,Automatic
Peugeot,301,2014,hybrid,Automatic
Nissan,Sunny,2011,cng,Manual
Chery,Tiggo 7 Pro Max,2026,petrol,Automatic
Mini,Cooper,2024,petrol,Automatic
BMW,523,2011,petrol,Automatic
Hyundai,Sonata,2010,petrol,Automatic
Hyundai,Avante,2005,petrol,Automatic
Hyundai,Atos,2011,cng,Manual
Skoda,Octavia A4,1998,diesel,Manual
Audi,Q3,2022,hybrid,Automatic
Subaru,Impreza,2013,petrol,Automatic
Citroën,C3,2020,cng,Automatic
Toyota,Land Cruiser,2020,petrol,Automatic
Toyota,Corolla,2004,petrol,Manual
Lada,Granta,2017,petrol,Automatic
Renault,Captur,2018,petrol,Automatic
Hyundai,Accent RB,2022,petrol,Automatic
Peugeot,2008,2021,petrol,Automatic
Skoda,Octavia A5,2006,diesel,Automatic
Chery,Arrizo 5,2020,petrol,Automatic
Chevrolet,Optra,2019,cng,Automatic
BAIC,X55,2025,petrol,Automatic
Peugeot,307,2007,diesel,Automatic
Mitsubishi,Lancer Puma,2005,petrol,Automatic
Nissan,Sentra,2020,petrol,Automatic
Hyundai,Accent RB,2019,petrol,Automatic
GMC,Hummer EV,2025,electric,Automatic
Zeekr,7X,2026,electric,Automatic
Suzuki,Baleno,2026,petrol,Automatic
Toyota,Prado,2009,petrol,Automatic
Toyota,Rush,2019,petrol,Automatic
MG,RX5,2020,cng,Automatic
Volkswagen,Bora,2001,diesel,Automatic
Citroën,C4 Grand Picasso,2014,petrol,Automatic
BMW,3 Series,2005,petrol,Automatic
Chery,Tiggo 8 Pro,2023,petrol,Automatic
Nissan,Sentra,2024,petrol,Automatic
Mercedes,GLC200,2026,petrol,Automatic
Toyota,Land Cruiser,2008,petrol,Automatic
Ford,Focus,2013,diesel,Automatic
Mitsubishi,Lancer Crystala,1999,petrol,Manual
Chery,Arrizo 5,2023,petrol,Manual
Nissan,Tiida,2007,diesel,Automatic
Volkswagen,ID4,2024,electric,Automatic
Deepal,S 05,2025,electric,Automatic
Porsche,911,2025,petrol,Automatic
Hyundai,Accent RB,2024,diesel,Automatic
Hyundai,IX35,2013,petrol,Automatic
Seat,Leon,2014,petrol,Automatic
Mercedes,Viano,2021,petrol,Automatic
Land Rover,Defender,2021,diesel,Automatic
Chery,Tiggo 7 Pro,2025,cng,Automatic
Citroën,C Elysee,2014,petrol,Automatic
Opel,Astra,2016,diesel,Automatic
Chevrolet,Aveo,2014,cng,Manual
Mercedes,A35,2021,diesel,Automatic
Kia,Carens,2010,diesel,Manual
Mercedes,E350,2018,hybrid,Automatic
Nissan,Juke,2017,petrol,Automatic
Chery,Tiggo 8 Pro,2025,petrol,Automatic
Peugeot,301,2016,petrol,Automatic
Honda,ZRV,2025,petrol,Automatic
Toyota,Corolla,2014,cng,Automatic
Citroën,C Elysee,2022,diesel,Automatic
Volvo,XC90,2026,petrol,Automatic
Hyundai,Elantra CN7,2022,petrol,Automatic
Chevrolet,Optra,2019,diesel,Automatic
Toyota,Corolla,2015,diesel,Automatic
Hyundai,Matrix,2011,petrol,Automatic
Hyundai,Accent RB,2012,cng,Automatic
Toyota,Corolla,2013,diesel,Automatic
Mercedes,C180,2018,petrol,Manual
Renault,Fluence,2011,cng,Automatic
Land Rover,Range Rover,2024,diesel,Automatic
Volkswagen,ID6,2024,electric,Automatic
Toyota,Corona,1998,diesel,Automatic
Geely,Emgrand 7,2019,petrol,Automatic
Nissan,Sunny,2026,diesel,Automatic
BMW,I3,2026,electric,Automatic
Chery,Arrizo 5 Pro,2026,petrol,Automatic
Mercedes,GLC43,2025,petrol,Automatic
SsangYong,Torres,2026,petrol,Automatic
Peugeot,307 SW,2007,petrol,Automatic
Mini,Countryman S,2011,petrol,Automatic
BAIC,U5 Plus,2025,petrol,Automatic
BAIC,BJ30,2026,petrol,Automatic
Opel,Corsa,2026,petrol,Automatic
BAIC,X55,2026,petrol,Automatic
Skoda,Octavia A4,2006,diesel,Automatic
Seat,Ibiza,2020,cng,Automatic
Seat,Arona,2021,petrol,Automatic
MG,5,2021,cng,Automatic
Kia,Ceed,2016,diesel,Automatic
JAC,S2,2024,petrol,Automatic
Daihatsu,Sirion,2009,petrol,Automatic
Suzuki,Swift Dzire,2022,petrol,Manual
Hyundai,Elantra,2011,petrol,Automatic
MG,350,2014,petrol,Automatic
Mitsubishi,Lancer Puma,2012,petrol,Automatic
Changan,Benni Mini,2015,petrol,Manual
Daihatsu,Terios,2000,petrol,Automatic
Changan,Alsvin,2016,petrol,Automatic
Renault,Duster,2012,petrol,Manual
Renault,Kadjar,2019,cng,Automatic
Hyundai,Avante,2012,diesel,Automatic
GMC,Yukon,2026,petrol,Automatic
Nissan,Sunny,2022,cng,Automatic
Renault,Fluence,2014,diesel,Automatic
Mercedes,CLS,2005,petrol,Automatic
Seat,Toledo,2015,petrol,Automatic
Toyota,Land Cruiser,2014,petrol,Automatic
Hyundai,Santa Fe,2026,hybrid,Automatic
Hyundai,Elantra,2010,cng,Automatic
Changan,Alsvin,2022,diesel,Automatic
Changan,CS35,2016,petrol,Automatic
Kia,Sportage,2016,diesel,Automatic
Citroën,C3,2021,diesel,Automatic
Skoda,Octavia A4,2002,petrol,Manual
Mitsubishi,Lancer Puma,2008,diesel,Automatic
Hyundai,Elantra,2017,diesel,Automatic
Proton,Persona,2014,petrol,Automatic
Mercedes,E280,2006,petrol,Automatic
Volkswagen,Tiguan,2018,cng,Automatic
Peugeot,3008,2014,diesel,Automatic
Kia,Rio,2011,petrol,Automatic
Fiat,Tipo,2022,diesel,Automatic
Subaru,Impreza,2014,petrol,Automatic
Mercedes,EQE500,2023,electric,Automatic
Skoda,Octavia A4,1998,hybrid,Automatic
Renault,Sandero Stepway,2020,diesel,Automatic
Daewoo,Lacetti,2003,petrol,Automatic
Kia,Shuma,1998,petrol,Automatic
Mercedes,B200,2013,diesel,Automatic
Brilliance,V5,2014,petrol,Automatic
Volkswagen,Parati,2006,petrol,Manual
Jeep,Grand Cherokee,2006,petrol,Automatic
JAC,S2,2024,diesel,Automatic
Mercedes,E300,2025,hybrid,Automatic
Chery,Tiggo 4,2025,petrol,Automatic
Kia,Rio,2009,petrol,Manual
Skoda,Octavia A8,2022,petrol,Automatic
Honda,Civic,1985,petrol,Automatic
Chevrolet,N300,2016,petrol,Automatic
Nissan,Sunny,2012,petrol,Manual
Mercedes,200,2008,petrol,Automatic
Volkswagen,Tiguan,2015,petrol,Automatic
Skoda,Octavia A5,2009,petrol,Automatic
Haval,Jolion,2026,petrol,Automatic
Geely,Starray,2026,petrol,Automatic
Kia,Rio,2011,diesel,Automatic
GAC,Empow,2024,petrol,Automatic
Hyundai,Avante,2007,petrol,Automatic
Toyota,Yaris,2007,diesel,Automatic
Chery,Tiggo 3,2024,diesel,Automatic
JAC,J7,2022,diesel,Automatic
Ford,Kuga,2019,petrol,Automatic
Suzuki,Ciaz,2016,diesel,Automatic
Kia,Cerato,2010,cng,Automatic
Renault,Sandero Stepway,2014,petrol,Manual
Skoda,Octavia A4,2008,diesel,Manual
Geely,GX3 Pro,2024,petrol,Automatic
Hyundai,Matrix,2009,diesel,Manual
Kia,Soul,2010,cng,Automatic
Skoda,Octavia A7,2019,cng,Automatic
Jeep,Wrangler,2010,cng,Automatic
Mercedes,V250,2023,petrol,Automatic
Peugeot,2008,2017,diesel,Automatic
Seat,Toledo,2016,cng,Automatic
Nissan,Sunny,2008,diesel,Automatic
Peugeot,3008,2011,diesel,Automatic
Renault,Sandero Stepway,2015,petrol,Manual
Nissan,Sunny,2004,petrol,Automatic
Hyundai,Elantra HD,2021,petrol,Automatic
Lada,Granta,2016,diesel,Automatic
Mitsubishi,Lancer EX Shark,2015,diesel,Automatic
Mini,Countryman S,2019,cng,Automatic
Skoda,Superb,2025,petrol,Automatic
Mitsubishi,Lancer EX Shark,2016,cng,Automatic
Jaguar,F-Pace,2019,petrol,Automatic
Skoda,Superb,2021,diesel,Automatic
Jeep,Renegade,2021,diesel,Automatic
Jetour,X70S,2021,petrol,Automatic
Renault,Megane,2025,petrol,Automatic
Hyundai,Tucson,2022,cng,Automatic
Haval,Jolion Pro,2026,petrol,Automatic
Nissan,Sunny,2011,petrol,Manual
Renault,Kadjar,2016,cng,Automatic
Opel,Corsa,2025,petrol,Automatic
Toyota,Rush,2023,petrol,Automatic
Subaru,Impreza,2006,petrol,Automatic
Chery,Arrizo 5,2023,diesel,Automatic
Chery,Arrizo 5,2021,hybrid,Automatic
Kia,Ceed,2018,petrol,Automatic
Skoda,Octavia A4,2007,diesel,Manual
Renault,Logan,2016,cng,Automatic
Mercedes,C200,2008,cng,Automatic
Kia,Carnival,2026,hybrid,Automatic
Kia,Forte,2010,petrol,Automatic
Jetour,X90 Plus,2024,petrol,Automatic
MG,6,2022,hybrid,Automatic
Jeep,Liberty,2007,petrol,Automatic
Kia,Xceed,2025,diesel,Automatic
BYD,Sealion 6,2026,electric,Automatic
Avatr,11,2026,electric,Automatic
Hyundai,Atos,2005,petrol,Automatic
BMW,X5,2007,diesel,Automatic
Mercedes,180,2022,petrol,Automatic
Avatr,12,2026,electric,Automatic
Hyundai,IX35,2015,petrol,Automatic
Subaru,XV,2017,petrol,Automatic
Skoda,Octavia A7,2014,petrol,Automatic
Hyundai,Accent HCI,2021,petrol,Automatic
Avatr,12,2024,electric,Automatic
Hyundai,Elantra MD,2012,diesel,Automatic
Kia,K4,2017,petrol,Automatic
Renault,Fluence,2011,diesel,Automatic
Kia,Sportage,2013,petrol,Automatic
Tesla,Model Y,2025,electric,Automatic
Hyundai,Getz,2007,diesel,Automatic
Mitsubishi,Lancer Puma,2006,petrol,Manual
Land Rover,Range Rover,2025,petrol,Automatic
Chevrolet,Aveo,2016,diesel,Automatic
Chevrolet,Optra,2011,diesel,Automatic
Daihatsu,Terios,2015,petrol,Automatic
Hyundai,Verna,2014,hybrid,Manual
Hyundai,I10,2014,petrol,Manual
Chevrolet,Equinox,2018,diesel,Automatic
Kia,K3,2015,petrol,Automatic
Hyundai,Veloster,2012,diesel,Automatic
Jeep,Grand Cherokee,2008,petrol,Automatic
Citroën,C Elysee,2019,petrol,Automatic
Kia,Rio,2016,diesel,Automatic
Chery,Tiggo 7 Pro,2024,petrol,Automatic
Mitsubishi,Lancer Puma,2008,diesel,Manual
Haval,H6,2025,petrol,Automatic
Toyota,Corolla,2012,diesel,Automatic
Volkswagen,T-Roc,2024,petrol,Automatic
Mitsubishi,Eclipse Cross,2019,petrol,Automatic
Land Rover,Range Rover Evoque,2021,petrol,Automatic
Hyundai,Atos,2005,petrol,Manual
Chevrolet,Malibu,2021,petrol,Automatic
Renault,Duster,2014,diesel,Manual
Toyota,Corolla,2006,diesel,Manual
BMW,520i,2002,diesel,Automatic
Renault,Duster,2023,petrol,Automatic
Mercedes,V250,2023,diesel,Automatic
Peugeot,2008,2020,petrol,Automatic
Mercedes,C180,1993,petrol,Automatic
Kia,Ceed,2017,petrol,Automatic
JAC,J7,2022,petrol,Automatic
Kia,Cerato,2010,diesel,Automatic
Volkswagen,Golf 6,2003,petrol,Automatic
Mini,Cooper,2026,hybrid,Automatic
Daihatsu,Terios,2012,petrol,Automatic
MG,5,2020,diesel,Automatic
Citroën,C4,2013,petrol,Automatic
Fiat,Linea,2016,petrol,Manual
Volkswagen,Touareg,2026,petrol,Automatic
Suzuki,Grand Vitara,2024,diesel,Automatic
Chery,Tiggo 3,2019,petrol,Automatic
Hyundai,Elantra HD,2018,diesel,Automatic
Toyota,Yaris,2015,diesel,Automatic
Skoda,Octavia Combi,2009,petrol,Manual
Volkswagen,Golf 7,2018,diesel,Manual
Kia,Sorento,2026,petrol,Automatic
Changan,Alsvin,2022,petrol,Manual
Mercedes,C200,2022,diesel,Automatic
Land Rover,Range Rover Evoque,2026,hybrid,Automatic
Mitsubishi,Xpander,2025,diesel,Automatic
Kia,Cerato,2015,diesel,Automatic
Chevrolet,Pickup,2002,diesel,Manual
Hyundai,Excel,1988,petrol,Automatic
Volkswagen,T-Roc,2023,petrol,Automatic
BMW,X2,2019,petrol,Automatic
Geely,Coolray,2024,petrol,Automatic
Mercedes,GLA,2025,petrol,Automatic
Hyundai,Accent RB,2002,petrol,Automatic
SsangYong,Tivoli XLV,2019,petrol,Automatic
Kia,Carnival,2024,hybrid,Automatic
Changan,Eado,2026,petrol,Automatic
Toyota,Fortuner,2019,petrol,Automatic
Toyota,Yaris,2011,petrol,Automatic
Fiat,Linea,2017,petrol,Manual
Mercedes,E230,1990,petrol,Automatic
Volkswagen,Golf 6,2010,petrol,Automatic
Nissan,Sentra,2020,diesel,Automatic
Geely,Emgrand 7,2014,petrol,Automatic
Hyundai,Elantra AD,2020,petrol,Automatic
Mercedes,GLC,2026,petrol,Automatic
Kia,Cerato Koup,2012,petrol,Automatic
Mitsubishi,Attrage,2014,cng,Automatic
BMW,330,2010,petrol,Automatic
BMW,118,2012,cng,Automatic
Skoda,Octavia A7,2016,diesel,Automatic
Kia,Carens,2025,petrol,Automatic
Hyundai,I10,2012,petrol,Automatic
Toyota,Corolla,2021,diesel,Automatic
BYD,F3,2021,cng,Manual
Mazda,3,2020,petrol,Automatic
Nissan,Qashqai,2013,diesel,Automatic
Opel,Grandland,2021,cng,Automatic
Peugeot,301,2014,diesel,Automatic
Subaru,XV,2019,cng,Automatic
Kia,Sephia,1999,petrol,Manual
BYD,Seagull,2024,electric,Automatic
Chevrolet,Aveo,2015,petrol,Manual
BMW,316,2007,cng,Manual
Kia,Pride,1998,petrol,Automatic
Volkswagen,Golf 6,2019,petrol,Automatic
Jetour,T1,2025,hybrid,Automatic
Kia,Sportage,2015,diesel,Automatic
Kia,Sephia,2001,petrol,Automatic
Ford,Fiesta,2012,petrol,Automatic
Jeep,Grand Cherokee,1999,petrol,Automatic
Skoda,Octavia A8,2024,petrol,Automatic
BMW,X1,2025,diesel,Automatic
Mercedes,C250,2011,petrol,Automatic
Peugeot,5008,2025,petrol,Automatic
Hyundai,Atos,2009,petrol,Automatic
Fiat,Tipo,2024,diesel,Manual
Daihatsu,Charade,1990,petrol,Automatic
Ford,Focus,2016,diesel,Automatic
Mercedes,200,1997,petrol,Automatic
Hyundai,Avante,2014,petrol,Automatic
Seat,Ibiza,1990,petrol,Manual
Speranza,Chery QQ,2009,petrol,Manual
Kia,Sephia,1995,petrol,Manual
Hyundai,Excel,1997,diesel,Automatic
Mini,Cooper,2017,petrol,Automatic
Kia,Grand Cerato,2019,petrol,Automatic
Renault,Sandero Stepway,2019,diesel,Automatic
Volkswagen,Passat,2011,diesel,Automatic
Toyota,Corolla,2014,diesel,Automatic
MG,6,2019,petrol,Automatic
Hyundai,I10,2016,petrol,Automatic
BMW,IX1,2026,electric,Automatic
Audi,A5,2026,petrol,Automatic
Kia,Rio,2014,diesel,Automatic
Brilliance,V5,2017,petrol,Automatic
Mercedes,E200,2020,cng,Automatic
Skoda,Octavia A4,2003,diesel,Manual
Skoda,Octavia A4,2006,petrol,Automatic
Kia,Grand Cerato,2021,petrol,Automatic
Kia,Sportage,2016,petrol,Automatic
Land Rover,Defender,2024,petrol,Automatic
Hyundai,Bayon,2022,petrol,Automatic
Hyundai,Verna,2017,cng,Manual
Kia,Soul,2016,petrol,Automatic
Proton,Gen-2,2011,petrol,Automatic
Chery,Tiggo 7,2022,diesel,Automatic
Mitsubishi,Mirage,2026,petrol,Automatic
JAC,S2,2019,petrol,Automatic
Jeep,Grand Cherokee 4xe,2010,cng,Automatic
Mercedes,A200,2024,petrol,Automatic
Mercedes,C180,2019,diesel,Automatic
Mitsubishi,Lancer Crystala,1998,diesel,Manual
Mercedes,V250,2025,petrol,Automatic
Chevrolet,Pickup,2026,petrol,Automatic
Land Rover,Range Rover Evoque,2012,petrol,Automatic
Hyundai,Tucson,2022,diesel,Automatic
Suzuki,Vitara,2002,petrol,Automatic
Mercedes,500,2025,petrol,Automatic
Kia,K4,2016,petrol,Automatic
Hyundai,Elantra HD,2009,petrol,Automatic
Mercedes,E280,2007,petrol,Automatic
Chevrolet,Captiva,2025,petrol,Automatic
DS,DS7,2024,petrol,Automatic
Volkswagen,Beetle,2014,petrol,Automatic
Peugeot,5008,2020,cng,Automatic
Honda,Civic,1993,diesel,Automatic
Jetour,Dashing,2025,diesel,Automatic
Mercedes,GLS,2025,petrol,Automatic
Peugeot,2008,2019,petrol,Automatic
Jetour,Dashing,2024,petrol,Automatic
Hyundai,Sonata,2025,petrol,Automatic
Kia,Carens,2011,diesel,Automatic
Chery,Tiggo 8 Pro Max,2026,hybrid,Automatic
Renault,Sandero,2022,diesel,Automatic
Chevrolet,Aveo,2009,diesel,Automatic
Toyota,Corolla,2007,diesel,Manual
Mercedes,E200,2021,hybrid,Automatic
Lada,Granta,2023,petrol,Automatic
Volkswagen,Passat,2026,petrol,Automatic
Chevrolet,Aveo,2015,diesel,Automatic
Mitsubishi,Lancer,2008,diesel,Automatic
Hyundai,Elantra AD,2025,diesel,Automatic
Suzuki,Swift,2021,diesel,Automatic
Seat,Ibiza,2025,diesel,Automatic
Peugeot,3008,2021,hybrid,Automatic
BMW,M4,2025,petrol,Automatic
Kaiyi,X7,2025,petrol,Automatic
Jaguar,F-Pace,2022,petrol,Automatic
Seat,Arona,2025,petrol,Automatic
Toyota,Prado,2015,petrol,Automatic
Ford,Mondeo,1998,petrol,Automatic
Daihatsu,Terios,2008,diesel,Automatic
Chery,Arrizo 8,2025,petrol,Automatic
Jeep,Cherokee,2025,petrol,Automatic
GMC,Terrain,2023,diesel,Automatic
MG,6,2023,petrol,Automatic
Kia,K3,2022,petrol,Automatic
Audi,Q3,2025,petrol,Automatic
Mini,Countryman,2016,petrol,Automatic
Peugeot,301,2015,diesel,Automatic
Mercedes,E240,2003,diesel,Automatic
Hyundai,Grand i10,2015,petrol,Automatic
SsangYong,Torres,2023,petrol,Automatic
Skoda,Kodiaq,2025,petrol,Dsg
Mitsubishi,Lancer EX Shark,2017,petrol,Automatic
Ford,EcoSport,2019,diesel,Automatic
Volkswagen,Golf,2018,petrol,Manual
Opel,Astra,2015,diesel,Automatic
Jeep,Grand Cherokee,2012,petrol,Automatic
MG,One,2025,diesel,Automatic
Mercedes,A200,2022,diesel,Automatic
Mercedes,GT43,2025,petrol,Automatic
Renault,Sandero,2014,diesel,Manual
Volkswagen,Golf 4,1999,petrol,Automatic
Peugeot,308 SW,2011,diesel,Automatic
Nissan,Qashqai,2010,petrol,Automatic
Jetour,X70S,2022,petrol,Automatic
Kia,Shuma,2008,petrol,Manual
Peugeot,301,2020,diesel,Automatic
BYD,F3,2018,diesel,Manual
Changan,CS55,2022,petrol,Automatic
Toyota,Land Cruiser,2012,petrol,Automatic
Jetour,Dashing,2026,diesel,Automatic
Nissan,Tiida,2014,petrol,Automatic
Skoda,Fabia,2008,petrol,Manual
Mitsubishi,Attrage,2018,petrol,Manual
Mazda,3,2015,diesel,Automatic
Fiat,Punto,2017,petrol,Manual
Chery,Arrizo 5,2020,diesel,Automatic
Renault,Kadjar,2020,diesel,Automatic
Volkswagen,Tiguan,2018,diesel,Automatic
Nissan,Sunny,2022,cng,Manual
Hyundai,Accent,2009,petrol,Automatic
Jeep,Grand Cherokee,2010,petrol,Automatic
Kia,Rio,2013,cng,Automatic
Kia,Sportage,2023,hybrid,Automatic
BMW,IX3,2013,electric,Automatic
Peugeot,308,2011,petrol,Manual
SsangYong,Torres,2025,petrol,Automatic
Geely,Emgrand,2025,petrol,Automatic
Volvo,XC90,2011,petrol,Automatic
Hyundai,Excel,1994,petrol,Manual
Suzuki,Ciaz,2016,petrol,Automatic
Nissan,Sunny,2016,diesel,Automatic
Hyundai,Tucson,2019,diesel,Automatic
Jeep,Grand Cherokee,2001,petrol,Automatic
Fiat,Tipo,2024,petrol,Automatic
Citroën,C5 Aircross,2023,petrol,Automatic
Mercedes,E180,2018,cng,Automatic
Nissan,Sentra,2015,cng,Automatic
Nissan,Sunny,2023,diesel,Automatic
Chevrolet,N300,2023,petrol,Manual
Opel,Astra,2014,diesel,Automatic
Lada,Granta,2022,petrol,Manual
Chevrolet,Optra,2023,diesel,Automatic
Toyota,Yaris,2008,cng,Automatic
Nissan,Sunny,2021,cng,Manual
Peugeot,508,2020,diesel,Automatic
Fiat,Uno,1998,cng,Manual
Hyundai,Elantra HD,2022,petrol,Automatic
Mercedes,CLA180,2019,petrol,Automatic
Kia,Carens,2015,petrol,Automatic
Chery,Envy,2014,petrol,Automatic
Mitsubishi,Xpander Cross,2025,petrol,Automatic
DS,DS7,2023,diesel,Automatic
Land Rover,Range Rover Velar,2025,diesel,Automatic
Toyota,Corolla,2016,diesel,Automatic
Hyundai,Accent RB,2025,petrol,Automatic
Geely,Emgrand 7,2018,petrol,Manual
BMW,X6 M,2016,diesel,Automatic
Peugeot,2008,2021,diesel,Automatic
Kia,Cerato,2018,hybrid,Automatic
Toyota,Corolla,2020,diesel,Automatic
Mitsubishi,Lancer Puma,2009,petrol,Automatic
Toyota,Corolla,2003,petrol,Automatic
Kia,Picanto,2008,petrol,Automatic
Nissan,Juke,2020,cng,Automatic
Peugeot,5008,2023,petrol,Automatic
BAIC,EU5 Plus,2025,electric,Automatic
Isuzu,D-Max,2026,diesel,Automatic
BMW,X5 M,2017,petrol,Automatic
Renault,Kardian,2025,petrol,Automatic
Hyundai,Elantra CN7,2023,petrol,Automatic
Mercedes,C180,2004,petrol,Automatic
Volkswagen,Passat,2021,cng,Automatic
Honda,City,2019,cng,Automatic
Citroën,C5,2016,petrol,Automatic
Jaguar,XE,2021,petrol,Automatic
Mercedes,A200,2019,petrol,Automatic
Hyundai,Elantra HD,2020,diesel,Automatic
Hyundai,Getz,2008,petrol,Manual
Renault,Duster,2019,diesel,Automatic
Chery,Tiggo 8,2022,hybrid,Automatic
Chery,Arrizo 5,2022,cng,Manual
GMC,Yukon,2025,petrol,Automatic
Suzuki,Swift Dzire,2023,petrol,Automatic
Mercedes,E180,2016,diesel,Automatic
Porsche,Cayenne S,2016,petrol,Automatic
Toyota,Corolla,2003,petrol,Manual
Chevrolet,Optra,2020,hybrid,Automatic
Jeep,Renegade,2020,diesel,Automatic
Hyundai,I30,2017,petrol,Automatic
Mitsubishi,Pajero,2006,diesel,Automatic
Suzuki,Swift,2022,diesel,Automatic
Hyundai,Avante,2021,petrol,Automatic
MG,HS,2022,diesel,Automatic
BMW,318i,2019,diesel,Automatic
Hyundai,XD,2004,petrol,Automatic
BMW,X6,2024,cng,Automatic
Skoda,Rapid,2015,petrol,Automatic
Hyundai,Accent,2009,diesel,Manual
BMW,318i,2016,cng,Automatic
JAC,S2,2025,petrol,Automatic
Kia,Sportage,2022,cng,Automatic
Chery,Tiggo 4 Pro,2026,petrol,Cvt
Volkswagen,Golf 6,2014,petrol,Automatic
Kia,Cerato,2010,hybrid,Automatic
BMW,528,2014,petrol,Automatic
Proton,Persona,2015,petrol,Automatic
Speranza,Chery QQ,2006,petrol,Manual
Skoda,Karoq,2022,petrol,Automatic
Opel,Astra,2011,diesel,Automatic
Chery,Arrizo 5,2021,hybrid,Manual
Renault,Austral,2026,petrol,Automatic
Toyota,Corolla,1997,petrol,Automatic
Alfa Romeo,Giulietta,2021,cng,Automatic
Fiat,Tempra,1990,petrol,Manual
Chery,Tiggo 7 Pro,2023,petrol,Automatic
Renault,Megane,2020,diesel,Automatic
Kia,Cerato,2008,petrol,Manual
Hyundai,IX35,2016,petrol,Manual
Renault,Sandero,2014,diesel,Automatic
Hyundai,Solaris,2017,petrol,Automatic
Kia,Cerato,2005,petrol,Automatic
Peugeot,301,2017,diesel,Automatic
Chevrolet,Optra,2018,diesel,Automatic
Volkswagen,Golf 6,2015,hybrid,Automatic
Kia,Soul,2015,hybrid,Automatic
Suzuki,S-Presso,2022,petrol,Manual
Honda,City,2016,petrol,Automatic
Hyundai,Avante,2001,petrol,Automatic
Daihatsu,Terios,2012,diesel,Automatic
Nissan,Sunny,2016,hybrid,Automatic
Seat,Ibiza,2009,petrol,Automatic
Mitsubishi,Lancer Crystala,1998,petrol,Manual
Speranza,Chery QQ,2005,petrol,Manual
Land Rover,Range Rover,2022,hybrid,Automatic
Skoda,Octavia A4,2006,petrol,Manual
Hyundai,Accent RB,2012,petrol,Automatic
Kia,Cerato,2013,petrol,Manual
Nissan,Juke,2015,diesel,Automatic
BYD,F3,2024,diesel,Automatic
Audi,Q3,2021,diesel,Automatic
Hyundai,Getz,2009,diesel,Automatic
BMW,523,2001,petrol,Automatic
Opel,Astra,2020,diesel,Automatic
Speranza,A620,2008,petrol,Automatic
Hyundai,Elantra MD,2013,petrol,Automatic
Kia,Spectra,2004,petrol,Manual
Citroën,C5,2022,petrol,Automatic
Jeep,Wrangler,2012,diesel,Automatic
Citroën,C Elysee,2021,diesel,Automatic
Hyundai,I30,2026,petrol,Dsg
Hyundai,Excel,1990,petrol,Manual
Volkswagen,ID4,2021,electric,Automatic
Proton,Saga,2013,diesel,Automatic
Hyundai,Elantra HD,2024,petrol,Automatic
Proton,Waja,2009,petrol,Automatic
Suzuki,Swift Dzire,2016,diesel,Automatic
Mitsubishi,Eclipse Cross,2021,petrol,Automatic
Kia,Grand Cerato,2024,diesel,Automatic
Hyundai,Elantra,2007,petrol,Automatic
Mini,Countryman,2023,petrol,Automatic
Chery,Arrizo 5,2022,diesel,Automatic
Hyundai,Accent RB,2013,petrol,Automatic
Kia,Picanto,2015,diesel,Automatic
Audi,A3,2023,petrol,Automatic
Rox,01,2025,electric,Automatic
Speranza,Chery QQ,2007,petrol,Manual
Honda,Civic,2018,diesel,Automatic
JAC,JS3,2022,diesel,Automatic
Nissan,Sunny,2021,diesel,Automatic
Mercedes,E300,2025,petrol,Automatic
Mitsubishi,Pajero,2004,petrol,Automatic
Mercedes,C200,2023,cng,Automatic
Fiat,Uno,2000,petrol,Manual
Geely,Okavango,2022,petrol,Automatic
Ford,EcoSport,2018,cng,Automatic
MG,GT,2025,petrol,Automatic
Peugeot,2008,2022,petrol,Automatic
Mercedes,C200,2022,hybrid,Automatic
Mercedes,C180,2021,diesel,Automatic
Hyundai,Accent RB,2024,cng,Automatic
BMW,218i,2018,petrol,Automatic
Nissan,X-Trail,2014,petrol,Automatic
Geely,Emgrand 7,2014,diesel,Manual
Peugeot,2008,2018,petrol,Automatic
Skoda,Felicia,1995,petrol,Manual
Skoda,Octavia A8,2006,petrol,Automatic
Daihatsu,Charade,2003,cng,Automatic
Mercedes,E200,2019,diesel,Automatic
Geely,Pandino,2016,petrol,Automatic
FAW,X40,2018,diesel,Automatic
Honda,City,2012,petrol,Automatic
Chevrolet,Cruze,2009,petrol,Automatic
Toyota,Corolla,2008,diesel,Automatic
Jeep,Liberty,2006,petrol,Automatic
Mitsubishi,Lancer Puma,2011,petrol,Automatic
Fiat,Tipo,2017,petrol,Automatic
BMW,418,2016,diesel,Automatic
Proton,Gen-2,2016,diesel,Automatic
Mitsubishi,Eclipse Cross,2025,petrol,Automatic
JAC,J7,2025,petrol,Automatic
BMW,320i,2023,diesel,Automatic
DFSK,EAGLE 580,2021,petrol,Automatic
Proton,Saga,2010,diesel,Automatic
BYD,Song L,2026,electric,Automatic
Suzuki,Vitara,1997,petrol,Automatic
Renault,Taliant,2025,petrol,Automatic
Opel,Corsa,2024,cng,Automatic
Haval,H6,2026,cng,Automatic
Hyundai,Elantra CN7,2023,diesel,Automatic
Mercedes,C180,2022,hybrid,Automatic
Peugeot,2008,2017,petrol,Automatic
Opel,Meriva,2015,petrol,Automatic
Nissan,Sentra,2017,diesel,Automatic
Nissan,Tiida,2013,petrol,Automatic
Hyundai,Elantra CN7,2022,diesel,Automatic
Fiat,Siena,2007,cng,Manual
Changan,Alsvin,2010,petrol,Automatic
Ford,Focus,2017,diesel,Automatic
Proton,Gen-2,2008,diesel,Automatic
Changan,Benni,2016,petrol,Manual
Skoda,Octavia A5,2006,petrol,Manual
Renault,Duster,2015,petrol,Automatic
Renault,Fluence,2016,diesel,Automatic
Ford,Fiesta,1998,petrol,Manual
Skoda,Octavia A4,2005,petrol,Manual
GMC,Terrain,2023,petrol,Automatic
Audi,Q2,2026,petrol,Automatic
Hyundai,Creta,2023,petrol,Automatic
Seat,Ateca,2021,petrol,Automatic
Chevrolet,Captiva,2022,petrol,Automatic
Hyundai,Matrix,2008,cng,Automatic
Suzuki,Baleno,1999,petrol,Automatic
Kia,Forte,2010,diesel,Automatic
XPeng,G9,2026,electric,Automatic
Kia,Sportage,2024,diesel,Automatic
Opel,Astra,2019,cng,Automatic
Chevrolet,Malibu,2019,cng,Automatic
Mercedes,C200,2020,cng,Automatic
Toyota,Prado,2020,petrol,Automatic
Honda,Civic,2007,cng,Automatic
Seat,Ibiza,2024,petrol,Automatic
Tesla,Cybertruck,2025,electric,Automatic
Seat,Tarraco,2023,diesel,Automatic
Opel,Corsa,2017,diesel,Automatic
Nissan,Sunny,2007,diesel,Automatic
Daihatsu,Grand Terios,2009,petrol,Automatic
Toyota,C-HR,2023,petrol,Automatic
Hyundai,Elantra HD,2007,petrol,Automatic
BMW,X4,2024,petrol,Automatic
Hyundai,Elantra HD,2012,petrol,Automatic
Suzuki,Swift Dzire,2021,petrol,Manual
Mercedes,B150,2008,petrol,Automatic
Fiat,Grand Punto,2007,diesel,Manual
Kia,Picanto,2011,diesel,Manual
Seat,Ibiza,1994,diesel,Manual
Seat,Ibiza,1994,petrol,Automatic
Mercedes,B180,2015,petrol,Automatic
Chery,Tiggo,2018,petrol,Automatic
BMW,118,2019,petrol,Automatic
Mercedes,CLA200,2019,petrol,Automatic
Land Rover,Range Rover,2006,petrol,Automatic
Volvo,XC90,2019,petrol,Automatic
Volkswagen,Passat,2008,diesel,Automatic
Audi,Q7,2023,diesel,Automatic
Seat,Ibiza,2022,diesel,Automatic
Skoda,Octavia A4,1999,petrol,Automatic
Volvo,XC40,2022,petrol,Automatic
Mitsubishi,Pajero,2009,petrol,Automatic
BMW,X1,2018,diesel,Automatic
Seat,Ateca,2022,petrol,Automatic
Mitsubishi,Eclipse Cross,2022,petrol,Automatic
Suzuki,Vitara,2016,petrol,Automatic
Hyundai,I30,2009,petrol,Automatic
Hyundai,Elantra MD,2013,diesel,Automatic
Kia,Spectra,2005,diesel,Manual
Chevrolet,Optra,2011,petrol,Manual
Kia,Carens,2009,petrol,Automatic
Seat,Ibiza,2008,diesel,Manual
Daihatsu,Sirion,2010,diesel,Automatic
MG,6,2021,diesel,Automatic
Kia,Sportage,2022,diesel,Automatic
Kia,Sephia,2000,petrol,Automatic
Hyundai,Accent RB,2011,petrol,Automatic
Kia,Cerato,2006,petrol,Automatic
Hyundai,Elantra MD,2016,diesel,Automatic
Mitsubishi,Outlander,2025,petrol,Automatic
Chevrolet,Aveo,2013,diesel,Automatic
Jetour,X70,2021,diesel,Automatic
Citroën,C4,2007,petrol,Automatic
Mitsubishi,Eclipse Cross,2020,diesel,Automatic
Suzuki,Vitara,1998,petrol,Automatic
Mercedes,E250,2015,petrol,Automatic
Skoda,Karoq,2021,diesel,Automatic
Peugeot,504,1979,diesel,Manual
Kia,Carens,2015,diesel,Automatic
Volkswagen,Golf 4,2002,petrol,Automatic
Chevrolet,Equinox,2020,petrol,Automatic
MG,7,2025,petrol,Dsg
Honda,Civic,2008,diesel,Automatic
Mercedes,E200,2004,petrol,Automatic
DFSK,EAGLE 580,2018,petrol,Automatic
Kia,Rio,2015,diesel,Automatic
Jeep,Grand Cherokee,1993,petrol,Automatic
Kia,Shuma,2000,diesel,Manual
Suzuki,Ertiga,2021,petrol,Automatic
Renault,Kadjar,2019,diesel,Automatic
Porsche,Cayenne S,2012,petrol,Automatic
Chery,Tiggo 8 Pro,2022,petrol,Automatic
Fiat,Grand Punto,2009,petrol,Automatic
Volvo,XC40,2021,petrol,Automatic
Jeep,Cherokee,2009,diesel,Automatic
Mini,John Cooper,2006,petrol,Automatic
Seat,Ibiza,2006,petrol,Automatic
Renault,Logan,2017,diesel,Manual
Renault,Clio,2008,diesel,Manual
Isuzu,D-Max,2015,petrol,Manual
Skoda,Octavia A5,2008,diesel,Automatic
Toyota,Corolla,2002,petrol,Automatic
Hyundai,Grand i10,2019,petrol,Automatic
Proton,Waja,2005,petrol,Automatic
Nissan,Sunny,2014,petrol,Manual
Mercedes,E240,1999,petrol,Automatic
Speranza,A516,2007,diesel,Manual
Ford,Focus,2013,petrol,Automatic
Toyota,Avanza,2008,petrol,Automatic
Jetour,X95,2022,petrol,Automatic
Lada,Granta,2022,diesel,Manual
Nissan,Sunny,2000,diesel,Manual
Kia,Picanto,2009,diesel,Automatic
Hyundai,Elantra,1996,petrol,Automatic
Hyundai,Accent,2011,diesel,Manual
Kia,Carens,2013,petrol,Automatic
Land Rover,Range Rover Evoque,2022,diesel,Automatic
Volkswagen,Bora,2003,petrol,Automatic
Volkswagen,Jetta,2010,diesel,Automatic
Hyundai,Tucson,2021,diesel,Automatic
MG,ZS,2020,diesel,Automatic
Nissan,Sunny,2015,diesel,Automatic
Mitsubishi,Lancer,2003,petrol,Manual
Hyundai,Getz,2010,diesel,Automatic
Honda,CRV,2026,petrol,Automatic
Chery,Arrizo 5,2021,diesel,Manual
Kia,Sportage,2021,diesel,Automatic
Skoda,Kodiaq,2024,diesel,Automatic
Mitsubishi,Eclipse,2021,petrol,Automatic
Skoda,Felicia,1996,diesel,Manual
Kia,Pride,2006,petrol,Manual
Skoda,Octavia,2016,diesel,Automatic
Chevrolet,Equinox,2019,petrol,Automatic
Kia,Carens,2013,diesel,Automatic
MG,One,2025,petrol,Cvt
Ford,Fiesta,2018,petrol,Automatic
Citroën,C5 Aircross,2021,diesel,Automatic
Chevrolet,Malibu,2021,diesel,Automatic
Daihatsu,Sirion,2000,petrol,Manual
Hyundai,Elantra MD,2011,petrol,Automatic
Kia,Forte,2009,petrol,Automatic
Volkswagen,Tiguan,2021,diesel,Automatic
Mercedes,EQE500,2025,electric,Automatic
BMW,X5,2009,petrol,Automatic
Jeep,Liberty,2011,petrol,Automatic
Brilliance,Galena,2012,diesel,Automatic
Nissan,Sunny,2022,diesel,Automatic
Daihatsu,Terios,2007,diesel,Automatic
Chery,Arrizo 5,2021,diesel,Automatic
BMW,X6 M,2016,petrol,Automatic
Fiat,128,1999,petrol,Manual
Hyundai,Accent,2016,diesel,Automatic
Toyota,Corolla,2008,petrol,Manual
Jeep,Cherokee,2013,diesel,Automatic
MG,5,2021,diesel,Automatic
Mitsubishi,Lancer EX Shark,2017,diesel,Automatic
Suzuki,Van,2025,petrol,Manual
Kia,Spectra,2003,diesel,Manual
Zotye,T600,2019,diesel,Automatic
Opel,Astra,2000,cng,Manual
DFSK,EAGLE 580,2019,cng,Automatic
Daewoo,Leganza,2001,cng,Automatic
Suzuki,Baleno,2021,petrol,Automatic
Hyundai,Accent HCI,2020,petrol,Automatic
Opel,Crossland,2019,petrol,Automatic
Fiat,Tipo,2021,cng,Manual
Brilliance,V5,2019,petrol,Manual
Peugeot,5008,2016,petrol,Automatic
Opel,Astra,2017,diesel,Automatic
Jeep,Liberty,2002,petrol,Automatic
Honda,City,2007,petrol,Automatic
Suzuki,Ciaz,2021,diesel,Automatic
Ford,EcoSport,2018,diesel,Automatic
Hyundai,Avante,2021,diesel,Automatic
Seat,Toledo,2016,diesel,Automatic
Fiat,Shahin,1996,cng,Manual
Chrysler,Town & Country,2003,petrol,Automatic
Volkswagen,Golf 3,1992,petrol,Manual
Chevrolet,Aveo,2012,diesel,Automatic
Mitsubishi,Lancer Puma,2006,petrol,Automatic
Opel,Vectra,1996,petrol,Manual
Fiat,Uno,1998,diesel,Manual
BYD,L3,2023,cng,Automatic
Nissan,Sunny,2026,cng,Automatic
Opel,Astra,2019,diesel,Automatic
Skoda,Kodiaq,2025,cng,Automatic
BYD,F3,2017,petrol,Manual
MG,GT,2023,petrol,Automatic
Opel,Astra,2015,cng,Manual
Nissan,Sentra,2018,diesel,Automatic
Mitsubishi,Eclipse Cross,2018,cng,Automatic
Toyota,Corolla,2009,cng,Automatic
Proton,Saga,2011,diesel,Automatic
Chevrolet,Cruze,2016,cng,Automatic
Kia,Sorento,2021,petrol,Automatic
Geely,Okavango,2024,petrol,Automatic
Kia,K3,2016,petrol,Automatic
Hyundai,I10,2016,cng,Automatic
MG,350,2012,diesel,Automatic
Hyundai,Elantra HD,2007,petrol,Manual
Mitsubishi,Lancer Puma,2013,diesel,Automatic
Skoda,Octavia A4,2009,petrol,Automatic
Opel,Corsa,2007,petrol,Manual
Peugeot,301,2018,petrol,Automatic
Mercedes,B180,2014,diesel,Automatic
Opel,Mokka,2016,diesel,Automatic
Chery,Tiggo 8,2022,petrol,Automatic
Hyundai,Coupe,2007,petrol,Manual
Hyundai,Elantra,2005,petrol,Manual
BMW,116,2012,petrol,Automatic
BMW,316,2007,petrol,Manual
Porsche,Cayenne,2009,petrol,Automatic
Renault,Logan,2015,diesel,Automatic
Speranza,Tiggo,2017,petrol,Automatic
Peugeot,405,1991,cng,Manual
Kia,Cerato,2014,cng,Automatic
Skoda,Octavia A5,2005,petrol,Manual
Mitsubishi,Lancer EX Shark,2017,cng,Automatic
Mitsubishi,Lancer EX Shark,2008,petrol,Automatic
Mitsubishi,Xpander Cross,2023,petrol,Automatic
Nissan,Sentra,2019,diesel,Automatic
Mahindra,Scorpio,2012,diesel,Automatic
Citroën,C5,2021,diesel,Automatic
Fiat,Grand Punto,2019,cng,Automatic
Mercedes,180,2014,petrol,Automatic
Chery,Tiggo 8,2021,petrol,Automatic
Speranza,M12,2011,diesel,Manual
Volkswagen,Passat,2006,diesel,Automatic
Mercedes,C180,2016,diesel,Automatic
Peugeot,207,2008,petrol,Automatic
Hyundai,Verna,2013,diesel,Manual
Hyundai,Accent RB,2012,petrol,Manual
Kia,Cerato,2016,diesel,Automatic
Kia,Grand Cerato,2023,petrol,Automatic
Fiat,128,1977,diesel,Manual
Renault,Sandero,2015,diesel,Automatic
Mercedes,C200,2019,hybrid,Automatic
Seat,Cordoba,2009,diesel,Automatic
Geely,Ck,2009,diesel,Manual
Porsche,Macan,2026,diesel,Automatic
Mitsubishi,Pajero,2010,petrol,Automatic
Citroën,C5 Aircross,2022,diesel,Automatic
Nissan,Sunny,2022,petrol,Manual
MG,6,2022,diesel,Automatic
Fiat,Linea,2013,petrol,Automatic
Chevrolet,Pickup,2017,diesel,Manual
Fiat,Punto,2003,petrol,Automatic
Daewoo,Nubira,2007,petrol,Automatic
Fiat,Uno,2002,petrol,Manual
Mitsubishi,Lancer Puma,2010,petrol,Automatic
Geely,Emgrand X7,2019,diesel,Automatic
Hyundai,Accent RB,2011,petrol,Manual
Fiat,Siena,2002,diesel,Manual
Peugeot,2008,2024,petrol,Automatic
Chery,A5,2025,diesel,Automatic
Jetour,X70,2023,petrol,Automatic
Skoda,Fabia,2004,diesel,Manual
Suzuki,Swift Dzire,2018,petrol,Automatic
Volkswagen,Golf 6,2010,diesel,Automatic
Hyundai,Elantra,1994,petrol,Manual
MG,5,2013,petrol,Automatic
Lada,Granta,2022,diesel,Automatic
Senova,A1,2018,petrol,Automatic
Hyundai,Elantra MD,2009,petrol,Automatic
Nissan,Qashqai,2014,petrol,Manual
BMW,X3,2006,petrol,Automatic
Mercedes,180,2012,petrol,Automatic
Hyundai,Elantra AD,2020,diesel,Automatic
Renault,Duster,2016,diesel,Manual
Peugeot,405,1997,petrol,Manual
Skoda,Octavia A4,2000,petrol,Automatic
Toyota,Corolla,1989,petrol,Automatic
Kia,Grand Cerato,2020,petrol,Automatic
Speranza,A113,2009,diesel,Manual
Peugeot,406,2006,diesel,Automatic
Nissan,Sentra,2016,diesel,Automatic
Changan,Benni Mini,2014,petrol,Manual
Chevrolet,Optra,2017,diesel,Automatic
Hyundai,Avante,2006,petrol,Automatic
Fiat,Tipo,2025,petrol,Manual
Toyota,Yaris,2000,diesel,Manual
Jeep,Renegade,2016,cng,Automatic
Fiat,Siena,2000,diesel,Manual
Kia,Sportage,2012,diesel,Automatic
Hyundai,Elantra,2017,cng,Automatic
Nissan,Qashqai,2018,cng,Automatic
Hyundai,Verna,2009,cng,Manual
Hyundai,Elantra MD,2012,cng,Automatic
Opel,Crossland,2022,diesel,Automatic
Peugeot,207,2007,petrol,Manual
Kia,Cerato,2010,diesel,Manual
Nissan,Sunny,2025,diesel,Automatic
Nissan,Sunny,2012,diesel,Automatic
Chevrolet,T-Series,2016,diesel,Manual
Suzuki,Swift Dzire,2021,diesel,Automatic
Skoda,Octavia A4,2009,petrol,Manual
Fiat,Tempra,1991,petrol,Manual
Opel,Astra,2017,cng,Automatic
Chevrolet,Optra,2021,cng,Automatic
Chevrolet,T-Series,2018,petrol,Manual
Volkswagen,Golf 4,2002,diesel,Automatic
Suzuki,Van,2011,petrol,Manual
Honda,CRV,2008,petrol,Automatic
BMW,X5,2019,petrol,Automatic
Hyundai,Accent RB,2017,diesel,Automatic
Hyundai,Elantra HD,2010,diesel,Automatic
Peugeot,308,2013,petrol,Automatic
Kia,Shuma,2001,petrol,Automatic
Hyundai,Verna,2000,diesel,Automatic
Suzuki,Vitara,2017,diesel,Automatic
Peugeot,406,2002,petrol,Automatic
Hyundai,Elantra HD,2017,diesel,Automatic
Hyundai,Elantra MD,2014,petrol,Automatic
Honda,ZRV,2024,petrol,Automatic
Suzuki,Baleno,2022,diesel,Automatic
Opel,Insignia,2017,diesel,Automatic
Chery,Tiggo 8,2026,petrol,Dsg
Audi,A5,2016,petrol,Automatic
Isuzu,D-Max,2024,petrol,Automatic
Renault,Logan,2019,diesel,Automatic
Mitsubishi,Mirage,2025,petrol,Automatic
Toyota,Corolla,2022,diesel,Automatic
Skoda,Octavia A5,2007,petrol,Automatic
Fiat,Petra,2003,petrol,Manual
Mitsubishi,Lancer Crystala,2000,petrol,Manual
Kia,Carens,2010,petrol,Manual
Suzuki,Van,2024,diesel,Manual
Brilliance,V6,2020,petrol,Automatic
Honda,City,2015,petrol,Automatic
Peugeot,308,2012,petrol,Automatic
Ford,Focus,2004,petrol,Automatic
Proton,Waja,2006,petrol,Automatic
Audi,Q7,2016,petrol,Automatic
Subaru,Impreza,2010,petrol,Manual
Renault,Captur,2016,diesel,Automatic
Fiat,Uno,2006,petrol,Manual
Volkswagen,Golf 3,1994,petrol,Automatic
Volvo,S60,2004,petrol,Automatic
Mitsubishi,Lancer Puma,2013,petrol,Manual
Hyundai,Coupe,2013,petrol,Automatic
Nissan,Sunny,2014,diesel,Automatic
Chevrolet,Aveo,2009,diesel,Manual
Hyundai,Atos,1998,diesel,Manual
Kia,K3,2014,petrol,Automatic
Daihatsu,Sirion,2007,petrol,Automatic
Skoda,Octavia,2006,diesel,Automatic
Changan,Alsvin,2022,petrol,Automatic
Nissan,Juke,2014,petrol,Automatic
Brilliance,Galena,2009,diesel,Automatic
Citroën,C4 Grand Picasso,2020,diesel,Automatic
Skoda,Felicia,1997,diesel,Manual
BMW,X3,2008,petrol,Automatic
Kia,Xceed,2022,diesel,Automatic
Mitsubishi,Lancer EX Shark,2014,diesel,Automatic
Kia,Rio,2017,diesel,Automatic
Mercedes,E300,2022,diesel,Automatic
Toyota,Fortuner,2015,petrol,Automatic
Geely,Pandino,2015,petrol,Manual
Hyundai,Accent RB,2016,petrol,Automatic
Citroën,C4 Grand Picasso,2020,petrol,Automatic
Mercedes,C180,2023,diesel,Automatic
Renault,Sandero Stepway,2015,diesel,Automatic
Volkswagen,Beetle,1979,petrol,Manual
Hyundai,I10,2011,petrol,Manual
Peugeot,405,1996,petrol,Automatic
Daewoo,Nubira,1999,diesel,Automatic
Opel,Vectra,2006,petrol,Manual
Kia,Sorento,2008,petrol,Automatic
Citroën,C3,2004,diesel,Manual
Peugeot,3008,2022,diesel,Automatic
Renault,Sandero,2017,diesel,Automatic
Citroën,C4,2006,petrol,Manual
Suzuki,Swift Dzire,1995,petrol,Manual
Chevrolet,T-Series,2013,diesel,Manual
BMW,X1,2017,diesel,Automatic
Skoda,Octavia A4,2003,petrol,Manual
Volkswagen,Tiguan,2020,diesel,Automatic
Peugeot,308 SW,2009,petrol,Automatic
Ford,Mondeo,1997,petrol,Manual
SsangYong,Torres,2024,hybrid,Automatic
Hyundai,Avante,2008,petrol,Automatic
Volkswagen,Jetta,2016,petrol,Automatic
Mercedes,E200,1999,petrol,Automatic
Hyundai,I20,2011,diesel,Automatic
Mercedes,180,2015,petrol,Automatic
Ford,Fiesta,2014,diesel,Automatic
Volkswagen,Jetta,2014,petrol,Automatic
Seat,Ibiza,1998,petrol,Automatic
Volkswagen,Touareg,2024,petrol,Automatic
Honda,Civic,2012,petrol,Automatic
Brilliance,V6,2019,petrol,Automatic
BMW,X3 M,2011,petrol,Automatic
Mercedes,C180,2002,petrol,Automatic
JAC,S2,2017,petrol,Automatic
Mitsubishi,Xpander Cross,2021,petrol,Automatic
Mitsubishi,Lancer EX Shark,2016,hybrid,Automatic
Skoda,Octavia A4,2003,diesel,Automatic
Fiat,Tipo,2018,petrol,Manual
Skoda,Fabia,2005,diesel,Automatic
Changan,Benni Mini,2013,diesel,Manual
Volkswagen,Tiguan,2016,petrol,Automatic
Hyundai,Matrix,2009,petrol,Manual
Honda,CRV,2021,diesel,Automatic
Toyota,Corolla,1999,diesel,Automatic
Fiat,Tempra,1999,petrol,Manual
Mitsubishi,Lancer EX Shark,2009,petrol,Automatic
Chevrolet,Lanos,2013,diesel,Manual
Skoda,Octavia A4,2000,diesel,Automatic
Daewoo,Matiz,2001,petrol,Automatic
Suzuki,Vitara,2022,petrol,Automatic
Kia,K3,2014,petrol,Manual
Kia,Cerato,2009,petrol,Manual
Geely,Coolray,2023,petrol,Automatic
Seat,Ibiza,2021,diesel,Automatic
Daihatsu,Terios,2000,petrol,Manual
Mitsubishi,Eclipse Cross,2023,petrol,Automatic
Audi,Q7,2024,petrol,Automatic
JAC,JS3,2023,petrol,Automatic
Kia,Soul,2009,petrol,Automatic
SsangYong,Tivoli,2021,diesel,Automatic
Honda,ZRV,2021,hybrid,Automatic
BYD,L3,2023,petrol,Automatic
Mercedes,E200,1975,petrol,Manual
Jeep,Cherokee,1991,petrol,Automatic
Hyundai,Elantra,1995,diesel,Automatic
Kia,Soul,2015,diesel,Automatic
Fiat,Linea,2023,petrol,Manual
BMW,X4,2018,diesel,Automatic
Geely,Emgrand X7,2011,petrol,Automatic
Jeep,Renegade,1977,petrol,Manual
Nissan,Sunny,2019,petrol,Manual
Hyundai,Avante,2012,petrol,Automatic
Honda,Civic,1997,diesel,Manual
Nissan,Juke,2017,diesel,Automatic
Hyundai,Accent RB,2021,diesel,Automatic
Toyota,Corolla,1993,diesel,Manual
Chery,A5,2022,petrol,Automatic
Hyundai,Verna,2004,hybrid,Manual
Kia,Shuma,2000,petrol,Automatic
Opel,Astra,2003,diesel,Automatic
SsangYong,Tivoli XLV,2019,diesel,Automatic
Mercedes,500,2026,petrol,Automatic
Hyundai,Verna,2016,diesel,Manual
Hyundai,IX35,2015,diesel,Automatic
Renault,Duster,2013,diesel,Manual
Renault,Sandero,2015,petrol,Automatic
Hyundai,Avante,2004,diesel,Automatic
Toyota,Corolla,2021,petrol,Manual
Mercedes,C180,2013,diesel,Automatic
Chery,Tiggo,2015,hybrid,Automatic
BYD,L3,2016,petrol,Manual
Hyundai,XD,2006,petrol,Manual
BAIC,X7,2023,diesel,Automatic
Volkswagen,T-Roc,2022,petrol,Automatic
Nissan,Sunny,2015,petrol,Manual
Nissan,Sunny,1998,cng,Manual
Opel,Insignia,2017,cng,Automatic
Seat,Tarraco,2022,petrol,Automatic
Suzuki,Ciaz,2024,diesel,Automatic
Peugeot,5008,2013,petrol,Automatic
Opel,Corsa,2012,diesel,Automatic
Ford,Focus,2014,cng,Automatic
Volkswagen,Passat,2010,diesel,Automatic
Chevrolet,Optra,2021,diesel,Automatic
Hyundai,Accent,2009,diesel,Automatic
BYD,F3,2020,diesel,Manual
Fiat,Tipo,2020,diesel,Manual
Hyundai,Getz,2011,cng,Manual
BMW,X3,2017,hybrid,Automatic
Kia,Picanto,2016,diesel,Automatic
Nissan,Sunny,2019,cng,Automatic
Mercedes,E200,2006,petrol,Automatic
Speranza,Tiggo,2011,petrol,Manual
Honda,Accord,2022,diesel,Automatic
Fiat,Dogan,1997,petrol,Manual
Chevrolet,Optra,2014,petrol,Automatic
Mercedes,CLA200,2020,diesel,Automatic
Renault,Duster,2011,petrol,Manual
Hyundai,Tucson,2025,diesel,Automatic
Mercedes,GLA200,2021,diesel,Automatic
SsangYong,Tivoli,2017,petrol,Automatic
Fiat,Dogan,1996,petrol,Manual
BMW,X3,2012,petrol,Automatic
Hyundai,Santa Fe,2022,hybrid,Automatic
Suzuki,Baleno,2025,petrol,Automatic
Opel,Vectra,2001,diesel,Automatic
Daewoo,Lacetti,2005,petrol,Automatic
Renault,Duster,2013,petrol,Manual
Kia,Sephia,1996,petrol,Manual
Fiat,Grand Punto,2019,diesel,Automatic
Kia,Carnival,2011,petrol,Automatic
Mercedes,E200,2002,petrol,Automatic
Hyundai,Excel,1998,diesel,Manual
Daewoo,Matiz,2001,hybrid,Automatic
Chery,Tiggo,2014,petrol,Manual
Kia,Soul,2009,diesel,Automatic
Changan,Alsvin,2024,petrol,Automatic
Volkswagen,T-Roc,2022,diesel,Automatic
Peugeot,405,2009,petrol,Automatic
Chevrolet,Lanos,2004,petrol,Automatic
Skoda,Octavia A4,1999,diesel,Manual
Fiat,500,2020,diesel,Automatic
Skoda,Octavia A4,2005,petrol,Automatic
BYD,F3,2016,petrol,Manual
Volkswagen,Passat,2015,petrol,Automatic
Suzuki,S-Presso,2025,petrol,Automatic
Hyundai,Elantra HD,2021,hybrid,Automatic
Nissan,X-Trail,2012,petrol,Automatic
Hyundai,Verna,2013,petrol,Automatic
Hyundai,Elantra CN7,2021,diesel,Automatic
Daewoo,Matiz,1999,diesel,Manual
Chery,Tiggo 7,2023,petrol,Manual
Opel,Astra,2004,petrol,Manual
Daihatsu,Terios,1999,petrol,Manual
Speranza,Tiggo,2011,diesel,Manual
Citroën,C4,2005,petrol,Manual
Seat,Ibiza,1993,petrol,Manual
Jetour,X95,2023,diesel,Automatic
Jetour,X90 Plus,2024,diesel,Automatic
Fiat,Regata,1988,petrol,Manual
Kia,Sephia,2000,petrol,Manual
Citroën,C5,2015,petrol,Automatic
Mitsubishi,Lancer Puma,2007,diesel,Manual
Fiat,Punto,2015,petrol,Automatic
Chevrolet,N300,2016,diesel,Manual
Peugeot,508,2017,diesel,Automatic
Peugeot,301,2016,diesel,Automatic
Peugeot,406,1999,petrol,Automatic
Ford,Focus,2012,diesel,Automatic
Renault,Duster,2014,petrol,Manual
Chevrolet,T-Series,2021,diesel,Manual
Skoda,Octavia,2003,petrol,Manual
Skoda,Felicia,1995,diesel,Manual
Toyota,Corolla,2019,hybrid,Automatic
Renault,Fluence,2012,diesel,Automatic
Land Rover,Range Rover,2007,petrol,Automatic
Hyundai,Verna,2010,diesel,Automatic
Mitsubishi,Eclipse Cross,2018,diesel,Automatic
Chery,Arrizo 5,2021,petrol,Manual
Lada,Granta,2021,hybrid,Automatic
Chery,Tiggo 3,2017,hybrid,Automatic
Daihatsu,Grand Terios,2012,petrol,Automatic
Kia,Pride,2001,diesel,Automatic
Speranza,A516,2007,diesel,Automatic
Subaru,XV,2017,diesel,Automatic
Changan,CS35,2022,petrol,Automatic
Lada,2107,2007,diesel,Manual
Speranza,A213,2008,diesel,Manual
Peugeot,307,2005,diesel,Manual
Audi,Q2,2020,diesel,Automatic
Chevrolet,Spark,2012,diesel,Manual
Seat,Ateca,2019,petrol,Automatic
Peugeot,3008,2020,diesel,Automatic
Geely,Emgrand 7,2015,hybrid,Manual
Peugeot,301,2018,petrol,Manual
Volkswagen,Jetta,2008,diesel,Automatic
Peugeot,308,2016,petrol,Automatic
BMW,116,2008,petrol,Automatic
Mitsubishi,Lancer,1993,diesel,Manual
Proton,Waja,2008,petrol,Automatic
Chery,Envy,2018,diesel,Automatic
Volkswagen,Passat,1998,petrol,Manual
Honda,Civic,2003,petrol,Manual
Mitsubishi,Lancer Puma,2003,diesel,Automatic
Skoda,Octavia A4,1997,diesel,Automatic
Fiat,Shahin,1998,diesel,Manual
Kia,Spectra,2001,diesel,Automatic
Skoda,Octavia A5,2009,diesel,Automatic
Mercedes,GLC300,2020,diesel,Automatic
Chevrolet,N300,2016,petrol,Manual
Honda,City,2005,petrol,Manual
Mini,Cooper,2016,diesel,Automatic
Speranza,Tiggo,2012,petrol,Manual
Hyundai,Avante,2006,petrol,Manual
Renault,Logan,2021,diesel,Automatic
Renault,19,1991,petrol,Manual
Mercedes,200,2023,diesel,Automatic
Seat,Arona,2022,petrol,Automatic
Volkswagen,Golf 3,1994,diesel,Manual
Daewoo,Lanos,2001,diesel,Automatic
Changan,CS35,2021,diesel,Automatic
Jeep,Cherokee,1996,diesel,Automatic
Renault,Logan,2021,petrol,Manual
Toyota,Corolla,1996,petrol,Automatic
Nissan,Tiida,2010,cng,Automatic
Hyundai,IX35,2013,diesel,Automatic
Suzuki,Swift,2017,petrol,Automatic
Skoda,Superb,2023,diesel,Automatic
Volkswagen,Golf 4,1999,petrol,Manual
Chery,Tiggo 7,2023,diesel,Automatic
Hyundai,Getz,2005,petrol,Manual
Suzuki,Van,2023,petrol,Manual
BMW,740,2011,petrol,Automatic
MG,ZS,2025,cng,Automatic
Seat,Toledo,2005,petrol,Manual
Hyundai,Matrix,2001,petrol,Manual
Kia,Rio,2004,diesel,Automatic
Chevrolet,N300,2019,petrol,Manual
Chevrolet,Spark,2008,cng,Manual
Ford,EcoSport,2017,petrol,Automatic
Mercedes,180,2019,petrol,Automatic
Chery,Tiggo,2009,petrol,Manual
Mercedes,E200,2014,cng,Automatic
Opel,Corsa,2003,cng,Automatic
Kia,Cerato,2018,diesel,Automatic
Skoda,Fabia,2022,petrol,Automatic
Fiat,128,1988,diesel,Manual
BMW,520i,2005,cng,Automatic
Kia,K3,2022,cng,Automatic
Chevrolet,Optra,2015,diesel,Automatic
Ford,Focus,2023,petrol,Automatic
Volkswagen,Tiguan,2010,petrol,Manual
Peugeot,307 SW,2007,diesel,Automatic
Renault,Megane,2019,cng,Automatic
Speranza,M11,2012,petrol,Automatic
Mercedes,A200,2021,diesel,Automatic
Kia,Soul,2018,petrol,Automatic
Mercedes,C180,2020,diesel,Automatic
Hyundai,Matrix,2002,diesel,Automatic
Lada,Granta,2021,petrol,Manual
Volkswagen,Jetta,2013,petrol,Automatic
Volkswagen,Golf 7,2014,diesel,Automatic
Kia,Sephia,1998,petrol,Manual
DFSK,Glory,2016,petrol,Manual
Chery,Arrizo 5,2022,diesel,Manual
Toyota,Yaris,2014,diesel,Automatic
Lada,Granta,2022,cng,Manual
Brilliance,FRV Cross,2011,petrol,Manual
Toyota,Yaris,2018,petrol,Automatic
Hyundai,Accent,2005,diesel,Manual
Opel,Corsa,2016,diesel,Automatic
Volkswagen,Bora,2000,petrol,Manual
Toyota,Corolla,2026,hybrid,Automatic
Toyota,Urban Cruiser,2025,petrol,Automatic
Kia,Forte,2013,petrol,Automatic
Subaru,Impreza,2019,diesel,Automatic
Mercedes,C200,2022,cng,Automatic
Toyota,Corolla,1999,diesel,Manual
Skoda,Kodiaq,2022,cng,Automatic
Mercedes,E180,2019,cng,Automatic
BMW,320i,2026,cng,Automatic
Chevrolet,Optra,2022,cng,Automatic
Hyundai,Verna,2015,cng,Manual
BMW,X1,2021,diesel,Automatic
Nissan,Sunny,2026,diesel,Manual
BMW,523,1999,petrol,Automatic
Renault,Megane,2015,petrol,Automatic
Kia,Carnival MPV,2025,hybrid,Automatic
Mercedes,E240,2004,petrol,Automatic
Mazda,3,2010,diesel,Automatic
DS,DS7,2020,petrol,Automatic
Hyundai,Accent,2001,petrol,Automatic
Skoda,Octavia A4,2001,diesel,Manual
Mitsubishi,Lancer,2005,diesel,Automatic
Mitsubishi,Lancer,2007,diesel,Automatic
JAC,JS4,2022,petrol,Automatic
Chery,Tiggo 3,2019,diesel,Automatic
Kia,Forte,2012,petrol,Automatic
Seat,Ibiza,2007,petrol,Manual
Citroën,C5 Aircross,2022,petrol,Automatic
Renault,Clio,2003,diesel,Manual
Mini,Countryman S,2014,petrol,Automatic
Peugeot,405,2007,petrol,Automatic
Kia,Rio,2013,diesel,Automatic
Chrysler,Town & Country,2012,petrol,Automatic
Peugeot,207,2008,petrol,Manual
SsangYong,Tivoli XLV,2017,petrol,Automatic
Peugeot,406,1997,petrol,Manual
Fiat,Tipo,2019,diesel,Manual
Kia,Xceed,2024,hybrid,Automatic
Kia,Cerato,2007,petrol,Automatic
Nissan,Sunny,2013,diesel,Automatic
Suzuki,Swift,2006,petrol,Automatic
Opel,Vectra,1991,petrol,Manual
Volkswagen,Passat,2007,diesel,Automatic
BYD,F3,2018,diesel,Automatic
Kia,Spectra,2001,petrol,Automatic
Daewoo,Nubira,1998,diesel,Manual
Nissan,Sunny,1999,diesel,Manual
Fiat,Tempra,1996,petrol,Manual
Fiat,1300,1998,diesel,Manual
Chery,A15,2009,petrol,Manual
Senova,A1,2016,diesel,Automatic
Proton,Saga,2021,petrol,Automatic
Hyundai,Elantra HD,2007,diesel,Automatic
Mercedes,CLA180,2016,petrol,Automatic
Speranza,A620,2007,diesel,Automatic
Lada,Granta,2019,diesel,Manual
Hyundai,Verna,2008,petrol,Automatic
Hyundai,Elantra,2006,petrol,Automatic
Volkswagen,Tiguan,2017,petrol,Automatic
BYD,F3,2023,diesel,Automatic
Nissan,Sunny,1992,petrol,Manual
Lada,Granta,2015,petrol,Manual
Honda,City,2013,diesel,Automatic
Nissan,X-Trail,2010,petrol,Automatic
Honda,Civic,1999,petrol,Manual
Geely,Emgrand X7,2020,petrol,Automatic
BYD,L3,2017,petrol,Manual
Volkswagen,Tiguan,2024,petrol,Manual
Toyota,Echo,2002,petrol,Manual
Mercedes,200,1994,petrol,Manual
Citroën,C5,2020,cng,Automatic
BMW,X1,2020,cng,Automatic
Mercedes,C200,2002,petrol,Automatic
Mitsubishi,Lancer EX Shark,2015,cng,Automatic
Jeep,Liberty,2007,diesel,Automatic
Toyota,Echo,2000,petrol,Automatic
Honda,CRV,2020,petrol,Automatic
Daewoo,Nubira,2002,cng,Automatic
Fiat,Punto,2008,diesel,Manual
Skoda,Kodiaq,2026,diesel,Automatic
Dodge,Challenger,2022,diesel,Automatic
Volkswagen,Passat,2006,cng,Automatic
Geely,Coolray,2024,diesel,Automatic
SsangYong,Torres,2024,cng,Automatic
Kia,Soul,2010,diesel,Automatic
Brilliance,FSV,2010,petrol,Automatic
Hyundai,Accent,2018,petrol,Automatic
Mercedes,CLA180,2015,diesel,Automatic
Land Rover,Range Rover Vogue,2010,cng,Automatic
Skoda,Octavia A4,1999,cng,Automatic
Peugeot,508,2018,petrol,Automatic
Renault,Logan,2021,diesel,Manual
Kia,Sephia,2021,petrol,Manual
Subaru,XV,2018,petrol,Automatic
Mitsubishi,Colt,1996,petrol,Manual
Hyundai,Accent RB,2006,petrol,Manual
BYD,F3,2014,petrol,Manual
Hyundai,Accent RB,2016,cng,Automatic
Chevrolet,Aveo,2013,cng,Automatic
Hyundai,Tucson,2019,cng,Automatic
Daewoo,Lanos,2004,petrol,Automatic
Nissan,Qashqai,2023,petrol,Automatic
Audi,A4,2016,petrol,Automatic
Fiat,Grand Punto,2019,petrol,Automatic
Volkswagen,T-Roc,2023,hybrid,Automatic
Land Rover,Range Rover Vogue,2018,petrol,Automatic
BAIC,X7,2022,petrol,Automatic
Subaru,XV,2015,cng,Automatic
Mercedes,C180,2026,diesel,Automatic
Honda,Accord,1986,petrol,Automatic
Mercedes,E200,2022,hybrid,Automatic
Mercedes,C180,2018,diesel,Automatic
Peugeot,406,2003,cng,Automatic
Hyundai,Excel,1996,diesel,Automatic
Mercedes,C180,2002,hybrid,Automatic
Nissan,Tiida,2010,petrol,Automatic
Skoda,Octavia A4,2003,cng,Automatic
Volvo,S60,2015,petrol,Automatic
Renault,Duster,2015,cng,Manual
Skoda,Octavia A4,2001,diesel,Automatic
Fiat,132,1978,petrol,Manual
BYD,F3,2022,cng,Manual
Brilliance,FRV Cross,2010,petrol,Manual
Skoda,Octavia A7,2015,diesel,Automatic
BMW,118,2023,petrol,Automatic
Fiat,127,1987,diesel,Manual
Nissan,Sunny,2019,diesel,Automatic
MG,350,2011,petrol,Automatic
Fiat,Tipo,2020,cng,Automatic
Daewoo,Nubira,1997,diesel,Manual
Audi,Q3,2025,diesel,Automatic
Peugeot,208,2016,diesel,Automatic
Daewoo,Nubira,2006,diesel,Manual
BMW,X2,2026,diesel,Automatic
Kia,Sorento,2010,petrol,Automatic
Jetour,X70,2022,petrol,Manual
Hyundai,Elantra,2023,diesel,Automatic
Volkswagen,Caddy,2019,petrol,Manual
Hyundai,Excel,1996,diesel,Manual
BYD,F3,2023,diesel,Manual
Toyota,Fortuner,2024,diesel,Automatic
Kia,Sportage,2017,diesel,Automatic
Hyundai,XD,2006,petrol,Automatic
Speranza,Tiggo,2013,petrol,Manual
Mercedes,C180,2011,cng,Automatic
Volkswagen,Passat,2015,diesel,Automatic
Opel,Corsa,2022,diesel,Automatic
Chevrolet,Spark,2009,diesel,Manual
Mercedes,200,2021,diesel,Automatic
Volkswagen,Golf 4,2001,petrol,Automatic
Ford,Fiesta,2014,cng,Automatic
BYD,F3,2023,cng,Automatic
Fiat,Regata,1987,diesel,Manual
Opel,Astra,2000,petrol,Automatic
Renault,Kadjar,2021,diesel,Automatic
Opel,Meriva,2016,diesel,Automatic
Hyundai,Elantra,2005,petrol,Automatic
Toyota,Land Cruiser,1997,petrol,Automatic
Peugeot,508,2015,diesel,Automatic
Peugeot,308,2017,petrol,Automatic
Chevrolet,Optra,2006,diesel,Manual
Skoda,Octavia A5,2010,petrol,Automatic
Mitsubishi,Lancer EX Shark,2008,diesel,Automatic
MG,RX5,2023,diesel,Automatic
Cupra,Leon,2026,hybrid,Automatic
Kia,Picanto,2010,diesel,Manual
Renault,Captur,2015,petrol,Automatic
Daewoo,Leganza,2000,diesel,Automatic
Peugeot,308 SW,2010,petrol,Automatic
Peugeot,407,2007,petrol,Automatic
Hyundai,Elantra HD,2008,petrol,Automatic
Mercedes,C180,2025,diesel,Automatic
Nissan,Sentra,2021,diesel,Manual
Speranza,A516,2009,hybrid,Automatic
Kia,Carens,2010,diesel,Automatic
Audi,Q7,2014,petrol,Automatic
Hyundai,Elantra HD,2008,hybrid,Automatic
BMW,528,2013,petrol,Automatic
Skoda,Octavia A4,2008,diesel,Automatic
Mitsubishi,Colt,1988,petrol,Manual
Seat,Ibiza,2023,petrol,Automatic
Honda,CRV,2025,petrol,Automatic
Citroën,C4,2025,petrol,Automatic
Mercedes,GLA200,2023,diesel,Automatic
Fiat,132,1978,diesel,Manual
Peugeot,5008,2020,diesel,Automatic
BMW,528,2015,petrol,Automatic
Lada,Granta,2018,petrol,Automatic
Chevrolet,Aveo,2014,diesel,Automatic
Chery,Arrizo 5,2019,diesel,Automatic
Hyundai,Avante,2002,petrol,Automatic
Chrysler,Town & Country,2015,petrol,Automatic
Hyundai,IX35,2016,cng,Automatic
Daihatsu,Sirion,2008,petrol,Automatic
Chevrolet,Lanos,2011,diesel,Manual
Volkswagen,Golf 3,1994,petrol,Manual
Kia,Sportage,2019,cng,Automatic
Brilliance,FSV,2013,diesel,Automatic
SsangYong,Tivoli,2016,diesel,Automatic
Mercedes,C180,2010,cng,Automatic
Mercedes,E200,2022,diesel,Automatic
Mazda,3,2019,diesel,Automatic
Subaru,XV,2020,cng,Automatic
Daewoo,Nubira,2004,diesel,Automatic
Speranza,Tiggo,2014,diesel,Manual
Mercedes,C300,2011,diesel,Automatic
Jeep,Cherokee,2011,cng,Automatic
Hyundai,Accent,2012,diesel,Automatic
BMW,520i,1992,diesel,Automatic
Land Rover,Range Rover Evoque,2015,petrol,Automatic
Nissan,Sunny,2020,hybrid,Automatic
Hyundai,Elantra HD,2011,cng,Automatic
Renault,Sandero,2012,diesel,Manual
Peugeot,307 SW,2008,diesel,Automatic
Skoda,Kodiaq,2023,diesel,Automatic
Mercedes,180,2000,petrol,Automatic
Toyota,C-HR,2017,diesel,Automatic
Lada,Granta,2022,cng,Automatic
Mitsubishi,Lancer Crystala,1999,hybrid,Manual
Opel,Corsa,2008,petrol,Manual
BMW,Z4,2019,petrol,Automatic
BMW,316,1993,petrol,Automatic
Soueast,S07,2026,petrol,Dsg
Changan,CS55 Plus,2026,petrol,Dsg
Mercedes,E180,2018,diesel,Automatic
Nissan,Sunny,2013,petrol,Manual
Geely,GX3 Pro,2024,cng,Automatic
Toyota,Corona,1993,petrol,Automatic
Nissan,Sentra,2021,cng,Automatic
BMW,X1,2022,petrol,Automatic
Hyundai,Tucson,2023,diesel,Automatic
Proton,Gen-2,2010,petrol,Automatic
Renault,Taliant,2024,petrol,Automatic
Seat,Ateca,2018,cng,Automatic
Mercedes,180,2011,petrol,Automatic
Mitsubishi,Lancer,2016,cng,Automatic
Jeep,Liberty,2005,diesel,Automatic
Seat,Toledo,2014,petrol,Automatic
Maserati,Grecale,2024,petrol,Automatic
Suzuki,Alto,2019,diesel,Manual
Hyundai,Avante,2013,diesel,Automatic
Chevrolet,T-Series,2022,diesel,Manual
BMW,X4,2023,petrol,Automatic
Daewoo,Lanos,2003,cng,Manual
Skoda,Octavia A4,2008,hybrid,Automatic
Citroën,C3 Aircross,2020,diesel,Automatic
MG,7,2026,petrol,Dsg
BMW,316,2005,petrol,Automatic
Kia,Cerato,2018,petrol,Manual
Hyundai,Matrix,2007,diesel,Automatic
BMW,525,1998,petrol,Automatic
Renault,Duster,2020,cng,Automatic
Nissan,X-Trail,2013,petrol,Automatic
Chery,Tiggo,2012,petrol,Manual
Honda,Civic,1990,petrol,Automatic
Fiat,Grand Punto,2015,petrol,Automatic
Mercedes,EQS450,2025,electric,Automatic
JAC,JS3,2015,petrol,Automatic
Hyundai,Verna,2013,diesel,Automatic
Kia,Soul,2020,petrol,Automatic
Citroën,C5,2020,diesel,Automatic
Kia,Grand Cerato,2022,diesel,Automatic
Daihatsu,Charade,1990,petrol,Manual
Seat,Toledo,2001,petrol,Automatic
Geely,Emgrand,2017,cng,Manual
Jeep,Cherokee,2012,diesel,Automatic
Proton,Gen-2,2008,diesel,Manual
Peugeot,301,2023,petrol,Automatic
Suzuki,Ertiga,2019,cng,Automatic
Volkswagen,Golf 6,2012,cng,Automatic
Mercedes,C180,2005,diesel,Automatic
Opel,Corsa,2012,diesel,Manual
Kia,Carens,2023,petrol,Automatic
Hyundai,Getz,2007,petrol,Manual
Jetour,T2,2025,petrol,Dsg
Kia,Sorento,2019,diesel,Automatic
BMW,523,2006,hybrid,Automatic
Fiat,Tempra,1990,diesel,Manual
Seat,Ibiza,1991,petrol,Manual
Toyota,Corolla,2019,diesel,Automatic
Hyundai,Tucson,2017,diesel,Automatic
Hyundai,Elantra HD,2010,petrol,Automatic
Renault,Clio,1998,petrol,Manual
Kia,Cerato Koup,2011,petrol,Automatic
Hyundai,I20,2011,petrol,Automatic
Chevrolet,Captiva,2011,diesel,Automatic
Kia,Sportage,2019,diesel,Automatic
Changan,CS35,2017,cng,Automatic
Nissan,Qashqai,2017,cng,Automatic
Opel,Corsa,2018,cng,Automatic
Chrysler,Town & Country,2001,petrol,Automatic
MG,One,2026,cng,Automatic
Hyundai,Sonata,2021,petrol,Automatic
Ford,Focus,2002,diesel,Automatic
Seat,Ateca,2021,diesel,Automatic
Land Rover,Range Rover,2017,petrol,Automatic
Changan,CS55,2021,petrol,Automatic
BMW,740,2018,petrol,Automatic
Fiat,500X,2017,petrol,Automatic
Volkswagen,Caddy,2012,petrol,Manual
Mercedes,S500,2014,petrol,Automatic
Speranza,Tiggo,2014,petrol,Manual
Lada,2107,1989,petrol,Manual
Kia,Cerato,2021,diesel,Automatic
Hyundai,Elantra HD,2011,petrol,Automatic
Suzuki,Van,2021,petrol,Manual
Hyundai,Elantra MD,2019,petrol,Automatic
Mazda,3,2006,petrol,Manual
Kia,Ceed,2019,petrol,Automatic
Mitsubishi,Eclipse Cross,2020,petrol,Automatic
Mercedes,CLA200,2026,diesel,Automatic
Nissan,Juke,2022,cng,Automatic
Peugeot,3008,2012,diesel,Automatic
Hyundai,XD,2000,petrol,Automatic
DFSK,Glory,2019,petrol,Manual
Hyundai,Avante,2015,petrol,Automatic
Changan,Eado,2022,diesel,Automatic
Chery,A5,2010,cng,Manual
Nissan,Juke,2026,diesel,Automatic
Honda,CRV,2024,diesel,Automatic
Volkswagen,Jetta,2009,diesel,Automatic
Suzuki,Van,2016,diesel,Manual
Chery,Tiggo 7,2014,cng,Automatic
BYD,L3,2022,petrol,Automatic
Peugeot,405,2002,petrol,Automatic
Ford,Fiesta,1997,cng,Manual
Volkswagen,Passat,2022,diesel,Automatic
Mercedes,180,2007,petrol,Automatic
BMW,X3,2009,diesel,Automatic
Opel,Corsa,1997,petrol,Manual
Hyundai,Excel,1992,petrol,Manual
Fiat,Dogan,1992,petrol,Manual
Kia,Cerato,2016,cng,Automatic
Peugeot,308,2014,petrol,Automatic
MG,One,2022,petrol,Automatic
Peugeot,508,2022,diesel,Automatic
Subaru,XV,2020,diesel,Automatic
Volkswagen,Touareg,2008,petrol,Automatic
Chery,Arrizo 5,2024,diesel,Automatic
Kia,Cerato,2006,cng,Manual
Chevrolet,Cruze,2011,diesel,Manual
Suzuki,Van,2015,diesel,Manual
Chevrolet,T-Series,2008,diesel,Manual
Chevrolet,Pickup,2011,petrol,Automatic
Volkswagen,Golf 6,2009,petrol,Automatic
Suzuki,Ciaz,2015,petrol,Automatic
Hyundai,Accent RB,2023,petrol,Automatic
Geely,Emgrand 7,2017,cng,Automatic
Toyota,Corolla,1986,petrol,Manual
Mitsubishi,Lancer Puma,2007,petrol,Manual
Kia,Shuma,1999,petrol,Manual
Chery,A5,2022,petrol,Manual
Kia,Carnival,2003,petrol,Automatic
Speranza,M11,2011,petrol,Manual
MG,HS,2026,petrol,Dsg
Chery,Tiggo 8 Pro,2026,petrol,Dsg
Hyundai,Tucson,2026,petrol,Dsg
Mitsubishi,Pajero,2010,diesel,Automatic
Kia,Picanto,2017,petrol,Automatic
BMW,525,2002,petrol,Automatic
Mercedes,200,1994,petrol,Automatic
BMW,520i,1996,petrol,Automatic
Jeep,Cherokee,2000,petrol,Manual
Hyundai,Atos,2008,petrol,Automatic
Chevrolet,Spark,2014,petrol,Manual
Chery,Arrizo 5,2019,petrol,Automatic
Kia,Sorento,2021,hybrid,Automatic
Audi,Q3,2018,petrol,Automatic
JAC,JS3,2018,diesel,Automatic
Speranza,Tiggo,2018,petrol,Automatic
Nissan,Sunny,2005,petrol,Manual
Mitsubishi,Lancer Crystala,1998,petrol,Automatic
Senova,A1,2018,petrol,Manual
Kia,K3,2015,petrol,Manual
Nissan,Sunny,2023,petrol,Manual
Volkswagen,Beetle,2005,petrol,Automatic
Renault,Clio,2003,petrol,Automatic
Porsche,Cayenne S,2023,petrol,Manual
Brilliance,V5,2015,petrol,Automatic
Honda,Accord,2024,petrol,Automatic
Mitsubishi,Lancer Crystala,1999,petrol,Automatic
Mercedes,230,1976,petrol,Manual
Ford,Focus,2015,petrol,Automatic
Hyundai,Excel,1994,petrol,Automatic
Opel,Grandland,2024,petrol,Manual
Hyundai,Elantra MD,2012,petrol,Manual
Kia,Sephia,2001,petrol,Manual
Mercedes,E200,1981,petrol,Automatic
BYD,F3,2017,cng,Automatic
Haval,H6,2025,petrol,Dsg
BMW,316,2006,petrol,Automatic
Honda,Civic,2016,petrol,Automatic
Chevrolet,Captiva,2013,petrol,Automatic
Chevrolet,T-Series,2005,diesel,Manual
Hyundai,Avante,2010,petrol,Automatic
Speranza,Envy,2015,petrol,Manual
Land Rover,Range Rover,2010,petrol,Automatic
Suzuki,Van,2018,petrol,Manual
Skoda,Octavia A4,2008,petrol,Manual
Nissan,Sunny,2001,petrol,Manual
Kia,Grand Cerato,2018,petrol,Automatic
Kia,Soul,2013,petrol,Automatic
Audi,A5,2013,petrol,Automatic
Honda,Civic,1991,petrol,Automatic
Toyota,Yaris,2016,petrol,Automatic
Hyundai,I10,2013,petrol,Manual
Nissan,Sentra,2020,petrol,Manual
Isuzu,D-Max,2013,petrol,Manual
Hyundai,Verna,2018,petrol,Manual
Hyundai,I30,1998,petrol,Manual
Nissan,Sunny,1998,petrol,Manual
Hyundai,Matrix,2004,petrol,Automatic
Mitsubishi,Lancer Puma,2004,petrol,Manual
Fiat,1300,1997,petrol,Manual
Mercedes,E240,2005,petrol,Automatic
Isuzu,D-Max,2015,petrol,Automatic
Chery,Arrizo 5,2024,petrol,Automatic
Kia,Cerato Koup,2013,petrol,Automatic
JAC,S3,2022,petrol,Automatic
Changan,Eado Plus,2022,petrol,Automatic
Hyundai,XD,2005,petrol,Manual
Lada,Granta,2024,petrol,Automatic
Peugeot,301,2021,petrol,Manual
Seat,Leon,2011,petrol,Automatic
Nissan,Sunny,2013,cng,Automatic
Chevrolet,T-Series,2026,petrol,Manual
Seat,Ibiza,2025,petrol,Dsg
Seat,Ibiza,2026,petrol,Dsg
Nissan,Qashqai,2025,petrol,Cvt
Jetour,T2,2026,petrol,Dsg
Cupra,Terramar,2026,petrol,Dsg
Soueast,S09,2026,petrol,Dsg
Fiat,500X,2025,petrol,Automatic
MG,RX5,2026,petrol,Dsg
Nissan,Juke,2025,petrol,Dsg
Renault,Kardian,2026,petrol,Cvt
Suzuki,Swift,2025,petrol,Cvt
Kia,Sportage,2025,petrol,Dsg
Audi,A5,2026,petrol,Dsg
Chery,Arrizo 5,2025,petrol,Cvt
MG,ZS,2026,petrol,Cvt
Mercedes,EQE350,2026,electric,Automatic
Changan,CS55 Plus,2025,petrol,Dsg
Volkswagen,T-Roc,2025,petrol,Dsg
Kia,Xceed,2025,petrol,Dsg
Renault,Austral,2025,petrol,Cvt
Renault,Taliant,2026,petrol,Cvt
Soueast,S05,2026,petrol,Dsg
Kia,Sportage,2026,petrol,Dsg
Chery,Arrizo 5,2026,petrol,Cvt
MG,5,2026,petrol,Cvt
Chery,Tiggo 7,2026,petrol,Dsg
BAIC,U5 Plus,2025,petrol,Cvt
Chevrolet,Optra,2026,petrol,Cvt
Audi,Q8,2021,petrol,Automatic
Zeekr,001,2023,electric,Automatic
Geely,Coolray,2025,petrol,Dsg
Hyundai,Tucson,2025,petrol,Dsg
Renault,Duster,2026,petrol,Dsg
Chery,Tiggo 4 Pro,2025,petrol,Cvt
Jetour,X70 Plus,2025,petrol,Dsg
Citroën,C4 Grand Picasso,2016,petrol,Automatic
Toyota,Corolla,2025,petrol,Cvt
Nissan,Sentra,2026,petrol,Cvt
Soueast,S06,2026,petrol,Dsg
Chery,Tiggo 7,2025,petrol,Dsg
Chevrolet,Optra,2025,petrol,Cvt
Jetour,X90 Plus,2026,petrol,Dsg
MG,One,2026,petrol,Cvt
JAC,J7,2025,petrol,Cvt
GAC,Empow,2025,petrol,Dsg
Zeekr,7X,2024,electric,Automatic
Avatr,11,2023,electric,Automatic
Haval,Jolion,2025,petrol,Dsg
Mercedes,G63,2026,petrol,Automatic
Cupra,Terramar,2025,petrol,Dsg
Skoda,Octavia A8,2025,petrol,Automatic
Mitsubishi,Eclipse Cross,2025,petrol,Cvt
Kia,Grand Cerato,2024,petrol,Automatic
Kaiyi,X3 Pro,2026,petrol,Cvt
Mercedes,GLC200,2023,hybrid,Automatic
Kaiyi,X7,2026,petrol,Dsg
Jetour,T1,2026,petrol,Dsg
Peugeot,2008,2025,petrol,Automatic
Changan,Eado Plus,2026,petrol,Dsg
Renault,Austral,2026,petrol,Cvt
Volkswagen,Tiguan,2025,petrol,Dsg
Haval,H6,2026,petrol,Dsg
BAIC,BJ30,2025,hybrid,Dsg
Opel,Grandland,2025,petrol,Automatic
Nissan,X-Trail,2026,hybrid,Cvt
MG,RX5,2025,petrol,Dsg
Renault,Megane,2026,petrol,Cvt
Chevrolet,N-Series,2026,diesel,Manual
Chevrolet,T-Series,2026,diesel,Manual
Haval,Jolion Pro,2025,petrol,Dsg
Chery,Tiggo 7 Pro Max,2026,petrol,Dsg
Chery,Arrizo 8,2026,petrol,Dsg
Suzuki,Swift Dzire,2025,petrol,Cvt
Opel,Mokka,2025,petrol,Automatic
Volkswagen,Golf,2025,petrol,Automatic
JAC,JS4,2025,petrol,Cvt
Jetour,T1,2025,petrol,Dsg
Changan,UNI-T,2025,petrol,Dsg
Jetour,Dashing,2025,petrol,Dsg
MG,5,2025,petrol,Cvt
Chevrolet,Captiva,2025,petrol,Cvt
Chery,Tiggo 8 Pro,2025,petrol,Dsg
JAC,S2,2025,petrol,Cvt
Hyundai,I20,2021,petrol,Automatic
Mercedes,C300,2011,petrol,Automatic
Mini,Cooper,2025,petrol,Dsg
Nissan,Sunny,2026,petrol,Manual
Changan,UNI-V,2026,petrol,Dsg
Renault,Taliant,2025,petrol,Cvt
MG,HS,2025,petrol,Dsg
BAIC,BJ30,2025,petrol,Dsg
Geely,Okavango,2024,petrol,Dsg
BAIC,X7,2025,petrol,Dsg
Honda,CRV,2024,petrol,Cvt
BAIC,X55,2025,petrol,Dsg
JAC,JS4,2024,petrol,Cvt
Renault,Duster,2025,petrol,Cvt
Jetour,X90 Plus,2025,petrol,Dsg
Renault,Kardian,2025,petrol,Cvt
Chevrolet,T-Series,2025,diesel,Manual
Honda,Accord,2024,petrol,Cvt
Seat,Arona,2025,petrol,Dsg
Renault,Megane,2023,petrol,Cvt
Chery,Tiggo 8,2025,petrol,Dsg
Nissan,X-Trail,2024,hybrid,Cvt
Nissan,Sentra,2025,petrol,Cvt
Skoda,Kodiaq,2024,petrol,Dsg
Chery,Tiggo 7 Pro,2024,petrol,Cvt
Mitsubishi,Attrage,2025,petrol,Cvt
Geely,Coolray,2024,petrol,Dsg
Renault,Austral,2024,petrol,Dsg
Shineray,X30,2025,petrol,Manual
Skoda,Kodiaq,2023,petrol,Dsg
