row_index,make,model,price_egp,price_egp_log,price_tier,raw_q05,monotonic_q05,raw_q10,monotonic_q10,raw_q50,monotonic_q50,raw_q90,monotonic_q90,raw_q95,monotonic_q95
5336,Fiat,Tipo,800000,13.592367006650065,standard,626224.2841244286,626224.2841244286,665599.1120893626,665599.1120893626,752534.4900332845,752534.4900332845,926480.3683234757,926480.3683234757,993998.6051443192,993998.6051443192
2376,Speranza,A516,220000,12.301382825334498,economy,288283.8738111874,288283.8738111874,301150.187867683,301150.187867683,347112.1834552725,347112.1834552725,439767.4646393632,439767.4646393632,495268.33019083366,495268.33019083366
4633,Mercedes,GLE450,6550000,15.694975607611434,ultra_luxury,1819050.4138607562,1819050.4138607562,2570952.0571390074,2570952.0571390074,4578404.670609428,4578404.670609428,5812377.578657611,5812377.578657611,6459135.269474812,6459135.269474812
1240,Geely,Emgrand 7,410000,12.92391243868049,economy,549070.1110627728,549070.1110627728,574869.7295025161,574869.7295025161,648810.9524089425,648810.9524089425,811060.2464032848,811060.2464032848,939355.6587831583,939355.6587831583
3577,Speranza,A516,230000,12.345834587905332,economy,203363.13168382016,203363.13168382016,228410.70808641953,228410.70808641953,262833.60715037165,262833.60715037165,336802.71226931293,336802.71226931293,365867.1280463439,365867.1280463439
8897,Nissan,Qashqai,1550000,14.253765488895429,luxury,1311269.1115914613,1311269.1115914613,1383669.0636554852,1383669.0636554852,1651431.797963081,1651431.797963081,1937804.8781281693,1937804.8781281693,2450532.6762514384,2450532.6762514384
6328,Jeep,Cherokee,400000,12.89921982609012,economy,230550.59287658,230550.59287658,241148.05552442154,241148.05552442154,309317.4972423173,309317.4972423173,498728.6004083238,498728.6004083238,649533.0353553895,649533.0353553895
12047,Daihatsu,Grand Terios,800000,13.592367006650065,standard,400376.6446618735,400376.6446618735,431794.5427909494,431794.5427909494,554543.806320259,554543.806320259,627673.0526407167,627673.0526407167,683196.2465035705,683196.2465035705
1412,Nissan,Qashqai,600000,13.304684934198283,standard,600110.6133834253,600110.6133834253,624014.4924103883,624014.4924103883,692667.6519922848,692667.6519922848,952486.9728909127,952486.9728909127,1043420.3505768502,1043420.3505768502
3774,BMW,740,870000,13.676248490630767,standard,945533.65612869,945533.65612869,966753.30556396,966753.30556396,1137850.474180741,1137850.474180741,1810816.8502044547,1810816.8502044547,2090520.524120852,2090520.524120852
11829,Kia,Rio,260000,12.468436909997664,economy,207350.27766013652,204018.41290721562,204018.41290721562,207350.27766013652,274178.16971929604,274178.16971929604,341020.368152138,341020.368152138,384930.6483125053,384930.6483125053
7912,Audi,Q4 E-Tron,2330000,14.661378825541885,luxury,1881282.128536986,1881282.128536986,2256693.7964847614,2256693.7964847614,2736753.4307099488,2736753.4307099488,3436262.4347532853,3436262.4347532853,4158779.4890646366,4158779.4890646366
6791,Nissan,Qashqai,1100000,13.9108207377686,standard,947038.9021837681,947038.9021837681,972071.8791940522,972071.8791940522,1095449.720222359,1095449.720222359,1355311.7319664678,1355311.7319664678,1615420.434487035,1615420.434487035
514,Suzuki,Alto,225000,12.323855681186558,economy,187872.24740585263,187872.24740585263,221841.6942477263,221841.6942477263,256464.713607218,256464.713607218,315957.5808587134,315957.5808587134,365159.7936390901,365159.7936390901
11874,Hyundai,Elantra CN7,1450000,14.187074114396758,standard,932607.0578281957,932607.0578281957,983176.4208014046,983176.4208014046,1192806.7505686425,1192806.7505686425,1476533.3650035404,1476533.3650035404,1520121.1889795323,1520121.1889795323
4603,Geely,Emgrand X7,750000,13.527828485512494,standard,745487.8978636543,745487.8978636543,791459.2590503861,791459.2590503861,973186.1335764145,973186.1335764145,1264250.2571132183,1264250.2571132183,1499528.337516419,1499528.337516419
4912,Geely,Pandino,310000,12.644327576461327,economy,390946.77112656174,390946.77112656174,432658.3838700526,432658.3838700526,493182.342327244,493182.342327244,672107.527054125,672107.527054125,775799.4576251969,775799.4576251969
1469,Jeep,Cherokee,925000,13.737549016494562,standard,844467.6345773002,844467.6345773002,930135.8479121167,930135.8479121167,1020830.7597861891,1020830.7597861891,1139167.1389409348,1124402.373607043,1124402.373607043,1139167.1389409348
8482,BMW,M3,5700000,15.555976732804778,ultra_luxury,2893114.122218597,2893114.122218597,4541070.86256587,4541070.86256587,7999972.607065503,7999972.607065503,9842274.911184123,9842274.911184123,11895091.569368275,11895091.569368275
9566,Fiat,Tipo,800000,13.592367006650065,standard,491059.586854911,491059.586854911,501675.2955657164,501675.2955657164,585167.6103280545,585167.6103280545,712896.9088590328,712896.9088590328,818580.2605627875,818580.2605627875
11633,Cupra,Leon,1900000,14.457364444136669,luxury,1952036.682995337,1952036.682995337,2589914.397951249,2589914.397951249,3523647.760262969,3523647.760262969,3835268.74867291,3835268.74867291,4004413.760677871,4004413.760677871
9202,Cupra,Leon,1955000,14.485900751401603,luxury,2083029.9204002046,2083029.9204002046,2832944.6303207558,2832944.6303207558,3771157.079416448,3771157.079416448,4071172.899272488,4071172.899272488,4321936.586740441,4321936.586740441
4671,SsangYong,Tivoli XLV,900000,13.710150042306449,standard,934642.2832823256,934642.2832823256,935889.9967308772,935889.9967308772,1056685.1103479923,1056685.1103479923,1483028.7666472374,1483028.7666472374,1688492.4060421514,1688492.4060421514
2655,Skoda,Superb,2050000,14.53335035111459,luxury,1539829.3661083882,1539829.3661083882,1928147.76256238,1928147.76256238,2197031.4088936877,1944296.6668788309,1944296.6668788309,2197031.4088936877,2251259.188518679,2251259.188518679
5001,Skoda,Superb,1750000,14.375126345899696,luxury,1279207.6936579128,1279207.6936579128,1500358.9225843146,1500358.9225843146,1709741.7101728038,1602196.7971389499,1602196.7971389499,1709741.7101728038,1834889.5257004788,1834889.5257004788
4363,Fiat,132,80000,11.289781913656018,economy,128520.18453937216,128520.18453937216,151722.16654201443,151722.16654201443,184229.98231965062,184229.98231965062,293086.12248252274,293086.12248252274,343621.93869422295,343621.93869422295
7565,Nissan,Qashqai,795000,13.58609739363647,standard,698612.4855790827,698612.4855790827,706738.3467236727,706738.3467236727,736272.9357595007,736272.9357595007,1054756.570729685,1054756.570729685,1199816.6966612684,1199816.6966612684
3179,Geely,Emgrand 7,235000,12.367340793126296,economy,267532.1399444177,267532.1399444177,285310.8227170444,285310.8227170444,374186.6774702884,374186.6774702884,556745.5095732819,556745.5095732819,640151.1925549301,640151.1925549301
10946,Subaru,Impreza,550000,13.217673557208654,standard,554957.7847000236,554957.7847000236,585053.332584333,585053.332584333,668083.841810804,668083.841810804,915555.5200763652,915555.5200763652,986690.0953393815,986690.0953393815
355,Cupra,Leon,1500000,14.22097566607244,standard,1678199.6599958122,1678199.6599958122,1982842.1728166041,1982842.1728166041,2457170.8471793486,2457170.8471793486,2537138.0779191367,2537138.0779191367,2708613.0628223657,2708613.0628223657
3856,Fiat,Punto,190000,12.154779351142624,economy,127326.87478096975,127326.87478096975,142409.48823865567,142409.48823865567,186507.09672979635,186507.09672979635,237790.64553107094,237790.64553107094,279497.55289209407,279497.55289209407
8315,Nissan,Qashqai,760000,13.541073712262516,standard,704867.6494078222,704867.6494078222,715972.8866229556,715972.8866229556,803372.8323922394,803372.8323922394,996278.3215255464,996278.3215255464,1177031.2509427397,1177031.2509427397
818,Geely,Emgrand X7,540000,13.199324418540456,standard,601241.8802494619,601241.8802494619,610728.3607790415,610728.3607790415,736970.9964761271,736970.9964761271,952962.0572155545,952962.0572155545,1089224.4544235514,1089224.4544235514
11121,Daihatsu,Grand Terios,600000,13.304684934198283,standard,443822.863800661,443822.863800661,469074.143895601,469074.143895601,571761.4093316025,571761.4093316025,807331.7004485102,807331.7004485102,871915.31378381,871915.31378381
400,Suzuki,Alto,225000,12.323855681186558,economy,175804.5156910674,175804.5156910674,211197.81042025945,211197.81042025945,252621.7309512005,252621.7309512005,311436.0761822046,311436.0761822046,346473.6143543113,346473.6143543113
94,Mercedes,GLE450,5750000,15.564710412773533,ultra_luxury,1748116.825629684,1748116.825629684,2461371.8154862556,2461371.8154862556,4065322.8319880827,4065322.8319880827,5153523.013393424,5153523.013393424,5715862.32667704,5715862.32667704
10403,MG,GT,1260000,14.04662227892766,standard,941928.1448887062,941928.1448887062,1076336.7637618436,1076336.7637618436,1090784.2507733963,1090784.2507733963,1525190.4887202717,1525190.4887202717,1693782.0135744498,1693782.0135744498
3779,Volvo,XC90,2450000,14.71159858252091,luxury,1987046.7598092377,1987046.7598092377,2299158.7325696857,2299158.7325696857,2611612.0516518545,2611612.0516518545,3721400.957901255,3721400.957901255,3766722.204865671,3766722.204865671
8769,Hyundai,Accent RB,560000,13.235692062711331,standard,478679.83991474466,478679.83991474466,505440.1437780469,505440.1437780469,511297.71096420096,511297.71096420096,689819.3781827815,689819.3781827815,773462.1407586767,773462.1407586767
4112,Kia,Rio,600000,13.304684934198283,standard,462411.1009951758,462411.1009951758,505101.5908272976,505101.5908272976,574006.5258498177,574006.5258498177,649682.5756394448,649682.5756394448,703861.1473514603,703861.1473514603
641,Daihatsu,Charade,400000,12.89921982609012,economy,188198.85179951484,188198.85179951484,244626.42439715215,244626.42439715215,286277.2434354105,286277.2434354105,352785.45227981836,352785.45227981836,443654.7959502255,443654.7959502255
2532,BMW,X5,5150000,15.45450727263992,ultra_luxury,2847547.045002866,2847547.045002866,4488636.777499371,4488636.777499371,6246774.027928418,6246774.027928418,7319711.4733516155,7298832.510910282,7298832.510910282,7319711.4733516155
352,Chevrolet,Aveo,360000,12.793859310432293,economy,239836.82012708773,239836.82012708773,256380.33194748912,256380.33194748912,352205.91327938583,352205.91327938583,415125.4825750457,415125.4825750457,441120.20400204277,441120.20400204277
12384,Volkswagen,Pointer,190000,12.154779351142624,economy,195148.9017406212,195148.9017406212,208668.20455254294,208668.20455254294,304497.26209104084,304497.26209104084,493597.35474616056,493597.35474616056,509531.5261874139,509531.5261874139
8593,Fiat,Punto,305000,12.628067055589549,economy,168740.16266294484,168740.16266294484,214866.04247715438,214866.04247715438,297470.9912732493,297470.9912732493,363876.38374645385,363876.38374645385,396748.1765181369,396748.1765181369
8510,Mercedes,GLA200,3250000,14.99416555430592,luxury,1732834.2638127138,1732834.2638127138,2389263.337500023,2389263.337500023,3602273.8660302986,3602273.8660302986,4615751.704225514,4615751.704225514,5353110.809458379,5353110.809458379
8416,Mercedes,GLA200,1600000,14.28551418721001,luxury,1125375.044453649,1125375.044453649,1330849.0876821403,1330849.0876821403,1686437.0149729203,1686437.0149729203,2053264.2699127349,2053264.2699127349,2393228.0337265995,2393228.0337265995
4946,Chevrolet,Aveo,460000,13.038981768465275,economy,406988.3847425132,406988.3847425132,428600.52194797684,428600.52194797684,500338.0068236743,500338.0068236743,572825.8945090354,572825.8945090354,617550.8996747388,617550.8996747388
11731,Fiat,Petra,140000,11.84939770159144,economy,115772.3667622987,115772.3667622987,132335.97606070974,132335.97606070974,165160.63821154146,165160.63821154146,230347.2347314803,230347.2347314803,281517.660755957,281517.660755957
2717,Jeep,Renegade,880000,13.687677186454389,standard,744110.8431573405,744110.8431573405,791220.3240443126,791220.3240443126,904962.1189261882,904962.1189261882,1008424.8471284369,1008424.8471284369,1096521.2948880203,1096521.2948880203
7292,Mercedes,G63,13700000,16.432906390798355,ultra_luxury,2995094.018983253,2995094.018983253,5120578.578788514,5120578.578788514,9331029.183877552,9331029.183877552,10968047.284037234,10968047.284037234,11982497.468141347,11982497.468141347
8235,Mitsubishi,Xpander,1490000,14.214286677921642,standard,930668.119301746,930668.119301746,969749.4092228436,969749.4092228436,1205148.0591140194,1205148.0591140194,1627171.083035247,1620986.4017673763,1620986.4017673763,1627171.083035247
1026,Chevrolet,Aveo,340000,12.736700896592344,economy,212476.33971085656,212476.33971085656,229594.88309790587,229594.88309790587,288322.2522337701,288322.2522337701,355538.71758192644,355538.71758192644,382007.8031985817,382007.8031985817
6988,Suzuki,Alto,375000,12.834681304952548,economy,372693.9105334708,372693.9105334708,424679.14311190514,424679.14311190514,577978.9281136948,577978.9281136948,621296.6854282096,621296.6854282096,669823.9844012919,669823.9844012919
3207,BMW,X5,2500000,14.73180128983843,luxury,1967488.8071748763,1967488.8071748763,2451295.9055781914,2451295.9055781914,2853260.797501425,2853260.797501425,3378189.1967562367,3378189.1967562367,3538072.438431464,3538072.438431464
11433,Mitsubishi,Mirage,425000,12.959844447906551,economy,217327.4758500026,217327.4758500026,239500.12948113668,239500.12948113668,302606.47290000576,302606.47290000576,412942.5409258953,412942.5409258953,450350.74205118907,450350.74205118907
5727,Chevrolet,Aveo,550000,13.217673557208654,standard,406539.2910965891,406539.2910965891,429808.8262770272,429808.8262770272,488477.2747339583,488477.2747339583,645529.538507405,645529.538507405,718305.3415918692,718305.3415918692
2075,BAIC,U5 Plus,890000,13.698976741708323,standard,765217.2537525004,757702.1119919175,769685.182919275,765217.2537525004,757702.1119919175,769685.182919275,1096165.384814391,1096165.384814391,1167953.0189131645,1167953.0189131645
2423,Kia,Rio,590000,13.287877815881902,standard,399945.9366554506,399945.9366554506,443398.5402737085,443398.5402737085,491696.008584267,491696.008584267,569993.4630550023,569993.4630550023,627848.0909709047,627848.0909709047
11497,Nissan,Qashqai,780000,13.567049198665774,standard,605436.6819457675,605436.6819457675,616817.424147459,616817.424147459,692948.3681343734,692948.3681343734,932752.584256871,932752.584256871,1040699.2654734133,1040699.2654734133
5357,Mercedes,S500,2500000,14.73180128983843,luxury,893052.0774552915,893052.0774552915,927178.3812654458,927178.3812654458,1234890.241974574,1234890.241974574,1869593.1103433312,1869593.1103433312,2234986.6244128067,2234986.6244128067
853,Kia,Rio,350000,12.765688433465597,economy,239270.7490319903,239270.7490319903,250217.9298354446,250217.9298354446,308861.6981436676,308861.6981436676,361413.15920732776,361413.15920732776,401630.7833985754,401630.7833985754
12015,Geely,Emgrand 7,320000,12.676076274775909,economy,271356.6333780773,271356.6333780773,274160.2772350682,274160.2772350682,380662.7258211593,380662.7258211593,519175.51396808255,519175.51396808255,611384.135685704,611384.135685704
80,Suzuki,Alto,265000,12.48748510496836,economy,228165.44434873,228165.44434873,265967.42874393973,265967.42874393973,324521.38522899064,324521.38522899064,392266.6448678636,392266.6448678636,427301.9468985897,427301.9468985897
10598,Geely,Emgrand 7,400000,12.89921982609012,economy,405528.83690334175,399866.55502198904,399866.55502198904,405528.83690334175,567934.2466997127,567934.2466997127,672441.7326415016,672441.7326415016,777662.0047258221,777662.0047258221
8846,Chery,Tiggo 7 Pro,1420000,14.166167429577444,standard,1000227.077226726,1000227.077226726,1073690.4442955335,1073690.4442955335,1082134.8185592976,1082134.8185592976,1363243.2464572203,1363243.2464572203,1803445.792762018,1803445.792762018
11779,Nissan,Qashqai,660000,13.399995114002609,standard,558065.6245134367,558065.6245134367,578984.8155361282,578984.8155361282,664910.1479910744,664910.1479910744,944668.4531491547,944668.4531491547,1000357.1759192864,1000357.1759192864
3616,Land Rover,Defender,6750000,15.725053062848712,ultra_luxury,2542198.197215104,2542198.197215104,3586421.529787976,3586421.529787976,4188482.5060860263,4188482.5060860263,4862456.181904727,4862456.181904727,5073524.653654984,5073524.653654984
2915,BMW,X5,2800000,14.845129975145433,luxury,2106865.599192819,2106865.599192819,2710314.8085983326,2710314.8085983326,3222597.069249434,3222597.069249434,3518972.0813164907,3518972.0813164907,3665375.1094802464,3665375.1094802464
6099,BMW,X5,3500000,15.068273526459642,luxury,2182801.5381132807,2182801.5381132807,3019079.4236232475,3019079.4236232475,3401683.7530101407,3401683.7530101407,4131362.3513790197,4131362.3513790197,4208517.639225187,4208517.639225187
5349,Fiat,Tipo,700000,13.458835614025542,standard,521536.23600835574,521536.23600835574,528774.3957318353,528774.3957318353,672251.5335579131,672251.5335579131,787135.0610580195,787135.0610580195,878683.5856164811,878683.5856164811
10505,Hyundai,Elantra CN7,999999,13.815509557963772,standard,687115.9018698016,684099.6683726994,684099.6683726994,687115.9018698016,818103.7373489217,818103.7373489217,995353.8546413668,995353.8546413668,1036212.2866011485,1036212.2866011485
846,Mercedes,GLC,5350000,15.49260711887219,ultra_luxury,1942537.651431895,1942537.651431895,2472484.4118136526,2472484.4118136526,3288077.071807507,3288077.071807507,3983153.3743259073,3983153.3743259073,4054221.501932999,4054221.501932999
5808,Fiat,Punto,235000,12.367340793126296,economy,147571.02095215773,147571.02095215773,171960.41393253134,171960.41393253134,230271.12622620532,230271.12622620532,299383.81999787595,299383.81999787595,340081.7302893708,340081.7302893708
7496,Fiat,132,80000,11.289781913656018,economy,59756.163924868844,59756.163924868844,67221.08346613283,67221.08346613283,97579.61341808173,97579.61341808173,194341.97453481218,194341.97453481218,263665.11531666666,263665.11531666666
1930,Mercedes,G63,13200000,16.3957273875566,ultra_luxury,2904659.661225391,2904659.661225391,4969020.360109465,4969020.360109465,7886479.60629115,7886479.60629115,9195710.203575907,9195710.203575907,9319641.20796536,9319641.20796536
2028,Mercedes,190,270000,12.506177237980513,economy,208273.72495432975,208273.72495432975,240098.3391116055,240098.3391116055,344437.8718464421,344437.8718464421,455420.796049435,455420.796049435,574868.2800593867,574868.2800593867
5465,Fiat,Tipo,670000,13.415032991367148,standard,500158.10153675626,500158.10153675626,515791.95074935403,515791.95074935403,623044.0271045921,623044.0271045921,758586.205382556,758586.205382556,819486.4335054175,819486.4335054175
2236,BMW,X5,6750000,15.725053062848712,ultra_luxury,2853772.3636108846,2853772.3636108846,4615537.719999541,4615537.719999541,6883170.832390847,6883170.832390847,7927972.421744066,7917026.268107141,7917026.268107141,7927972.421744066
1872,Kia,Rio,245000,12.409013489526863,economy,226804.61594449417,226804.61594449417,252126.45835234475,252126.45835234475,292732.17837392783,292732.17837392783,363183.0769523742,363183.0769523742,408502.52457949304,408502.52457949304
3292,Kia,Rio,210000,12.254862809699606,economy,167311.31682887056,167311.31682887056,195158.0920439341,195158.0920439341,245463.86591126074,245463.86591126074,273628.8372894985,273628.8372894985,293438.93586443196,293438.93586443196
12267,Chevrolet,Aveo,450000,13.017002861746503,economy,369653.8882458516,369653.8882458516,391949.31811246654,391949.31811246654,476654.9837490166,476654.9837490166,561289.9434892478,561289.9434892478,597510.6462770997,597510.6462770997
6945,Jeep,Cherokee,750000,13.527828485512494,standard,635247.7340141385,635247.7340141385,684231.021604798,684231.021604798,787118.4007427351,787118.4007427351,941426.2859413996,941426.2859413996,965410.4822389365,965410.4822389365
4860,Kia,Rio,470000,13.06048797368624,economy,352338.9512831659,352338.9512831659,397185.58475039405,397185.58475039405,463185.9784094245,463185.9784094245,521712.11969969276,521712.11969969276,548127.4413851693,548127.4413851693
3785,Toyota,Rush,1120000,13.928839243271277,standard,737027.5684587496,737027.5684587496,833184.9004952539,833184.9004952539,978274.1204214956,978274.1204214956,1131660.7650679727,1120225.208367756,1120225.208367756,1131660.7650679727
11411,Jeep,Renegade,1100000,13.9108207377686,standard,855411.3530174815,855411.3530174815,959775.5848982448,959775.5848982448,1037167.3966386783,1037167.3966386783,1200276.6175991215,1200276.6175991215,1333935.6085686595,1333935.6085686595
12176,Chery,Tiggo 8 Pro Max,1525000,14.237504968023648,luxury,807594.2386576751,807594.2386576751,860513.578963165,860513.578963165,928013.3003245872,928013.3003245872,1006233.8267089742,1006233.8267089742,1132560.7816761357,1132560.7816761357
9854,Jeep,Cherokee,340000,12.736700896592344,economy,274128.92043021374,274128.92043021374,294835.81076366693,294835.81076366693,474110.1305145564,474110.1305145564,571688.1014170767,571688.1014170767,606773.6931024818,606773.6931024818
1511,Speranza,A516,250000,12.429216196844385,economy,192629.55584559834,192629.55584559834,230772.70269793208,230772.70269793208,278809.4831562575,278809.4831562575,342402.7529734478,342402.7529734478,367686.3276610382,367686.3276610382
6983,Mercedes,G63,19600000,16.791040124200745,ultra_luxury,3019421.7738728193,3019421.7738728193,5228630.221946112,5228630.221946112,9994658.323113991,9994658.323113991,11651990.722473789,11651990.722473789,13256169.425733013,13256169.425733013
10422,Suzuki,Alto,380000,12.84792653170257,economy,351474.4699505686,351474.4699505686,381485.74882206944,381485.74882206944,531834.7495616348,531834.7495616348,633659.1978416612,633659.1978416612,719976.9046524239,719976.9046524239
163,Nissan,Qashqai,550000,13.217673557208654,standard,539757.2010880919,539757.2010880919,570757.1366861392,570757.1366861392,608375.9594270603,608375.9594270603,811009.2428673793,811009.2428673793,915440.3995555073,915440.3995555073
7270,MG,GT,1340000,14.108180171927094,standard,934482.590683706,934482.590683706,1067631.536046011,1067631.536046011,1121898.8145723122,1121898.8145723122,1537281.1267230578,1537281.1267230578,1692066.6454882503,1692066.6454882503
5536,Changan,Benni,175000,12.072541252905651,economy,276694.8920402488,276694.8920402488,293825.6853063837,293825.6853063837,412592.3958985733,412592.3958985733,543188.5000660288,543188.5000660288,616049.0972313118,616049.0972313118
7375,Jeep,Renegade,990000,13.805460222110773,standard,724033.4850464257,724033.4850464257,785532.7115653529,785532.7115653529,883920.5261486534,883920.5261486534,1016633.188353233,1016633.188353233,1119771.4514321538,1119771.4514321538
954,Chevrolet,Aveo,360000,12.793859310432293,economy,324791.2659771142,324791.2659771142,351455.7369626303,351455.7369626303,397951.6319755229,397951.6319755229,457205.48669314483,457205.48669314483,505734.6484392655,505734.6484392655
3011,Fiat,Tipo,700000,13.458835614025542,standard,505289.96120401396,505289.96120401396,527045.8998416315,527045.8998416315,630624.2788809788,630624.2788809788,743736.4512885546,743736.4512885546,827060.1729778649,827060.1729778649
7376,BAIC,U5 Plus,995000,13.81049801614073,standard,803775.660803551,803775.660803551,830677.4446880474,828981.542570545,828981.542570545,830677.4446880474,1203110.1048313999,1203110.1048313999,1320053.9874573057,1320053.9874573057
1037,Chevrolet,Aveo,350000,12.765688433465597,economy,252295.3787223178,252295.3787223178,270507.0800081286,270507.0800081286,339583.9420403851,339583.9420403851,417972.6292791721,417972.6292791721,448692.82228654297,448692.82228654297
8777,Nissan,Qashqai,725000,13.493926933836812,standard,689762.2996192079,685181.4921577392,685181.4921577392,689762.2996192079,699541.9533954425,699541.9533954425,1023791.0831519166,1023791.0831519166,1155004.96765385,1155004.96765385
639,Nissan,Qashqai,1150000,13.955272500339431,standard,1002438.8209650833,995832.0790684026,995832.0790684026,1002438.8209650833,1215812.5961050475,1215812.5961050475,1393834.3848553472,1393834.3848553472,1709121.9476363151,1709121.9476363151
8712,Geely,GX3 Pro,870000,13.676248490630767,standard,768488.0206363043,768488.0206363043,835194.8837461588,835194.8837461588,888283.547814275,888283.547814275,1110224.9360762106,1110224.9360762106,1220557.8340590633,1220557.8340590633
264,Fiat,Petra,168999,12.03764807672794,economy,120554.09041458061,120554.09041458061,135963.58225209036,135963.58225209036,164341.83811127284,164341.83811127284,227337.80168803557,227337.80168803557,276397.69664691907,276397.69664691907
1258,BMW,218i,1390000,14.144814305106877,standard,1095637.1247232782,1095637.1247232782,1225992.2236806718,1225992.2236806718,1419085.0509232471,1419085.0509232471,1738730.4303294204,1724031.631106889,1724031.631106889,1738730.4303294204
1168,BMW,218i,2150000,14.580978400103843,luxury,1395652.3956587545,1395652.3956587545,1717789.2356517343,1717789.2356517343,2117347.468329653,2117347.468329653,2544735.8741253805,2544735.8741253805,2589210.6889856746,2589210.6889856746
2809,Jeep,Renegade,1160000,13.963930563082547,standard,815366.4082988966,815366.4082988966,884868.5420580035,884868.5420580035,958178.5788271986,958178.5788271986,1119250.3408365506,1119250.3408365506,1246939.7070086547,1246939.7070086547
4248,Kia,Rio,185000,12.128111104060462,economy,168546.63336328798,168546.63336328798,203231.49608976254,203231.49608976254,231510.2689936742,231510.2689936742,268301.811339116,268301.811339116,297395.0032446337,297395.0032446337
7484,Kia,Rio,480000,13.081541382884074,economy,275252.4858415519,275252.4858415519,288674.46168821456,288674.46168821456,344831.0414334345,344831.0414334345,412153.53006378905,412153.53006378905,454120.3545648052,454120.3545648052
9304,Mitsubishi,Xpander,1500000,14.22097566607244,standard,936652.976698562,936652.976698562,955609.8356876154,955609.8356876154,1205862.493767146,1205862.493767146,1631346.3635004368,1625770.5146454389,1625770.5146454389,1631346.3635004368
2402,Chery,Tiggo 4 Pro,900000,13.710150042306449,standard,846482.9317013107,846482.9317013107,907306.2381970402,907306.2381970402,1004472.4173771377,1004472.4173771377,1238455.7991801938,1238455.7991801938,1484462.5149036795,1484462.5149036795
1520,Renault,Taliant,750000,13.527828485512494,standard,762613.1420030661,762613.1420030661,879362.7206770794,879362.7206770794,892377.1145744891,892377.1145744891,1175860.4417617088,1175860.4417617088,1234784.3105505316,1234784.3105505316
12361,Seat,Cordoba,300000,12.611537753638338,economy,291770.8133899556,291770.8133899556,300581.6167495227,300581.6167495227,359365.95101408486,359365.95101408486,423158.0803549292,423158.0803549292,462712.65718535,462712.65718535
11066,Geely,Emgrand X7,700000,13.458835614025542,standard,728515.9062937957,728515.9062937957,780703.8048322552,780703.8048322552,891658.1826652528,891658.1826652528,1181006.5534302883,1181006.5534302883,1432079.3582653347,1432079.3582653347
8548,Chery,Tiggo 7 Pro,900000,13.710150042306449,standard,667800.3781596448,667800.3781596448,706428.4041885419,706428.4041885419,795417.214160791,795417.214160791,941219.6953258321,941219.6953258321,1186475.6610165352,1186475.6610165352
9376,Daewoo,Nubira 1,200000,12.206072645530174,economy,147711.06712005305,147711.06712005305,174114.9979964114,174114.9979964114,196905.76965496072,196905.76965496072,239672.36819092234,239672.36819092234,268704.7468053315,268704.7468053315
6556,Fiat,Tipo,720000,13.487006490992238,standard,489019.8871244233,489019.8871244233,508101.0350908404,508101.0350908404,609459.1140220071,609459.1140220071,763822.8143709955,763822.8143709955,832884.087824,832884.087824
11152,Chevrolet,Aveo,380000,12.84792653170257,economy,334485.7199663084,334485.7199663084,360180.31991547457,360180.31991547457,423005.5130593599,423005.5130593599,483821.14655132534,483821.14655132534,530611.5081940326,530611.5081940326
8009,Nissan,Qashqai,735000,13.507625778194974,standard,690884.4899614609,690884.4899614609,705378.6457842479,705378.6457842479,753643.8935293774,753643.8935293774,1081001.719397932,1081001.719397932,1211163.6179399204,1211163.6179399204
7389,Hyundai,Elantra CN7,1030000,13.845069360205818,standard,791040.519282893,791040.519282893,800620.0489025239,800620.0489025239,1019323.8597769227,1019323.8597769227,1177662.1550127352,1177662.1550127352,1251057.9280810792,1251057.9280810792
4194,Mercedes,S450,5350000,15.49260711887219,ultra_luxury,2166502.7921516374,2166502.7921516374,2430214.3540177587,2430214.3540177587,2957555.159504591,2957555.159504591,3774172.049894773,3774172.049894773,3897667.924535262,3897667.924535262
8576,BAIC,U5 Plus,875000,13.681979165339753,standard,791442.7809033304,791442.7809033304,801943.1880664364,799261.6287274974,799261.6287274974,801943.1880664364,1142428.6906482808,1142428.6906482808,1190421.671331109,1190421.671331109
11737,Nissan,Qashqai,680000,13.42984807715229,standard,684829.9476440044,684829.9476440044,685326.9717668989,685326.9717668989,724937.8739045517,724937.8739045517,962083.33031144,962083.33031144,1107039.0538057892,1107039.0538057892
3396,Fiat,Tipo,930000,13.742939865129438,standard,615729.1950967761,615729.1950967761,652367.7036492007,652367.7036492007,722468.928885405,722468.928885405,914733.9021189234,914733.9021189234,1026469.6455514203,1026469.6455514203
3730,Land Rover,Defender,9000000,16.012735135300492,ultra_luxury,2781685.519599693,2781685.519599693,3853348.2905967417,3853348.2905967417,4766221.543183967,4766221.543183967,5788535.906519935,5788535.906519935,5941941.543571036,5941941.543571036
12381,Speranza,A516,200000,12.206072645530174,economy,203044.07960969344,203044.07960969344,230764.31428702312,230764.31428702312,267048.6046748799,267048.6046748799,337795.7553485133,337795.7553485133,366519.62287891965,366519.62287891965
453,Chevrolet,Aveo,450000,13.017002861746503,economy,380691.38709290687,380691.38709290687,402859.7155506935,402859.7155506935,489235.03912764404,489235.03912764404,566395.9465263091,566395.9465263091,600038.4885868545,600038.4885868545
10897,Fiat,Punto,150000,11.918390573078392,economy,114368.29485924882,114368.29485924882,118479.70138460553,118479.70138460553,158240.32403195914,158240.32403195914,201130.0940877908,201130.0940877908,236660.45064924165,236660.45064924165
9165,Volkswagen,T-Roc,1810000,14.408837403242009,luxury,1045872.5399398223,1045872.5399398223,1236872.444798232,1236872.444798232,1586557.0764495851,1586557.0764495851,1725009.2924905894,1725009.2924905894,1915740.9984650011,1915740.9984650011
9666,Mercedes,G63,18250000,16.719675637992776,ultra_luxury,3038350.309328447,3038350.309328447,5165940.87232503,5165940.87232503,10009709.999192156,10009709.999192156,11156405.607825357,11156405.607825357,12507157.862614274,12507157.862614274
10155,Renault,Taliant,890000,13.698976741708323,standard,721967.6521462455,721967.6521462455,854105.3637682495,854105.3637682495,910362.298905974,910362.298905974,1188924.2543889256,1188924.2543889256,1243703.8393457585,1243703.8393457585
312,Subaru,Impreza,900000,13.710150042306449,standard,794568.8891026335,794568.8891026335,851543.5977188364,851543.5977188364,971668.1217985274,971668.1217985274,1516407.751004484,1516407.751004484,1621786.0183465756,1621786.0183465756
9461,Land Rover,Defender,10500000,16.166885815127753,ultra_luxury,2991726.26595094,2991726.26595094,4291103.610987782,4291103.610987782,6182133.93972448,6182133.93972448,6760893.746499079,6760893.746499079,7166182.836392603,7166182.836392603
8391,Chery,Tiggo 7 Pro,900000,13.710150042306449,standard,727015.2669115141,727015.2669115141,776746.9453849121,776746.9453849121,804693.0047867051,804693.0047867051,980085.4586150964,980085.4586150964,1235263.9733871087,1235263.9733871087
8414,Jeep,Renegade,900000,13.710150042306449,standard,1028396.7513998033,1028396.7513998033,1173131.8422661102,1173131.8422661102,1326127.8632155138,1326127.8632155138,1486063.4620244727,1486063.4620244727,1625722.8891723086,1625722.8891723086
8856,Chery,Tiggo 7 Pro Max,1400000,14.151982794585487,standard,835422.2664120186,835422.2664120186,878497.8967781556,878497.8967781556,919085.6819337625,919085.6819337625,1022424.6513802878,1022424.6513802878,1153190.712364474,1153190.712364474
6595,Geely,Emgrand X7,590000,13.287877815881902,standard,664414.3665498189,664414.3665498189,686704.2741903875,686704.2741903875,777993.6320991728,777993.6320991728,1062159.7180386712,1062159.7180386712,1243340.7275838961,1243340.7275838961
1250,Geely,Emgrand 7,300000,12.611537753638338,economy,319238.02340767253,319238.02340767253,321063.7398734761,321063.7398734761,426107.2156413506,426107.2156413506,566553.8300940741,566553.8300940741,656792.1629272709,656792.1629272709
9015,Nissan,Qashqai,1490000,14.214286677921642,standard,1247060.4392415867,1247060.4392415867,1324469.7312707435,1324469.7312707435,1604903.5686527889,1604903.5686527889,1735470.4300134305,1735470.4300134305,2150038.048435799,2150038.048435799
6864,Seat,Cordoba,330000,12.706847933442663,economy,284814.3813022536,284814.3813022536,296362.40091706987,296362.40091706987,359005.4379491996,359005.4379491996,413734.5154307003,413734.5154307003,453132.52037997835,453132.52037997835
3121,Chevrolet,Aveo,280000,12.542544882151386,economy,218601.18452070458,218601.18452070458,236614.58868038433,236614.58868038433,305748.35567937413,305748.35567937413,369729.7749631841,369729.7749631841,410153.51017331163,410153.51017331163
4777,BMW,X5,6150000,15.6319626397827,ultra_luxury,2881337.6091576135,2881337.6091576135,4660507.018042548,4660507.018042548,7453161.278339111,7453161.278339111,8489005.26057204,8489005.26057204,9088779.757399404,9088779.757399404
6536,Chery,Tiggo 4 Pro,1025000,13.840203170554645,standard,911890.7468773657,911890.7468773657,954758.0414983595,954758.0414983595,970721.660656537,970721.660656537,1280172.8632584712,1280172.8632584712,1567037.1818910735,1567037.1818910735
9028,Subaru,Impreza,820000,13.617059619240436,standard,773079.8390791912,773079.8390791912,820570.230182678,820570.230182678,941869.1563457173,941869.1563457173,1412418.8044672417,1412418.8044672417,1504298.1486437453,1504298.1486437453
9957,Chevrolet,Captiva,850000,13.652991628466498,standard,743261.2631253564,743261.2631253564,784018.2512042646,784018.2512042646,970451.5459408822,970451.5459408822,1126474.079995426,1126474.079995426,1286672.3828118632,1286672.3828118632
6901,Geely,GX3 Pro,900000,13.710150042306449,standard,764025.9855709891,764025.9855709891,825230.9824439096,825230.9824439096,905181.131518184,905181.131518184,1116832.8038905319,1116832.8038905319,1213799.6420384303,1213799.6420384303
4332,Geely,Emgrand X7,630000,13.353475098367715,standard,617300.3088355287,617300.3088355287,644494.4965549678,644494.4965549678,766104.6532331568,766104.6532331568,994481.972334914,994481.972334914,1157652.0287566322,1157652.0287566322
8808,Hyundai,Accent RB,540000,13.199324418540456,standard,396733.56118747406,396733.56118747406,414527.81295397546,414527.81295397546,472399.310135658,472399.310135658,580780.9671341039,580780.9671341039,633508.8511418876,633508.8511418876
6236,Fiat,Tipo,135000,11.813030057420567,economy,96334.76327490878,96334.76327490878,101124.05388250275,101124.05388250275,136919.9986365289,136919.9986365289,180906.6765331492,180906.6765331492,267840.22298422846,267840.22298422846
3101,Fiat,Petra,175000,12.072541252905651,economy,110046.4204179379,110046.4204179379,123215.3929870632,123215.3929870632,161679.1447660174,161679.1447660174,268481.16634262,268481.16634262,315880.1365673781,315880.1365673781
5214,Cupra,Leon,1950000,14.48333993053993,luxury,1981554.4996619553,1981554.4996619553,2773124.220345454,2773124.220345454,3606899.908908746,3606899.908908746,3907244.07607289,3907244.07607289,4024625.3213523305,4024625.3213523305
4238,Jeep,Cherokee,360000,12.793859310432293,economy,231242.38586032816,231242.38586032816,259907.94142877244,259907.94142877244,454652.6785482945,454652.6785482945,643021.1329209695,643021.1329209695,700809.8359964982,700809.8359964982
11720,Speranza,A516,225000,12.323855681186558,economy,212346.3545088598,212346.3545088598,237282.49151354816,237282.49151354816,284241.5394697452,284241.5394697452,352479.18713032815,352479.18713032815,392254.68422811193,392254.68422811193
718,Cupra,Leon,1780000,14.392123922268269,luxury,1972947.157534274,1972947.157534274,2661369.8821184617,2661369.8821184617,3350833.493302593,3350833.493302593,3593077.2963595903,3593077.2963595903,3638514.2016361486,3638514.2016361486
7453,Mercedes,GLC,5900000,15.590462908875947,ultra_luxury,2135584.5417076014,2135584.5417076014,3039656.5119543215,3039656.5119543215,4745243.258077139,4745243.258077139,5621513.896196638,5621513.896196638,6157023.746662813,6157023.746662813
1234,Citroën,C4,340000,12.736700896592344,economy,282465.5335914114,282465.5335914114,287315.97431334533,287315.97431334533,361732.28668603644,361732.28668603644,543930.1605453512,543930.1605453512,609767.3051619076,609767.3051619076
3653,Nissan,Qashqai,1250000,14.038654109278484,standard,1101150.5109735602,1101150.5109735602,1129092.5231293465,1129092.5231293465,1382660.4352344354,1382660.4352344354,1517197.9798736249,1517197.9798736249,1852537.838182597,1852537.838182597
8994,Skoda,Superb,2999999,14.914122513298995,luxury,1670734.6636358479,1670734.6636358479,2222236.3188982564,2222236.3188982564,2992877.156427021,2663738.279048022,2663738.279048022,2992877.156427021,3076871.9990580906,3076871.9990580906
10840,Jeep,Renegade,1150000,13.955272500339431,standard,876635.4424299716,876635.4424299716,965035.8041110293,965035.8041110293,1055278.196097145,1055278.196097145,1254390.1223816436,1254390.1223816436,1374322.5519380758,1374322.5519380758
12271,Suzuki,Alto,185000,12.128111104060462,economy,211521.18417454598,211521.18417454598,248237.06402260685,248237.06402260685,312657.1505285744,312657.1505285744,357967.78743909317,357967.78743909317,395745.90548719134,395745.90548719134
1747,Fiat,Tipo,840000,13.641157170819495,standard,595322.0163027284,595322.0163027284,641914.8731891483,641914.8731891483,713692.7795295434,713692.7795295434,885739.8308979832,885739.8308979832,976649.6331890764,976649.6331890764
9434,Chevrolet,Aveo,460000,13.038981768465275,economy,422715.1659985931,422715.1659985931,454302.0916861332,454302.0916861332,499952.3299371212,499952.3299371212,583885.2016518705,583885.2016518705,634795.3389734494,634795.3389734494
2451,Speranza,A516,220000,12.301382825334498,economy,211919.85745773427,211919.85745773427,229131.81914426145,229131.81914426145,291893.0426368796,291893.0426368796,361754.8103483649,361754.8103483649,399707.4165992936,399707.4165992936
9932,Mercedes,G63,10800000,16.195056692094447,ultra_luxury,3015852.247941364,3015852.247941364,5153429.430587758,5153429.430587758,8332865.0251678685,8332865.0251678685,10142748.161426729,10142748.161426729,11535909.39897356,11535909.39897356
7995,BMW,218i,885000,13.693342923990066,standard,724047.8088966892,724047.8088966892,784596.5387207826,784596.5387207826,895875.8489297472,895875.8489297472,1046987.9490404382,1046987.9490404382,1084549.783078849,1084549.783078849
7046,Fiat,Tipo,850000,13.652991628466498,standard,604869.6603831413,604869.6603831413,649769.8953383832,649769.8953383832,726696.6581553294,726696.6581553294,888077.0958872398,888077.0958872398,987813.1645321272,987813.1645321272
4855,Fiat,Tipo,780000,13.567049198665774,standard,520740.03918172343,520740.03918172343,528033.4982960662,528033.4982960662,678620.1740167852,678620.1740167852,780772.1854778219,780772.1854778219,866614.9856505445,866614.9856505445
4526,Citroën,C4,580000,13.270783382522602,standard,487985.76155748946,487985.76155748946,535903.3528192302,535903.3528192302,617115.6745504168,617115.6745504168,847309.6898116398,847309.6898116398,948801.0205775356,948801.0205775356
7249,BMW,X5,6300000,15.65606019136176,ultra_luxury,2870384.7381354766,2870384.7381354766,4542030.273729641,4542030.273729641,6005501.538395592,6005501.538395592,7368089.842201002,7229605.339712671,7229605.339712671,7368089.842201002
3735,Volkswagen,Bora,390000,12.873902018105827,economy,223787.08844214908,223787.08844214908,238139.04034191632,238139.04034191632,339199.4101831335,339199.4101831335,412868.79153131606,412868.79153131606,446870.4896509399,446870.4896509399
8906,Geely,Emgrand 7,265000,12.48748510496836,economy,271061.5342624974,271061.5342624974,272079.3819359008,272079.3819359008,374482.740463265,374482.740463265,555363.7706782718,555363.7706782718,657659.7399084026,657659.7399084026
4817,Renault,Taliant,760000,13.541073712262516,standard,500799.25833677023,500799.25833677023,576135.0183993018,576135.0183993018,696202.8437519085,696202.8437519085,878795.5492411633,878795.5492411633,928456.1086427461,928456.1086427461
4106,Mercedes,GLA200,1640000,14.31020679980038,luxury,992578.3659491686,992578.3659491686,1141354.0317948153,1141354.0317948153,1397135.9422875422,1397135.9422875422,1920129.0965135396,1920129.0965135396,2146617.674314686,2146617.674314686
4008,Kia,Rio,690000,13.444446876573442,standard,563781.5603623359,563781.5603623359,598771.4945248355,598771.4945248355,670299.621858896,670299.621858896,794030.2167516748,794030.2167516748,840296.4206540455,840296.4206540455
10811,Fiat,Tipo,1000000,13.815510557964274,standard,655942.4914566571,655942.4914566571,723923.3712152406,723923.3712152406,799450.8077143537,799450.8077143537,991611.105003425,991611.105003425,1061953.634152503,1061953.634152503
6033,Speranza,A516,265000,12.48748510496836,economy,283793.4685774053,283793.4685774053,305504.1586237258,305504.1586237258,351022.070929291,351022.070929291,446865.099545093,446865.099545093,516442.7760640156,516442.7760640156
11960,BMW,740,799999,13.592365756649285,standard,990006.8147419293,990006.8147419293,1004222.6863178854,1004222.6863178854,1170903.3586406393,1170903.3586406393,1913205.5506104468,1913205.5506104468,2196064.0091022896,2196064.0091022896
4430,Seat,Cordoba,320000,12.676076274775909,economy,323903.54928835045,323903.54928835045,339827.2503050497,339827.2503050497,382335.8021951503,382335.8021951503,463604.86478272575,463604.86478272575,494212.2269705197,494212.2269705197
10176,Nissan,Qashqai,570000,13.253391639810731,standard,569734.4243200474,569734.4243200474,578455.056720404,578455.056720404,672962.3663713264,672962.3663713264,846084.2564543544,846084.2564543544,969886.1567917265,969886.1567917265
7547,Jeep,Cherokee,2150000,14.580978400103843,luxury,1220734.9435646455,1220734.9435646455,1339812.611459569,1339812.611459569,1471755.7799069253,1471755.7799069253,1644385.237128634,1644385.237128634,1708933.9845558323,1708933.9845558323
1028,Cupra,Leon,1899000,14.456837989794424,luxury,2037974.8789610618,2037974.8789610618,2730244.3147319835,2730244.3147319835,3694632.3209473765,3694632.3209473765,3954516.5400753925,3954516.5400753925,4145949.3310521995,4145949.3310521995
2416,Fiat,Tipo,790000,13.579788224443204,standard,558118.8516859408,558118.8516859408,580697.9451796128,580697.9451796128,715379.4802749668,715379.4802749668,841426.207628784,841426.207628784,917883.3880699072,917883.3880699072
5772,Geely,Emgrand 7,310000,12.644327576461327,economy,315991.2894507357,315991.2894507357,326068.66628855123,326068.66628855123,435758.9938484767,435758.9938484767,564899.1238430706,564899.1238430706,650517.4023358227,650517.4023358227
7572,BAIC,U5 Plus,930000,13.742939865129438,standard,803775.660803551,803775.660803551,830677.4446880474,828981.542570545,828981.542570545,830677.4446880474,1203110.1048313999,1203110.1048313999,1320053.9874573057,1320053.9874573057
7853,Geely,Pandino,295000,12.594730635321955,economy,364212.2968627769,364212.2968627769,400814.2861456503,400814.2861456503,459932.2768589682,459932.2768589682,592582.1907257427,592582.1907257427,677059.2757619779,677059.2757619779
9880,Daewoo,Nubira 1,210000,12.254862809699606,economy,149956.2717416781,149956.2717416781,181478.02989597342,181478.02989597342,215768.5558982716,215768.5558982716,244610.01579638693,244610.01579638693,263315.88497304864,263315.88497304864
9116,Citroën,C4,480000,13.081541382884074,economy,263492.0142688001,263492.0142688001,270534.21175356273,270534.21175356273,332401.65427803004,332401.65427803004,506754.2482759191,506754.2482759191,575138.0795080761,575138.0795080761
6103,Speranza,A516,250000,12.429216196844385,economy,224791.24117744208,224791.24117744208,246813.5742287597,246813.5742287597,318436.21522170235,318436.21522170235,375563.9713186594,375563.9713186594,403549.70775420876,403549.70775420876
7648,Geely,Emgrand X7,595000,13.296316684527769,standard,649957.7787670632,649957.7787670632,701969.0149272467,701969.0149272467,776665.5845457878,776665.5845457878,1055038.1690120324,1055038.1690120324,1228692.1999563365,1228692.1999563365
3008,Seat,Cordoba,280000,12.542544882151386,economy,212521.42519462892,212521.42519462892,246585.43391001222,246585.43391001222,324942.8803790243,324942.8803790243,375309.6608631475,375309.6608631475,396150.19824555976,396150.19824555976
8475,Nissan,Qashqai,750000,13.527828485512494,standard,757132.2599722159,757132.2599722159,769862.9920540153,769862.9920540153,852377.5040204737,852377.5040204737,1066938.6145199188,1066938.6145199188,1236307.0986347997,1236307.0986347997
5596,Suzuki,Alto,175000,12.072541252905651,economy,159517.71742684147,159517.71742684147,204817.41733412037,204817.41733412037,240705.68861843017,240705.68861843017,282432.92435956857,282432.92435956857,316769.2262152852,316769.2262152852
7788,Hyundai,Elantra CN7,1500000,14.22097566607244,standard,987163.806777554,987163.806777554,1026082.7893177879,1026082.7893177879,1221953.7994914628,1221953.7994914628,1530605.9019724308,1530605.9019724308,1559818.4947553426,1559818.4947553426
12194,Nissan,Qashqai,700000,13.458835614025542,standard,694222.8059719225,694222.8059719225,696800.4520851795,696800.4520851795,789053.5632770765,789053.5632770765,984832.0954840945,984832.0954840945,1162911.2360221785,1162911.2360221785
6908,Nissan,Qashqai,950000,13.764217263576723,standard,899525.640378047,899525.640378047,956118.329030947,956118.329030947,1142357.3881812145,1142357.3881812145,1321398.5588299565,1321398.5588299565,1539874.4035915756,1539874.4035915756
12360,Geely,Emgrand 7,295000,12.594730635321955,economy,333959.7197352454,333959.7197352454,339391.50536812923,339391.50536812923,497845.9424063644,497845.9424063644,592634.9189918619,592634.9189918619,705094.9207056713,705094.9207056713
4312,BMW,M3,8700000,15.978833583624812,ultra_luxury,2805541.604902812,2805541.604902812,4454052.580559375,4454052.580559375,7722407.264491941,7722407.264491941,9130706.8934185,9130706.8934185,10641793.044844983,10641793.044844983
4674,Speranza,A516,240000,12.388394202324127,economy,221265.44780969238,221265.44780969238,242521.0627816651,242521.0627816651,290755.54436600785,290755.54436600785,354125.69400774775,354125.69400774775,396521.647445727,396521.647445727
10564,Cupra,Leon,1930000,14.473030560881067,luxury,1918899.9809236522,1918899.9809236522,2607705.4337097793,2607705.4337097793,3403373.648224741,3403373.648224741,3565982.9802413457,3565982.9802413457,3677082.1999821537,3677082.1999821537
2546,Mercedes,G63,7250000,15.796512026830856,ultra_luxury,2053518.7209128335,2053518.7209128335,2797674.149651685,2797674.149651685,3372057.0189382355,3372057.0189382355,4502037.546690141,4502037.546690141,5221639.41194086,5221639.41194086
8163,Suzuki,Vitara,400000,12.89921982609012,economy,309201.6351215895,309201.6351215895,318714.2924588404,318714.2924588404,404025.7486362794,404025.7486362794,612565.6662264811,612565.6662264811,647987.4579046993,647987.4579046993
1764,Geely,Emgrand 7,450000,13.017002861746503,economy,368060.2786634098,368060.2786634098,372304.8825445852,372304.8825445852,587144.4696375418,587144.4696375418,771272.3251437818,771272.3251437818,927176.0361731078,927176.0361731078
6165,Chevrolet,Captiva,900000,13.710150042306449,standard,766270.4381683192,766270.4381683192,811362.3968232688,811362.3968232688,1002331.5750448421,1002331.5750448421,1171392.878003685,1171392.878003685,1332514.4951333927,1332514.4951333927
12415,Geely,Emgrand 7,285000,12.560244459250788,economy,267966.4662183797,267966.4662183797,270619.69251486834,270619.69251486834,368970.004432315,368970.004432315,514549.33961252845,514549.33961252845,589530.7342367887,589530.7342367887
4541,BMW,740,775000,13.560618308335483,standard,1028670.223279389,1028670.223279389,1243547.5191978128,1243547.5191978128,1875536.7037803915,1875536.7037803915,2981102.8574561505,2981102.8574561505,3033314.6176017993,3033314.6176017993
3605,Zeekr,001,2650000,14.790070197962406,luxury,1830503.4021985368,1830503.4021985368,2296135.1135575776,2296135.1135575776,2714962.6867331737,2714962.6867331737,4213146.4835451115,4213146.4835451115,4524065.948035549,4524065.948035549
9927,Daewoo,Nubira 1,220000,12.301382825334498,economy,190686.8247474414,190686.8247474414,202047.10687329673,202047.10687329673,264727.31858610886,264727.31858610886,334191.49562523334,334191.49562523334,365397.99653940636,365397.99653940636
4778,Volkswagen,Pointer,200000,12.206072645530174,economy,200707.40048936082,200707.40048936082,215653.59344751737,215653.59344751737,285335.79348701006,285335.79348701006,444022.37871411437,444022.37871411437,453094.5603361268,453094.5603361268
7341,Renault,Symbol,320000,12.676076274775909,economy,213498.1237657683,213498.1237657683,222329.83704617588,222329.83704617588,268585.9533177811,268585.9533177811,335850.6964552931,335850.6964552931,373485.888537321,373485.888537321
12145,Chevrolet,Aveo,430000,12.971540487669746,economy,373481.4155562718,373481.4155562718,401369.2735635267,401369.2735635267,482849.76775714156,482849.76775714156,561148.8095670744,561148.8095670744,603182.946852461,603182.946852461
471,Mercedes,S500,6850000,15.739759210238407,ultra_luxury,1585692.6901205445,1585692.6901205445,2168914.3109432543,2168914.3109432543,3302476.9328459147,3302476.9328459147,4441124.418739642,4441124.418739642,5029452.205540849,5029452.205540849
8698,Geely,GX3 Pro,790000,13.579788224443204,standard,734425.0319019118,734425.0319019118,772086.8334923823,772086.8334923823,868389.661567421,868389.661567421,1104809.569097972,1104809.569097972,1183763.6039707926,1183763.6039707926
4713,Jeep,Cherokee,350000,12.765688433465597,economy,221462.3982445182,221462.3982445182,240934.8721547523,240934.8721547523,367685.1913771527,367685.1913771527,531154.6507682767,531154.6507682767,571798.0497340127,571798.0497340127
11040,Fiat,Tipo,660000,13.399995114002609,standard,529328.102440707,529328.102440707,533131.1090695149,533131.1090695149,677682.3761301807,677682.3761301807,777852.8613310542,777852.8613310542,871228.6896087988,871228.6896087988
8991,Jetour,X70 Plus,1400000,14.151982794585487,standard,1168257.5906776283,1168257.5906776283,1283158.8316813,1283158.8316813,1347176.5574798537,1347176.5574798537,1581566.5524088147,1581566.5524088147,1895320.1057194355,1895320.1057194355
12493,Kia,Rio,690000,13.444446876573442,standard,418121.2713273626,418121.2713273626,477978.6403181732,477978.6403181732,526843.9332849003,526843.9332849003,680222.4218978725,680222.4218978725,746572.7528299536,746572.7528299536
925,Chevrolet,Aveo,310000,12.644327576461327,economy,199732.92568544974,199732.92568544974,223545.52587205448,223545.52587205448,293224.58620468783,293224.58620468783,361488.103771631,361488.103771631,386375.06779931387,386375.06779931387
11763,Kia,Rio,560000,13.235692062711331,standard,376275.2405292681,376275.2405292681,423284.0127196662,423284.0127196662,463127.40802269604,463127.40802269604,527012.9008217915,527012.9008217915,579678.34149951,579678.34149951
11620,Jeep,Cherokee,790000,13.579788224443204,standard,652691.2385003329,652691.2385003329,694147.3613025455,694147.3613025455,825085.0386444147,825085.0386444147,935567.6294933094,935567.6294933094,962982.8160034723,962982.8160034723
12169,Mitsubishi,Xpander,1150000,13.955272500339431,standard,882629.9274232407,882629.9274232407,933703.8141841423,933703.8141841423,1064333.9289035513,1064333.9289035513,1429599.696045161,1370703.6233130018,1370703.6233130018,1429599.696045161
1499,Nissan,Qashqai,690000,13.444446876573442,standard,661046.1755221606,650052.5330964702,650052.5330964702,661046.1755221606,762719.5608326521,762719.5608326521,961734.3875176044,961734.3875176044,1128918.934444074,1128918.934444074
1323,Fiat,Tipo,70000,11.156250521031495,economy,90462.56726448992,90462.56726448992,99848.07273505324,99848.07273505324,148850.57624041731,148850.57624041731,192973.21093588788,192973.21093588788,295911.65187192947,295911.65187192947
9512,Skoda,Superb,2150000,14.580978400103843,luxury,1722516.9396522136,1722516.9396522136,2284266.9226832134,2284266.9226832134,2930315.388766412,2570367.760871669,2570367.760871669,2930315.388766412,3017715.0513736974,3017715.0513736974
11573,Speranza,A516,230000,12.345834587905332,economy,216931.7673093558,216931.7673093558,246411.42966357002,246411.42966357002,314889.8975709411,314889.8975709411,398972.07620620285,398972.07620620285,419553.29006337526,419553.29006337526
2860,Renault,Taliant,720000,13.487006490992238,standard,717531.1312468009,717531.1312468009,805357.2702893435,805357.2702893435,840106.051480277,840106.051480277,1026780.1380708911,1026780.1380708911,1050085.197808342,1050085.197808342
1770,Seat,Cordoba,380000,12.84792653170257,economy,329274.68256265804,329274.68256265804,356526.8086560995,356526.8086560995,402064.2264291044,402064.2264291044,476464.2724470129,476464.2724470129,504140.58894026827,504140.58894026827
1655,Changan,Benni,225000,12.323855681186558,economy,276244.38016760786,276244.38016760786,293018.0107744101,293018.0107744101,416285.21824824676,416285.21824824676,542828.920951749,542828.920951749,636268.7258717136,636268.7258717136
5643,BMW,X5,4750000,15.373655176010825,ultra_luxury,2906687.54451545,2906687.54451545,4551822.657677307,4551822.657677307,5857228.556191624,5857228.556191624,7185241.179671617,7059368.544568116,7059368.544568116,7185241.179671617
1507,Geely,Emgrand X7,300000,12.611537753638338,economy,306183.5569260436,299159.42780288815,299159.42780288815,306183.5569260436,453914.92398952757,453914.92398952757,659459.660761602,659459.660761602,738276.3438353591,738276.3438353591
2637,BMW,740,1200000,13.997832114758229,standard,1212272.4973924065,1212272.4973924065,1430041.5728282877,1430041.5728282877,1923354.684506117,1923354.684506117,3000576.1331923716,3000576.1331923716,3032644.658277896,3032644.658277896
5469,Geely,Emgrand 7,250000,12.429216196844385,economy,266047.1515173647,266047.1515173647,273921.38987604616,273921.38987604616,365789.8612562693,365789.8612562693,501294.20767500054,501294.20767500054,570938.6953338506,570938.6953338506
4204,Skoda,Superb,1870000,14.44144898883077,luxury,1525808.1860540365,1525808.1860540365,1892515.5915779315,1892515.5915779315,2087984.7426999754,1899838.9873991893,1899838.9873991893,2087984.7426999754,2245978.0113325254,2245978.0113325254
2551,Chevrolet,Aveo,485000,13.09190416991962,economy,458928.29587560444,458928.29587560444,476247.59289069526,476247.59289069526,557653.815895506,557653.815895506,645500.49034715,645500.49034715,680175.6168250248,680175.6168250248
7215,Chery,Tiggo 4 Pro,1050000,13.864300722133706,standard,930724.0901605326,930724.0901605326,977157.1980749773,977157.1980749773,1026053.525108221,1026053.525108221,1335918.4355506583,1335918.4355506583,1623100.052241262,1623100.052241262
1402,BMW,740,3700000,15.123843377614453,luxury,2402776.669820107,2402776.669820107,3337763.6681159283,3337763.6681159283,3950337.367892826,3950337.367892826,4584653.189360796,4584653.189360796,4906399.357623031,4906399.357623031
3928,Skoda,Superb,1650000,14.316285845876765,luxury,1286978.900984193,1286978.900984193,1508582.3294511817,1508582.3294511817,1717691.2771110286,1619341.684232137,1619341.684232137,1717691.2771110286,1875187.1935693424,1875187.1935693424
5226,Fiat,Petra,160000,11.982929094215963,economy,111068.92099002957,111068.92099002957,130848.28140330553,130848.28140330553,160977.89859740512,160977.89859740512,228072.6739423189,228072.6739423189,275492.35616070195,275492.35616070195
11872,Jeep,Renegade,1400000,14.151982794585487,standard,1054894.6810735147,1054894.6810735147,1197432.4700471354,1197432.4700471354,1349651.65081892,1349651.65081892,1561967.4277373443,1561967.4277373443,1750269.614931315,1750269.614931315
12005,Chevrolet,Malibu,950000,13.764217263576723,standard,788955.2226917336,788955.2226917336,798569.0199438124,798569.0199438124,899011.821711136,899011.821711136,1150698.0036034582,1150698.0036034582,1374815.5456208447,1374815.5456208447
10567,Mercedes,GLA200,2460000,14.715671907908543,luxury,1658199.6654865434,1658199.6654865434,2122164.9324415172,2122164.9324415172,3168084.4643772203,3168084.4643772203,3894406.7751878453,3894406.7751878453,4286733.808759591,4286733.808759591
7914,Jetour,X70 Plus,1310000,14.085537695177337,standard,1216689.4796006472,1216689.4796006472,1336627.080373077,1336627.080373077,1457316.331330359,1457316.331330359,1693050.0118379788,1693050.0118379788,2035848.5672712163,2035848.5672712163
1604,Geely,GX3 Pro,770000,13.554145793829866,standard,721419.6379985003,721419.6379985003,743820.579010505,743820.579010505,827393.9310665592,827393.9310665592,1010857.3203175084,1010857.3203175084,1091580.7624121623,1091580.7624121623
5636,Chevrolet,Aveo,300000,12.611537753638338,economy,215247.3923845647,215247.3923845647,228307.5507466966,228307.5507466966,286307.0103505716,286307.0103505716,436785.8265242007,436785.8265242007,480642.47518125584,480642.47518125584
2501,Jeep,Renegade,1400000,14.151982794585487,standard,865951.2510541802,865951.2510541802,948325.206582196,948325.206582196,1003323.246858193,1003323.246858193,1180041.4426458322,1180041.4426458322,1323686.3613556807,1323686.3613556807
4319,Jeep,Cherokee,330000,12.706847933442663,economy,285017.8203701296,285017.8203701296,340371.95590919035,340371.95590919035,635391.3033085709,635391.3033085709,849662.9632096807,849662.9632096807,1039442.8187679192,1039442.8187679192
9274,Cupra,Leon,1980000,14.498607402670718,luxury,2083029.9204002046,2083029.9204002046,2832944.6303207558,2832944.6303207558,3771157.079416448,3771157.079416448,4071172.899272488,4071172.899272488,4321936.586740441,4321936.586740441
5942,Geely,Emgrand 7,300000,12.611537753638338,economy,310409.33164345025,310409.33164345025,325754.645793944,325754.645793944,413583.4578049863,413583.4578049863,542436.7783106873,542436.7783106873,637465.8283509929,637465.8283509929
384,Mercedes,S500,7400000,15.816990558174398,ultra_luxury,2846674.7981458604,2846674.7981458604,4351488.7876902595,4351488.7876902595,6217648.270404406,6217648.270404406,7336614.086658959,7336614.086658959,8037263.9846064625,8037263.9846064625
1406,Mercedes,GLA200,2250000,14.626440774180605,luxury,1477272.208616919,1477272.208616919,1836331.8286481577,1836331.8286481577,2421174.655939718,2421174.655939718,2657147.542426743,2657147.542426743,3211392.4834888554,3211392.4834888554
8784,Fiat,Tipo,730000,13.500799813124576,standard,519683.4507186503,519683.4507186503,536971.4465417091,536971.4465417091,672433.0358339867,672433.0358339867,796401.5149617133,796401.5149617133,884386.8361758541,884386.8361758541
878,Geely,Emgrand 7,230000,12.345834587905332,economy,266264.59858306573,266264.59858306573,277502.12524817383,277502.12524817383,373774.8553556906,373774.8553556906,520070.94405728107,520070.94405728107,615754.6915653943,615754.6915653943
5505,Speranza,A516,200000,12.206072645530174,economy,208450.61698335412,208450.61698335412,233711.7577738918,233711.7577738918,277265.22862173285,277265.22862173285,344897.7645600745,344897.7645600745,381136.90074097365,381136.90074097365
8626,Chevrolet,Aveo,315000,12.66032791780777,economy,208813.83728274988,208813.83728274988,222911.87364799055,222911.87364799055,291053.6769902632,291053.6769902632,354396.89942616987,354396.89942616987,380654.5959769039,380654.5959769039
1674,Chevrolet,Aveo,390000,12.873902018105827,economy,358411.1272894383,358411.1272894383,393019.4906113544,393019.4906113544,443264.1822864272,443264.1822864272,509572.8208216374,509572.8208216374,560058.070743172,560058.070743172
7471,Fiat,Punto,425000,12.959844447906551,economy,266772.7966864107,266772.7966864107,347743.2221952563,347743.2221952563,447692.7325347357,447692.7325347357,492279.2523637383,492279.2523637383,527784.4343856653,527784.4343856653
1263,Mercedes,GLA200,1500000,14.22097566607244,standard,925358.8929934694,925358.8929934694,1065073.8623802315,1065073.8623802315,1265093.1618428193,1265093.1618428193,1721541.0083855537,1721541.0083855537,1959005.3462078103,1959005.3462078103
11193,Daewoo,Nubira 1,200000,12.206072645530174,economy,128830.26234643963,128830.26234643963,166604.84839422975,166604.84839422975,192768.24730168364,192768.24730168364,247250.85039877277,247250.85039877277,272196.8654231234,272196.8654231234
10385,Nissan,Qashqai,1745000,14.372265113618663,luxury,1311269.1115914613,1311269.1115914613,1383669.0636554852,1383669.0636554852,1651431.797963081,1651431.797963081,1937804.8781281693,1937804.8781281693,2450532.6762514384,2450532.6762514384
7196,Fiat,Punto,480000,13.081541382884074,economy,276798.5715545143,276798.5715545143,334287.76310131146,334287.76310131146,486536.42250777804,486536.42250777804,569729.1909499217,569152.0701639706,569152.0701639706,569729.1909499217
2321,Cupra,Leon,1780000,14.392123922268269,luxury,1981032.956240651,1981032.956240651,2616165.8650732483,2616165.8650732483,3245687.9182914775,3245687.9182914775,3543062.6898451983,3543062.6898451983,3645591.7642291784,3645591.7642291784
11353,Geely,Emgrand 7,300000,12.611537753638338,economy,318212.03612008994,317083.4050925922,317083.4050925922,318212.03612008994,416304.0842343563,416304.0842343563,547694.478829544,547694.478829544,641638.7622506339,641638.7622506339
6017,Daihatsu,Grand Terios,200000,12.206072645530174,economy,174854.96870896255,174854.96870896255,190013.2215348631,190013.2215348631,233427.82087301963,233427.82087301963,354035.28888976487,354035.28888976487,383983.52126422134,383983.52126422134
5640,Changan,Alsvin,720000,13.487006490992238,standard,655546.3288064931,655546.3288064931,668361.1333419115,668361.1333419115,726795.4721153356,726795.4721153356,859454.293428701,859454.293428701,937333.9133741922,937333.9133741922
1763,Chevrolet,Aveo,470000,13.06048797368624,economy,475116.4230180212,475116.4230180212,492695.1789385405,492695.1789385405,539236.1472771385,539236.1472771385,643477.8930085675,643477.8930085675,698819.5698256699,698819.5698256699
1181,Kia,Rio,600000,13.304684934198283,standard,415236.4206733551,415236.4206733551,461186.16631954745,461186.16631954745,522995.614349354,522995.614349354,610243.1945914893,610243.1945914893,668394.7546718933,668394.7546718933
7722,Hyundai,Accent RB,575000,13.262125319779487,standard,528987.21690386,528987.21690386,552838.4136125816,552838.4136125816,600408.7973343441,600408.7973343441,802561.3138110255,802561.3138110255,903730.460612275,903730.460612275
4937,Suzuki,Alto,299000,12.608198852372825,economy,236650.75884774572,236650.75884774572,267880.2828054756,267880.2828054756,346960.8070515461,346960.8070515461,399889.69534062466,399889.69534062466,437542.087929503,437542.087929503
2993,Speranza,A516,215000,12.2783933071098,economy,193752.39009776103,193752.39009776103,231968.93327004096,231968.93327004096,265193.5455712538,265193.5455712538,340183.6753194002,340183.6753194002,368781.84971816017,368781.84971816017
6531,Mitsubishi,Xpander,1120000,13.928839243271277,standard,820878.0987033166,820878.0987033166,872268.9069061698,872268.9069061698,987722.2765964798,987722.2765964798,1270598.0528657008,1227027.0237438823,1227027.0237438823,1270598.0528657008
6404,Volvo,XC90,2800000,14.845129975145433,luxury,1838404.0898405896,1838404.0898405896,2195815.210682278,2195815.210682278,2463637.390127513,2463637.390127513,3410539.967653177,3327501.076634806,3327501.076634806,3410539.967653177
1543,Fiat,Punto,300000,12.611537753638338,economy,155700.26918023563,155700.26918023563,181582.85994820404,181582.85994820404,239586.12086963732,239586.12086963732,323567.41422428127,323567.41422428127,376733.8747433329,376733.8747433329
6894,Nissan,Qashqai,1130000,13.937728190688524,standard,914878.894855333,896990.0676525993,896990.0676525993,914878.894855333,1028690.3685604543,1028690.3685604543,1315610.2653691503,1315610.2653691503,1589833.529707705,1589833.529707705
751,Speranza,A516,275000,12.524526376648708,economy,284854.5583455655,284854.5583455655,297627.2944385623,297627.2944385623,353305.8907604215,353305.8907604215,429704.17561676994,429704.17561676994,491302.40347553714,491302.40347553714
6038,Geely,Emgrand X7,270000,12.506177237980513,economy,347020.3259344725,329671.13708813675,329671.13708813675,347020.3259344725,501707.97428384825,501707.97428384825,685263.563441313,685263.563441313,768221.3621640918,768221.3621640918
7803,Nissan,Qashqai,820000,13.617059619240436,standard,704307.9938324314,704307.9938324314,715728.8826966569,715728.8826966569,773104.6284127933,773104.6284127933,1073923.9274608828,1073923.9274608828,1234838.368137095,1234838.368137095
8967,Nissan,Qashqai,610000,13.321214236149494,standard,543920.0784825244,543920.0784825244,559560.1456934859,559560.1456934859,649056.2449295571,649056.2449295571,885694.2282474523,885694.2282474523,1011369.9172146432,1011369.9172146432
11118,Nissan,Qashqai,615000,13.329377546788654,standard,367668.474950384,367668.474950384,372679.7318809009,372679.7318809009,493067.6287820082,493067.6287820082,639383.5783785329,639383.5783785329,686642.594113167,686642.594113167
9857,Kia,Rio,630000,13.353475098367715,standard,449733.4325559383,449733.4325559383,504544.36870552314,504544.36870552314,561560.705106614,561560.705106614,616554.1528296255,616554.1528296255,679035.5991307917,679035.5991307917
969,Suzuki,Alto,325000,12.691580461311874,economy,284584.24477155553,284584.24477155553,323058.7611140909,323058.7611140909,494833.72251015756,494833.72251015756,507163.2553694773,507163.2553694773,541519.0340396871,541519.0340396871
10696,Chevrolet,Aveo,460000,13.038981768465275,economy,452356.9154423543,452356.9154423543,474067.9848281977,474067.9848281977,561665.8219260286,561665.8219260286,649925.8469550335,649925.8469550335,696249.5945137544,696249.5945137544
5866,Kia,Rio,665000,13.407542319637992,standard,459771.51582328026,459771.51582328026,506582.47005888674,506582.47005888674,551620.2671018004,551620.2671018004,628088.4615077333,628088.4615077333,694462.4412623141,694462.4412623141
2307,Skoda,Superb,1725000,14.360737608447597,luxury,1446582.7460034103,1446582.7460034103,1684164.580042945,1684164.580042945,1913673.9396355115,1786542.576220931,1786542.576220931,1913673.9396355115,2092368.859445743,2092368.859445743
3283,Chevrolet,Aveo,270000,12.506177237980513,economy,202517.98088709245,202517.98088709245,223874.28673166974,223874.28673166974,294780.30422347505,294780.30422347505,343814.6128262322,343814.6128262322,370213.5665485835,370213.5665485835
5900,Mercedes,GLE450,5250000,15.473738634567807,ultra_luxury,1718742.884557318,1718742.884557318,2378916.9546544957,2378916.9546544957,3619636.885290547,3619636.885290547,4826016.087680079,4826016.087680079,4882299.425580618,4882299.425580618
9262,Skoda,Superb,560000,13.235692062711331,standard,681049.5010625621,681049.5010625621,747902.6707716672,744111.2012082321,744111.2012082321,747902.6707716672,874541.1734863723,874541.1734863723,922491.895264933,922491.895264933
5358,Chevrolet,Aveo,300000,12.611537753638338,economy,216148.1412384503,216148.1412384503,239522.2249056717,239522.2249056717,303814.3531096999,303814.3531096999,368316.37958405743,368316.37958405743,396039.86224565457,396039.86224565457
11772,Nissan,Qashqai,735000,13.507625778194974,standard,666375.9316153432,657538.0773854526,657538.0773854526,666375.9316153432,764948.4809643105,764948.4809643105,952677.4040465953,952677.4040465953,1119492.3767134326,1119492.3767134326
10116,Nissan,Qashqai,750000,13.527828485512494,standard,708693.4229933078,708693.4229933078,716659.3078639964,716659.3078639964,790807.8598719368,790807.8598719368,1021074.8342391016,1021074.8342391016,1199901.6620519683,1199901.6620519683
3191,Geely,Pandino,280000,12.542544882151386,economy,390409.6754668571,390409.6754668571,437179.7344698988,437179.7344698988,488164.7679268583,488164.7679268583,624592.6084764382,624592.6084764382,718571.6569045429,718571.6569045429
652,Chevrolet,Camaro,3150000,14.962913010801817,luxury,1789654.980370506,1789654.980370506,2308294.501572639,2308294.501572639,3196241.622256498,3196241.622256498,4074095.458966637,4074095.458966637,4321440.26226921,4321440.26226921
6548,BMW,740,640000,13.369223455335854,standard,451584.43517077283,451584.43517077283,460518.76353603374,460518.76353603374,678483.3891299603,678483.3891299603,1180326.6251669617,1180326.6251669617,1409370.5613893329,1409370.5613893329
1139,Skoda,Superb,2350000,14.669925886120344,luxury,1622144.5950056363,1622144.5950056363,2099432.820066463,2099432.820066463,2456539.3469626335,2165932.02628369,2165932.02628369,2456539.3469626335,2653611.8829802005,2653611.8829802005
9445,Chevrolet,Aveo,460000,13.038981768465275,economy,390449.3254929807,390449.3254929807,409660.85767379764,409660.85767379764,473589.03205706057,473589.03205706057,552312.4047940901,552312.4047940901,602757.5228663988,602757.5228663988
10300,Chevrolet,Aveo,385000,12.86099861326992,economy,253721.4774911007,253721.4774911007,267804.6847583912,267804.6847583912,335358.23985587596,335358.23985587596,427262.6177196478,427262.6177196478,468626.1035978108,468626.1035978108
5704,Citroën,C4,1010000,13.825460888817442,standard,775957.497392969,775957.497392969,879587.2453398993,879587.2453398993,974504.9709716878,974504.9709716878,1308640.2440643888,1308640.2440643888,1432410.1685086512,1432410.1685086512
7714,Geely,Emgrand 7,350000,12.765688433465597,economy,325131.2706907094,325131.2706907094,328532.05662372883,328532.05662372883,448612.6855902172,448612.6855902172,601259.3216753828,601259.3216753828,701080.6555835489,701080.6555835489
2538,Seat,Cordoba,165000,12.013700752882718,economy,114279.45622789235,114279.45622789235,138591.78380318635,138591.78380318635,194118.5643835089,194118.5643835089,244575.160161065,244575.160161065,299679.6921753675,299679.6921753675
9055,Renault,Taliant,775000,13.560618308335483,standard,777532.8770468907,777532.8770468907,884482.9350389092,884482.9350389092,906214.990722792,906214.990722792,1186881.1176712303,1186881.1176712303,1262408.0086447885,1262408.0086447885
11968,Chevrolet,Aveo,560000,13.235692062711331,standard,586143.7225694282,583815.4009286368,583815.4009286368,586143.7225694282,649212.9732206584,649212.9732206584,789781.9377048882,789781.9377048882,876385.8737914392,876385.8737914392
9286,BMW,218i,1100000,13.9108207377686,standard,946398.2187689136,946398.2187689136,1038350.4783111474,1038350.4783111474,1179679.2950150343,1179679.2950150343,1422578.951921365,1422578.951921365,1426501.3531906623,1426501.3531906623
11529,Fiat,Punto,485000,13.09190416991962,economy,327637.89226988296,327637.89226988296,407781.5566952419,407781.5566952419,546233.6465088117,546233.6465088117,655169.9983324163,655169.9983324163,680561.24187859,680561.24187859
10455,Hyundai,Accent RB,560000,13.235692062711331,standard,464870.09875385585,464870.09875385585,482628.4647405516,482628.4647405516,516341.2978226117,516341.2978226117,657153.1145347451,657153.1145347451,746388.809976835,746388.809976835
1551,Changan,Alsvin,500000,13.122363377404328,economy,529294.6887974885,529294.6887974885,546496.8610331924,546496.8610331924,616601.949001334,616601.949001334,701774.6018256136,701774.6018256136,801780.6601100982,801780.6601100982
3303,Chevrolet,Aveo,270000,12.506177237980513,economy,229679.90504066725,229679.90504066725,249396.8655361499,249396.8655361499,300447.0014996953,300447.0014996953,368265.29502422764,368265.29502422764,411076.98400995624,411076.98400995624
12183,Fiat,Tipo,750000,13.527828485512494,standard,546623.252410893,546623.252410893,568376.1710383692,568376.1710383692,696755.0751913622,696755.0751913622,832611.299639217,832611.299639217,904250.4737923865,904250.4737923865
7845,Nissan,Qashqai,730000,13.500799813124576,standard,704889.6037324037,704889.6037324037,712066.8807685057,712066.8807685057,774693.2437581617,774693.2437581617,1077224.4996721805,1077224.4996721805,1230295.3657662645,1230295.3657662645
6214,Geely,Pandino,220000,12.301382825334498,economy,294821.7269012873,294821.7269012873,328974.77524292615,328974.77524292615,425814.9394093245,425814.9394093245,544197.2682280109,544197.2682280109,593981.3639121484,593981.3639121484
2369,Mitsubishi,Mirage,280000,12.542544882151386,economy,227511.93381332478,227511.93381332478,239942.80030580828,239942.80030580828,323211.35987043055,323211.35987043055,492489.8403673264,492489.8403673264,527669.0100514822,527669.0100514822
2678,BMW,218i,1550000,14.253765488895429,luxury,771011.3181112183,771011.3181112183,885804.5794365585,885804.5794365585,1012636.2396707581,1012636.2396707581,1192615.0980288896,1192615.0980288896,1226943.3280213054,1226943.3280213054
9691,Fiat,Tipo,780000,13.567049198665774,standard,478395.8078255231,478395.8078255231,494986.20411163266,494986.20411163266,603577.5967290773,603577.5967290773,749087.3443066551,749087.3443066551,828302.5414458164,828302.5414458164
10038,Chevrolet,Aveo,315000,12.66032791780777,economy,213567.87264369716,213567.87264369716,237089.3276523783,237089.3276523783,297604.8383554952,297604.8383554952,356835.5435744268,356835.5435744268,386869.53346707136,386869.53346707136
2066,Renault,Taliant,795000,13.58609739363647,standard,723719.7926708161,723719.7926708161,822314.617279685,822314.617279685,864744.9124448943,864744.9124448943,1127051.2458810562,1127051.2458810562,1205535.7412806794,1205535.7412806794
5177,Speranza,A516,220000,12.301382825334498,economy,214202.24392467688,214202.24392467688,233498.79633042877,233498.79633042877,285029.1313063913,285029.1313063913,349598.4405334917,349598.4405334917,375925.80379863834,375925.80379863834
7383,Chevrolet,Aveo,340000,12.736700896592344,economy,220080.8626740754,220080.8626740754,236104.20086869565,236104.20086869565,327677.51310095086,327677.51310095086,387654.9629569245,387654.9629569245,401750.17903393693,401750.17903393693
11432,Fiat,Tipo,850000,13.652991628466498,standard,416332.78365058644,416332.78365058644,436951.6430577572,436951.6430577572,542583.0183974312,542583.0183974312,731086.012413456,731086.012413456,817337.9181254661,817337.9181254661
2529,Kia,Rio,510000,13.142166004700508,standard,407496.7094067813,407496.7094067813,448258.205779425,448258.205779425,502414.8748106744,502414.8748106744,577127.4454215228,577127.4454215228,638090.175461922,638090.175461922
8506,Mercedes,GLA200,1660000,14.322328160332724,luxury,962482.3241645026,962482.3241645026,1109619.4420995621,1109619.4420995621,1467105.8171897915,1467105.8171897915,1715204.1054797564,1715204.1054797564,1986651.1296765471,1986651.1296765471
11883,Hyundai,Elantra CN7,1100000,13.9108207377686,standard,726430.6778722116,726430.6778722116,751607.013029394,751607.013029394,878579.3197677876,878579.3197677876,1075705.8233550338,1075705.8233550338,1111812.8229405277,1111812.8229405277
9462,Hyundai,Elantra CN7,1200000,13.997832114758229,standard,800108.5349771965,800108.5349771965,824366.5748329925,824366.5748329925,1037436.0075400011,1037436.0075400011,1148882.9672999314,1148882.9672999314,1222273.5359818223,1222273.5359818223
4356,Chevrolet,Aveo,400000,12.89921982609012,economy,346679.1270390689,346679.1270390689,383930.412808531,383930.412808531,440910.577130703,440910.577130703,492691.19881031977,492691.19881031977,546603.886094402,546603.886094402
10514,Jeep,Renegade,900000,13.710150042306449,standard,726262.838144914,726262.838144914,760172.3357002276,760172.3357002276,864275.6721501346,864275.6721501346,966420.5322593275,966420.5322593275,1049972.3129397335,1049972.3129397335
6108,Mercedes,GLA200,1400000,14.151982794585487,standard,820242.6463363953,820242.6463363953,912740.5093965783,912740.5093965783,1182298.3548399024,1182298.3548399024,1486058.6534785435,1486058.6534785435,1748346.787186687,1748346.787186687
1959,Fiat,Tipo,530000,13.180632285528304,standard,344175.3412411374,344175.3412411374,363852.68005185795,363852.68005185795,492630.7810569066,492630.7810569066,588367.6621376856,588367.6621376856,650692.2748401266,650692.2748401266
7916,MG,GT,1270000,14.054527458434777,standard,941928.1448887062,941928.1448887062,1076336.7637618436,1076336.7637618436,1090784.2507733963,1090784.2507733963,1525190.4887202717,1525190.4887202717,1693782.0135744498,1693782.0135744498
9596,Hyundai,Accent RB,780000,13.567049198665774,standard,788506.3687427527,788506.3687427527,805306.9560710468,805306.9560710468,850032.3775926935,850032.3775926935,1173744.8313332873,1173744.8313332873,1306515.505862602,1306515.505862602
5120,Nissan,Qashqai,630000,13.353475098367715,standard,620271.5034970142,619943.0353641029,619943.0353641029,620271.5034970142,682874.3223898122,682874.3223898122,937840.9377258071,937840.9377258071,1050259.7473881317,1050259.7473881317
7832,Skoda,Superb,2450000,14.71159858252091,luxury,1722516.9396522136,1722516.9396522136,2284266.9226832134,2284266.9226832134,2930315.388766412,2570367.760871669,2570367.760871669,2930315.388766412,3017715.0513736974,3017715.0513736974
1251,BMW,M3,7250000,15.796512026830856,ultra_luxury,2779415.4772707648,2779415.4772707648,4229185.199932369,4229185.199932369,5849489.856133659,5849489.856133659,7044553.015156894,7044553.015156894,7868727.930529133,7868727.930529133
2556,Nissan,Qashqai,795000,13.58609739363647,standard,871571.8970852862,871571.8970852862,927025.4707777364,927025.4707777364,1040353.2874533684,1040353.2874533684,1217211.921536346,1217211.921536346,1418723.3014860523,1418723.3014860523
6804,Mercedes,S500,2200000,14.603967918328545,luxury,1090946.3036485584,1090946.3036485584,1155802.7675303302,1155802.7675303302,1695582.7265095739,1695582.7265095739,2347633.544599648,2347633.544599648,2760802.6311184214,2760802.6311184214
1454,Speranza,A516,140000,11.84939770159144,economy,215332.74211271983,215332.74211271983,228475.76342734098,228475.76342734098,286294.84622325824,286294.84622325824,365295.55754615896,365295.55754615896,401074.8090740238,401074.8090740238
3170,Chevrolet,Aveo,350000,12.765688433465597,economy,222850.6002373842,222850.6002373842,243925.45001195796,243925.45001195796,306173.4236720119,306173.4236720119,407286.5994818734,407286.5994818734,440332.5354001474,440332.5354001474
9246,Changan,Alsvin,560000,13.235692062711331,standard,566633.3777604988,566633.3777604988,589083.4344281757,589083.4344281757,639111.2981851434,639111.2981851434,740378.1883422098,740378.1883422098,840344.520147629,840344.520147629
11416,Hyundai,Accent RB,520000,13.16158409055761,standard,406275.4649639814,406275.4649639814,427010.75803034165,427010.75803034165,464838.8713826668,464838.8713826668,595747.9659917783,595747.9659917783,645493.8076879189,645493.8076879189
9593,Hyundai,Elantra CN7,980000,13.795307850646754,standard,683384.7678660621,683384.7678660621,713556.4429755283,713556.4429755283,873816.5180412055,873816.5180412055,1051794.9553720625,1051794.9553720625,1116473.2439892672,1116473.2439892672
3909,Speranza,A516,240000,12.388394202324127,economy,182906.3316336492,182906.3316336492,223777.49333619862,223777.49333619862,274791.8759110759,274791.8759110759,351614.18511085905,351614.18511085905,371056.3111129194,371056.3111129194
1876,BMW,X5,2150000,14.580978400103843,luxury,1736835.6509948408,1736835.6509948408,2083565.4520566466,2083565.4520566466,2208877.3225784358,2208877.3225784358,2537725.993425141,2537725.993425141,3056318.9800658925,3056318.9800658925
149,Chevrolet,Aveo,510000,13.142166004700508,standard,393451.48560288653,393451.48560288653,415850.4443356072,415850.4443356072,497705.5177524217,497705.5177524217,610061.1354801235,610061.1354801235,663262.6844137484,663262.6844137484
9061,Mitsubishi,Xpander,1380000,14.137594057133388,standard,928834.8989732766,928834.8989732766,966386.709283138,966386.709283138,1209503.2706543377,1209503.2706543377,1620916.8570117026,1616676.4712516968,1616676.4712516968,1620916.8570117026
1071,Geely,Emgrand 7,330000,12.706847933442663,economy,277156.8895794078,277156.8895794078,282266.12087179726,282266.12087179726,388538.97538514325,388538.97538514325,535722.1049791424,535722.1049791424,616657.4285418222,616657.4285418222
4641,Chevrolet,Aveo,420000,12.948009990259552,economy,411269.61171327624,411269.61171327624,436000.67785874376,436000.67785874376,490005.82266089856,490005.82266089856,567859.6705353361,567859.6705353361,616183.4341857397,616183.4341857397
4551,Mercedes,GLA200,1400000,14.151982794585487,standard,861224.3392430509,861224.3392430509,954036.5381987338,954036.5381987338,1206195.7305716744,1206195.7305716744,1507132.6086783034,1507132.6086783034,1724509.3599334096,1724509.3599334096
7257,Nissan,Qashqai,730000,13.500799813124576,standard,706043.1680291848,706043.1680291848,728529.2787862842,728529.2787862842,797699.388400067,797699.388400067,1001756.6315076636,1001756.6315076636,1182654.6059918376,1182654.6059918376
7492,Nissan,Qashqai,850000,13.652991628466498,standard,752481.7983893453,752481.7983893453,757593.3699325366,757593.3699325366,813640.6630134647,813640.6630134647,1136297.9664542086,1136297.9664542086,1297663.2264439564,1297663.2264439564
19,Mercedes,GLE450,5500000,15.5202586502027,ultra_luxury,1771081.3029781457,1771081.3029781457,2424865.4570958926,2424865.4570958926,3870098.3013672573,3870098.3013672573,5034174.474028006,5034174.474028006,5400350.408546962,5400350.408546962
3768,Kia,Rio,350000,12.765688433465597,economy,232233.83044691224,232233.83044691224,255381.6964808253,255381.6964808253,321622.62325744116,321622.62325744116,368697.0828169573,368697.0828169573,393403.3619925211,393403.3619925211
7528,Hyundai,Elantra CN7,1650000,14.316285845876765,luxury,981149.371754324,981149.371754324,1016489.0262583785,1016489.0262583785,1241087.8944008937,1241087.8944008937,1522509.7495972048,1522509.7495972048,1568396.3255561818,1568396.3255561818
8345,Nissan,Qashqai,770000,13.554145793829866,standard,748525.8782719026,741419.0570232461,741419.0570232461,748525.8782719026,841098.244063703,841098.244063703,1190293.8215021864,1190293.8215021864,1375779.938938938,1375779.938938938
4032,Kia,Rio,750000,13.527828485512494,standard,499426.71365190943,499426.71365190943,537764.2065859284,537764.2065859284,645173.8275181277,645173.8275181277,734653.5025738825,734653.5025738825,791548.9996787341,791548.9996787341
4425,Kia,Rio,620000,13.337474757021274,standard,389282.30960965814,389282.30960965814,424951.67694064416,424951.67694064416,486833.4960318106,486833.4960318106,557907.1244841168,557907.1244841168,614841.7464877171,614841.7464877171
11271,Geely,Emgrand 7,300000,12.611537753638338,economy,283572.66536801634,283572.66536801634,289642.9804636122,289642.9804636122,414482.51980982797,414482.51980982797,687706.245265387,687706.245265387,801552.8759976655,801552.8759976655
2007,SsangYong,Tivoli XLV,790000,13.579788224443204,standard,865621.9262892635,840815.860819332,840815.860819332,865621.9262892635,873871.4461519719,873871.4461519719,1399773.5528591059,1399773.5528591059,1536397.1721092828,1536397.1721092828
9079,Volkswagen,T-Roc,1760000,14.380824367014334,luxury,1045872.5399398223,1045872.5399398223,1236872.444798232,1236872.444798232,1586557.0764495851,1586557.0764495851,1725009.2924905894,1725009.2924905894,1915740.9984650011,1915740.9984650011
8532,Kia,Rio,450000,13.017002861746503,economy,397454.97887904296,397454.97887904296,444411.6781930372,444411.6781930372,486255.9546702673,486255.9546702673,578092.4227827946,578092.4227827946,628889.3320259156,628889.3320259156
3876,Geely,Pandino,295000,12.594730635321955,economy,411758.6394157681,411758.6394157681,451286.64618842426,451286.64618842426,505197.40133765864,505197.40133765864,628752.6596909149,628752.6596909149,710176.3675008768,710176.3675008768
6172,Nissan,Qashqai,975000,13.790192749979983,standard,868539.3988246265,856072.2880781868,856072.2880781868,868539.3988246265,958189.9274396471,958189.9274396471,1264965.84549962,1264965.84549962,1499619.608760294,1499619.608760294
9013,Kia,Rio,480000,13.081541382884074,economy,365161.8483971145,365161.8483971145,404420.1450915475,404420.1450915475,456099.70765995217,456099.70765995217,539022.3930900556,539022.3930900556,587557.6587017963,587557.6587017963
10716,Geely,Emgrand 7,290000,12.577636201962656,economy,314371.3319802028,314371.3319802028,320446.7398615883,320446.7398615883,421174.1281303598,421174.1281303598,550798.4312690181,550798.4312690181,633746.3422959069,633746.3422959069
7908,Porsche,Boxster,6500000,15.687312734865866,ultra_luxury,2565577.941069092,2565577.941069092,3811323.7023780895,3811323.7023780895,5983294.467874809,5983294.467874809,6541608.69784742,6344833.766407435,6344833.766407435,6541608.69784742
29,Chevrolet,Aveo,470000,13.06048797368624,economy,385592.32480886055,385592.32480886055,408741.69372631825,408741.69372631825,484186.00418461795,484186.00418461795,565018.9200228285,565018.9200228285,624677.0731035473,624677.0731035473
7882,Fiat,Tipo,750000,13.527828485512494,standard,557545.0663829881,557545.0663829881,584446.8587538092,584446.8587538092,694694.9450052322,694694.9450052322,849564.4425775345,849564.4425775345,940752.2924053029,940752.2924053029
2756,Chevrolet,Captiva,825000,13.623138665316818,standard,683799.321629058,683799.321629058,718524.0326542141,718524.0326542141,891411.2149964595,891411.2149964595,1058991.0351468998,1058991.0351468998,1191026.5141359146,1191026.5141359146
3752,BMW,X5,3300000,15.009433026436708,luxury,2276918.2529001953,2276918.2529001953,3156337.8850106704,3156337.8850106704,3888245.9060013625,3888245.9060013625,4625653.104105088,4625653.104105088,4742399.0308108805,4742399.0308108805
6490,MG,GT,1280000,14.0623706358958,standard,860647.9567191807,860647.9567191807,993502.4095589331,993502.4095589331,1064083.8576942098,1064083.8576942098,1446159.3093373764,1446159.3093373764,1605670.8917087496,1605670.8917087496
1302,Chery,Tiggo 8 Pro,1300000,14.077874822431763,standard,1212878.8529775396,1212878.8529775396,1404812.4274311855,1300274.004501928,1300274.004501928,1404812.4274311855,1577373.71539669,1577373.71539669,1978365.9078878548,1978365.9078878548
8693,Chery,Tiggo 7 Pro Max,1110000,13.919870573288517,standard,807594.2386576751,807594.2386576751,860513.578963165,860513.578963165,928013.3003245872,928013.3003245872,1006233.8267089742,1006233.8267089742,1132560.7816761357,1132560.7816761357
2183,Mercedes,GLE450,4500000,15.319587954740548,ultra_luxury,1346134.371832284,1346134.371832284,1685237.366960832,1685237.366960832,2503037.5854518493,2503037.5854518493,3258186.65196609,3138283.662532755,3138283.662532755,3258186.65196609
12227,Fiat,Punto,210000,12.254862809699606,economy,171557.7937440031,171557.7937440031,208449.62481678792,208449.62481678792,279806.29097483336,279806.29097483336,360632.8172525079,360632.8172525079,400823.6270262024,400823.6270262024
11790,Nissan,Qashqai,770000,13.554145793829866,standard,697213.4010745476,697213.4010745476,698989.6807744859,698989.6807744859,743772.1650452374,743772.1650452374,1082026.7601547556,1082026.7601547556,1211946.862733665,1211946.862733665
1079,Suzuki,Alto,175000,12.072541252905651,economy,160988.45099508364,160988.45099508364,209922.0271731469,209922.0271731469,244232.82075611228,244232.82075611228,280301.52176163,280301.52176163,318999.197316243,318999.197316243
7242,Citroën,C4,310000,12.644327576461327,economy,266738.604585846,266738.604585846,281091.89224951365,281091.89224951365,339235.81983481615,339235.81983481615,511696.73679862265,511696.73679862265,572857.74102986,572857.74102986
5391,Speranza,A516,230000,12.345834587905332,economy,285780.79249100544,285780.79249100544,296787.56659648474,296787.56659648474,337678.5434661959,337678.5434661959,424139.5811734187,424139.5811734187,485650.6751716639,485650.6751716639
2427,BAIC,U5 Plus,910000,13.721199878493032,standard,772224.7442444677,768582.6329571875,790591.8898016242,772224.7442444677,768582.6329571875,790591.8898016242,1116077.834775446,1116077.834775446,1206105.5827795938,1206105.5827795938
2240,Volkswagen,Bora,325000,12.691580461311874,economy,227326.13262042843,227326.13262042843,241646.03457824327,241646.03457824327,374501.53621982853,374501.53621982853,417795.90708072996,417795.90708072996,445949.11310371617,445949.11310371617
1546,Nissan,Qashqai,1490000,14.214286677921642,standard,1234700.6959351688,1234700.6959351688,1316540.4199281114,1316540.4199281114,1590776.8810918408,1590776.8810918408,1812306.112654888,1812306.112654888,2206109.346247345,2206109.346247345
10297,Chevrolet,Aveo,430000,12.971540487669746,economy,365849.3175285316,365849.3175285316,393693.8156138645,393693.8156138645,460257.54803875333,460257.54803875333,535939.9004507727,535939.9004507727,584212.2111547187,584212.2111547187
437,Fiat,132,85000,11.350406535472452,economy,136434.65782885006,136434.65782885006,158094.89497407983,158094.89497407983,208619.08638474732,208619.08638474732,343327.0911165199,343327.0911165199,375768.08147315885,375768.08147315885
5613,Toyota,Rush,1050000,13.864300722133706,standard,697938.4277873395,697938.4277873395,774888.1515423859,774888.1515423859,855982.7228906018,855982.7228906018,1062494.6553941246,1036187.9785613031,1036187.9785613031,1062494.6553941246
2023,Chevrolet,Aveo,360000,12.793859310432293,economy,281327.46211579395,281327.46211579395,313696.67947055475,313696.67947055475,376856.02468855184,376856.02468855184,441257.8776997193,441257.8776997193,485068.9362033983,485068.9362033983
4482,Porsche,Boxster,6200000,15.64005985001532,ultra_luxury,2456706.3853388494,2456706.3853388494,3732715.6349502923,3732715.6349502923,6197268.321721983,6197268.321721983,6577803.146374073,6328805.08895445,6328805.08895445,6577803.146374073
11875,BMW,X5,5500000,15.5202586502027,ultra_luxury,2455763.0390624353,2455763.0390624353,3502529.692600556,3502529.692600556,4068059.9810539167,4068059.9810539167,5126237.516083038,5071264.379496053,5071264.379496053,5126237.516083038
74,Nissan,Qashqai,1490000,14.214286677921642,standard,1249797.263517444,1249797.263517444,1320383.9873188445,1320383.9873188445,1606382.0883688708,1606382.0883688708,1731673.9715227769,1731673.9715227769,2139234.403262064,2139234.403262064
5326,Chevrolet,Aveo,350000,12.765688433465597,economy,309481.845943269,309481.845943269,322025.02316696325,322025.02316696325,371776.1231460554,371776.1231460554,454436.45575889485,454436.45575889485,501548.8786704806,501548.8786704806
7750,Chevrolet,Aveo,330000,12.706847933442663,economy,231491.21384672573,231491.21384672573,251924.59265753903,251924.59265753903,308034.4332966499,308034.4332966499,378967.3251611514,378967.3251611514,418082.6529987963,418082.6529987963
280,Fiat,Punto,110000,11.608235644774552,economy,91626.75636234756,91626.75636234756,109102.22335825946,109102.22335825946,156408.92771263965,156408.92771263965,196329.59211832937,196329.59211832937,248825.87414656288,248825.87414656288
4905,Speranza,A516,335000,12.721885810807205,economy,251521.0064743616,251521.0064743616,266056.73530251154,266056.73530251154,338320.2185948296,338320.2185948296,411644.8092597323,411644.8092597323,446306.24321260414,446306.24321260414
8244,Chevrolet,Captiva,1350000,14.115615150414612,standard,1043231.4698528867,1043231.4698528867,1113662.6293970062,1113662.6293970062,1376620.1627867867,1376620.1627867867,1688052.6055686758,1688052.6055686758,1959641.9408916612,1959641.9408916612
8055,Hyundai,Accent RB,900000,13.710150042306449,standard,959009.2754126467,902145.5788981353,902145.5788981353,959009.2754126467,964372.573490631,964372.573490631,1370347.199400573,1370347.199400573,1463713.166524126,1463713.166524126
10847,Kia,Rio,795000,13.58609739363647,standard,510342.78181209636,510342.78181209636,549140.1363962282,549140.1363962282,633180.9448450269,633180.9448450269,731971.9541560189,731971.9541560189,778679.2807502546,778679.2807502546
10768,Geely,Emgrand 7,340000,12.736700896592344,economy,330912.526890593,330912.526890593,335197.51694057503,335197.51694057503,518511.2792105534,518511.2792105534,592345.9517712207,592345.9517712207,729769.5241173817,729769.5241173817
4121,Chevrolet,Aveo,549000,13.215853720491667,standard,586643.9710135076,586643.9710135076,588919.2650968346,588919.2650968346,640817.8564409919,640817.8564409919,781383.5203348388,781383.5203348388,841111.7557618299,841111.7557618299
9182,Hyundai,Accent RB,725000,13.493926933836812,standard,564411.967253939,564411.967253939,596621.831906542,596621.831906542,677700.0193193961,677700.0193193961,897177.1178285648,897177.1178285648,1024262.1814880909,1024262.1814880909
2671,Fiat,Punto,490000,13.102160670086809,economy,386767.82807999145,386767.82807999145,468433.77490786405,468433.77490786405,680318.1982121993,680318.1982121993,773419.0446851251,773419.0446851251,774611.3940743346,774611.3940743346
4037,Volvo,XC90,4725000,15.36837811890998,ultra_luxury,2344269.1781523665,2344269.1781523665,3151577.286890384,3151577.286890384,4223740.12893518,4223740.12893518,5315203.225993099,5315203.225993099,5788754.675978105,5788754.675978105
5386,Zeekr,001,2150000,14.580978400103843,luxury,1647845.3238563936,1647845.3238563936,2134780.135557737,2134780.135557737,2327127.705072412,2327127.705072412,3453405.004919644,3453405.004919644,3853783.0615756717,3853783.0615756717
8527,Daewoo,Nubira 1,185000,12.128111104060462,economy,152309.9996016362,152309.9996016362,178211.62208869267,178211.62208869267,208982.51780763606,208982.51780763606,243701.30388946808,243701.30388946808,263072.55437657604,263072.55437657604
1803,Jeep,Cherokee,800000,13.592367006650065,standard,628466.3296701325,628466.3296701325,649472.3353536597,649472.3353536597,813381.4098096166,813381.4098096166,910390.0819219116,910390.0819219116,923130.4349541153,923130.4349541153
7974,Volkswagen,T-Roc,1850000,14.430696197054507,luxury,1029634.9077939506,1029634.9077939506,1227814.7050569705,1227814.7050569705,1576931.7545962047,1576931.7545962047,1725811.7428231097,1725811.7428231097,1898013.8010507962,1898013.8010507962
11562,Speranza,M12,250000,12.429216196844385,economy,190338.21388619463,190338.21388619463,213668.08383106702,213668.08383106702,295233.3021441434,295233.3021441434,342972.9977160936,342972.9977160936,369823.26223864063,369823.26223864063
6712,Kia,Rio,190000,12.154779351142624,economy,195389.51339945153,195389.51339945153,212321.2611870956,212321.2611870956,262396.90970617696,262396.90970617696,293283.4091005274,293283.4091005274,313873.0676191365,313873.0676191365
6940,Chevrolet,Camaro,4100000,15.226497531674536,ultra_luxury,1914855.1857929875,1914855.1857929875,2408730.7591007696,2408730.7591007696,3404439.7725069053,3404439.7725069053,4306409.877024082,4306409.877024082,4617484.353020616,4617484.353020616
4854,Jeep,Cherokee,930000,13.742939865129438,standard,851077.7487448915,851077.7487448915,951925.890750356,951925.890750356,1088499.7859458728,1088499.7859458728,1205600.2553750845,1182791.5636320154,1182791.5636320154,1205600.2553750845
1998,Jeep,Cherokee,750000,13.527828485512494,standard,652691.2385003329,652691.2385003329,694147.3613025455,694147.3613025455,825085.0386444147,825085.0386444147,935567.6294933094,935567.6294933094,962982.8160034723,962982.8160034723
9059,Chery,Tiggo 4 Pro,1000000,13.815510557964274,standard,891644.7754923285,891644.7754923285,940072.3568453251,940072.3568453251,1000318.4827685679,1000318.4827685679,1252442.9616680744,1252442.9616680744,1526949.7255273997,1526949.7255273997
11204,Fiat,Punto,310000,12.644327576461327,economy,146172.7793486895,146172.7793486895,173048.09416627733,173048.09416627733,247559.9478810474,247559.9478810474,323927.49721681233,323927.49721681233,356189.24772000004,356189.24772000004
5308,Mercedes,GLA200,2350000,14.669925886120344,luxury,1398815.767844298,1398815.767844298,1672866.2189843063,1672866.2189843063,2378628.245326573,2378628.245326573,2877937.849978058,2877937.849978058,3354370.5864120983,3354370.5864120983
6825,Chevrolet,Malibu,1150000,13.955272500339431,standard,883438.4386988127,875561.1935781337,875561.1935781337,883438.4386988127,987841.2530223577,987841.2530223577,1269833.5417228753,1269833.5417228753,1564599.7660434851,1564599.7660434851
6964,Kia,Rio,560000,13.235692062711331,standard,406482.9023897511,406482.9023897511,448443.47514865507,448443.47514865507,497059.1039586098,497059.1039586098,590371.5611939384,590371.5611939384,655995.1548789121,655995.1548789121
3728,SsangYong,Tivoli XLV,415000,12.936033799212836,economy,899327.3915596246,888027.341149928,888027.341149928,899327.3915596246,1061917.8678107937,1061917.8678107937,1572010.185507127,1572010.185507127,1822236.8507135247,1822236.8507135247
8077,Nissan,Qashqai,600000,13.304684934198283,standard,537267.9916817795,537267.9916817795,557131.1124743033,557131.1124743033,618903.1125005034,618903.1125005034,798928.766991059,798928.766991059,882134.6272897675,882134.6272897675
8229,Mercedes,S450,10900000,16.204273347199372,ultra_luxury,2725972.8643471543,2725972.8643471543,3385939.252158894,3385939.252158894,5209826.5233805645,5209826.5233805645,6520635.714192483,6520635.714192483,7339035.046637521,7339035.046637521
9306,Mitsubishi,Xpander,1390000,14.144814305106877,standard,935013.1504129487,935013.1504129487,951298.268036396,951298.268036396,1208823.5132669418,1208823.5132669418,1623509.7339434146,1609941.5711909675,1609941.5711909675,1623509.7339434146
12403,Fiat,Punto,370000,12.821258284620408,economy,233861.86323493326,233861.86323493326,297936.9985345284,297936.9985345284,365249.753319218,365249.753319218,443325.5127126987,443325.5127126987,470647.6767647316,470647.6767647316
3133,Geely,Emgrand 7,340000,12.736700896592344,economy,281861.59723918187,281861.59723918187,288623.1787212779,288623.1787212779,390324.3616969236,390324.3616969236,543844.1905953926,543844.1905953926,630516.265863982,630516.265863982
3273,Nissan,Qashqai,700000,13.458835614025542,standard,703333.0516351649,703333.0516351649,713429.0212161768,713429.0212161768,778261.9465625283,778261.9465625283,1087657.567528771,1087657.567528771,1255686.7519142914,1255686.7519142914
7836,Geely,GX3 Pro,720000,13.487006490992238,standard,683771.355389783,683771.355389783,687328.9203373943,687328.9203373943,760165.5563851107,760165.5563851107,944687.1841128271,944687.1841128271,1000580.5978302354,1000580.5978302354
1985,Mercedes,G63,15000000,16.523560759066484,ultra_luxury,2939055.364176043,2939055.364176043,4955836.420724741,4955836.420724741,9369509.790193109,9369509.790193109,10122680.899295442,10122680.899295442,10215911.888046436,10215911.888046436
1576,Jeep,Renegade,810000,13.604789526648622,standard,613835.9315759846,613835.9315759846,660106.2845614223,660106.2845614223,714516.4524355422,714516.4524355422,870406.3730899352,870406.3730899352,970149.6387875519,970149.6387875519
9886,BAIC,U5 Plus,910000,13.721199878493032,standard,797939.3727852504,797939.3727852504,826190.3968030419,826190.3968030419,830099.5397548593,830099.5397548593,1197795.6438804467,1197795.6438804467,1314659.4135886938,1314659.4135886938
2721,Volkswagen,Pointer,130000,11.77528972943772,economy,195973.9386992605,195973.9386992605,208558.9849069551,208558.9849069551,293234.6941745479,293234.6941745479,455200.08791260124,455200.08791260124,460757.8506095269,460757.8506095269
1710,Geely,Emgrand 7,305000,12.628067055589549,economy,313392.07797138207,313392.07797138207,325963.9506339303,325963.9506339303,430244.60994563904,430244.60994563904,551512.7329270773,551512.7329270773,635996.6242454912,635996.6242454912
10005,Audi,Q4 E-Tron,2260000,14.630875371248468,luxury,1875239.4544496685,1875239.4544496685,2210028.5460093557,2210028.5460093557,2712101.3668525205,2712101.3668525205,3411374.9428938534,3411374.9428938534,3984575.233628721,3984575.233628721
398,Fiat,Tipo,850000,13.652991628466498,standard,549263.5880478952,549263.5880478952,580781.4188496085,580781.4188496085,719070.9491859786,719070.9491859786,862230.7618805631,862230.7618805631,942091.6826585237,942091.6826585237
781,Mercedes,S450,8700000,15.978833583624812,ultra_luxury,2676387.7549163587,2676387.7549163587,3226807.201602885,3226807.201602885,4680824.542553225,4680824.542553225,6028498.640493726,6028498.640493726,6607504.934560332,6607504.934560332
6229,Mercedes,G63,14100000,16.461685355348397,ultra_luxury,2987505.239299086,2987505.239299086,5056595.348810571,5056595.348810571,8573088.538584545,8573088.538584545,10063795.949167661,10063795.949167661,10333923.923540043,10333923.923540043
193,Nissan,Qashqai,1200000,13.997832114758229,standard,1058067.310133037,1058067.310133037,1097298.6635705272,1097298.6635705272,1309097.089654609,1309097.089654609,1509110.5590846452,1509110.5590846452,1859920.6419926065,1859920.6419926065
5041,Jeep,Cherokee,230000,12.345834587905332,economy,165721.69940602075,160109.36988581743,160109.36988581743,165721.69940602075,266334.5947606875,266334.5947606875,457024.4066417427,457024.4066417427,559598.239908437,559598.239908437
11588,Kia,Rio,235000,12.367340793126296,economy,179391.61880723032,179391.61880723032,195106.53636231966,195106.53636231966,249154.82307794053,249154.82307794053,282074.99823528994,282074.99823528994,305857.5592751334,305857.5592751334
9076,Skoda,Superb,2999000,14.913789457731149,luxury,1670734.6636358479,1670734.6636358479,2222236.3188982564,2222236.3188982564,2992877.156427021,2663738.279048022,2663738.279048022,2992877.156427021,3076871.9990580906,3076871.9990580906
4152,Chevrolet,Aveo,525000,13.17115354157376,standard,451838.80449504545,451838.80449504545,473771.5867197943,473771.5867197943,545513.6356863558,545513.6356863558,687861.551211841,687861.551211841,756406.7495594377,756406.7495594377
5228,SsangYong,Tivoli XLV,810000,13.604789526648622,standard,917259.7131655451,917259.7131655451,933099.5066145605,933099.5066145605,1008044.6265331161,1008044.6265331161,1440717.7667088415,1440717.7667088415,1550206.6335919288,1550206.6335919288
5425,Skoda,Superb,1630000,14.304090572782943,luxury,1203514.3927764709,1203514.3927764709,1391857.3979320058,1391857.3979320058,1600926.0157225372,1523097.624149162,1523097.624149162,1600926.0157225372,1679923.748097378,1679923.748097378
8279,Chery,Tiggo 8 Pro,1350000,14.115615150414612,standard,1245340.936960919,1245340.936960919,1388887.6606858696,1388887.6606858696,1420812.1460522793,1420812.1460522793,1617897.856454461,1617897.856454461,2053421.4531795438,2053421.4531795438
4426,Chevrolet,Aveo,275000,12.524526376648708,economy,226966.87224838536,226966.87224838536,244610.67099754227,244610.67099754227,306464.68488009996,306464.68488009996,368039.34529314947,368039.34529314947,404339.63467498653,404339.63467498653
7909,Chevrolet,Aveo,530000,13.180632285528304,standard,513988.9833434982,513988.9833434982,520328.88789747463,520328.88789747463,573875.266246576,573875.266246576,693489.2494983681,693489.2494983681,757372.539199762,757372.539199762
10157,Jeep,Renegade,730000,13.500799813124576,standard,731107.7782737879,731107.7782737879,758001.6565919463,758001.6565919463,879139.5911747327,879139.5911747327,970419.2164036895,970419.2164036895,1052942.1505009423,1052942.1505009423
11489,Chevrolet,Aveo,335000,12.721885810807205,economy,220839.75723829117,220839.75723829117,237764.01456067327,237764.01456067327,300101.21814064856,300101.21814064856,368957.15811384126,368957.15811384126,398127.4255496741,398127.4255496741
5193,Skoda,Superb,1850000,14.430696197054507,luxury,1422022.6025009206,1422022.6025009206,1682725.026706231,1682725.026706231,1931638.279728754,1758842.7130270982,1758842.7130270982,1931638.279728754,2087438.3935998562,2087438.3935998562
4954,Chevrolet,Aveo,210000,12.254862809699606,economy,197812.90940299872,197812.90940299872,218134.83734494084,218134.83734494084,289187.83729530044,289187.83729530044,343956.570636251,343956.570636251,371485.2628454802,371485.2628454802
3706,BMW,218i,1600000,14.28551418721001,luxury,1170175.3146289971,1170175.3146289971,1396703.0799926638,1396703.0799926638,1613002.6627920049,1613002.6627920049,1870209.6680134742,1870209.6680134742,1947212.5900472326,1947212.5900472326
2195,Mercedes,S500,9500000,16.06680235657077,ultra_luxury,2848649.3508642484,2848649.3508642484,4213058.503886435,4213058.503886435,6208898.761338649,6208898.761338649,7688695.686521224,7688695.686521224,8095052.497640664,8095052.497640664
11116,Nissan,Qashqai,700000,13.458835614025542,standard,681468.0753441476,681468.0753441476,681784.3322989872,681784.3322989872,704505.0597506322,704505.0597506322,992811.5414900825,992811.5414900825,1117430.8884557663,1117430.8884557663
3053,Suzuki,Alto,220000,12.301382825334498,economy,186869.5819814234,186869.5819814234,217827.12407286532,217827.12407286532,266032.2115579702,266032.2115579702,327546.90135955374,327546.90135955374,373956.53867620503,373956.53867620503
11980,Geely,Emgrand 7,330000,12.706847933442663,economy,312299.71781418327,312299.71781418327,316214.4867083862,316214.4867083862,410796.53186042234,410796.53186042234,557322.9566930364,557322.9566930364,643454.7343932196,643454.7343932196
3898,Nissan,Qashqai,925000,13.737549016494562,standard,842455.3498673331,842455.3498673331,869265.4397534679,869265.4397534679,1020586.5739863898,1020586.5739863898,1256557.0492028368,1256557.0492028368,1484958.5569853385,1484958.5569853385
11904,Chevrolet,Captiva,930000,13.742939865129438,standard,799058.0369917216,799058.0369917216,820533.9383321325,820533.9383321325,968458.4469958247,968458.4469958247,1207040.156201558,1207040.156201558,1387010.4215774715,1387010.4215774715
6801,Mitsubishi,Xpander,1180000,13.981024996441848,standard,813466.4275388372,813466.4275388372,872754.4622173886,872754.4622173886,1010748.6479987236,1010748.6479987236,1285466.3586327487,1232372.2452657514,1232372.2452657514,1285466.3586327487
12371,Mercedes,S500,1350000,14.115615150414612,standard,1029913.9436559996,1029913.9436559996,1055828.8267377636,1055828.8267377636,1354807.529406602,1354807.529406602,1852571.4267553538,1852571.4267553538,2217502.4919902133,2217502.4919902133
10749,Geely,Emgrand 7,380000,12.84792653170257,economy,266811.61521730956,266811.61521730956,278310.4733388988,278310.4733388988,361159.58824381325,361159.58824381325,523777.8894157808,523777.8894157808,597024.2641803024,597024.2641803024
100,Chevrolet,Aveo,250000,12.429216196844385,economy,193144.66865742675,193144.66865742675,219917.29635500538,219917.29635500538,294838.5861537105,294838.5861537105,348276.9772767081,348276.9772767081,375793.9815787942,375793.9815787942
2365,Nissan,Qashqai,930000,13.742939865129438,standard,797674.0479903456,797674.0479903456,812079.571634217,812079.571634217,909285.5641252273,909285.5641252273,1242458.8828201562,1242458.8828201562,1438062.7297273027,1438062.7297273027
3353,Nissan,Qashqai,770000,13.554145793829866,standard,718755.9319211228,718755.9319211228,723217.2463305921,723217.2463305921,802694.2625077986,802694.2625077986,1127952.5507660178,1127952.5507660178,1294714.7070823454,1294714.7070823454
4752,Chevrolet,Aveo,450000,13.017002861746503,economy,321679.43851974804,321679.43851974804,344707.81834261556,344707.81834261556,408898.5657068548,408898.5657068548,471057.7336963014,471057.7336963014,518432.7174328766,518432.7174328766
11749,Hyundai,Accent RB,600000,13.304684934198283,standard,489111.9005396713,489111.9005396713,523093.9866257283,523093.9866257283,541067.8115573183,541067.8115573183,702270.6916407322,702270.6916407322,785172.8190080037,785172.8190080037
12458,Mercedes,S450,8000000,15.89495209964411,ultra_luxury,2543062.7907352075,2543062.7907352075,2961230.171892993,2961230.171892993,3511753.9177015484,3511753.9177015484,4405985.437697202,4405985.437697202,4928350.059473603,4928350.059473603
8566,Kia,Rio,570000,13.253391639810731,standard,389021.1909093316,389021.1909093316,435585.1059423952,435585.1059423952,461570.9059235482,461570.9059235482,540739.4926008201,540739.4926008201,598642.0914984413,598642.0914984413
6360,Fiat,Tipo,775000,13.560618308335483,standard,558546.708581892,558546.708581892,598208.8728969463,598208.8728969463,716082.5407813941,716082.5407813941,854018.3262164405,854018.3262164405,936549.3940262451,936549.3940262451
8096,Nissan,Qashqai,745000,13.521139497361697,standard,702006.415264081,702006.415264081,714715.1112644686,714715.1112644686,794851.0327525281,794851.0327525281,1056774.0781455825,1056774.0781455825,1240133.4285590784,1240133.4285590784
1349,Jeep,Renegade,1220000,14.01436141670944,standard,807887.7857197196,807887.7857197196,884227.3956742648,884227.3956742648,940022.9270490919,940022.9270490919,1125314.4272542703,1125314.4272542703,1257746.4398573712,1257746.4398573712
9401,Hyundai,Elantra CN7,910000,13.721199878493032,standard,710429.3636296615,710429.3636296615,732417.4240685831,732417.4240685831,905142.9253169704,905142.9253169704,1074247.5821011101,1074247.5821011101,1125630.0786752861,1125630.0786752861
8159,Hyundai,Accent RB,950000,13.764217263576723,standard,915030.8072072943,915030.8072072943,927875.2176299909,927875.2176299909,971886.9677156254,971886.9677156254,1337241.2047547807,1337241.2047547807,1462019.9051396414,1462019.9051396414
3759,Chevrolet,Aveo,360000,12.793859310432293,economy,193534.6479389507,193534.6479389507,226596.89322314446,226596.89322314446,313891.73414845625,313891.73414845625,371778.78748275834,371778.78748275834,390854.0029573996,390854.0029573996
10136,Chevrolet,Aveo,310000,12.644327576461327,economy,220488.48019674254,220488.48019674254,243622.87736315557,243622.87736315557,321678.9197573208,321678.9197573208,373323.1650639014,373323.1650639014,397261.96838422003,397261.96838422003
9625,Chery,Tiggo 8 Pro Max,1810000,14.408837403242009,luxury,807594.2386576751,807594.2386576751,860513.578963165,860513.578963165,928013.3003245872,928013.3003245872,1006233.8267089742,1006233.8267089742,1132560.7816761357,1132560.7816761357
6721,Jeep,Cherokee,1100000,13.9108207377686,standard,822640.9179021447,822640.9179021447,898511.4976997154,898511.4976997154,1051834.2667313404,1051834.2667313404,1160519.4699224446,1138163.7693264356,1138163.7693264356,1160519.4699224446
8098,BAIC,U5 Plus,890000,13.698976741708323,standard,773524.3491500309,773524.3491500309,784338.2698460687,784338.2698460687,816868.5106041427,816868.5106041427,1181599.1844023853,1181599.1844023853,1285170.7674298862,1285170.7674298862
2129,Jeep,Cherokee,925000,13.737549016494562,standard,807203.1183624963,807203.1183624963,882210.0320361988,882210.0320361988,1050155.8672474367,1050155.8672474367,1141503.8272077865,1140358.5771779155,1140358.5771779155,1141503.8272077865
3727,Porsche,Boxster,6100000,15.62379932914354,ultra_luxury,2349202.2376835053,2349202.2376835053,3371803.931140383,3371803.931140383,5276817.244003711,5276817.244003711,6112517.880324543,5645426.641129593,5645426.641129593,6112517.880324543
10133,Chery,Tiggo 4 Pro,990000,13.805460222110773,standard,936763.5429860472,936763.5429860472,998994.3355316786,998994.3355316786,1027317.3780480349,1027317.3780480349,1354775.8635414545,1354775.8635414545,1658600.651366934,1658600.651366934
7158,Fiat,Tipo,670000,13.415032991367148,standard,512644.4582673235,512644.4582673235,532752.0259600909,532752.0259600909,640555.7874666062,640555.7874666062,769506.6412540453,769506.6412540453,848831.5613928477,848831.5613928477
2264,Skoda,Superb,1700000,14.346138809026444,luxury,1198428.8019416297,1198428.8019416297,1383644.6558433035,1383644.6558433035,1569486.7270076394,1443609.5030651877,1443609.5030651877,1569486.7270076394,1603374.8828782209,1603374.8828782209
12083,Hyundai,Accent RB,800000,13.592367006650065,standard,970086.7227301789,914679.5076207407,914679.5076207407,970086.7227301789,1009463.8125052839,1009463.8125052839,1419121.1294450294,1419121.1294450294,1528399.5594270322,1528399.5594270322
3629,Speranza,A516,235000,12.367340793126296,economy,208790.7421959981,208790.7421959981,232185.34301208364,232185.34301208364,289017.8653653181,289017.8653653181,343093.38994835847,343093.38994835847,374127.23249106837,374127.23249106837
876,Toyota,Rush,950000,13.764217263576723,standard,700594.3346880858,700594.3346880858,789808.3171979318,789808.3171979318,878466.0078451347,878466.0078451347,1063977.0606906554,1018131.0273693706,1018131.0273693706,1063977.0606906554
2184,Kia,Rio,580000,13.270783382522602,standard,473124.7238655047,473124.7238655047,522374.05031357583,522374.05031357583,596860.9776200377,596860.9776200377,670981.0245656717,670981.0245656717,714226.2389674115,714226.2389674115
9093,Volkswagen,T-Roc,1800000,14.403297222866392,luxury,1045872.5399398223,1045872.5399398223,1236872.444798232,1236872.444798232,1586557.0764495851,1586557.0764495851,1725009.2924905894,1725009.2924905894,1915740.9984650011,1915740.9984650011
10199,Chery,Tiggo 8 Pro,1550000,14.253765488895429,luxury,1368939.7863524607,1368939.7863524607,1554020.4918863908,1546892.1771746322,1546892.1771746322,1554020.4918863908,1711295.8885818531,1711295.8885818531,2263315.3557994016,2263315.3557994016
12002,Subaru,Impreza,730000,13.500799813124576,standard,769463.6204741197,769463.6204741197,812776.8290249333,812776.8290249333,911997.6492958381,911997.6492958381,1268992.6574733665,1268992.6574733665,1395911.997081629,1395911.997081629
11042,Geely,Emgrand 7,300000,12.611537753638338,economy,314017.1135231549,314017.1135231549,324012.4504625123,324012.4504625123,432095.16488247394,432095.16488247394,544566.7580127997,544566.7580127997,639580.3285136679,639580.3285136679
7949,Porsche,Boxster,6600000,15.702580206996654,ultra_luxury,2540658.0025981613,2540658.0025981613,3905314.0475357887,3905314.0475357887,6813410.308930683,6813410.308930683,7455878.115449924,7318046.42500389,7318046.42500389,7455878.115449924
11982,Nissan,Qashqai,650000,13.38472764187182,standard,608575.3159617824,608575.3159617824,615121.084722933,615121.084722933,686239.2352072332,686239.2352072332,946645.0835724,946645.0835724,1066041.2915015914,1066041.2915015914
6861,Chevrolet,Aveo,585000,13.279367126213993,standard,540409.6045363387,540409.6045363387,546052.8069062779,546052.8069062779,605634.4879082507,605634.4879082507,733484.0289872037,733484.0289872037,802091.1057343504,802091.1057343504
11640,Mitsubishi,Xpander,1220000,14.01436141670944,standard,821374.6695426537,821374.6695426537,890334.9407065224,890334.9407065224,1051996.173352675,1051996.173352675,1270207.1297578623,1270038.9972968248,1270038.9972968248,1270207.1297578623
102,Suzuki,Alto,250000,12.429216196844385,economy,207760.53767986444,207760.53767986444,248647.8009039913,248647.8009039913,311208.35133511917,311208.35133511917,371669.46989952115,371669.46989952115,401679.023502427,401679.023502427
503,Nissan,Qashqai,850000,13.652991628466498,standard,702853.678595117,702853.678595117,707193.142695582,707193.142695582,830475.4131072047,830475.4131072047,993942.8885625456,993942.8885625456,1161704.609655557,1161704.609655557
152,Skoda,Superb,1690000,14.340239086899256,luxury,1269708.363279887,1269708.363279887,1439588.8557809996,1439588.8557809996,1669208.7674106532,1522703.008308465,1522703.008308465,1669208.7674106532,1756680.3115016345,1756680.3115016345
9471,Jeep,Cherokee,1550000,14.253765488895429,luxury,889707.826058931,889707.826058931,1006208.7370563397,1006208.7370563397,1137952.5059591923,1137952.5059591923,1260624.9653718988,1260624.9653718988,1261246.19733182,1261246.19733182
6241,BMW,X5,1900000,14.457364444136669,luxury,1629444.24794352,1629444.24794352,1807741.3077373148,1807741.3077373148,1998064.8465894242,1998064.8465894242,2448385.663343239,2448385.663343239,2654661.399620896,2654661.399620896
7786,Jeep,Cherokee,680000,13.42984807715229,standard,812631.2792732909,812631.2792732909,884470.7944826948,884470.7944826948,1038362.1152993797,1038362.1152993797,1118251.8211089217,1082948.6931082134,1082948.6931082134,1118251.8211089217
4154,Speranza,A516,210000,12.254862809699606,economy,217428.66082686657,217428.66082686657,246804.5740135223,246804.5740135223,285729.4661333348,285729.4661333348,347151.2865084141,347151.2865084141,382198.7962949118,382198.7962949118
9469,Hyundai,Elantra CN7,980000,13.795307850646754,standard,717561.7673434148,717561.7673434148,764653.7017100208,764653.7017100208,963482.8502786824,963482.8502786824,1113096.8645397904,1113096.8645397904,1168649.4365186135,1168649.4365186135
1005,Fiat,Tipo,635000,13.36138027787483,standard,486268.5382008326,486268.5382008326,495435.4279326604,495435.4279326604,594065.4020041124,594065.4020041124,706066.6559108645,706066.6559108645,807117.9807650782,807117.9807650782
1386,Kia,Rio,250000,12.429216196844385,economy,194489.03760464754,194489.03760464754,217593.9616246699,217593.9616246699,241033.98453782016,241033.98453782016,279596.3365606697,279596.3365606697,309681.2680811174,309681.2680811174
9860,Mercedes,GLA200,4800000,15.38412647587812,ultra_luxury,1636487.5957966205,1636487.5957966205,2125236.863201911,2125236.863201911,3116894.6505607087,3116894.6505607087,3856765.549247869,3856765.549247869,4400665.118130487,4400665.118130487
6159,Audi,Q4 E-Tron,2100000,14.557447902693651,luxury,1845924.0398730817,1845924.0398730817,2155672.1886521988,2155672.1886521988,2643098.23291061,2643098.23291061,3382691.417170643,3382691.417170643,3953710.0695561934,3953710.0695561934
6857,Chevrolet,Aveo,350000,12.765688433465597,economy,221352.45838644393,221352.45838644393,235944.448431355,235944.448431355,324215.861973806,324215.861973806,371945.6219484199,371945.6219484199,396994.16421097,396994.16421097
4273,Jeep,Renegade,895000,13.704578997256991,standard,787354.0696961137,787354.0696961137,851285.1267788878,851285.1267788878,992480.9812738796,992480.9812738796,1130877.7826589209,1130877.7826589209,1282410.1675309117,1282410.1675309117
11814,Nissan,Qashqai,850000,13.652991628466498,standard,751886.2005222972,751886.2005222972,752719.4131870326,752719.4131870326,852451.424067055,852451.424067055,1115402.2489713803,1115402.2489713803,1287913.2565878544,1287913.2565878544
7387,Fiat,Tipo,700000,13.458835614025542,standard,377326.1358367419,377326.1358367419,403383.8914299895,403383.8914299895,560287.4798276195,560287.4798276195,679839.4224317531,679839.4224317531,724723.3647402897,724723.3647402897
7057,Chevrolet,Captiva,1000000,13.815510557964274,standard,885987.0839298617,885987.0839298617,924649.1976308,924649.1976308,1140694.223124755,1140694.223124755,1344811.9062945906,1344811.9062945906,1528204.988120821,1528204.988120821
10825,BAIC,U5 Plus,950000,13.764217263576723,standard,737909.6157946625,737909.6157946625,757754.574046787,757754.574046787,796170.7286433532,796170.7286433532,1185550.0152172567,1185550.0152172567,1265808.7288072677,1265808.7288072677
3173,Nissan,Qashqai,1220000,14.01436141670944,standard,1045554.7421951354,1045554.7421951354,1072495.2297573427,1072495.2297573427,1309331.7208091784,1309331.7208091784,1422234.2019543676,1422234.2019543676,1752177.4679059086,1752177.4679059086
4787,Subaru,Impreza,300000,12.611537753638338,economy,333918.1287285446,333918.1287285446,380330.8773727142,380330.8773727142,471365.9940739348,471365.9940739348,549947.3184611689,549947.3184611689,584099.8688605501,584099.8688605501
4137,Toyota,Rush,850000,13.652991628466498,standard,640153.6728715899,640153.6728715899,704628.5502815542,704628.5502815542,849952.3889252978,849952.3889252978,967047.5622524712,967047.5622524712,972379.1935107394,972379.1935107394
4481,Speranza,A516,240000,12.388394202324127,economy,278469.54479585733,278469.54479585733,295437.4394927893,295437.4394927893,333388.34862112685,333388.34862112685,423612.03918253985,423612.03918253985,486727.57601878804,486727.57601878804
9001,Cupra,Leon,1960000,14.4884550312067,luxury,2051317.652515537,2051317.652515537,2858568.2899357746,2858568.2899357746,3765234.886996534,3765234.886996534,4031977.2182774963,4031977.2182774963,4274571.879670302,4274571.879670302
6509,Geely,Pandino,250000,12.429216196844385,economy,286142.74077687424,286142.74077687424,306240.8470305532,306240.8470305532,361589.7019724151,361589.7019724151,478461.47967836296,478461.47967836296,547837.9122941789,547837.9122941789
952,Kia,Rio,640000,13.369223455335854,standard,486563.22697782406,486563.22697782406,530686.7405279558,530686.7405279558,605363.729432413,605363.729432413,679367.4480930859,679367.4480930859,732214.6069583355,732214.6069583355
10288,Nissan,Qashqai,1150000,13.955272500339431,standard,931377.2457668999,931377.2457668999,956027.096637558,956027.096637558,1107148.0047223363,1107148.0047223363,1351556.4979602885,1351556.4979602885,1591455.3179310458,1591455.3179310458
5938,Jeep,Renegade,1100000,13.9108207377686,standard,844296.2644753186,844296.2644753186,924479.5687984691,924479.5687984691,1033421.324432515,1033421.324432515,1192078.189158941,1192078.189158941,1307129.1178562492,1307129.1178562492
12447,Audi,Q4 E-Tron,1850000,14.430696197054507,luxury,1846127.3962659964,1846127.3962659964,2080565.1611431346,2080565.1611431346,2314117.065706891,2314117.065706891,3052814.093936962,3052814.093936962,3569902.6861417936,3569902.6861417936
3412,Chevrolet,Aveo,430000,12.971540487669746,economy,361559.76652243733,361559.76652243733,390516.7300651735,390516.7300651735,454807.52036119,454807.52036119,521945.84545184934,521945.84545184934,573829.1011393062,573829.1011393062
2889,Kia,Rio,570000,13.253391639810731,standard,450420.6466422865,450420.6466422865,507487.00740776677,507487.00740776677,556251.0750138399,556251.0750138399,627833.4864605005,627833.4864605005,684794.760792962,684794.760792962
132,BMW,X5,6100000,15.62379932914354,ultra_luxury,2876333.2926894305,2876333.2926894305,4652542.568047781,4652542.568047781,7610557.085924283,7610557.085924283,8613030.451585738,8613030.451585738,9195518.714117346,9195518.714117346
11465,Jeep,Cherokee,430000,12.971540487669746,economy,390136.6979010539,390136.6979010539,406633.13672560354,406633.13672560354,543335.4900569143,543335.4900569143,749839.5658168929,749839.5658168929,768652.092441277,768652.092441277
4677,Mercedes,GLE450,5400000,15.501909511534503,ultra_luxury,1783882.8713115053,1783882.8713115053,2446504.7079280955,2446504.7079280955,4163424.7400551713,4163424.7400551713,5414854.106559432,5414854.106559432,5646108.081361336,5646108.081361336
11485,Subaru,Impreza,410000,12.92391243868049,economy,284111.5538492274,284111.5538492274,312467.8143766468,312467.8143766468,398436.8142556532,398436.8142556532,477534.2757618399,477534.2757618399,525973.1013256613,525973.1013256613
6890,Cupra,Leon,1990000,14.503645196700676,luxury,1240609.188826679,1240609.188826679,1531925.457340644,1531925.457340644,2529065.2563932627,2529065.2563932627,3565631.9650156186,3517770.524707339,3517770.524707339,3565631.9650156186
2406,Jeep,Renegade,1070000,13.883169206438088,standard,805648.4022519602,805648.4022519602,864842.8464243144,864842.8464243144,957011.1582403725,957011.1582403725,1127103.8175073802,1127103.8175073802,1244759.1580014208,1244759.1580014208
11474,BAIC,U5 Plus,1030000,13.845069360205818,standard,773524.3491500309,773524.3491500309,784338.2698460687,784338.2698460687,816868.5106041427,816868.5106041427,1181599.1844023853,1181599.1844023853,1285170.7674298862,1285170.7674298862
11648,Chevrolet,Aveo,460000,13.038981768465275,economy,449461.78147831257,449461.78147831257,468014.0598818835,468014.0598818835,557194.4550034446,557194.4550034446,646178.7602019651,646178.7602019651,697217.8545411617,697217.8545411617
11881,Mercedes,GLE450,4900000,15.404745763080856,ultra_luxury,1656005.1317533453,1656005.1317533453,2216286.339357427,2216286.339357427,3363520.043843044,3363520.043843044,4339481.992618695,4339481.992618695,4433916.474037691,4433916.474037691
1966,Mercedes,E240,580000,13.270783382522602,standard,385954.585053207,385954.585053207,440697.14586168114,440697.14586168114,623799.9871634176,623799.9871634176,913764.6606674801,913764.6606674801,993289.7723853769,993289.7723853769
489,Fiat,Tipo,850000,13.652991628466498,standard,587308.7859522606,587308.7859522606,633529.3809608812,633529.3809608812,732624.8043434732,732624.8043434732,889264.8247724976,889264.8247724976,997046.9185426671,997046.9185426671
2370,Cupra,Leon,1750000,14.375126345899696,luxury,1962659.7927095045,1962659.7927095045,2633572.005078485,2633572.005078485,3538738.9848765074,3538738.9848765074,3709481.6867888607,3709481.6867888607,3793601.0786338644,3793601.0786338644
5341,Speranza,A516,250000,12.429216196844385,economy,242920.12188278208,242920.12188278208,260820.9916231779,260820.9916231779,315600.20115546836,315600.20115546836,378782.5675448608,378782.5675448608,414491.69745303085,414491.69745303085
7502,Changan,Alsvin,660000,13.399995114002609,standard,640700.061457011,637654.8845160858,637654.8845160858,640700.061457011,698581.934592028,698581.934592028,832760.1365122615,832760.1365122615,911165.7606625134,911165.7606625134
5033,BMW,740,8950000,16.007164090251038,ultra_luxury,2797567.5866914503,2797567.5866914503,4359339.018448182,4359339.018448182,7102455.087627585,7102455.087627585,7802435.277439253,7802435.277439253,8859700.419255288,8859700.419255288
214,Geely,Emgrand X7,650000,13.38472764187182,standard,664664.7144588435,664664.7144588435,702862.5026482452,702862.5026482452,824310.2290728258,824310.2290728258,1045979.3350709118,1045979.3350709118,1194911.529194946,1194911.529194946
5598,Chevrolet,Aveo,340000,12.736700896592344,economy,233124.63787355248,233124.63787355248,248129.8316676057,248129.8316676057,309916.875700277,309916.875700277,368546.3383289319,368546.3383289319,406779.35974453547,406779.35974453547
6260,Skoda,Superb,1925000,14.470436525704022,luxury,1459188.0055707172,1459188.0055707172,1813835.5868147374,1813835.5868147374,2119863.2402862688,1924557.2862025811,1924557.2862025811,2119863.2402862688,2242468.7935580024,2242468.7935580024
9160,Geely,Pandino,385000,12.86099861326992,economy,380899.57614234457,380899.57614234457,419984.8734742691,419984.8734742691,462271.2261147936,462271.2261147936,576605.5480142098,576605.5480142098,655653.7601499307,655653.7601499307
11747,Fiat,Punto,390000,12.873902018105827,economy,298296.8252305722,298296.8252305722,364884.9584761651,364884.9584761651,519182.7932119603,519182.7932119603,608233.6040163857,608233.6040163857,631235.1840392702,631235.1840392702
9491,Chery,Tiggo 4 Pro,1015000,13.830399170458024,standard,933335.9803729813,933335.9803729813,1007400.9310515015,1007400.9310515015,1018181.9559814092,1018181.9559814092,1352833.3731600656,1352833.3731600656,1640223.4251416782,1640223.4251416782
7979,Geely,GX3 Pro,910000,13.721199878493032,standard,768488.0206363043,768488.0206363043,835194.8837461588,835194.8837461588,888283.547814275,888283.547814275,1110224.9360762106,1110224.9360762106,1220557.8340590633,1220557.8340590633
8500,Skoda,Superb,2200000,14.603967918328545,luxury,1633811.7499970854,1633811.7499970854,2084213.0771690104,2084213.0771690104,2551619.447240363,2197462.2140130755,2197462.2140130755,2551619.447240363,2601223.2401394015,2601223.2401394015
9388,Fiat,Tipo,720000,13.487006490992238,standard,498866.70441525715,498866.70441525715,514820.4825512102,514820.4825512102,629016.4312179693,629016.4312179693,753243.8883882619,753243.8883882619,840191.7152832812,840191.7152832812
7919,Cupra,Leon,1950000,14.48333993053993,luxury,2083029.9204002046,2083029.9204002046,2832944.6303207558,2832944.6303207558,3771157.079416448,3771157.079416448,4071172.899272488,4071172.899272488,4321936.586740441,4321936.586740441
11307,Fiat,Tipo,735000,13.507625778194974,standard,533806.3484977032,533806.3484977032,564467.7123171743,564467.7123171743,647292.3956052642,647292.3956052642,813561.4717245536,813561.4717245536,886271.681355427,886271.681355427
4533,Fiat,Punto,150000,11.918390573078392,economy,86920.83464137961,86920.83464137961,95923.54422698301,95923.54422698301,130197.52882610119,130197.52882610119,180731.34338254927,180731.34338254927,236089.61097269898,236089.61097269898
10868,Geely,Emgrand 7,350000,12.765688433465597,economy,373135.3463819325,373135.3463819325,396462.48235043965,396462.48235043965,459087.27237789764,459087.27237789764,662837.377626137,662837.377626137,771255.8973890974,771255.8973890974
7619,BMW,740,720000,13.487006490992238,standard,830677.4855010075,830677.4855010075,854897.8801529009,854897.8801529009,1139504.5468818976,1139504.5468818976,1711237.2085208378,1711237.2085208378,1983294.250406594,1983294.250406594
3734,Geely,Emgrand 7,360000,12.793859310432293,economy,278266.8685186893,278266.8685186893,284234.920331031,284234.920331031,396822.5348241519,396822.5348241519,540941.0964067824,540941.0964067824,626589.2170526164,626589.2170526164
10150,Jeep,Cherokee,3750000,15.137266397946592,luxury,1526926.5508417813,1526926.5508417813,1801357.1290832006,1801357.1290832006,2138905.3477810635,2138905.3477810635,2532727.876969795,2532727.876969795,2654149.865810661,2654149.865810661
6098,Mercedes,GLA200,3050000,14.930652148583594,luxury,1666719.0174899858,1666719.0174899858,2171337.3935349034,2171337.3935349034,3317205.4531519385,3317205.4531519385,3975699.271363091,3975699.271363091,4511282.237794682,4511282.237794682
8638,Chevrolet,Aveo,400000,12.89921982609012,economy,211296.77184704767,211296.77184704767,229292.54624012188,229292.54624012188,287504.03187089215,287504.03187089215,443138.1585768137,443138.1585768137,482679.0122652814,482679.0122652814
11823,Chevrolet,Aveo,220000,12.301382825334498,economy,221388.21150962665,221388.21150962665,245251.56955516388,245251.56955516388,303183.2868860853,303183.2868860853,372534.4169566547,372534.4169566547,391343.0444327772,391343.0444327772
6184,Chery,Tiggo 7 Pro,1400000,14.151982794585487,standard,985927.5056068251,985927.5056068251,1081911.8815409099,1071892.984983294,1071892.984983294,1081911.8815409099,1363337.1019542813,1363337.1019542813,1784710.7979146924,1784710.7979146924
54,Chery,Tiggo 8 Pro Max,1650000,14.316285845876765,luxury,811330.5028450429,811330.5028450429,852360.2800360672,852360.2800360672,910159.7543735936,910159.7543735936,991011.7231950273,991011.7231950273,1111272.1797278237,1111272.1797278237
2815,Speranza,A516,230000,12.345834587905332,economy,216645.454103708,216645.454103708,235039.91117137446,235039.91117137446,297199.8950359952,297199.8950359952,382016.3542563538,382016.3542563538,427187.4088093797,427187.4088093797
407,Jeep,Renegade,790000,13.579788224443204,standard,613754.8099136361,613754.8099136361,655742.6417010874,655742.6417010874,721931.5310250509,721931.5310250509,846948.8199095489,846948.8199095489,938957.0472987312,938957.0472987312
381,Jeep,Cherokee,240000,12.388394202324127,economy,337817.50170157215,337817.50170157215,347419.4124329013,347419.4124329013,477957.687993835,477957.687993835,690252.9101078468,690252.9101078468,742376.9867000935,742376.9867000935
12414,Kia,Rio,230000,12.345834587905332,economy,165426.37803838393,165426.37803838393,192103.94316548898,192103.94316548898,240114.30915358782,240114.30915358782,275244.998983112,275244.998983112,295195.2684822892,295195.2684822892
9718,Skoda,Superb,900000,13.710150042306449,standard,1291166.764460164,1291166.764460164,1495041.1080656317,1495041.1080656317,1690232.12671193,1636339.8006144601,1636339.8006144601,1690232.12671193,1874868.7979439541,1874868.7979439541
9213,Hyundai,Accent RB,750000,13.527828485512494,standard,779619.2286386223,779619.2286386223,823082.6850987247,823082.6850987247,871709.234333615,871709.234333615,1122169.582700149,1122169.582700149,1246732.4838407119,1246732.4838407119
797,Fiat,Punto,400000,12.89921982609012,economy,278458.6645869669,278458.6645869669,342881.6849118779,342881.6849118779,483835.66921536607,483835.66921536607,545093.411697587,545093.411697587,576925.4676888007,576925.4676888007
4268,Chevrolet,Aveo,540000,13.199324418540456,standard,563727.8540855598,563727.8540855598,574369.3872359153,574369.3872359153,612439.7225258609,612439.7225258609,758812.1931615465,758812.1931615465,845758.1216901483,845758.1216901483
7690,Kia,Rio,630000,13.353475098367715,standard,397013.7551173694,397013.7551173694,444612.7208588326,444612.7208588326,478377.33345864486,478377.33345864486,569459.2278333374,569459.2278333374,632667.2460891042,632667.2460891042
8795,Zeekr,001,2800000,14.845129975145433,luxury,1853217.5441488663,1853217.5441488663,2404274.6386414072,2404274.6386414072,3158987.1118105915,3158987.1118105915,4546844.310266059,4546844.310266059,4901933.8829394765,4901933.8829394765
1513,BMW,X5,5850000,15.58195221920804,ultra_luxury,2892501.481972459,2892501.481972459,4568712.778362142,4568712.778362142,6870429.170312776,6870429.170312776,7492685.357061276,7492685.357061276,7796560.050077707,7796560.050077707
11631,Hyundai,Accent RB,665000,13.407542319637992,standard,516458.0894745378,516458.0894745378,554139.2098910477,554139.2098910477,606996.284744549,606996.284744549,796402.6219569043,796402.6219569043,903027.1068932076,903027.1068932076
9063,Hyundai,Accent RB,775000,13.560618308335483,standard,564421.0014822428,564421.0014822428,607135.2568603447,607135.2568603447,671329.0724139832,671329.0724139832,880853.7626010623,880853.7626010623,996877.6536078833,996877.6536078833
8145,BAIC,U5 Plus,800000,13.592367006650065,standard,721577.6889183344,721577.6889183344,751474.998763874,751474.998763874,785018.4767568589,785018.4767568589,1174326.1859545007,1174326.1859545007,1238741.6752668335,1238741.6752668335
8072,Geely,Pandino,365000,12.80765263256463,economy,388240.0421358232,388240.0421358232,429691.90393674036,429691.90393674036,468177.6988226073,468177.6988226073,603317.6119394694,603317.6119394694,698491.1011477807,698491.1011477807
3949,Jeep,Renegade,800000,13.592367006650065,standard,707650.3446245494,707650.3446245494,774696.2470627646,774696.2470627646,858292.6962310361,858292.6962310361,1007443.2244010896,1007443.2244010896,1113883.8208814333,1113883.8208814333
10905,Mercedes,GLE450,5600000,15.538277155705378,ultra_luxury,1776968.2615678646,1776968.2615678646,2458675.03869124,2458675.03869124,4108061.5158489156,4108061.5158489156,5383645.504964065,5360169.760974681,5360169.760974681,5383645.504964065
11341,Kia,Rio,240000,12.388394202324127,economy,161516.9283347334,161516.9283347334,188088.73268121487,188088.73268121487,232415.8914440477,232415.8914440477,272622.93131588417,272622.93131588417,291479.88658032165,291479.88658032165
3619,Chevrolet,Aveo,330000,12.706847933442663,economy,215605.36181752902,215605.36181752902,232780.37398134897,232780.37398134897,299461.2824783844,299461.2824783844,359889.0886231059,359889.0886231059,388736.74680513184,388736.74680513184
8249,Nissan,Qashqai,670000,13.415032991367148,standard,638385.4284988919,627953.1336881497,627953.1336881497,638385.4284988919,703645.7884223033,703645.7884223033,905796.7321825769,905796.7321825769,1034990.0836896431,1034990.0836896431
7448,Porsche,Boxster,6600000,15.702580206996654,ultra_luxury,2565577.941069092,2565577.941069092,3811323.7023780895,3811323.7023780895,5983294.467874809,5983294.467874809,6541608.69784742,6344833.766407435,6344833.766407435,6541608.69784742
11741,Mercedes,GLE450,4350000,15.285686403064869,ultra_luxury,1597379.8295966943,1597379.8295966943,2175655.471198531,2175655.471198531,3284111.269485006,3284111.269485006,4237771.440439445,4237771.440439445,4240995.332414543,4240995.332414543
11734,Citroën,C4,350000,12.765688433465597,economy,266662.3143319691,266662.3143319691,273101.0389725667,273101.0389725667,333560.26748768217,333560.26748768217,502042.2090746977,502042.2090746977,567530.7329214037,567530.7329214037
1637,Jeep,Cherokee,350000,12.765688433465597,economy,214539.9540488424,214539.9540488424,230013.8208951552,230013.8208951552,360799.68261006067,360799.68261006067,576150.3640487236,574921.5765262817,574921.5765262817,576150.3640487236
10178,Hyundai,Accent RB,695000,13.45166712454693,standard,626804.9452078369,626804.9452078369,632731.8831692912,632731.8831692912,681077.8508356056,681077.8508356056,907653.510613863,907653.510613863,1008770.91877357,1008770.91877357
9389,Chevrolet,Captiva,950000,13.764217263576723,standard,800021.2366401717,800021.2366401717,820695.6665465754,820695.6665465754,964635.808944934,964635.808944934,1210089.4204025753,1210089.4204025753,1413964.9500174168,1413964.9500174168
9083,BMW,X5,6900000,15.747031969567487,ultra_luxury,2931607.7558865803,2931607.7558865803,4743945.3907487085,4743945.3907487085,8028989.809461865,8028989.809461865,9115675.154916765,9115675.154916765,10129423.104624905,10129423.104624905
5142,Fiat,Petra,160000,11.982929094215963,economy,114861.00028737306,114861.00028737306,129893.82599262208,129893.82599262208,168033.15232088088,168033.15232088088,250016.26221809958,250016.26221809958,291933.6061041874,291933.6061041874
8944,Mercedes,GLA200,3100000,14.946912669455374,luxury,1731358.1877329412,1731358.1877329412,2373614.554454299,2373614.554454299,3561701.234846758,3561701.234846758,4531551.851913117,4531551.851913117,5259295.741603983,5259295.741603983
3682,Chevrolet,Aveo,300000,12.611537753638338,economy,227357.4158490443,227357.4158490443,240587.0948895278,240587.0948895278,305127.16027518135,305127.16027518135,423762.27222628734,423762.27222628734,472120.84616439306,472120.84616439306
10828,Citroën,C4,450000,13.017002861746503,economy,277110.8002107667,273946.1241448253,273946.1241448253,277110.8002107667,372695.5109931795,372695.5109931795,564105.8812549991,564105.8812549991,619748.1495002537,619748.1495002537
1589,Kia,Rio,530000,13.180632285528304,standard,385316.13869996864,385316.13869996864,420635.1090538168,420635.1090538168,480815.56185064977,480815.56185064977,562200.4129374629,562200.4129374629,606175.5745554913,606175.5745554913
2941,Kia,Rio,220000,12.301382825334498,economy,187674.30007123353,187674.30007123353,210804.79522382293,210804.79522382293,243779.8342339926,243779.8342339926,280951.1511989627,280951.1511989627,309540.50533302035,309540.50533302035
5941,Speranza,A516,250000,12.429216196844385,economy,228519.01282587412,228519.01282587412,245830.75758190104,245830.75758190104,304926.0340315409,304926.0340315409,432002.0659663074,432002.0659663074,494004.034147442,494004.034147442
9081,Kia,Rio,570000,13.253391639810731,standard,371129.12144777406,371129.12144777406,400863.6813751349,400863.6813751349,448098.5282022622,448098.5282022622,522380.6787068264,522380.6787068264,582426.3543271358,582426.3543271358
11166,Chevrolet,Aveo,420000,12.948009990259552,economy,349951.5286860569,349951.5286860569,379875.7712996136,379875.7712996136,436453.41721016023,436453.41721016023,495587.2028378946,495587.2028378946,547460.071460808,547460.071460808
8368,Fiat,Tipo,770000,13.554145793829866,standard,481919.3268938348,481919.3268938348,512092.95036505815,512092.95036505815,713806.4509266901,713806.4509266901,866685.7121415561,866685.7121415561,869415.8729879298,869415.8729879298
11124,Jeep,Renegade,950000,13.764217263576723,standard,717952.3265382372,717952.3265382372,784675.1528418304,784675.1528418304,947050.7357595734,947050.7357595734,1066653.5976450443,1066653.5976450443,1188448.967194239,1188448.967194239
7819,Chery,Tiggo 7 Pro Max,1335000,14.104441849816489,standard,835422.2664120186,835422.2664120186,878497.8967781556,878497.8967781556,919085.6819337625,919085.6819337625,1022424.6513802878,1022424.6513802878,1153190.712364474,1153190.712364474
8251,BMW,740,1200000,13.997832114758229,standard,1212272.4973924065,1212272.4973924065,1430041.5728282877,1430041.5728282877,1923354.684506117,1923354.684506117,3000576.1331923716,3000576.1331923716,3032644.658277896,3032644.658277896
7128,Zeekr,001,2600000,14.77102200299171,luxury,1853217.5441488663,1853217.5441488663,2404274.6386414072,2404274.6386414072,3158987.1118105915,3158987.1118105915,4546844.310266059,4546844.310266059,4901933.8829394765,4901933.8829394765
9490,Alfa Romeo,156,350000,12.765688433465597,economy,213039.0245034481,213039.0245034481,239937.6898783234,239937.6898783234,358682.71648737235,358682.71648737235,448676.6779129606,448676.6779129606,463909.8868810874,463909.8868810874
6734,BMW,X5,4100000,15.226497531674536,ultra_luxury,2255948.3927405165,2255948.3927405165,3058328.088882748,3058328.088882748,3678733.6462489213,3678733.6462489213,4235931.408743787,4235931.408743787,4448901.232238981,4448901.232238981
3990,Chevrolet,Aveo,380000,12.84792653170257,economy,358527.03788776195,358527.03788776195,384708.1412414295,384708.1412414295,447119.3192960887,447119.3192960887,521160.67995768314,521160.67995768314,582327.4970976296,582327.4970976296
4617,Geely,Emgrand 7,275000,12.524526376648708,economy,315754.56719172385,315754.56719172385,320729.8104303142,320729.8104303142,425374.09890211397,425374.09890211397,554765.3150767996,554765.3150767996,647203.9415455998,647203.9415455998
6470,Mercedes,GLA200,2180000,14.594835434765272,luxury,1463869.9956611055,1463869.9956611055,1817401.4099320616,1817401.4099320616,2548650.453828309,2548650.453828309,2763385.1577013144,2763385.1577013144,3248601.631819812,3248601.631819812
10776,BMW,218i,2000000,14.50865773852422,luxury,1213685.8409059036,1213685.8409059036,1361210.796369096,1361210.796369096,1647791.9987546566,1647791.9987546566,1864935.1199872326,1864935.1199872326,1896099.5129514697,1896099.5129514697
2890,Chevrolet,Aveo,330000,12.706847933442663,economy,236907.84905866784,236907.84905866784,249787.28624422586,249787.28624422586,318840.60356579325,318840.60356579325,376639.58981762535,376639.58981762535,410286.59064472886,410286.59064472886
6150,Geely,Pandino,250000,12.429216196844385,economy,300925.2889058346,300925.2889058346,321717.5356991175,321717.5356991175,412905.59143122274,412905.59143122274,505337.4127597744,505337.4127597744,555040.8836644916,555040.8836644916
5415,Alfa Romeo,156,270000,12.506177237980513,economy,247781.46191395517,247781.46191395517,266318.3128634701,266318.3128634701,320698.4800319704,320698.4800319704,441487.85384688864,441487.85384688864,487063.1232241375,487063.1232241375
3834,Geely,Emgrand 7,340000,12.736700896592344,economy,319178.385131341,319178.385131341,331268.4124774498,331268.4124774498,404442.3833975301,404442.3833975301,586882.7782191285,586882.7782191285,678303.4139682737,678303.4139682737
9337,Chery,Tiggo 7 Pro,1410000,14.15910026235435,standard,999652.6384157643,999652.6384157643,1058705.856028609,1058705.856028609,1085219.48867885,1085219.48867885,1346290.0780048466,1346290.0780048466,1781873.0023174873,1781873.0023174873
4427,Kia,Rio,210000,12.254862809699606,economy,166601.86118551873,166601.86118551873,199301.97181009053,199301.97181009053,244232.86840697372,244232.86840697372,273969.1032872276,273969.1032872276,292412.1489862207,292412.1489862207
3646,BMW,X5,1950000,14.48333993053993,luxury,1766396.498781901,1766396.498781901,2151000.0335100936,2151000.0335100936,2339426.936234465,2339426.936234465,2892237.668349262,2892237.668349262,3094020.8832883625,3094020.8832883625
2345,Speranza,A516,185000,12.128111104060462,economy,211708.76394854556,211708.76394854556,239513.9201168927,239513.9201168927,283069.36669014674,283069.36669014674,351494.4012966087,351494.4012966087,388995.7909468874,388995.7909468874
9073,Skoda,Superb,3000000,14.914122846632385,luxury,1670734.6636358479,1670734.6636358479,2222236.3188982564,2222236.3188982564,2992877.156427021,2663738.279048022,2663738.279048022,2992877.156427021,3076871.9990580906,3076871.9990580906
8053,Fiat,Tipo,700000,13.458835614025542,standard,523986.7930339921,523986.7930339921,558787.7130526867,558787.7130526867,672243.5375331575,672243.5375331575,799518.3629963731,799518.3629963731,882480.9023214134,882480.9023214134
11033,Nissan,Qashqai,680000,13.42984807715229,standard,570433.1821774399,568378.3771777924,568378.3771777924,570433.1821774399,648603.8813435559,648603.8813435559,846090.8458237345,846090.8458237345,933288.825099742,933288.825099742
9476,Kia,Rio,700000,13.458835614025542,standard,475190.3146504614,475190.3146504614,518528.603968152,518528.603968152,608662.7986548443,608662.7986548443,671470.1333586928,671470.1333586928,718079.5539746613,718079.5539746613
3718,Chevrolet,Aveo,380000,12.84792653170257,economy,317920.22353401675,317920.22353401675,339290.26754459,339290.26754459,409415.02741976554,409415.02741976554,474818.21081936854,474818.21081936854,520373.7963391347,520373.7963391347
8647,Chery,Tiggo 4 Pro,1000000,13.815510557964274,standard,896278.7243531437,896278.7243531437,960469.3591453596,960469.3591453596,995614.5103834129,995614.5103834129,1263239.684746832,1263239.684746832,1537944.1609525108,1537944.1609525108
2971,Land Rover,Defender,5700000,15.555976732804778,ultra_luxury,2542198.197215104,2542198.197215104,3586421.529787976,3586421.529787976,4188482.5060860263,4188482.5060860263,4862456.181904727,4862456.181904727,5073524.653654984,5073524.653654984
4397,Kia,Rio,380000,12.84792653170257,economy,342232.8806665569,342232.8806665569,379720.53429853055,379720.53429853055,418623.1659093865,418623.1659093865,497781.2887309831,497781.2887309831,530276.0511500547,530276.0511500547
11909,Speranza,A516,210000,12.254862809699606,economy,281208.09897234594,281208.09897234594,308152.4651879652,308152.4651879652,361277.5918452472,361277.5918452472,458556.41790480935,458556.41790480935,504799.3463996572,504799.3463996572
11540,Geely,Emgrand 7,310000,12.644327576461327,economy,312263.7579661377,312263.7579661377,321253.6580136224,321253.6580136224,422202.07105828077,422202.07105828077,550934.0702571184,550934.0702571184,639757.1272551643,639757.1272551643
434,Fiat,Punto,350000,12.765688433465597,economy,146647.43174892582,146647.43174892582,182320.08799355384,182320.08799355384,241440.71213456636,241440.71213456636,322670.37213741645,322670.37213741645,359400.5616563,359400.5616563
4136,Geely,Emgrand X7,700000,13.458835614025542,standard,663159.3158264648,663159.3158264648,702226.7839290944,702226.7839290944,791961.4716397963,791961.4716397963,1077392.7694888348,1077392.7694888348,1269605.7552840237,1269605.7552840237
10076,Fiat,Tipo,720000,13.487006490992238,standard,529771.7872383131,529771.7872383131,548752.9217567709,548752.9217567709,675583.2573736222,675583.2573736222,801812.2363785612,801812.2363785612,892458.9193125827,892458.9193125827
10930,Chevrolet,Aveo,420000,12.948009990259552,economy,227142.5630260601,227142.5630260601,245154.41567580216,245154.41567580216,312428.60742707463,312428.60742707463,372115.682699455,372115.682699455,395249.9120042762,395249.9120042762
7920,Cupra,Leon,2040000,14.5284603658204,luxury,2083029.9204002046,2083029.9204002046,2832944.6303207558,2832944.6303207558,3771157.079416448,3771157.079416448,4071172.899272488,4071172.899272488,4321936.586740441,4321936.586740441
3075,Geely,Emgrand 7,360000,12.793859310432293,economy,382193.22107414075,379406.79426530947,379406.79426530947,382193.22107414075,546943.1745961187,546943.1745961187,631481.9748377805,631481.9748377805,733992.4687324044,733992.4687324044
9403,Fiat,Tipo,700000,13.458835614025542,standard,466523.2395769428,466523.2395769428,483952.9411585371,483952.9411585371,598905.4054275232,598905.4054275232,707879.8031112166,707879.8031112166,782941.0216165227,782941.0216165227
4544,Fiat,Tipo,550000,13.217673557208654,standard,357999.8170955383,357999.8170955383,375392.49018254544,375392.49018254544,552586.1686375836,552586.1686375836,638130.1800592178,638130.1800592178,689838.9968153414,689838.9968153414
4117,BMW,X5,3800000,15.150511624696614,luxury,2344963.300395684,2344963.300395684,3001470.5845520343,3001470.5845520343,3450780.765681084,3450780.765681084,4062786.1287721535,4062786.1287721535,4487814.522999121,4487814.522999121
2378,Mercedes,GLC,3350000,15.02447090380125,luxury,1945046.308743462,1945046.308743462,2436038.0429503187,2436038.0429503187,3565542.834098918,3565542.834098918,4167593.283922412,4167593.283922412,4338850.215872872,4338850.215872872
6292,Cupra,Leon,1700000,14.346138809026444,luxury,1946313.0124590956,1946313.0124590956,2603141.962634346,2603141.962634346,3303539.519180893,3303539.519180893,3464687.2105126074,3464687.2105126074,3533387.8508358877,3533387.8508358877
194,Nissan,Qashqai,690000,13.444446876573442,standard,706043.1680291848,706043.1680291848,728529.2787862842,728529.2787862842,797699.388400067,797699.388400067,1001756.6315076636,1001756.6315076636,1182654.6059918376,1182654.6059918376
2330,Speranza,A516,250000,12.429216196844385,economy,215903.57635295976,215903.57635295976,237380.76769956437,237380.76769956437,277453.5220193841,277453.5220193841,344823.4606698176,344823.4606698176,374440.56034345215,374440.56034345215
1122,Geely,Emgrand 7,380000,12.84792653170257,economy,268742.68748803495,268742.68748803495,272608.34947108314,272608.34947108314,397801.6357916353,397801.6357916353,625022.6063051767,625022.6063051767,704583.431947448,704583.431947448
9528,Hyundai,Elantra CN7,1180000,13.981024996441848,standard,756152.9417787078,756152.9417787078,781464.6316667815,781464.6316667815,931150.4975077882,931150.4975077882,1086855.4143046525,1086855.4143046525,1140932.3403135038,1140932.3403135038
6143,Mercedes,S500,1550000,14.253765488895429,luxury,917604.8954543334,917604.8954543334,939986.2567815124,939986.2567815124,1340610.0533402422,1340610.0533402422,1856712.6489671986,1856712.6489671986,2284420.001616486,2284420.001616486
11773,Nissan,Qashqai,630000,13.353475098367715,standard,703086.542338697,703086.542338697,715076.2935366451,715076.2935366451,787123.9789824229,787123.9789824229,1060471.1622193502,1060471.1622193502,1223243.6013312766,1223243.6013312766
7129,Nissan,Qashqai,1550000,14.253765488895429,luxury,1264189.3941454533,1264189.3941454533,1391021.306741563,1391021.306741563,1646677.5727952681,1646677.5727952681,1878373.8708792457,1878373.8708792457,2357989.3751252927,2357989.3751252927
10072,Citroën,C4,920000,13.732128949025222,standard,715061.5932177183,715061.5932177183,835531.6765353893,835531.6765353893,864578.1508232077,864578.1508232077,1230823.4335514172,1230823.4335514172,1341699.2337978764,1341699.2337978764
12125,Suzuki,Alto,250000,12.429216196844385,economy,246136.27852801752,246136.27852801752,276032.59158447233,276032.59158447233,349887.7140089101,349887.7140089101,408571.5396512091,408571.5396512091,441076.1241756016,441076.1241756016
8387,SsangYong,Tivoli XLV,650000,13.38472764187182,standard,763539.2006206954,763539.2006206954,778140.0421005931,778140.0421005931,901506.1086224554,901506.1086224554,1187037.2934141916,1187037.2934141916,1327265.7000048242,1327265.7000048242
11221,Hyundai,Elantra CN7,1050000,13.864300722133706,standard,710258.1305659512,710258.1305659512,743183.7441988419,743183.7441988419,890355.6946973851,890355.6946973851,1060373.830215971,1060373.830215971,1101020.0888433824,1101020.0888433824
3065,Speranza,A516,235000,12.367340793126296,economy,219945.86879397498,219945.86879397498,242901.29112628044,242901.29112628044,308039.51783078886,308039.51783078886,427213.40854506585,427213.40854506585,464949.2319399028,464949.2319399028
593,Geely,Emgrand X7,285000,12.560244459250788,economy,354133.48205388995,347028.9375753956,347028.9375753956,354133.48205388995,498988.1458491437,498988.1458491437,699883.7043057377,699883.7043057377,785512.2582427158,785512.2582427158
484,BMW,740,950000,13.764217263576723,standard,1035323.7730429921,1035323.7730429921,1096846.1693138136,1096846.1693138136,1306254.747140039,1306254.747140039,1932946.5381644124,1932946.5381644124,2199665.294103847,2199665.294103847
11378,Chevrolet,Captiva,550000,13.217673557208654,standard,378708.6142686379,378708.6142686379,391614.75802889967,391614.75802889967,512720.82778940484,512720.82778940484,657204.4724828185,657204.4724828185,717886.5747487507,717886.5747487507
3407,Subaru,Impreza,400000,12.89921982609012,economy,302489.41665110574,302489.41665110574,348801.9351492488,348801.9351492488,409199.76595736184,409199.76595736184,638005.5883465073,638005.5883465073,682944.6148318035,682944.6148318035
9132,Mercedes,GLA200,3600000,15.096444403426338,luxury,1731358.1877329412,1731358.1877329412,2373614.554454299,2373614.554454299,3561701.234846758,3561701.234846758,4531551.851913117,4531551.851913117,5259295.741603983,5259295.741603983
9948,Mitsubishi,Xpander,1525000,14.237504968023648,luxury,930668.119301746,930668.119301746,969749.4092228436,969749.4092228436,1205148.0591140194,1205148.0591140194,1627171.083035247,1620986.4017673763,1620986.4017673763,1627171.083035247
105,Fiat,Tipo,1100000,13.9108207377686,standard,588653.2156095962,588653.2156095962,639022.9179812891,639022.9179812891,769293.7244772479,769293.7244772479,976123.3353800452,976123.3353800452,1108408.3153546923,1108408.3153546923
11520,Mercedes,GLA200,1700000,14.346138809026444,luxury,1083559.4764554931,1083559.4764554931,1275329.3651727224,1275329.3651727224,1636657.825814694,1636657.825814694,2124828.3301804243,2124828.3301804243,2419797.8384133507,2419797.8384133507
5423,Geely,Pandino,215000,12.2783933071098,economy,337836.8085098367,337836.8085098367,378815.98154128913,378815.98154128913,431153.35741570813,431153.35741570813,547813.1667065563,547813.1667065563,631652.9227349146,631652.9227349146
10512,Speranza,A516,260000,12.468436909997664,economy,225014.31658744937,225014.31658744937,239034.3719763207,239034.3719763207,292019.7820200459,292019.7820200459,369923.12931422784,369923.12931422784,409260.8834235519,409260.8834235519
11479,Nissan,Qashqai,820000,13.617059619240436,standard,739213.4554690478,738150.6125430603,738150.6125430603,739213.4554690478,842165.1176882699,842165.1176882699,1050920.929970748,1050920.929970748,1225972.7377252881,1225972.7377252881
58,Chevrolet,Aveo,535000,13.190022025878145,standard,521885.2132622712,521885.2132622712,540900.257657081,540900.257657081,592831.7904483167,592831.7904483167,704340.0299583409,704340.0299583409,752897.1839202413,752897.1839202413
3521,Mercedes,GLA200,2750000,14.827111469642754,luxury,1641689.8205694824,1641689.8205694824,2110503.482988821,2110503.482988821,3070510.412840199,3070510.412840199,3591719.9305982627,3591719.9305982627,4178211.1591381123,4178211.1591381123
390,Fiat,Punto,130000,11.77528972943772,economy,85826.20884080332,85826.20884080332,96349.22630517349,96349.22630517349,130425.46081062067,130425.46081062067,181136.26594051826,181136.26594051826,237767.3276754663,237767.3276754663
8514,Nissan,Qashqai,925000,13.737549016494562,standard,811482.3517089011,806189.5997800481,806189.5997800481,811482.3517089011,907004.5517660128,907004.5517660128,1255404.4775790416,1255404.4775790416,1464431.115323774,1464431.115323774
7758,Kia,Rio,680000,13.42984807715229,standard,458184.7324888236,458184.7324888236,505241.4127182754,505241.4127182754,570617.5394553415,570617.5394553415,643121.3647988928,643121.3647988928,698401.2987167855,698401.2987167855
10804,Hyundai,Elantra CN7,1150000,13.955272500339431,standard,727829.0314383571,727829.0314383571,760884.6649998194,760884.6649998194,903648.6389826655,903648.6389826655,1085653.5269724783,1085653.5269724783,1142419.427986729,1142419.427986729
2043,Mercedes,GLA200,3200000,14.978661367769956,luxury,1710946.5139632048,1710946.5139632048,2233592.286671976,2233592.286671976,3533808.2395328516,3533808.2395328516,4276704.166022358,4276704.166022358,4686526.689553198,4686526.689553198
8854,Hyundai,Accent RB,860000,13.664687668229693,standard,937241.1380360422,919145.0646880554,932968.9801718916,932968.9801718916,919145.0646880554,937241.1380360422,1281654.0702074824,1281654.0702074824,1371224.0295507326,1371224.0295507326
7428,Chery,Tiggo 8 Pro Max,1690000,14.340239086899256,luxury,835422.2664120186,835422.2664120186,878497.8967781556,878497.8967781556,919085.6819337625,919085.6819337625,1022424.6513802878,1022424.6513802878,1153190.712364474,1153190.712364474
11839,Geely,Emgrand X7,645000,13.37700559577791,standard,728257.2824045196,728257.2824045196,758656.7268457594,758656.7268457594,829593.8067106559,829593.8067106559,1100990.1178677978,1100990.1178677978,1353162.4518011678,1353162.4518011678
12411,SsangYong,Tivoli XLV,750000,13.527828485512494,standard,781559.9985625966,781559.9985625966,789022.7383742275,789022.7383742275,820689.3373307743,820689.3373307743,1325478.2658428026,1325478.2658428026,1403785.8103200824,1403785.8103200824
973,Fiat,Tipo,670000,13.415032991367148,standard,503430.8481458273,503430.8481458273,517475.07498281146,517475.07498281146,621475.5140150602,621475.5140150602,741585.2337289876,741585.2337289876,834600.7585578689,834600.7585578689
7741,Kia,Rio,650000,13.38472764187182,standard,452613.76140787516,452613.76140787516,512986.94734503416,512986.94734503416,557182.5187681828,557182.5187681828,621177.9234378502,621177.9234378502,683529.2304008763,683529.2304008763
2741,Suzuki,Alto,270000,12.506177237980513,economy,231137.48601881167,231137.48601881167,270646.0624437836,270646.0624437836,362540.61355229875,362540.61355229875,408347.5531067829,408347.5531067829,461507.9518182924,461507.9518182924
4709,Geely,Pandino,300000,12.611537753638338,economy,334108.8944306686,334108.8944306686,371057.4844041161,371057.4844041161,430466.6937236977,430466.6937236977,537691.5897937638,537691.5897937638,618649.3113312006,618649.3113312006
8564,Mercedes,GLA200,3350000,15.02447090380125,luxury,1732834.2638127138,1732834.2638127138,2389263.337500023,2389263.337500023,3602273.8660302986,3602273.8660302986,4615751.704225514,4615751.704225514,5353110.809458379,5353110.809458379
6794,Chevrolet,Aveo,475000,13.071070083016778,economy,413515.34094247717,413515.34094247717,427567.8472564028,427567.8472564028,495343.22551270225,495343.22551270225,601045.7028200552,601045.7028200552,645229.6658852728,645229.6658852728
11206,Fiat,Petra,135000,11.813030057420567,economy,113463.4897651193,113463.4897651193,130737.95525660599,130737.95525660599,162330.4909079692,162330.4909079692,229698.35734041157,229698.35734041157,280341.97575505293,280341.97575505293
7023,Fiat,132,85000,11.350406535472452,economy,58662.13884650315,58662.13884650315,68600.47874837837,68600.47874837837,103356.2502752577,103356.2502752577,193782.08081359288,193782.08081359288,267602.1970369567,267602.1970369567
1004,BAIC,U5 Plus,890000,13.698976741708323,standard,748833.0947176667,746862.4201041748,746862.4201041748,748833.0947176667,765143.7970444198,765143.7970444198,1125129.7624811002,1125129.7624811002,1237355.3707504515,1237355.3707504515
2462,Speranza,A516,250000,12.429216196844385,economy,216876.7299027714,216876.7299027714,241619.3561074192,241619.3561074192,293126.11726747215,293126.11726747215,366077.1096462121,366077.1096462121,409111.2909456284,409111.2909456284
7826,Chevrolet,Aveo,360000,12.793859310432293,economy,236471.1544919109,236471.1544919109,252254.00271654158,252254.00271654158,322451.38072804717,322451.38072804717,373343.5234970768,373343.5234970768,407015.7152486027,407015.7152486027
4449,Speranza,A516,75000,11.225243392518449,economy,186601.22343733517,186601.22343733517,227277.96395855967,227277.96395855967,292841.3085753805,292841.3085753805,401879.3762097512,401879.3762097512,419005.4948854218,419005.4948854218
418,Chevrolet,Aveo,220000,12.301382825334498,economy,196109.785844558,196109.785844558,222784.39408156165,222784.39408156165,283995.66370466026,283995.66370466026,337302.205816314,337302.205816314,356992.9710809134,356992.9710809134
6656,Jeep,Renegade,700000,13.458835614025542,standard,604974.9198276717,604974.9198276717,645060.8683019566,645060.8683019566,751558.1473152633,751558.1473152633,859630.5756455034,859630.5756455034,966044.2410820372,966044.2410820372
8632,Nissan,Qashqai,720000,13.487006490992238,standard,619558.2591724203,619558.2591724203,647888.1548398753,647888.1548398753,762692.8084212361,762692.8084212361,1057685.0582536408,1057685.0582536408,1176589.4026961639,1176589.4026961639
9964,Hyundai,Elantra CN7,1300000,14.077874822431763,standard,737317.8971296164,737317.8971296164,772468.5877664485,772468.5877664485,927136.4437246047,927136.4437246047,1118407.9373879055,1118407.9373879055,1164983.1576386369,1164983.1576386369
676,Porsche,Boxster,6100000,15.62379932914354,ultra_luxury,2396535.7272220585,2396535.7272220585,3585745.6607995913,3585745.6607995913,5820498.896915526,5820498.896915526,6229145.793959363,5875806.60926235,5875806.60926235,6229145.793959363
1365,Chevrolet,Aveo,320000,12.676076274775909,economy,335432.9831059216,335432.9831059216,355021.80867774604,355021.80867774604,399494.293361739,399494.293361739,477086.770423437,477086.770423437,528306.2687826233,528306.2687826233
608,Chevrolet,Aveo,295000,12.594730635321955,economy,320357.4388130392,320357.4388130392,343987.8337850499,343987.8337850499,405135.3001948169,405135.3001948169,471898.10252745246,471898.10252745246,508856.9229341202,508856.9229341202
6874,Fiat,Tipo,795000,13.58609739363647,standard,499217.53503681975,499217.53503681975,532035.6496156105,532035.6496156105,636826.1073352192,636826.1073352192,762209.7943563838,762209.7943563838,843369.2690059806,843369.2690059806
1533,Skoda,Superb,1875000,14.444119217386648,luxury,1462555.2998703085,1462555.2998703085,1741794.715728605,1741794.715728605,1980776.1156698414,1792239.564474481,1792239.564474481,1980776.1156698414,2136108.231459049,2136108.231459049
3632,Kia,Rio,640000,13.369223455335854,standard,458934.6129641922,458934.6129641922,509390.95791822387,509390.95791822387,570284.194624341,570284.194624341,638879.476787778,638879.476787778,699592.6670563235,699592.6670563235
4465,Fiat,Punto,250000,12.429216196844385,economy,145897.4877311737,145897.4877311737,176935.50634966823,176935.50634966823,236641.61838834782,236641.61838834782,322462.4827807618,322462.4827807618,360700.4275137595,360700.4275137595
5158,Speranza,M12,300000,12.611537753638338,economy,173463.96105918282,173463.96105918282,198158.07159304293,198158.07159304293,281325.749322721,281325.749322721,326387.18899460015,326387.18899460015,354841.6775818213,354841.6775818213
5807,BMW,218i,1680000,14.334304351379442,luxury,1207147.6499341351,1207147.6499341351,1350715.5906466132,1350715.5906466132,1600746.4739266888,1600746.4739266888,1879632.4447908562,1850996.188000826,1850996.188000826,1879632.4447908562
9874,Fiat,Tipo,750000,13.527828485512494,standard,523924.20744365035,523924.20744365035,527128.8661506175,527128.8661506175,668347.9597039165,668347.9597039165,776482.7586819754,776482.7586819754,866631.6943381141,866631.6943381141
7467,Chery,Tiggo 8 Pro Max,1710000,14.352003928478842,luxury,821260.8481765424,821260.8481765424,846981.539291287,846981.539291287,960267.9537850585,960267.9537850585,1018945.9484404781,1018945.9484404781,1137667.7069903573,1137667.7069903573
5618,Suzuki,Vitara,180000,12.100712129872347,economy,219164.23008917982,219164.23008917982,259290.58343538988,259290.58343538988,367055.664465703,367055.664465703,551044.2399696062,551044.2399696062,668638.7102664006,668638.7102664006
5238,Speranza,A516,175000,12.072541252905651,economy,201727.32467666423,201727.32467666423,226892.0099641726,226892.0099641726,269085.0558219498,269085.0558219498,333038.52525590244,333038.52525590244,363078.4896342282,363078.4896342282
743,Mercedes,S500,8985000,16.011067078199797,ultra_luxury,2817705.359537645,2817705.359537645,4291170.027842206,4291170.027842206,6083558.92639489,6083558.92639489,7334481.638671964,7334481.638671964,8017921.6408720175,8017921.6408720175
620,Fiat,Punto,230000,12.345834587905332,economy,132207.93760405577,132207.93760405577,149280.58310409522,149280.58310409522,177771.20892995005,177771.20892995005,231122.7718345853,231122.7718345853,274844.1171844458,274844.1171844458
9745,Geely,Emgrand 7,270000,12.506177237980513,economy,311549.4469884435,311549.4469884435,324959.77691103914,324959.77691103914,436843.5882098221,436843.5882098221,566628.5498945569,566628.5498945569,645782.8702110273,645782.8702110273
1408,Geely,Pandino,300000,12.611537753638338,economy,411775.65907860885,411775.65907860885,449418.9645231849,449418.9645231849,489747.2936642769,489747.2936642769,618435.5005914038,618435.5005914038,701981.4506987248,701981.4506987248
2644,Mercedes,S450,4950000,15.414898134544874,ultra_luxury,2114381.3144483333,2114381.3144483333,2356329.0462896014,2356329.0462896014,2843493.8450863855,2843493.8450863855,3567461.722135964,3565302.5037626843,3565302.5037626843,3567461.722135964
11321,Jetour,X70 Plus,1250000,14.038654109278484,standard,1187101.500925307,1187101.500925307,1313537.4967339826,1313537.4967339826,1459438.810686627,1459438.810686627,1638788.013444225,1638788.013444225,1946765.8299284726,1946765.8299284726
9917,Hyundai,Accent RB,910000,13.721199878493032,standard,945354.7497525064,935460.8956154374,935460.8956154374,945354.7497525064,961288.1470381471,961288.1470381471,1360770.6721580927,1360770.6721580927,1429398.8346521272,1429398.8346521272
4660,Volkswagen,Bora,395000,12.88664104388326,economy,210731.55633358957,210731.55633358957,240221.465024114,240221.465024114,348810.91105270793,348810.91105270793,438918.01204317977,438918.01204317977,450180.9229289366,450180.9229289366
746,Kia,Rio,485000,13.09190416991962,economy,354447.13006697973,354447.13006697973,389303.0717247058,389303.0717247058,431521.6764700667,431521.6764700667,511068.7655786521,511068.7655786521,567552.4714579171,567552.4714579171
3395,Fiat,Tipo,740000,13.514405465180351,standard,506432.7648370071,506432.7648370071,513752.95695217256,513752.95695217256,619355.3722085126,619355.3722085126,760332.3071450251,760332.3071450251,833153.9838498753,833153.9838498753
10212,Porsche,Boxster,6100000,15.62379932914354,ultra_luxury,2451023.413706235,2451023.413706235,3596834.160087776,3596834.160087776,6070065.06845955,6070065.06845955,6535902.809499248,6146025.02380932,6146025.02380932,6535902.809499248
2515,Speranza,A516,220000,12.301382825334498,economy,215170.65071254838,215170.65071254838,242567.21912335386,242567.21912335386,310831.42548566463,310831.42548566463,373152.5210699614,373152.5210699614,408614.1486366769,408614.1486366769
9955,Changan,Benni,190000,12.154779351142624,economy,269878.1248738297,269878.1248738297,292501.0033491495,292501.0033491495,419236.36969252105,419236.36969252105,543557.7331189766,543557.7331189766,617773.5934573603,617773.5934573603
9188,Mercedes,GLA200,1430000,14.17318500223609,standard,903922.936284589,903922.936284589,1057981.451899356,1057981.451899356,1298743.825009011,1298743.825009011,1645088.0342182945,1645088.0342182945,1937545.6352234294,1937545.6352234294
12291,Kia,Rio,400000,12.89921982609012,economy,277284.67274342506,277284.67274342506,295319.5856614301,295319.5856614301,388051.13536857336,388051.13536857336,450012.0283242533,450012.0283242533,481609.5889847018,481609.5889847018
8609,Fiat,Tipo,685000,13.437174117244362,standard,475956.35084440076,475956.35084440076,500541.3034824027,500541.3034824027,600352.6833758021,600352.6833758021,732029.2820987485,732029.2820987485,783270.9750128547,783270.9750128547
10703,Chevrolet,Captiva,515000,13.151922179645874,standard,379049.5510610562,379049.5510610562,388260.08316820196,388260.08316820196,486347.9627434087,486347.9627434087,653158.7976916112,653158.7976916112,719246.0257759795,719246.0257759795
11887,Nissan,Qashqai,850000,13.652991628466498,standard,794058.1956372075,794058.1956372075,814462.5438619878,814462.5438619878,900473.8540829737,900473.8540829737,1110919.5081442809,1110919.5081442809,1295664.439217305,1295664.439217305
7299,Hyundai,Accent RB,470000,13.06048797368624,economy,416499.7557269405,416499.7557269405,441735.3366613112,441735.3366613112,490820.20225720824,490820.20225720824,607938.5834919618,607938.5834919618,674768.4719783715,674768.4719783715
8241,Nissan,Qashqai,865000,13.670484785914017,standard,846964.03612583,846964.03612583,878949.132052209,878949.132052209,997856.3792162302,997856.3792162302,1245198.1671051686,1245198.1671051686,1474747.7661703217,1474747.7661703217
6306,Speranza,A516,220000,12.301382825334498,economy,280372.3653338509,280372.3653338509,299476.59879273287,299476.59879273287,333647.60606705456,333647.60606705456,408995.02112083434,408995.02112083434,461049.3987410865,461049.3987410865
5977,Speranza,A516,260000,12.468436909997664,economy,288928.80267920677,288928.80267920677,302375.1015427584,302375.1015427584,347368.99056847254,347368.99056847254,432181.88537238503,432181.88537238503,497778.2969067651,497778.2969067651
9075,Nissan,Qashqai,775000,13.560618308335483,standard,762734.4165456159,759385.3466563426,759385.3466563426,762734.4165456159,874154.9766472811,874154.9766472811,1070145.6678309124,1070145.6678309124,1272777.8860398077,1272777.8860398077
4765,Skoda,Superb,2500000,14.73180128983843,luxury,1649042.9232696043,1649042.9232696043,2139294.2881004843,2139294.2881004843,2626424.980820776,2292322.407356676,2292322.407356676,2626424.980820776,2791681.121626406,2791681.121626406
6012,Chevrolet,Aveo,390000,12.873902018105827,economy,575677.0391377019,575677.0391377019,591972.5931730061,591972.5931730061,644418.3664192696,644418.3664192696,768178.3756290146,768178.3756290146,811259.0755294217,811259.0755294217
7180,Porsche,Boxster,6200000,15.64005985001532,ultra_luxury,2392836.740932162,2392836.740932162,3594540.9534757636,3594540.9534757636,5823951.452339547,5823951.452339547,6242928.636786056,5873201.4700780995,5873201.4700780995,6242928.636786056
4819,Chery,Tiggo 4 Pro,900000,13.710150042306449,standard,891482.0201818459,891482.0201818459,950564.078542362,950564.078542362,1008943.8651570807,1008943.8651570807,1248076.2959115885,1248076.2959115885,1507773.5945179819,1507773.5945179819
7330,Chery,Tiggo 4 Pro,950000,13.764217263576723,standard,955419.1871558639,955419.1871558639,1014532.545071912,1009561.136189312,1009561.136189312,1014532.545071912,1359203.4645657574,1359203.4645657574,1664588.612522541,1664588.612522541
478,Geely,Emgrand 7,240000,12.388394202324127,economy,310008.5762601934,310008.5762601934,319002.62940698955,319002.62940698955,410595.3654857555,410595.3654857555,543028.4122855092,543028.4122855092,641158.4499112678,641158.4499112678
3601,Mitsubishi,Mirage,225000,12.323855681186558,economy,203905.39801429366,203905.39801429366,218857.72823641944,218857.72823641944,265297.6324649821,265297.6324649821,368338.05872195994,368338.05872195994,413431.3700629862,413431.3700629862
2153,Speranza,A516,230000,12.345834587905332,economy,212008.38392148452,212008.38392148452,240827.8167515733,240827.8167515733,287697.9941296221,287697.9941296221,346342.1590330515,346342.1590330515,373491.9714654741,373491.9714654741
8875,Nissan,Qashqai,760000,13.541073712262516,standard,652447.3218328588,652447.3218328588,655201.7446516734,655201.7446516734,766726.3349724561,766726.3349724561,967208.0330185017,967208.0330185017,1147247.0454558157,1147247.0454558157
6928,Chevrolet,Aveo,450000,13.017002861746503,economy,461996.9817695902,461996.9817695902,467562.541141312,467562.541141312,531913.1851297324,531913.1851297324,629675.6508029781,629675.6508029781,728652.5654717821,728652.5654717821
7950,Cupra,Leon,2000000,14.50865773852422,luxury,2132700.408376158,2132700.408376158,2834609.6592806154,2834609.6592806154,3766130.6886745747,3766130.6886745747,4047066.9381275885,4047066.9381275885,4304351.168325283,4304351.168325283
8250,Chevrolet,Aveo,360000,12.793859310432293,economy,257375.28238476286,257375.28238476286,270579.2734108622,270579.2734108622,362677.78509931586,362677.78509931586,451739.50818735105,451739.50818735105,485520.4753215228,485520.4753215228
11313,Hyundai,Elantra CN7,1050000,13.864300722133706,standard,724367.9063385879,724367.9063385879,738599.347503212,738599.347503212,895570.0242020513,895570.0242020513,1075836.4308213156,1075836.4308213156,1142540.3141709457,1142540.3141709457
6216,Geely,Pandino,260000,12.468436909997664,economy,283448.56875970535,283448.56875970535,311663.38521251566,311663.38521251566,378951.1295518323,378951.1295518323,492686.6515659829,492686.6515659829,555339.8934422809,555339.8934422809
3017,Skoda,Superb,2150000,14.580978400103843,luxury,1583513.2911360695,1583513.2911360695,1952013.1859291466,1952013.1859291466,2305456.722282793,2037286.5636412306,2037286.5636412306,2305456.722282793,2459095.0236444357,2459095.0236444357
891,Mercedes,S500,4500000,15.319587954740548,ultra_luxury,1920661.9147017666,1920661.9147017666,2362667.846547863,2362667.846547863,2945165.929499831,2945165.929499831,3747606.1455152123,3747606.1455152123,4706016.648801683,4706016.648801683
12168,Chevrolet,Captiva,790000,13.579788224443204,standard,707440.7065438024,707440.7065438024,734145.0314933455,734145.0314933455,877306.726391248,877306.726391248,1058769.6863493484,1058769.6863493484,1222308.549071374,1222308.549071374
250,Citroën,C4,1000000,13.815510557964274,standard,674665.1776566441,674665.1776566441,746555.6733239263,746555.6733239263,856538.3841910439,856538.3841910439,1175937.3019777029,1175937.3019777029,1317300.8267775257,1317300.8267775257
623,Geely,Emgrand 7,225000,12.323855681186558,economy,269749.4483956222,269749.4483956222,272331.75126713334,272331.75126713334,396932.8156106689,396932.8156106689,652608.171285992,652608.171285992,757874.4321556904,757874.4321556904
1561,Chery,Tiggo 4 Pro,900000,13.710150042306449,standard,902097.3613714627,902097.3613714627,949868.21323056,949868.21323056,1016767.9801821398,1016767.9801821398,1245946.646189129,1245946.646189129,1527380.5115243976,1527380.5115243976
8709,BAIC,U5 Plus,849900,13.652873974486718,standard,773524.3491500309,773524.3491500309,784338.2698460687,784338.2698460687,816868.5106041427,816868.5106041427,1181599.1844023853,1181599.1844023853,1285170.7674298862,1285170.7674298862
1614,Alfa Romeo,156,250000,12.429216196844385,economy,210227.03964676903,210227.03964676903,242121.9199634418,242121.9199634418,365117.78065597865,365117.78065597865,502261.88503350236,502261.88503350236,504764.49299146177,504764.49299146177
4848,Mercedes,GLA200,2200000,14.603967918328545,luxury,1620515.0345193702,1620515.0345193702,2082379.804537298,2082379.804537298,2928977.077152258,2928977.077152258,3637329.154662694,3637329.154662694,3950006.5258274926,3950006.5258274926
1592,Chevrolet,Aveo,250000,12.429216196844385,economy,189303.39435474644,189303.39435474644,214490.80111691024,214490.80111691024,301833.0867608666,301833.0867608666,352769.1190160217,352769.1190160217,378434.71122225875,378434.71122225875
11052,Changan,Benni,300000,12.611537753638338,economy,292948.18392539484,292948.18392539484,309406.1236183533,309406.1236183533,361006.63105614815,361006.63105614815,484530.47103279876,484530.47103279876,538956.4489450519,538956.4489450519
6358,Jeep,Cherokee,340000,12.736700896592344,economy,204481.2053151216,204481.2053151216,214935.33875509416,214935.33875509416,377096.8255595109,377096.8255595109,510407.81278735434,510407.81278735434,532440.7580558073,532440.7580558073
53,Nissan,Qashqai,1490000,14.214286677921642,standard,1234024.2859126423,1234024.2859126423,1312840.488521964,1312840.488521964,1634059.7766208411,1634059.7766208411,1796098.4180106947,1796098.4180106947,2230658.452621888,2230658.452621888
3519,Skoda,Superb,1675000,14.331323723241304,luxury,1446582.7460034103,1446582.7460034103,1684164.580042945,1684164.580042945,1913673.9396355115,1786542.576220931,1786542.576220931,1913673.9396355115,2092368.859445743,2092368.859445743
7053,BAIC,U5 Plus,1015000,13.830399170458024,standard,803775.660803551,803775.660803551,830677.4446880474,828981.542570545,828981.542570545,830677.4446880474,1203110.1048313999,1203110.1048313999,1320053.9874573057,1320053.9874573057
6057,Chevrolet,Aveo,460000,13.038981768465275,economy,424535.4887489108,424535.4887489108,448448.6273164403,448448.6273164403,515149.05625353823,515149.05625353823,589010.1568238243,589010.1568238243,639865.8417149216,639865.8417149216
9909,Hyundai,Accent RB,680000,13.42984807715229,standard,532167.7376234775,532167.7376234775,548319.8756324899,548319.8756324899,589712.0802616199,589712.0802616199,802496.5395887513,802496.5395887513,900472.7076741429,900472.7076741429
9225,Hyundai,Accent RB,740000,13.514405465180351,standard,550380.7475151246,550380.7475151246,583833.3482717933,583833.3482717933,650266.6025205727,650266.6025205727,843811.3896781601,843811.3896781601,941754.6631085498,941754.6631085498
4175,Mercedes,S450,8900000,16.00156183470237,ultra_luxury,2562970.6512075732,2562970.6512075732,3083479.6996596656,3083479.6996596656,3960609.1038633785,3960609.1038633785,5134382.998646863,5134382.998646863,5619774.173855742,5619774.173855742
9428,Nissan,Qashqai,680000,13.42984807715229,standard,713791.1171855899,713791.1171855899,728371.6370540791,728371.6370540791,795188.3497900596,795188.3497900596,1018150.8621020906,1018150.8621020906,1192951.3706191226,1192951.3706191226
4317,Jeep,Renegade,950000,13.764217263576723,standard,922000.4973910714,922000.4973910714,1047657.7221138361,1047657.7221138361,1189256.250710454,1189256.250710454,1313606.828325426,1313606.828325426,1499107.65351585,1499107.65351585
9197,Fiat,Tipo,690000,13.444446876573442,standard,498821.4400359458,498821.4400359458,511021.3946070187,511021.3946070187,629018.8773485231,629018.8773485231,762422.4117912154,762422.4117912154,843351.2650051183,843351.2650051183
5252,Seat,Cordoba,170000,12.0435537160324,economy,171867.65519712577,171867.65519712577,205264.64933324745,205264.64933324745,249979.36976728513,249979.36976728513,298689.7281132372,298689.7281132372,321859.1081365766,321859.1081365766
9437,Kia,Rio,560000,13.235692062711331,standard,447330.2073635259,447330.2073635259,499643.3837128114,499643.3837128114,557122.2359978752,557122.2359978752,620287.0409406417,620287.0409406417,674114.6640779646,674114.6640779646
10353,Chevrolet,Aveo,325000,12.691580461311874,economy,222830.81054796802,222830.81054796802,241570.71573297883,241570.71573297883,304495.4768130088,304495.4768130088,364524.15728824335,364524.15728824335,387444.4725934332,387444.4725934332
129,Mercedes,GLE450,5000000,15.424948470398377,ultra_luxury,2825806.3671101723,2825806.3671101723,4414099.809295047,4414099.809295047,5695008.132286269,5695008.132286269,7594797.742431794,6808637.172982481,6808637.172982481,7594797.742431794
3984,Mercedes,G63,13000000,16.38045991542581,ultra_luxury,2863732.7009832114,2863732.7009832114,4823713.775804225,4823713.775804225,6705680.702534104,6705680.702534104,8168301.269608686,8168301.269608686,8434711.55942214,8434711.55942214
279,Chevrolet,Aveo,335000,12.721885810807205,economy,232716.37863949736,232716.37863949736,248712.53268503782,248712.53268503782,331260.4245254625,331260.4245254625,389408.05349347653,389408.05349347653,419717.6067879382,419717.6067879382
3145,Fiat,Punto,220000,12.301382825334498,economy,121967.1035797487,121967.1035797487,135448.97560913055,135448.97560913055,177056.56584122937,177056.56584122937,220359.18373440538,220359.18373440538,262397.43431104085,262397.43431104085
2115,Chevrolet,Aveo,300000,12.611537753638338,economy,217037.33530240675,217037.33530240675,238798.53567567977,238798.53567567977,307537.04766848456,307537.04766848456,375575.69635167473,375575.69635167473,396252.45513166866,396252.45513166866
5413,BMW,X5,6900000,15.747031969567487,ultra_luxury,2862467.4308320745,2862467.4308320745,4611280.596179754,4611280.596179754,7202362.112627239,7202362.112627239,7915418.59408821,7915418.59408821,7959338.909876817,7959338.909876817
0,Speranza,A516,210000,12.254862809699606,economy,207079.28568979612,207079.28568979612,227970.87110762965,227970.87110762965,278925.4015953217,278925.4015953217,349629.60164478613,349629.60164478613,379060.57502142986,379060.57502142986
7534,Hyundai,Elantra CN7,990000,13.805460222110773,standard,717006.828743549,717006.828743549,730463.7850618676,730463.7850618676,878851.3858811671,878851.3858811671,1044813.5889668693,1044813.5889668693,1117000.2227528591,1117000.2227528591
12433,Speranza,A516,280000,12.542544882151386,economy,211338.97863443522,211338.97863443522,241472.684603444,241472.684603444,316125.9976492166,316125.9976492166,404656.3942801598,404656.3942801598,422249.35132585926,422249.35132585926
4717,Jeep,Renegade,1400000,14.151982794585487,standard,992937.2681418017,992937.2681418017,1104596.5695102361,1104596.5695102361,1259023.1993285292,1259023.1993285292,1408243.8241672507,1408243.8241672507,1582933.9967644713,1582933.9967644713
2762,Chevrolet,Aveo,520000,13.16158409055761,standard,501422.45825656794,501422.45825656794,510636.28737333685,510636.28737333685,577703.1535725641,577703.1535725641,703436.9217951235,703436.9217951235,744001.3511169836,744001.3511169836
10561,Nissan,Qashqai,970000,13.785051350479566,standard,891636.2864980401,891636.2864980401,937081.6517564344,937081.6517564344,1055786.9155142969,1055786.9155142969,1263513.5428135262,1263513.5428135262,1472422.0786021145,1472422.0786021145
8385,Nissan,Qashqai,980000,13.795307850646754,standard,910495.8282577302,902661.6226300964,902661.6226300964,910495.8282577302,1046540.5909662186,1046540.5909662186,1350052.5394574013,1350052.5394574013,1601279.454363867,1601279.454363867
4569,Nissan,Qashqai,950000,13.764217263576723,standard,812733.7618270306,804215.0382632047,804215.0382632047,812733.7618270306,907646.9883476599,907646.9883476599,1257398.3119097475,1257398.3119097475,1474292.9197397032,1474292.9197397032
12189,Kia,Rio,600000,13.304684934198283,standard,463415.7382696151,463415.7382696151,506419.8055364953,506419.8055364953,606736.3146619673,606736.3146619673,663976.5515130005,663976.5515130005,706232.3284129249,706232.3284129249
3894,BMW,M3,1000000,13.815510557964274,standard,691249.1546100025,691249.1546100025,820650.3682906578,820650.3682906578,1307921.2185623979,1307921.2185623979,2852634.148840419,2852634.148840419,3051872.7090586596,3051872.7090586596
4557,Fiat,Petra,210000,12.254862809699606,economy,172730.04873576583,172730.04873576583,192428.0333781611,192428.0333781611,220766.31035416407,220766.31035416407,297893.81883727055,297893.81883727055,369549.46154091624,369549.46154091624
6866,Kia,Rio,260000,12.468436909997664,economy,193443.86917422476,193443.86917422476,221090.0590638336,221090.0590638336,268080.9400397934,268080.9400397934,305826.6416139568,305826.6416139568,321384.36063707335,321384.36063707335
1103,SsangYong,Tivoli XLV,900000,13.710150042306449,standard,1032427.6044278429,1032427.6044278429,1061644.3283643518,1061644.3283643518,1167193.0541371794,1167193.0541371794,1585552.674388132,1585552.674388132,1735475.0846365714,1735475.0846365714
1734,Kia,Rio,585000,13.279367126213993,standard,411586.54577482265,411586.54577482265,448757.4991973641,448757.4991973641,504619.2770394036,504619.2770394036,574180.0473096485,574180.0473096485,634204.0458826403,634204.0458826403
1633,Speranza,A516,225000,12.323855681186558,economy,236703.98252615985,236703.98252615985,254528.08740227838,254528.08740227838,292123.2113562269,292123.2113562269,374370.2599543471,374370.2599543471,410350.9800881291,410350.9800881291
5906,Speranza,A516,225000,12.323855681186558,economy,215904.59201386018,215904.59201386018,243023.6548412281,243023.6548412281,287657.18560189946,287657.18560189946,342516.52842563164,342516.52842563164,374953.8034940505,374953.8034940505
2318,Fiat,Tipo,640000,13.369223455335854,standard,493064.1643677345,493064.1643677345,496140.2417147556,496140.2417147556,606549.37197901,606549.37197901,733536.8627919534,733536.8627919534,812864.8642314586,812864.8642314586
11530,BAIC,U5 Plus,800000,13.592367006650065,standard,741899.634710695,741899.634710695,748568.960097271,748568.960097271,767796.6471230651,767796.6471230651,1092272.8662061584,1092272.8662061584,1154540.3177786532,1154540.3177786532
11776,Geely,Pandino,310000,12.644327576461327,economy,392280.0440109237,392280.0440109237,432215.84833285003,432215.84833285003,481863.1979218197,481863.1979218197,593432.8188417536,593432.8188417536,670510.4396473287,670510.4396473287
7295,Skoda,Superb,1070000,13.883169206438088,standard,997923.8418525462,997923.8418525462,1096538.2911972657,1096538.2911972657,1285616.5742129162,1285616.5742129162,1309579.6456716352,1309579.6456716352,1495626.0912412717,1495626.0912412717
3367,Chevrolet,Captiva,530000,13.180632285528304,standard,411655.1820281795,411655.1820281795,415748.93466017826,415748.93466017826,556566.6638238345,556566.6638238345,738468.1887850257,738468.1887850257,814922.1119689372,814922.1119689372
10077,Changan,Benni,260000,12.468436909997664,economy,415947.9793541722,415947.9793541722,442407.6471921378,442407.6471921378,580408.6033659943,580408.6033659943,716919.7538984936,716919.7538984936,849511.1813680329,849511.1813680329
247,Jeep,Renegade,930000,13.742939865129438,standard,820821.1365678969,820821.1365678969,893923.7551111993,893923.7551111993,956043.1213583191,956043.1213583191,1177737.9302429599,1177737.9302429599,1272135.5904612257,1272135.5904612257
11518,Chevrolet,Aveo,260000,12.468436909997664,economy,224232.36430340534,224232.36430340534,241533.46021954782,241533.46021954782,317226.78286463476,317226.78286463476,375116.99995352275,375116.99995352275,407462.4074614728,407462.4074614728
10325,Mercedes,S450,5700000,15.555976732804778,ultra_luxury,2122997.704465605,2122997.704465605,2420055.7532463423,2420055.7532463423,2883873.071576848,2883873.071576848,3583580.977424352,3583580.977424352,3702085.4375938103,3702085.4375938103
8301,Chevrolet,Aveo,320000,12.676076274775909,economy,208813.83728274988,208813.83728274988,222911.87364799055,222911.87364799055,291053.6769902632,291053.6769902632,354396.89942616987,354396.89942616987,380654.5959769039,380654.5959769039
7081,Citroën,C4,580000,13.270783382522602,standard,412773.78381938697,412773.78381938697,445796.60263114615,445796.60263114615,547991.4837382159,547991.4837382159,731038.5343979222,731038.5343979222,802985.9513411123,802985.9513411123
6885,Suzuki,Vitara,430000,12.971540487669746,economy,297382.94143283425,297382.94143283425,302220.3345888118,302220.3345888118,371995.3311163062,371995.3311163062,592868.7717722871,592868.7717722871,618067.9817605818,618067.9817605818
7738,Skoda,Superb,2050000,14.53335035111459,luxury,1722516.9396522136,1722516.9396522136,2284266.9226832134,2284266.9226832134,2930315.388766412,2570367.760871669,2570367.760871669,2930315.388766412,3017715.0513736974,3017715.0513736974
4395,Speranza,A516,240000,12.388394202324127,economy,199690.2284472091,199690.2284472091,207765.89024834184,207765.89024834184,262161.54971677816,262161.54971677816,344484.4446045662,344484.4446045662,380988.05418597773,380988.05418597773
3067,Chevrolet,Malibu,850000,13.652991628466498,standard,655232.2690822139,655232.2690822139,670360.3759208876,670360.3759208876,769425.3655958773,769425.3655958773,1005130.2820745104,1005130.2820745104,1136838.3768681725,1136838.3768681725
1069,Cupra,Leon,1725000,14.360737608447597,luxury,1898129.3400748256,1898129.3400748256,2437268.3974550534,2437268.3974550534,2955287.0435982416,2955287.0435982416,3147545.7911531855,3147545.7911531855,3231685.6605897048,3231685.6605897048
6302,Fiat,Petra,135000,11.813030057420567,economy,120476.2342147218,120476.2342147218,131289.310533649,131289.310533649,163707.64684220625,163707.64684220625,225576.6796643567,225576.6796643567,276094.52561703074,276094.52561703074
3988,Mercedes,S500,7600000,15.84365880525656,ultra_luxury,2859447.792679817,2859447.792679817,4353050.758092291,4353050.758092291,6187919.003292525,6187919.003292525,7412395.5960822655,7412395.5960822655,8146041.000315258,8146041.000315258
11555,Chevrolet,Aveo,290000,12.577636201962656,economy,240919.24695103214,240919.24695103214,255066.1307831346,255066.1307831346,334339.60420237284,334339.60420237284,396195.8421980819,396195.8421980819,434615.040311103,434615.040311103
3618,Suzuki,Alto,250000,12.429216196844385,economy,243442.13949204987,243442.13949204987,278878.1749361583,278878.1749361583,366722.59127076104,366722.59127076104,412340.2382617305,412340.2382617305,443093.93063378293,443093.93063378293
8271,SsangYong,Tivoli XLV,850000,13.652991628466498,standard,787385.5834430685,787385.5834430685,800512.607322103,800512.607322103,834868.2273670565,834868.2273670565,1368299.8713134225,1368299.8713134225,1448578.332980597,1448578.332980597
252,Chevrolet,Aveo,300000,12.611537753638338,economy,232458.66914469432,232458.66914469432,256097.729293552,256097.729293552,318929.90604001173,318929.90604001173,375520.5615920238,375520.5615920238,410794.6263905978,410794.6263905978
6601,Fiat,Tipo,830000,13.62918097977278,standard,601166.3232204295,601166.3232204295,647071.1611566241,647071.1611566241,734892.1172323853,734892.1172323853,879711.1115005218,879711.1115005218,1012600.8059923004,1012600.8059923004
9270,Geely,Emgrand 7,530000,13.180632285528304,standard,614930.6969272702,614930.6969272702,629861.9469018773,629861.9469018773,699012.6078077359,699012.6078077359,874910.4718185426,874910.4718185426,1069035.7254671778,1069035.7254671778
6037,BMW,X5,3000000,14.914122846632385,luxury,2162137.256478725,2162137.256478725,2842904.523126216,2842904.523126216,3407390.292211111,3407390.292211111,3891232.287704479,3891232.287704479,4150352.9711420243,4150352.9711420243
1369,Kia,Rio,255000,12.449018824140564,economy,200259.40587711334,200259.40587711334,231938.84183194904,231938.84183194904,299439.55836445815,299439.55836445815,325227.2076027466,325227.2076027466,337123.46886079357,337123.46886079357
8148,Geely,Emgrand 7,290000,12.577636201962656,economy,305969.25079271337,305969.25079271337,325246.86217704276,325246.86217704276,426584.2504125468,426584.2504125468,550616.2311473622,550616.2311473622,644898.8351003373,644898.8351003373
4087,Chevrolet,Aveo,400000,12.89921982609012,economy,354728.33923864126,354728.33923864126,382237.9097443618,382237.9097443618,454746.42456272023,454746.42456272023,516367.1247665151,516367.1247665151,565163.6508464611,565163.6508464611
9339,BMW,X5,2000000,14.50865773852422,luxury,1704299.6994637807,1704299.6994637807,1880652.616343622,1880652.616343622,2170465.4544276544,2170465.4544276544,2925681.3347793743,2925681.3347793743,3099062.696090097,3099062.696090097
221,Subaru,Impreza,480000,13.081541382884074,economy,344736.871898987,344736.871898987,376238.2654024336,376238.2654024336,437627.40030301677,437627.40030301677,544893.3539505356,544893.3539505356,607784.3497069275,607784.3497069275
3043,BMW,X5,2990000,14.91078394536687,luxury,2211640.0164873884,2211640.0164873884,2825672.3843094935,2825672.3843094935,3382424.1926438725,3382424.1926438725,3817270.714219551,3817270.714219551,4134182.860824986,4134182.860824986
7115,Chery,Tiggo 7 Pro Max,1300000,14.077874822431763,standard,835422.2664120186,835422.2664120186,878497.8967781556,878497.8967781556,919085.6819337625,919085.6819337625,1022424.6513802878,1022424.6513802878,1153190.712364474,1153190.712364474
7769,Hyundai,Accent RB,845000,13.64709190633931,standard,908745.5186598159,908745.5186598159,918870.6001368263,918870.6001368263,919021.670104492,919021.670104492,1271854.9292299002,1271854.9292299002,1364326.9235696683,1364326.9235696683
5998,Chevrolet,Aveo,400000,12.89921982609012,economy,204475.3821211118,204475.3821211118,236346.2616065704,236346.2616065704,294658.42411517195,294658.42411517195,363793.95344932197,363793.95344932197,381512.44180375786,381512.44180375786
1739,Fiat,Punto,200000,12.206072645530174,economy,226205.5375702825,226205.5375702825,287830.6829218036,287830.6829218036,338515.5797278876,338515.5797278876,429413.6884285969,429413.6884285969,470142.65341002814,470142.65341002814
3002,Jeep,Cherokee,175000,12.072541252905651,economy,154427.0820161017,154427.0820161017,158426.31248266695,158426.31248266695,281061.4303773605,281061.4303773605,463278.6873856076,463278.6873856076,596235.7744779544,596235.7744779544
207,Cupra,Leon,1800000,14.403297222866392,luxury,1970637.1687911064,1970637.1687911064,2633396.6711893524,2633396.6711893524,3559616.2866315437,3559616.2866315437,3741285.256273352,3741285.256273352,3820388.8652647235,3820388.8652647235
2884,BMW,X5,6350000,15.663965370868874,ultra_luxury,2836748.8858815245,2836748.8858815245,4483764.309578568,4483764.309578568,6439867.721672431,6439867.721672431,7257412.395756854,7257412.395756854,7326308.535388995,7326308.535388995
517,Chevrolet,Aveo,385000,12.86099861326992,economy,322590.1113757869,322590.1113757869,348781.70280745515,348781.70280745515,406995.96865492663,406995.96865492663,490056.8668474,490056.8668474,544297.1492660311,544297.1492660311
566,Cupra,Leon,1850000,14.430696197054507,luxury,1951841.9848421663,1951841.9848421663,2691966.679740295,2691966.679740295,3519758.7164948415,3519758.7164948415,3784866.604999226,3784866.604999226,3925753.1311994684,3925753.1311994684
11603,SsangYong,Tivoli XLV,800000,13.592367006650065,standard,867682.4421555784,867682.4421555784,878207.3088559816,878207.3088559816,953534.8977778702,953534.8977778702,1431563.623138195,1431563.623138195,1568579.4698619312,1568579.4698619312
1007,BMW,X5,4650000,15.35237777756354,ultra_luxury,2898068.6616632496,2898068.6616632496,4607256.506320301,4607256.506320301,5949210.81434406,5949210.81434406,7215307.71123646,7116597.864398214,7116597.864398214,7215307.71123646
6974,Geely,Pandino,350000,12.765688433465597,economy,423586.25787584076,423586.25787584076,474344.60651539365,474344.60651539365,547353.2917857226,547353.2917857226,661494.4530381033,661494.4530381033,755591.7504369362,755591.7504369362
9310,Chevrolet,Aveo,385000,12.86099861326992,economy,391639.29215310904,391639.29215310904,403041.8872747392,403041.8872747392,469284.7304598768,469284.7304598768,549339.0352783285,549339.0352783285,593274.0741663915,593274.0741663915
5695,Volvo,XC90,1800000,14.403297222866392,luxury,1588761.1840059627,1588761.1840059627,1725504.4306712998,1725504.4306712998,2055029.8014396585,2055029.8014396585,2561449.3973266743,2561449.3973266743,2650938.594066819,2650938.594066819
116,Suzuki,Alto,335000,12.721885810807205,economy,301789.2862309502,301789.2862309502,333421.99472206074,333421.99472206074,490409.14253766503,490409.14253766503,499158.3814851452,499158.3814851452,545650.6174383896,545650.6174383896
10231,Skoda,Superb,1820000,14.41434705905298,luxury,1352263.343935933,1352263.343935933,1619011.4102983053,1619011.4102983053,1856196.994775937,1698501.9034084452,1698501.9034084452,1856196.994775937,1964399.6083581613,1964399.6083581613
12380,Fiat,Tipo,755000,13.534473028231162,standard,450640.73374661896,450640.73374661896,484432.4142488142,484432.4142488142,599692.248325129,599692.248325129,721235.6955174275,721235.6955174275,827623.3678865584,827623.3678865584
8545,Nissan,Qashqai,920000,13.732128949025222,standard,845155.9428976742,832381.6968864674,832381.6968864674,845155.9428976742,910280.045996026,910280.045996026,1259754.6070482587,1259754.6070482587,1468674.618581174,1468674.618581174
9603,Mercedes,G63,13600000,16.42558035070628,ultra_luxury,3019421.7738728193,3019421.7738728193,5228630.221946112,5228630.221946112,9994658.323113991,9994658.323113991,11651990.722473789,11651990.722473789,13256169.425733013,13256169.425733013
11140,Hyundai,Accent RB,500000,13.122363377404328,economy,438165.14708067145,438165.14708067145,449608.8215884252,449608.8215884252,537292.5544787863,537292.5544787863,702581.3714914022,702581.3714914022,764025.8027337036,764025.8027337036
3099,Kia,Rio,225000,12.323855681186558,economy,166843.45405767413,166843.45405767413,197216.13118857323,197216.13118857323,232244.0154536091,232244.0154536091,270922.2916408174,270922.2916408174,295994.2167959748,295994.2167959748
12335,Chevrolet,Aveo,280000,12.542544882151386,economy,203818.34744510212,203818.34744510212,231573.3745239314,231573.3745239314,299834.8270997799,299834.8270997799,357836.0899412493,357836.0899412493,381798.4510775564,381798.4510775564
2754,Kia,Rio,275000,12.524526376648708,economy,249774.36053857737,249774.36053857737,257556.78725530545,257556.78725530545,316056.7183953094,316056.7183953094,381909.6774772223,381909.6774772223,410717.3163943414,410717.3163943414
2712,BMW,X5,5000000,15.424948470398377,ultra_luxury,2828194.657364277,2828194.657364277,4408348.908174218,4408348.908174218,5497723.715064006,5497723.715064006,6864898.088825693,6630074.519008013,6630074.519008013,6864898.088825693
1725,Citroën,C4,850000,13.652991628466498,standard,626489.6131766712,626489.6131766712,666592.2492756571,666592.2492756571,749319.9627204079,749319.9627204079,1066665.9109716818,1066665.9109716818,1169426.6189058162,1169426.6189058162
3229,Chevrolet,Aveo,360000,12.793859310432293,economy,242847.36136474067,242847.36136474067,259167.28812240204,259167.28812240204,341250.48544117046,341250.48544117046,398247.14163385297,398247.14163385297,440615.74680263945,440615.74680263945
5290,Changan,Benni,280000,12.542544882151386,economy,416711.6612806173,416711.6612806173,439902.20382219873,439902.20382219873,604700.1420546895,604700.1420546895,733117.5782185004,733117.5782185004,855414.8458706399,855414.8458706399
9570,Geely,GX3 Pro,700000,13.458835614025542,standard,685804.503498243,683385.6723901273,683385.6723901273,685804.503498243,745469.1378579729,745469.1378579729,955896.9137434377,955896.9137434377,996522.3791422747,996522.3791422747
11800,BMW,X5,2225000,14.615267473582476,luxury,1782810.6531361954,1782810.6531361954,2159456.433715972,2159456.433715972,2248775.5872980445,2248775.5872980445,2783434.633597974,2783434.633597974,3076032.6842111982,3076032.6842111982
10188,Hyundai,Accent RB,840000,13.641157170819495,standard,951648.0396879826,911453.7964002026,911453.7964002026,951648.0396879826,994250.4404744987,994250.4404744987,1381310.4200938733,1381310.4200938733,1505674.6145270492,1505674.6145270492
8108,Daihatsu,Grand Terios,720000,13.487006490992238,standard,386156.7452489748,386156.7452489748,426920.60236945807,426920.60236945807,529768.3384055041,529768.3384055041,658211.9609754789,658211.9609754789,688890.4553997056,688890.4553997056
4364,Chevrolet,Aveo,395000,12.88664104388326,economy,389847.53890603944,389847.53890603944,414431.0316535521,414431.0316535521,485456.3136128123,485456.3136128123,554469.3860232366,554469.3860232366,608011.099631786,608011.099631786
7993,Chevrolet,Aveo,500000,13.122363377404328,economy,442532.44993633125,442532.44993633125,461593.09747557185,461593.09747557185,529622.3682291477,529622.3682291477,627967.496524999,627967.496524999,674114.6963331004,674114.6963331004
3888,Skoda,Superb,1850000,14.430696197054507,luxury,1394679.108843252,1394679.108843252,1596325.8393051305,1596325.8393051305,1852910.5392114334,1721789.2304453037,1721789.2304453037,1852910.5392114334,2061583.0299765472,2061583.0299765472
10974,Fiat,Punto,420000,12.948009990259552,economy,276140.5534391056,276140.5534391056,334495.5226598678,334495.5226598678,486474.6697350712,486474.6697350712,548274.6455628948,548274.6455628948,572300.5193348147,572300.5193348147
1053,Daihatsu,Charade,115000,11.652687407345388,economy,85455.82773096315,85455.82773096315,113948.23586850105,113948.23586850105,147435.17008830432,147435.17008830432,184187.0312207016,184187.0312207016,328499.07709518215,328499.07709518215
1382,Chery,Tiggo 4 Pro,980000,13.795307850646754,standard,878300.8947318608,878300.8947318608,946888.2296584153,946888.2296584153,993510.1738049622,993510.1738049622,1216257.8401159397,1216257.8401159397,1476043.3715202617,1476043.3715202617
9577,Daewoo,Nubira 1,250000,12.429216196844385,economy,150299.4992471759,150299.4992471759,188850.9143848553,188850.9143848553,216106.86411734988,216106.86411734988,244287.80190503443,244287.80190503443,268161.40318454563,268161.40318454563
4530,Kia,Rio,220000,12.301382825334498,economy,196074.3766515816,196074.3766515816,215629.17904959654,215629.17904959654,255027.12130538892,255027.12130538892,282328.21123643464,282328.21123643464,305936.8728326088,305936.8728326088
8721,Jeep,Renegade,820000,13.617059619240436,standard,647244.0821758031,647244.0821758031,706732.1456246084,706732.1456246084,798785.6060546509,798785.6060546509,913644.8698381372,913644.8698381372,1003274.2022837352,1003274.2022837352
840,Subaru,Impreza,350000,12.765688433465597,economy,336771.9487224182,332237.67001437856,332237.67001437856,336771.9487224182,397871.80000989215,397871.80000989215,639985.2328597655,639985.2328597655,701062.7355501417,701062.7355501417
3094,Jeep,Renegade,1300000,14.077874822431763,standard,819651.7971653515,819651.7971653515,899968.9944523429,899968.9944523429,963910.7946798,963910.7946798,1121170.1561288103,1121170.1561288103,1277030.2675862042,1277030.2675862042
11276,Mercedes,GLA200,1890000,14.452087387035824,luxury,1203693.600262104,1203693.600262104,1432164.300591493,1432164.300591493,1764760.9792209426,1764760.9792209426,2230847.642484928,2230847.642484928,2569548.492521559,2569548.492521559
5514,Suzuki,Alto,250000,12.429216196844385,economy,272468.92928320984,272468.92928320984,304406.2305271979,304406.2305271979,462159.0061496493,462159.0061496493,473950.25456204434,473950.25456204434,549616.4550102032,549616.4550102032
11950,Mercedes,GLA200,3200000,14.978661367769956,luxury,1703339.943118043,1703339.943118043,2213925.48804225,2213925.48804225,3339513.1896513444,3339513.1896513444,4214445.864979854,4214445.864979854,4633049.734352443,4633049.734352443
2362,Kia,Rio,570000,13.253391639810731,standard,385254.6743554091,385254.6743554091,431833.4100496126,431833.4100496126,494116.6063101305,494116.6063101305,571061.6060046395,571061.6060046395,618714.8158750642,618714.8158750642
6849,Geely,Pandino,260000,12.468436909997664,economy,252979.57410734388,252979.57410734388,271308.296883372,271308.296883372,337739.37989059027,337739.37989059027,454966.6221359183,454966.6221359183,515293.4815109557,515293.4815109557
11932,Chevrolet,Aveo,440000,12.994530005894443,economy,344118.9498659154,344118.9498659154,369975.5835616844,369975.5835616844,435554.56007733423,435554.56007733423,496206.99516537244,496206.99516537244,552040.8562720923,552040.8562720923
12195,Hyundai,Elantra CN7,975000,13.790192749979983,standard,781930.9491733896,781930.9491733896,815278.210442944,815278.210442944,1050499.0054756338,1050499.0054756338,1176517.644369435,1176517.644369435,1235159.9289221065,1235159.9289221065
2377,Mitsubishi,Mirage,275000,12.524526376648708,economy,227511.93381332478,227511.93381332478,239942.80030580828,239942.80030580828,323211.35987043055,323211.35987043055,492489.8403673264,492489.8403673264,527669.0100514822,527669.0100514822
5501,Chevrolet,Malibu,205000,12.230765258120543,economy,281788.6890620343,281788.6890620343,317980.69526646787,317980.69526646787,439776.87612013955,439776.87612013955,538964.5191792396,538964.5191792396,581721.0673366039,581721.0673366039
11252,Speranza,M12,270000,12.506177237980513,economy,199896.18189425566,199896.18189425566,230659.93436402574,230659.93436402574,309580.16158169915,309580.16158169915,338875.4965291227,338875.4965291227,363202.9071586616,363202.9071586616
10125,Changan,Alsvin,550000,13.217673557208654,standard,597086.4958003146,597086.4958003146,619382.2622014333,619382.2622014333,659758.7062426744,659758.7062426744,788452.3760574929,788452.3760574929,881273.7656762785,881273.7656762785
12280,Chevrolet,Malibu,910000,13.721199878493032,standard,724799.3886347105,724799.3886347105,757042.6414547506,757042.6414547506,831507.4041089093,831507.4041089093,1093428.1239719507,1093428.1239719507,1257177.6155904466,1257177.6155904466
1039,Volkswagen,Bora,370000,12.821258284620408,economy,250463.3459775523,250463.3459775523,266753.9400869087,266753.9400869087,374446.91374889825,374446.91374889825,419538.4155432211,419538.4155432211,455898.5315880001,455898.5315880001
11488,Chevrolet,Aveo,400000,12.89921982609012,economy,249905.33962572983,249905.33962572983,267280.62716539216,267280.62716539216,359922.4723924068,359922.4723924068,430097.588182159,430097.588182159,464001.7279681157,464001.7279681157
82,BMW,X5,5650000,15.547166103122624,ultra_luxury,2852370.6995754465,2852370.6995754465,4543831.18865318,4543831.18865318,6610724.04943243,6610724.04943243,7764440.410441095,7610017.569731022,7610017.569731022,7764440.410441095
11088,Chery,Tiggo 8 Pro Max,1640000,14.31020679980038,luxury,807594.2386576751,807594.2386576751,860513.578963165,860513.578963165,928013.3003245872,928013.3003245872,1006233.8267089742,1006233.8267089742,1132560.7816761357,1132560.7816761357
10832,Geely,Pandino,250000,12.429216196844385,economy,253028.85411304355,253028.85411304355,272559.3649907833,272559.3649907833,344542.4876230682,344542.4876230682,433548.8898675581,433548.8898675581,495008.13081438525,495008.13081438525
8126,Cupra,Leon,1975000,14.496078956317358,luxury,2051317.652515537,2051317.652515537,2858568.2899357746,2858568.2899357746,3765234.886996534,3765234.886996534,4031977.2182774963,4031977.2182774963,4274571.879670302,4274571.879670302
7567,Nissan,Qashqai,725000,13.493926933836812,standard,805624.0103034861,805624.0103034861,826063.2032387493,826063.2032387493,913827.0834967094,913827.0834967094,1182094.647073959,1182094.647073959,1376594.3540267018,1376594.3540267018
6695,Kia,Rio,170000,12.0435537160324,economy,180527.63257303197,180527.63257303197,208042.0732694408,208042.0732694408,252682.4057949575,252682.4057949575,284611.33202855766,284611.33202855766,306355.9564730207,306355.9564730207
1075,Geely,Emgrand 7,260000,12.468436909997664,economy,309406.02967472636,309406.02967472636,314152.39652348054,314152.39652348054,410701.8616448869,410701.8616448869,570186.5662318944,570186.5662318944,641940.3146884213,641940.3146884213
6614,Speranza,A516,180000,12.100712129872347,economy,210664.35358787162,210664.35358787162,228796.79650933386,228796.79650933386,273601.04847580515,273601.04847580515,353620.07769609755,353620.07769609755,393684.58819710446,393684.58819710446
1335,Geely,Emgrand 7,270000,12.506177237980513,economy,277880.74028287036,277880.74028287036,285438.87148540147,285438.87148540147,389624.72400620265,389624.72400620265,542103.227750075,542103.227750075,617725.9223419599,617725.9223419599
5578,Renault,Symbol,250000,12.429216196844385,economy,278275.88230669894,278275.88230669894,303684.9438453602,303684.9438453602,348877.1648145668,348877.1648145668,446177.1242782989,446177.1242782989,474482.9629446098,474482.9629446098
4679,Skoda,Superb,1180000,13.981024996441848,standard,1446780.5898511491,1446780.5898511491,1744575.1485370214,1744575.1485370214,1947187.5825809508,1813986.4346884082,1813986.4346884082,1947187.5825809508,2134640.8497588225,2134640.8497588225
3800,BMW,218i,1800000,14.403297222866392,luxury,1400108.1020702333,1400108.1020702333,1735238.1062700886,1735238.1062700886,2031364.1962089268,2031364.1962089268,2345940.3257048144,2274979.572681398,2274979.572681398,2345940.3257048144
7426,Chery,Tiggo 7 Pro Max,1410000,14.15910026235435,standard,835422.2664120186,835422.2664120186,878497.8967781556,878497.8967781556,919085.6819337625,919085.6819337625,1022424.6513802878,1022424.6513802878,1153190.712364474,1153190.712364474
8651,Suzuki,Vitara,950000,13.764217263576723,standard,858311.0702589657,858311.0702589657,1021062.8720535487,1021062.8720535487,1246536.4529003045,1246536.4529003045,1554179.5395348682,1531792.6259206752,1531792.6259206752,1554179.5395348682
2526,Porsche,Boxster,1400000,14.151982794585487,standard,432820.5177688836,432820.5177688836,448438.55717123323,448438.55717123323,664710.9811677092,664710.9811677092,1140705.064508282,1140705.064508282,1184321.19174896,1184321.19174896
1918,BMW,X5,2050000,14.53335035111459,luxury,1844692.4601626787,1844692.4601626787,2269709.868717296,2269709.868717296,2474223.3204443175,2474223.3204443175,3187884.0830216645,3187884.0830216645,3338678.2352606226,3338678.2352606226
5765,BMW,X5,6850000,15.739759210238407,ultra_luxury,2853772.3636108846,2853772.3636108846,4615537.719999541,4615537.719999541,6883170.832390847,6883170.832390847,7927972.421744066,7917026.268107141,7917026.268107141,7927972.421744066
3818,Mercedes,190,195000,12.180754837545884,economy,149228.15784570068,149228.15784570068,157829.95690603598,157829.95690603598,214938.739635426,214938.739635426,309275.5324910783,309275.5324910783,474171.10983320064,474171.10983320064
1881,Mitsubishi,Xpander,1180000,13.981024996441848,standard,895278.0736453227,895278.0736453227,961206.1488746908,961206.1488746908,1084142.2318291198,1084142.2318291198,1423344.8594749249,1371441.5122808598,1371441.5122808598,1423344.8594749249
4947,Geely,Pandino,220000,12.301382825334498,economy,277583.9769979303,277583.9769979303,301608.12158824067,301608.12158824067,371708.43052607315,371708.43052607315,461696.49167258525,461696.49167258525,514526.9026682165,514526.9026682165
9532,SsangYong,Tivoli XLV,875000,13.681979165339753,standard,827430.7051242925,803825.76212225,803825.76212225,827041.2934869869,827041.2934869869,827430.7051242925,1339204.396241833,1339204.396241833,1488095.2969321075,1488095.2969321075
3329,Fiat,Punto,250000,12.429216196844385,economy,134177.1772534302,134177.1772534302,160977.1304344434,160977.1304344434,192976.30555190667,192976.30555190667,245788.17778483804,245788.17778483804,287353.94290353864,287353.94290353864
8215,Subaru,Impreza,450000,13.017002861746503,economy,343845.1978530098,343845.1978530098,389518.28376209905,389518.28376209905,440470.202656626,440470.202656626,554771.0302739348,554771.0302739348,618099.5459112521,618099.5459112521
7998,Chevrolet,Captiva,850000,13.652991628466498,standard,674429.9691954545,674429.9691954545,712491.3110960018,712491.3110960018,849745.0230290617,849745.0230290617,1000835.0533095276,1000835.0533095276,1134071.1738627432,1134071.1738627432
5744,Volkswagen,Pointer,200000,12.206072645530174,economy,197924.16981030058,197924.16981030058,211987.03887082287,211987.03887082287,307434.59100711223,307434.59100711223,500551.16027102433,500551.16027102433,518322.97144915245,518322.97144915245
6039,Fiat,Punto,280000,12.542544882151386,economy,84441.01595893638,84441.01595893638,101856.79236094553,101856.79236094553,141700.62354351374,141700.62354351374,180327.95954047015,180327.95954047015,252263.19037338148,252263.19037338148
4314,Jeep,Cherokee,940000,13.753635154246188,standard,823724.2540291484,823724.2540291484,891908.5906924602,891908.5906924602,1074412.7631673578,1074412.7631673578,1128891.8341585917,1128891.8341585917,1133961.3381604794,1133961.3381604794
2879,SsangYong,Tivoli XLV,720000,13.487006490992238,standard,800207.062630898,800207.062630898,802205.2776344423,802205.2776344423,823701.3046457057,823701.3046457057,1334934.4532259365,1334934.4532259365,1404922.2547404156,1404922.2547404156
3772,Geely,Pandino,320000,12.676076274775909,economy,363553.8225503753,363553.8225503753,387373.3528558972,387373.3528558972,461887.40920693905,461887.40920693905,577659.6396851295,577659.6396851295,656616.1252933407,656616.1252933407
5251,Subaru,Impreza,790000,13.579788224443204,standard,703337.6321749152,703337.6321749152,745679.6963942363,745679.6963942363,852448.0537554381,852448.0537554381,1107430.5113770268,1107430.5113770268,1224658.5773941397,1224658.5773941397
9506,Geely,GX3 Pro,890000,13.698976741708323,standard,768488.0206363043,768488.0206363043,835194.8837461588,835194.8837461588,888283.547814275,888283.547814275,1110224.9360762106,1110224.9360762106,1220557.8340590633,1220557.8340590633
8634,Nissan,Qashqai,720000,13.487006490992238,standard,683296.4492716836,677774.2950617687,677774.2950617687,683296.4492716836,795098.7736372965,795098.7736372965,983765.4846452336,983765.4846452336,1170856.6504311287,1170856.6504311287
3394,Fiat,Punto,580000,13.270783382522602,standard,390050.7763415509,390050.7763415509,472170.1216498359,472170.1216498359,674880.6163402128,674880.6163402128,783609.6460068008,764835.4535726891,764835.4535726891,783609.6460068008
4882,Chevrolet,Aveo,325000,12.691580461311874,economy,208206.0013451842,208206.0013451842,232858.98403789772,232858.98403789772,302577.6289241899,302577.6289241899,426561.93018999306,426561.93018999306,457169.8769026703,457169.8769026703
8367,Hyundai,Accent RB,850000,13.652991628466498,standard,948263.9654705707,937449.0958119965,937449.0958119965,947217.0187912894,947217.0187912894,948263.9654705707,1339021.824492288,1339021.824492288,1467832.8144920853,1467832.8144920853
548,BMW,X5,5900000,15.590462908875947,ultra_luxury,2914656.4750513155,2914656.4750513155,4706668.001817812,4706668.001817812,7523994.509662731,7523994.509662731,8749807.749951467,8749807.749951467,9354677.318336587,9354677.318336587
2440,Jeep,Cherokee,1100000,13.9108207377686,standard,711722.4570838949,711722.4570838949,748028.7755954516,748028.7755954516,927661.1968650039,927661.1968650039,1162844.8723005007,1162844.8723005007,1173073.4084697722,1173073.4084697722
5507,Speranza,A516,235000,12.367340793126296,economy,292147.72478284664,292147.72478284664,306202.8884489291,306202.8884489291,349382.6546629096,349382.6546629096,435308.72523123736,435308.72523123736,496677.5195959507,496677.5195959507
2180,Geely,Emgrand 7,270000,12.506177237980513,economy,270378.32932043757,265851.51590797683,265851.51590797683,270378.32932043757,360934.20932728273,360934.20932728273,494470.8271601657,494470.8271601657,571648.2068251735,571648.2068251735
11994,Speranza,A516,250000,12.429216196844385,economy,212517.19708412376,212517.19708412376,239013.5421749384,239013.5421749384,289029.01067286194,289029.01067286194,349536.60278319765,349536.60278319765,371436.3819709084,371436.3819709084
6878,Hyundai,Accent RB,870000,13.676248490630767,standard,954527.8392284974,944498.1381432171,944498.1381432171,954527.8392284974,957508.4417410111,957508.4417410111,1330889.7682516654,1330889.7682516654,1459129.9559288085,1459129.9559288085
3261,Mercedes,S450,6500000,15.687312734865866,ultra_luxury,2393876.5871012146,2393876.5871012146,2729615.9783523967,2729615.9783523967,3213373.599612951,3213373.599612951,4061661.5380102033,4061661.5380102033,4422320.678319327,4422320.678319327
3680,Volkswagen,Pointer,200000,12.206072645530174,economy,205422.81225138585,205422.81225138585,233423.66798762413,233423.66798762413,289454.279108397,289454.279108397,456418.24256045284,454461.5582321706,454461.5582321706,456418.24256045284
975,Chevrolet,Aveo,325000,12.691580461311874,economy,218493.34658045458,218493.34658045458,239602.90834030538,239602.90834030538,293218.25418193324,293218.25418193324,357555.6609371254,357555.6609371254,382306.352029353,382306.352029353
4974,Chevrolet,Captiva,600000,13.304684934198283,standard,740174.318415336,740174.318415336,764732.0635803269,764732.0635803269,909233.490617108,909233.490617108,1145406.3865371044,1145406.3865371044,1292595.9969495845,1292595.9969495845
6450,Geely,Emgrand X7,260000,12.468436909997664,economy,353157.95790254243,344717.1445229286,344717.1445229286,353157.95790254243,517041.8581532817,517041.8581532817,677050.0001757888,677050.0001757888,771578.0701016301,771578.0701016301
8832,Volvo,XC90,5250000,15.473738634567807,ultra_luxury,2486126.200649792,2486126.200649792,3292558.6553363996,3292558.6553363996,4853270.715344213,4853270.715344213,6106420.113392403,6106420.113392403,6558786.034120951,6558786.034120951
9143,Nissan,Qashqai,985000,13.800396920154226,standard,892223.0540591475,892223.0540591475,933302.615054072,933302.615054072,1111914.4463665166,1111914.4463665166,1295441.0972685306,1295441.0972685306,1511323.4488154193,1511323.4488154193
1281,Chevrolet,Aveo,307000,12.634603026569334,economy,231409.24361238253,231409.24361238253,249727.02253974526,249727.02253974526,312820.00350309914,312820.00350309914,385164.8886690332,385164.8886690332,429117.8620905951,429117.8620905951
11650,Fiat,Tipo,580000,13.270783382522602,standard,399913.4523939953,399913.4523939953,421992.068438488,421992.068438488,604425.2950958296,604425.2950958296,724052.1708307995,724052.1708307995,758618.058812035,758618.058812035
4893,Fiat,Tipo,690000,13.444446876573442,standard,558546.708581892,558546.708581892,598208.8728969463,598208.8728969463,716082.5407813941,716082.5407813941,854018.3262164405,854018.3262164405,936549.3940262451,936549.3940262451
3014,Mercedes,GLA200,2150000,14.580978400103843,luxury,1206629.9428016108,1206629.9428016108,1417235.4600360347,1417235.4600360347,1744623.689047111,1744623.689047111,2173830.5921740835,2173830.5921740835,2414900.1012501386,2414900.1012501386
2374,BMW,X5,6100000,15.62379932914354,ultra_luxury,2868556.229614937,2868556.229614937,4634940.596258131,4634940.596258131,7484001.137713564,7484001.137713564,8551385.46246898,8551385.46246898,9163861.560948145,9163861.560948145
3375,Mercedes,GLA200,2400000,14.690979295318174,luxury,1396950.0239007857,1396950.0239007857,1754557.7524519095,1754557.7524519095,2260237.7429423626,2260237.7429423626,2628334.725882715,2628334.725882715,2996902.785832535,2996902.785832535
4585,Mercedes,G63,13950000,16.45099006623165,ultra_luxury,2907395.8948338446,2907395.8948338446,5040964.531657635,5040964.531657635,8164979.563140551,8164979.563140551,9829816.105590774,9829816.105590774,9933995.145145064,9933995.145145064
3867,Geely,Emgrand 7,245000,12.409013489526863,economy,311491.9133285193,311491.9133285193,323653.7089314417,323653.7089314417,426408.7250083829,426408.7250083829,542274.2150340042,542274.2150340042,641222.8669911114,641222.8669911114
3987,BMW,X5,4800000,15.38412647587812,ultra_luxury,2887199.304498471,2887199.304498471,4341944.003326435,4341944.003326435,5387904.745409452,5387904.745409452,6562677.603561262,6404003.688749054,6404003.688749054,6562677.603561262
8281,Geely,Emgrand 7,1000000,13.815510557964274,standard,277011.5335823427,277011.5335823427,286945.33638596354,286945.33638596354,378486.00256260444,378486.00256260444,550732.5970973643,550732.5970973643,639145.3357579625,639145.3357579625
2675,Chevrolet,Captiva,850000,13.652991628466498,standard,448668.3515917376,448668.3515917376,462602.6959236285,462602.6959236285,562963.0318903072,562963.0318903072,761136.1473954066,761136.1473954066,843474.6950920053,843474.6950920053
6463,Jeep,Cherokee,210000,12.254862809699606,economy,240553.16396971451,240553.16396971451,267768.51888446795,267768.51888446795,411175.28097529226,411175.28097529226,674069.6145147618,674069.6145147618,810604.6030498364,810604.6030498364
7681,Hyundai,Accent RB,660000,13.399995114002609,standard,512705.0848141754,512705.0848141754,547767.8371596385,547767.8371596385,613724.688533015,613724.688533015,799136.9028686461,799136.9028686461,902493.5613803961,902493.5613803961
6554,Renault,Symbol,260000,12.468436909997664,economy,290174.54827194614,290174.54827194614,305563.18301903055,305563.18301903055,343312.8062159196,343312.8062159196,424103.1439544628,424103.1439544628,464722.76430664473,464722.76430664473
8592,Nissan,Qashqai,800000,13.592367006650065,standard,764609.3402526558,763963.1918476878,763963.1918476878,764609.3402526558,837859.602427033,837859.602427033,1164208.1773319338,1164208.1773319338,1374368.2508992085,1374368.2508992085
9510,MG,GT,1195000,13.993656743347747,standard,934482.590683706,934482.590683706,1067631.536046011,1067631.536046011,1121898.8145723122,1121898.8145723122,1537281.1267230578,1537281.1267230578,1692066.6454882503,1692066.6454882503
11468,Fiat,Tipo,785000,13.573438996764546,standard,543149.4254454504,543149.4254454504,564285.7249878857,564285.7249878857,683320.8744677403,683320.8744677403,832683.7397420065,832683.7397420065,926674.5158654273,926674.5158654273
5822,Kia,Rio,225000,12.323855681186558,economy,162094.32484968973,162094.32484968973,187402.94582139765,187402.94582139765,226323.9780036384,226323.9780036384,268728.35338512855,268728.35338512855,298487.7600751128,298487.7600751128
4751,Speranza,A516,205000,12.230765258120543,economy,203789.46215482065,203789.46215482065,231831.91324167975,231831.91324167975,270858.5631970305,270858.5631970305,346810.7303851249,346810.7303851249,368000.1331285218,368000.1331285218
1523,Fiat,Petra,118000,11.6784399034478,economy,116677.07963110505,116677.07963110505,128750.89877667309,128750.89877667309,168645.7908262623,168645.7908262623,230423.75541863625,230423.75541863625,292162.984526058,292162.984526058
10527,Speranza,A516,210000,12.254862809699606,economy,191518.75132054073,191518.75132054073,229131.02354762075,229131.02354762075,271929.01453993336,271929.01453993336,345675.02348139463,345675.02348139463,365318.0635953919,365318.0635953919
6755,Speranza,A516,240000,12.388394202324127,economy,188878.74940587863,188878.74940587863,227402.20864216657,227402.20864216657,290380.58890696644,290380.58890696644,344019.4445863972,344019.4445863972,361337.92689066514,361337.92689066514
2779,Geely,Emgrand 7,330000,12.706847933442663,economy,404751.778245883,404751.778245883,430077.903049189,430077.903049189,495044.09972255945,495044.09972255945,698073.025809139,698073.025809139,824100.3840298192,824100.3840298192
7275,Fiat,Tipo,885000,13.693342923990066,standard,603021.4623374441,603021.4623374441,639901.289872866,639901.289872866,721528.2044689138,721528.2044689138,893982.3795612227,893982.3795612227,985272.8685524936,985272.8685524936
462,Chevrolet,Aveo,470000,13.06048797368624,economy,517202.7994294055,517202.7994294055,524459.9285785097,524459.9285785097,596299.5715502412,596299.5715502412,710734.3367002396,710734.3367002396,756732.0728144969,756732.0728144969
11888,Hyundai,Elantra CN7,1450000,14.187074114396758,standard,975117.5631299845,975117.5631299845,1025877.4577810749,1025877.4577810749,1234224.3376923453,1234224.3376923453,1515657.8150734273,1515657.8150734273,1567101.0287479588,1567101.0287479588
9107,Renault,Taliant,855000,13.658856747918897,standard,777532.8770468907,777532.8770468907,884482.9350389092,884482.9350389092,906214.990722792,906214.990722792,1186881.1176712303,1186881.1176712303,1262408.0086447885,1262408.0086447885
6215,Volkswagen,Pointer,160000,11.982929094215963,economy,197458.00863058382,197458.00863058382,219098.7129982206,219098.7129982206,292052.42666144995,292052.42666144995,487935.14492267783,480536.7337412727,480536.7337412727,487935.14492267783
5215,Nissan,Qashqai,870000,13.676248490630767,standard,739213.4554690478,738150.6125430603,738150.6125430603,739213.4554690478,842165.1176882699,842165.1176882699,1050920.929970748,1050920.929970748,1225972.7377252881,1225972.7377252881
7703,Fiat,Tipo,510000,13.142166004700508,standard,337102.150066102,337102.150066102,359742.4999996171,359742.4999996171,505785.10448134504,505785.10448134504,580829.4361597287,580829.4361597287,689382.7515166411,689382.7515166411
4324,Chevrolet,Aveo,350000,12.765688433465597,economy,242007.73197193877,242007.73197193877,254858.6783386115,254858.6783386115,338809.031101557,338809.031101557,415286.2097712426,415286.2097712426,461396.29113141884,461396.29113141884
12039,Fiat,Punto,220000,12.301382825334498,economy,127099.31115852584,127099.31115852584,145439.837261701,145439.837261701,177624.10465409688,177624.10465409688,245390.13785033737,245390.13785033737,280165.142904349,280165.142904349
11176,Subaru,Impreza,290000,12.577636201962656,economy,294462.9630475388,294462.9630475388,334193.36739754636,334193.36739754636,415056.5537366569,415056.5537366569,509539.88960823964,509539.88960823964,544448.1870462595,544448.1870462595
3911,Fiat,Tipo,670000,13.415032991367148,standard,502882.6953406487,502882.6953406487,545033.1423910824,545033.1423910824,653223.9752295257,653223.9752295257,786903.8967566142,786903.8967566142,876111.8189137275,876111.8189137275
4376,Speranza,A516,225000,12.323855681186558,economy,188062.7041294261,188062.7041294261,227808.4384111843,227808.4384111843,285759.2257146986,285759.2257146986,345377.20899759245,345377.20899759245,361578.2243907378,361578.2243907378
5147,Mercedes,GLA200,2950000,14.897315728316002,luxury,1664652.591530053,1664652.591530053,2195023.4143323125,2195023.4143323125,3176184.8180253487,3176184.8180253487,3876973.458616318,3876973.458616318,4425723.425339916,4425723.425339916
8549,Chery,Tiggo 8 Pro,1300000,14.077874822431763,standard,1369055.713874169,1369055.713874169,1573676.1712981737,1573676.1712981737,1635554.472402002,1635554.472402002,1704676.9035924447,1704676.9035924447,2281133.1037696535,2281133.1037696535
9362,Chevrolet,Captiva,1310000,14.085537695177337,standard,1042793.7125681383,1042793.7125681383,1128465.1134448436,1128465.1134448436,1397010.0252277025,1397010.0252277025,1710279.4785129465,1710279.4785129465,1973111.3656519202,1973111.3656519202
5887,Fiat,Punto,120000,11.695247021764184,economy,97413.5312118075,97413.5312118075,101235.48031472978,101235.48031472978,142269.75895912512,142269.75895912512,212593.82447440314,212593.82447440314,267908.61614642915,267908.61614642915
6145,Fiat,Petra,255000,12.449018824140564,economy,119103.02183684107,119103.02183684107,132515.14275667135,132515.14275667135,174959.41109365816,174959.41109365816,240964.6574347044,240964.6574347044,281936.9035162797,281936.9035162797
3732,Chevrolet,Aveo,370000,12.821258284620408,economy,248794.2079119384,248794.2079119384,266810.2847570506,266810.2847570506,340086.6050969726,340086.6050969726,393686.6594739163,393686.6594739163,428088.9759070547,428088.9759070547
175,Skoda,Superb,1900000,14.457364444136669,luxury,1449120.5754070415,1449120.5754070415,1734534.6154259625,1734534.6154259625,1948975.162195578,1792790.3637256722,1792790.3637256722,1948975.162195578,2107358.3339219093,2107358.3339219093
3594,Nissan,Qashqai,715000,13.480037821676143,standard,691662.4148890396,691662.4148890396,697760.5671377796,697760.5671377796,721271.3377405991,721271.3377405991,1017727.4021104822,1017727.4021104822,1148508.2786821143,1148508.2786821143
8578,Jeep,Cherokee,730000,13.500799813124576,standard,639872.221797714,639872.221797714,673175.6984876693,673175.6984876693,746682.4420575184,746682.4420575184,918624.6319636954,918624.6319636954,932492.6923093727,932492.6923093727
3358,Zeekr,001,2200000,14.603967918328545,luxury,1764174.5379563847,1764174.5379563847,2258237.1351077454,2258237.1351077454,2692153.4744915348,2692153.4744915348,4000935.818570879,4000935.818570879,4286922.264472386,4286922.264472386
8113,Chery,Tiggo 4 Pro,1065000,13.878485357125662,standard,932229.5297415166,932229.5297415166,982836.7356577001,982836.7356577001,1074254.1629361392,1074254.1629361392,1352053.3905247522,1352053.3905247522,1636379.0456697787,1636379.0456697787
9372,SsangYong,Tivoli XLV,850000,13.652991628466498,standard,753895.5083293861,741747.0490097253,741747.0490097253,753895.5083293861,790530.8586095351,790530.8586095351,1299708.3790726152,1299708.3790726152,1358061.5718316939,1358061.5718316939
4827,Volvo,XC90,1000000,13.815510557964274,standard,2463425.7153435517,2463425.7153435517,3280575.153009508,3280575.153009508,4568044.807950043,4568044.807950043,5876072.673505342,5876072.673505342,6177345.026838809,6177345.026838809
9112,Geely,Emgrand 7,750000,13.527828485512494,standard,671625.6586530467,671625.6586530467,701726.3458407193,701726.3458407193,868978.7941199838,868978.7941199838,1019949.9476092779,1019949.9476092779,1224186.322647675,1224186.322647675
10270,Nissan,Qashqai,960000,13.77468856344402,standard,923905.5610975353,900383.9384395494,900383.9384395494,923905.5610975353,1058412.9037286988,1058412.9037286988,1320410.5269907066,1320410.5269907066,1586073.5991071267,1586073.5991071267
829,Fiat,Tipo,690000,13.444446876573442,standard,534364.1387521017,534364.1387521017,558844.9595527229,558844.9595527229,680549.8155671887,680549.8155671887,814528.5931881848,814528.5931881848,913031.8758379469,913031.8758379469
8750,Skoda,Superb,2150000,14.580978400103843,luxury,1718408.5190511527,1718408.5190511527,2250680.661309615,2250680.661309615,2821449.2607147344,2519691.9434000524,2519691.9434000524,2821449.2607147344,2996635.5813737907,2996635.5813737907
8728,Daewoo,Nubira 1,210000,12.254862809699606,economy,153810.80937338466,153810.80937338466,185695.44923090813,185695.44923090813,217656.03673127425,217656.03673127425,258601.5603193234,258601.5603193234,286364.738736621,286364.738736621
3465,Mercedes,E240,900000,13.710150042306449,standard,532775.2081393739,532775.2081393739,613480.44312417,613480.44312417,944273.0967254072,944273.0967254072,1079806.661486897,1079806.661486897,1117471.6768004005,1117471.6768004005
8858,Fiat,Tipo,850000,13.652991628466498,standard,555906.5704313949,555906.5704313949,592009.6862486082,592009.6862486082,717332.669189699,717332.669189699,843118.0763759785,843118.0763759785,927749.4057129251,927749.4057129251
4965,Nissan,Qashqai,950000,13.764217263576723,standard,815945.006893356,815945.006893356,821373.1000459876,821373.1000459876,906486.9375743222,906486.9375743222,1218736.4945815133,1218736.4945815133,1429590.2419363854,1429590.2419363854
6060,Chevrolet,Aveo,460000,13.038981768465275,economy,424324.90641503123,424324.90641503123,447654.0605454063,447654.0605454063,512100.06093319895,512100.06093319895,589070.6951984762,589070.6951984762,638523.4340295685,638523.4340295685
11022,Jeep,Renegade,1100000,13.9108207377686,standard,910504.8558920993,910504.8558920993,1012930.5083333473,1012930.5083333473,1138972.7397110453,1138972.7397110453,1252737.185918639,1252737.185918639,1411036.3270229874,1411036.3270229874
10375,Hyundai,Elantra CN7,1600000,14.28551418721001,luxury,936377.9798873316,936377.9798873316,994915.211792242,994915.211792242,1194015.9767601911,1194015.9767601911,1420834.5846814746,1420834.5846814746,1444176.0450763197,1444176.0450763197
4295,Fiat,Tipo,850000,13.652991628466498,standard,525932.6528117121,525932.6528117121,572278.4551329666,572278.4551329666,683672.2611925257,683672.2611925257,827620.7785313824,827620.7785313824,967090.1682160145,967090.1682160145
6805,Mercedes,GLE450,4650000,15.35237777756354,ultra_luxury,1501759.576681684,1501759.576681684,1902582.369314543,1902582.369314543,2872791.602994186,2872791.602994186,3737123.929653667,3645683.5190713303,3645683.5190713303,3737123.929653667
6179,BMW,740,3690000,15.12113701601671,luxury,2178993.7167082187,2178993.7167082187,2752292.6734272907,2752292.6734272907,3320928.859512911,3320928.859512911,4196716.888449293,4196716.888449293,4854317.457518513,4854317.457518513
8507,Mercedes,G63,11000000,16.213405830762646,ultra_luxury,3019421.7738728193,3019421.7738728193,5228630.221946112,5228630.221946112,9994658.323113991,9994658.323113991,11651990.722473789,11651990.722473789,13256169.425733013,13256169.425733013
9311,Mitsubishi,Xpander,1520000,14.234220892822458,luxury,928834.8989732766,928834.8989732766,966386.709283138,966386.709283138,1209503.2706543377,1209503.2706543377,1620916.8570117026,1616676.4712516968,1616676.4712516968,1620916.8570117026
4,Jeep,Cherokee,280000,12.542544882151386,economy,208164.18685937565,208164.18685937565,210363.6294953865,210363.6294953865,359828.8774360447,359828.8774360447,548049.4507697112,548049.4507697112,660400.465587287,660400.465587287
4521,Cupra,Leon,1950000,14.48333993053993,luxury,2009499.1325945964,2009499.1325945964,2724526.079907969,2724526.079907969,3689034.7142586145,3689034.7142586145,4068923.2396094454,4068923.2396094454,4172029.9165732875,4172029.9165732875
9807,Mercedes,GLC,4500000,15.319587954740548,ultra_luxury,2128496.6703145714,2128496.6703145714,2963421.365431282,2963421.365431282,4417689.724283832,4417689.724283832,5451728.046134646,5451728.046134646,6121200.909753192,6121200.909753192
2513,Chevrolet,Aveo,390000,12.873902018105827,economy,365654.36837264115,365654.36837264115,394146.80629674246,394146.80629674246,458964.39808952867,458964.39808952867,524449.7771018471,524449.7771018471,586086.4118505566,586086.4118505566
7940,Kia,Rio,600000,13.304684934198283,standard,366732.5775162348,366732.5775162348,424187.5277020574,424187.5277020574,470922.2331385333,470922.2331385333,632075.8030181332,632075.8030181332,677238.3300116432,677238.3300116432
6269,Fiat,Tipo,695000,13.45166712454693,standard,542721.3297900691,542721.3297900691,572010.8891893026,572010.8891893026,653238.8542459767,653238.8542459767,805882.0651396097,805882.0651396097,900714.0120055997,900714.0120055997
5781,Daihatsu,Charade,130000,11.77528972943772,economy,89368.66820587273,89368.66820587273,108282.23408003965,108282.23408003965,138372.78835638944,138372.78835638944,196023.79876008982,196023.79876008982,299662.64230674127,299662.64230674127
10373,Fiat,Tipo,675000,13.422467969854669,standard,559046.7198764586,559046.7198764586,592877.4956921226,592877.4956921226,717724.7084434546,717724.7084434546,856925.8046878448,856925.8046878448,938435.4779917294,938435.4779917294
11628,Geely,Emgrand 7,350000,12.765688433465597,economy,265145.2497808972,265145.2497808972,266996.0334572503,266996.0334572503,371938.6847197424,371938.6847197424,501835.35533407656,501835.35533407656,580947.4976205797,580947.4976205797
11164,Skoda,Superb,1900000,14.457364444136669,luxury,1285631.5508074113,1285631.5508074113,1445250.5619572343,1445250.5619572343,1790233.6568013032,1774006.5992555248,1774006.5992555248,1790233.6568013032,2110252.8879704056,2110252.8879704056
11445,Suzuki,Alto,180000,12.100712129872347,economy,174219.97235037357,174219.97235037357,216752.47892657018,216752.47892657018,261763.55344607218,261763.55344607218,302416.55624657025,302416.55624657025,342445.2081640729,342445.2081640729
8580,Nissan,Qashqai,790000,13.579788224443204,standard,700640.6508753707,700640.6508753707,705809.4763752464,705809.4763752464,767866.2705521804,767866.2705521804,1084918.5172953818,1084918.5172953818,1252167.2134655842,1252167.2134655842
1330,Chevrolet,Aveo,615000,13.329377546788654,standard,545348.7455444328,545348.7455444328,554153.6436361606,554153.6436361606,627299.1678943838,627299.1678943838,774527.4426748367,774527.4426748367,825416.5760788481,825416.5760788481
2498,Citroën,C4,600000,13.304684934198283,standard,498464.1027878248,498464.1027878248,551866.3517970821,551866.3517970821,646927.9663895061,646927.9663895061,883440.7966160855,883440.7966160855,1006771.5805634436,1006771.5805634436
610,Skoda,Superb,2480000,14.723769118141163,luxury,1638746.8516301243,1638746.8516301243,2134376.923196991,2134376.923196991,2779644.209619805,2465102.356263977,2465102.356263977,2779644.209619805,2940646.9835207956,2940646.9835207956
7069,Zeekr,001,2750000,14.827111469642754,luxury,1853217.5441488663,1853217.5441488663,2404274.6386414072,2404274.6386414072,3158987.1118105915,3158987.1118105915,4546844.310266059,4546844.310266059,4901933.8829394765,4901933.8829394765
10560,Geely,Emgrand X7,600000,13.304684934198283,standard,654900.6400854741,654900.6400854741,690279.3005343539,690279.3005343539,765894.5801184212,765894.5801184212,1059357.7929148907,1059357.7929148907,1261105.3845489267,1261105.3845489267
6235,Speranza,A516,220000,12.301382825334498,economy,215315.73174470314,215315.73174470314,238438.87837473757,238438.87837473757,276019.06272894103,276019.06272894103,352567.915466259,352567.915466259,393419.54865782557,393419.54865782557
4516,Chevrolet,Malibu,1200000,13.997832114758229,standard,731430.1999507217,731430.1999507217,746485.165732535,746485.165732535,867346.1395836673,867346.1395836673,1089456.0609302977,1089456.0609302977,1263718.0923245533,1263718.0923245533
4115,Chevrolet,Aveo,300000,12.611537753638338,economy,210880.9161252346,210880.9161252346,225493.877395211,225493.877395211,295816.35341766773,295816.35341766773,379445.01711541996,379445.01711541996,412548.66918605124,412548.66918605124
695,Volkswagen,Bora,350000,12.765688433465597,economy,222765.6940576923,222765.6940576923,226026.72065887795,226026.72065887795,347646.49858923134,347646.49858923134,406334.76558688004,406334.76558688004,440909.737541278,440909.737541278
1202,BMW,740,4900000,15.404745763080856,ultra_luxury,2576696.576660045,2576696.576660045,3713941.614224097,3713941.614224097,4738346.364873157,4738346.364873157,5377574.736487844,5377574.736487844,5712429.90913086,5712429.90913086
6920,Hyundai,Elantra CN7,1550000,14.253765488895429,luxury,968383.4641633157,968383.4641633157,1017909.15648691,1017909.15648691,1222671.0363168018,1222671.0363168018,1436497.241852415,1436497.241852415,1471760.9104063949,1471760.9104063949
11536,Geely,Pandino,220000,12.301382825334498,economy,299955.7335517747,299955.7335517747,327282.7550145985,327282.7550145985,437627.68962910614,437627.68962910614,531946.667990562,531946.667990562,598938.2224712494,598938.2224712494
73,Fiat,Tipo,760000,13.541073712262516,standard,533101.2024133694,533101.2024133694,555169.1006023973,555169.1006023973,652254.4391454541,652254.4391454541,774892.5689476044,774892.5689476044,867056.5158810457,867056.5158810457
8326,Daewoo,Nubira 1,250000,12.429216196844385,economy,180917.4598704294,180917.4598704294,197321.5922466767,197321.5922466767,247671.89878126275,247671.89878126275,298370.71818059345,298370.71818059345,341336.73301990976,341336.73301990976
1613,Fiat,Tipo,760000,13.541073712262516,standard,516466.15684255166,516466.15684255166,536808.5540544309,536808.5540544309,677886.537027093,677886.537027093,796815.0671008677,796815.0671008677,879018.8092186459,879018.8092186459
9024,Chery,Tiggo 4 Pro,1055000,13.869051324892304,standard,928506.5793288958,928506.5793288958,982852.5312788816,982852.5312788816,1025565.0391719496,1025565.0391719496,1338144.415485315,1338144.415485315,1641674.7604844149,1641674.7604844149
4666,Geely,Emgrand 7,190000,12.154779351142624,economy,255829.17943983845,255829.17943983845,264031.05610159755,264031.05610159755,358009.08345853427,358009.08345853427,537021.1326029015,537021.1326029015,621646.6936692945,621646.6936692945
78,Jeep,Cherokee,305000,12.628067055589549,economy,206677.47087860142,206677.47087860142,221446.6711041124,221446.6711041124,394192.87114517996,394192.87114517996,593070.3143634608,593070.3143634608,658624.0517041496,658624.0517041496
11243,Geely,Emgrand 7,320000,12.676076274775909,economy,322593.9618902062,322593.9618902062,331322.9004666673,331322.9004666673,415550.07928860554,415550.07928860554,592313.5456065331,592313.5456065331,670809.8351169262,670809.8351169262
2579,BMW,X5,1700000,14.346138809026444,luxury,1559563.5259759007,1559563.5259759007,1814459.6448339873,1814459.6448339873,1882998.200702044,1882998.200702044,2336432.949272524,2336432.949272524,2574783.3143812814,2574783.3143812814
6403,Kia,Rio,600000,13.304684934198283,standard,496901.84065657505,496901.84065657505,544726.8675489995,544726.8675489995,610908.2493951046,610908.2493951046,681411.083418918,681411.083418918,735988.9625411198,735988.9625411198
5010,BMW,X5,3500000,15.068273526459642,luxury,2452276.5150043163,2452276.5150043163,3475231.548968624,3475231.548968624,3953220.4146724893,3953220.4146724893,5222475.29653582,5113452.336287863,5113452.336287863,5222475.29653582
8214,Chevrolet,Aveo,395000,12.88664104388326,economy,352481.80197162426,352481.80197162426,388601.0519763249,388601.0519763249,432112.25365751184,432112.25365751184,499691.4022065223,499691.4022065223,554559.974255008,554559.974255008
295,Jeep,Renegade,1160000,13.963930563082547,standard,958200.970447503,958200.970447503,1079327.4912629677,1079327.4912629677,1154123.4888854276,1154123.4888854276,1344501.1830717998,1344501.1830717998,1505959.0706862553,1505959.0706862553
7439,Chevrolet,Aveo,470000,13.06048797368624,economy,447424.1298732298,447424.1298732298,471769.4215653098,471769.4215653098,546547.6094245472,546547.6094245472,629785.7682716242,629785.7682716242,697455.362719796,697455.362719796
8343,Nissan,Qashqai,600000,13.304684934198283,standard,579201.5694715239,575771.8341679198,575771.8341679198,579201.5694715239,664316.8053124513,664316.8053124513,955657.6463720126,955657.6463720126,1021534.3540794414,1021534.3540794414
11580,Mercedes,GLA200,1750000,14.375126345899696,luxury,1089973.6803519737,1089973.6803519737,1261056.190371248,1261056.190371248,1620022.1510477595,1620022.1510477595,2184909.1672730935,2184909.1672730935,2462081.1322071343,2462081.1322071343
3260,Mercedes,GLE450,4850000,15.394489262913666,ultra_luxury,1630152.0462182579,1630152.0462182579,2193696.4105110387,2193696.4105110387,3249264.371332202,3249264.371332202,4122648.302886678,4122648.302886678,4176377.833753832,4176377.833753832
3931,Daihatsu,Charade,155000,11.951180395901384,economy,74406.88966627813,74406.88966627813,85755.46819915724,85755.46819915724,104897.62624680628,104897.62624680628,146862.1128917438,146862.1128917438,233433.63945315278,233433.63945315278
9970,Cupra,Leon,1950000,14.48333993053993,luxury,1953078.9496223188,1953078.9496223188,2630677.820398739,2630677.820398739,3457792.611855454,3457792.611855454,3864590.622755742,3864590.622755742,4055477.704907607,4055477.704907607
8810,Zeekr,001,2550000,14.75160391713461,luxury,1839474.7223330194,1839474.7223330194,2332507.6936799907,2332507.6936799907,3021525.2122593774,3021525.2122593774,4498804.384262264,4498804.384262264,4807725.934027812,4807725.934027812
10719,Hyundai,Elantra CN7,1250000,14.038654109278484,standard,799251.687326959,799251.687326959,811658.123380475,811658.123380475,1037568.5075319364,1037568.5075319364,1225335.1817661657,1225335.1817661657,1306126.0057407243,1306126.0057407243
12146,Mitsubishi,Xpander,1250000,14.038654109278484,standard,856802.1118976554,856802.1118976554,870795.6422740938,870795.6422740938,1018017.715770455,1018017.715770455,1384457.8306446278,1320228.1352593515,1320228.1352593515,1384457.8306446278
9618,Chevrolet,Aveo,365000,12.80765263256463,economy,225886.9631901811,225886.9631901811,241916.46015030556,241916.46015030556,313337.8748876489,313337.8748876489,387869.6109459987,387869.6109459987,424386.8816662196,424386.8816662196
10940,Chevrolet,Aveo,350000,12.765688433465597,economy,308625.77644351614,308625.77644351614,328740.4495664856,328740.4495664856,374849.73500200687,374849.73500200687,446066.4663925795,446066.4663925795,481936.78907179483,481936.78907179483
11758,Fiat,Tipo,670000,13.415032991367148,standard,513621.9562255794,513621.9562255794,541460.3483377363,541460.3483377363,650138.8568609769,650138.8568609769,784980.2161177546,784980.2161177546,866746.8505060362,866746.8505060362
3199,Fiat,Tipo,850000,13.652991628466498,standard,623847.3897875116,623847.3897875116,659881.4499272234,659881.4499272234,734980.1564168121,734980.1564168121,904371.6936698809,904371.6936698809,984180.9629460786,984180.9629460786
7235,Hyundai,Accent RB,870000,13.676248490630767,standard,887820.9175099743,882492.9713356495,882492.9713356495,887820.9175099743,899380.9485378712,899380.9485378712,1248434.1331111104,1248434.1331111104,1326872.9518978503,1326872.9518978503
3621,Subaru,Impreza,370000,12.821258284620408,economy,278351.35500293644,278351.35500293644,296915.0683725045,296915.0683725045,389424.5538356916,389424.5538356916,449679.6196568672,449679.6196568672,492957.60190039116,492957.60190039116
5923,BMW,X5,4350000,15.285686403064869,ultra_luxury,2455763.0390624353,2455763.0390624353,3502529.692600556,3502529.692600556,4068059.9810539167,4068059.9810539167,5126237.516083038,5071264.379496053,5071264.379496053,5126237.516083038
11976,Speranza,A516,295000,12.594730635321955,economy,221250.99951763017,221250.99951763017,244923.0817927256,244923.0817927256,304141.241783599,304141.241783599,369376.78660967574,369376.78660967574,404062.2608598375,404062.2608598375
3300,Jeep,Cherokee,1000000,13.815510557964274,standard,823602.6495081383,823602.6495081383,910490.7936311989,910490.7936311989,1085794.2923909829,1085794.2923909829,1180603.2089677334,1151589.0636740685,1151589.0636740685,1180603.2089677334
9710,Hyundai,Accent RB,625000,13.34550692871854,standard,488862.0134712961,488862.0134712961,518638.74847211404,518638.74847211404,562030.4307759439,562030.4307759439,734850.9067461605,734850.9067461605,824489.9864736954,824489.9864736954
10730,Mercedes,E240,1000000,13.815510557964274,standard,525850.1995720146,525850.1995720146,587096.7671978348,587096.7671978348,927883.3437066694,927883.3437066694,1148749.4244810129,1148749.4244810129,1202691.8304057156,1202691.8304057156
11414,Fiat,Punto,350000,12.765688433465597,economy,233351.39634102632,233351.39634102632,309642.65570422966,309642.65570422966,371013.6000242307,371013.6000242307,448633.3078330911,448633.3078330911,488187.6014404808,488187.6014404808
7244,Kia,Rio,630000,13.353475098367715,standard,501275.5479153209,501275.5479153209,550038.0807423712,550038.0807423712,633296.5258128616,633296.5258128616,722108.1591837107,722108.1591837107,806210.9722262903,806210.9722262903
2435,Geely,Emgrand X7,290000,12.577636201962656,economy,334161.1918029961,334161.1918029961,337269.6218872231,337269.6218872231,483623.00817779475,483623.00817779475,671921.9953966618,671921.9953966618,771057.7749301447,771057.7749301447
12087,Chevrolet,Aveo,320000,12.676076274775909,economy,240959.9757235856,240959.9757235856,257827.51805480503,257827.51805480503,331411.551441525,331411.551441525,392611.17773741763,392611.17773741763,429125.8576488452,429125.8576488452
9193,Kia,Rio,570000,13.253391639810731,standard,423008.04071644985,423008.04071644985,459983.89189331094,459983.89189331094,528399.7656322076,528399.7656322076,591952.6614089069,591952.6614089069,655412.8975808818,655412.8975808818
880,Volkswagen,Pointer,200000,12.206072645530174,economy,205654.664983222,205654.664983222,222529.5532901404,222529.5532901404,305154.53655470366,305154.53655470366,475846.1994686665,475846.1994686665,478142.54270650324,478142.54270650324
9316,Nissan,Qashqai,750000,13.527828485512494,standard,673462.1152542577,673462.1152542577,681360.5386877323,681360.5386877323,714123.4976344253,714123.4976344253,1025688.4532050756,1025688.4532050756,1154532.7520987971,1154532.7520987971
7477,Cupra,Leon,2035000,14.526006376858833,luxury,2051317.652515537,2051317.652515537,2858568.2899357746,2858568.2899357746,3765234.886996534,3765234.886996534,4031977.2182774963,4031977.2182774963,4274571.879670302,4274571.879670302
9764,Citroën,C4,1300000,14.077874822431763,standard,1107515.7207862176,1107515.7207862176,1415739.8993369457,1415739.8993369457,1564033.5705836995,1564033.5705836995,2014674.859379587,2014674.859379587,2255437.7798010632,2255437.7798010632
12040,Chevrolet,Aveo,420000,12.948009990259552,economy,349246.9889101891,349246.9889101891,374396.2436730199,374396.2436730199,451375.46546454204,451375.46546454204,512957.3586244411,512957.3586244411,563443.6474929118,563443.6474929118
6899,Citroën,C4,1000000,13.815510557964274,standard,847758.0704693327,847758.0704693327,993068.4404329502,993068.4404329502,1091232.959081607,1091232.959081607,1386585.475600835,1386585.475600835,1550492.598202317,1550492.598202317
2432,Geely,Pandino,255000,12.449018824140564,economy,293295.7845693714,293295.7845693714,308678.5933361902,308678.5933361902,371477.67264211015,371477.67264211015,488629.7307451659,488629.7307451659,544968.9499381331,544968.9499381331
5379,Chevrolet,Aveo,450000,13.017002861746503,economy,390449.3254929807,390449.3254929807,409660.85767379764,409660.85767379764,473589.03205706057,473589.03205706057,552312.4047940901,552312.4047940901,602757.5228663988,602757.5228663988
4045,Jeep,Cherokee,730000,13.500799813124576,standard,685381.9108564648,685381.9108564648,720714.3452881289,720714.3452881289,863706.5827150394,863706.5827150394,1007912.8235575398,995753.9877427578,995753.9877427578,1007912.8235575398
2081,Nissan,Qashqai,790000,13.579788224443204,standard,758373.4620364112,758373.4620364112,763884.9219359964,763884.9219359964,837702.8321348459,837702.8321348459,1076555.7570318263,1076555.7570318263,1238727.459130025,1238727.459130025
8043,Fiat,Tipo,790000,13.579788224443204,standard,484188.0464966311,484188.0464966311,494871.34411099745,494871.34411099745,614197.7095198906,614197.7095198906,716930.4240262932,716930.4240262932,818152.3506676726,818152.3506676726
7240,Jetour,X70 Plus,1320000,14.093142294562554,standard,1221444.6135174404,1221444.6135174404,1331468.9054696632,1331468.9054696632,1433162.695778068,1433162.695778068,1687752.6491960513,1687752.6491960513,2036199.365883746,2036199.365883746
12276,Volkswagen,T-Roc,1650000,14.316285845876765,luxury,942039.2240881614,942039.2240881614,1076868.0637578603,1076868.0637578603,1230672.8073639204,1230672.8073639204,1380232.336686944,1380232.336686944,1513584.936965341,1513584.936965341
9754,MG,GT,1125000,13.933293593620656,standard,935535.2737999145,935535.2737999145,1068443.0680212863,1068443.0680212863,1122179.1051091552,1122179.1051091552,1543459.6903295,1543459.6903295,1676310.3505993173,1676310.3505993173
1673,BMW,218i,2150000,14.580978400103843,luxury,1433060.8268908837,1433060.8268908837,1757695.5959032548,1757695.5959032548,2245105.9982353467,2245105.9982353467,2618508.104232108,2618508.104232108,2627856.865485416,2627856.865485416
867,Jeep,Cherokee,360000,12.793859310432293,economy,299429.6591356697,299429.6591356697,302933.22805850167,302933.22805850167,453534.0946351923,453534.0946351923,602549.0129905458,602549.0129905458,673187.891733678,673187.891733678
2626,Volvo,XC90,1950000,14.48333993053993,luxury,1526251.1837565429,1526251.1837565429,1665939.1820391926,1665939.1820391926,1756490.732371221,1756490.732371221,2369863.9385020193,2369863.9385020193,2472791.56974958,2472791.56974958
11480,Renault,Taliant,749000,13.526494262499355,standard,724228.0094019398,724228.0094019398,822092.2220210234,822092.2220210234,859238.5575343379,859238.5575343379,1048078.1013471322,1048078.1013471322,1102555.9494833292,1102555.9494833292
7921,Mitsubishi,Xpander,1010000,13.825460888817442,standard,908001.2500777752,908001.2500777752,914036.1569567884,914036.1569567884,1209209.660757431,1209209.660757431,1642218.978060287,1609830.0207320761,1609830.0207320761,1642218.978060287
12044,Fiat,Punto,180000,12.100712129872347,economy,127099.31115852584,127099.31115852584,145439.837261701,145439.837261701,177624.10465409688,177624.10465409688,245390.13785033737,245390.13785033737,280165.142904349,280165.142904349
7401,Fiat,Punto,550000,13.217673557208654,standard,311467.41952001833,311467.41952001833,392103.59321587544,392103.59321587544,535340.9462324159,535340.9462324159,625860.6451594137,625860.6451594137,637976.0992049379,637976.0992049379
8614,Mercedes,GLA200,1950000,14.48333993053993,luxury,1320035.1489226255,1320035.1489226255,1570901.7054892457,1570901.7054892457,2254461.111162726,2254461.111162726,2733120.3247135486,2733120.3247135486,3232147.7030240675,3232147.7030240675
951,Nissan,Qashqai,1530000,14.24077829336862,luxury,1292891.8258523496,1292891.8258523496,1382188.3825257148,1382188.3825257148,1639830.8189544657,1639830.8189544657,1900664.526891295,1900664.526891295,2382552.418142309,2382552.418142309
5082,Fiat,Punto,182000,12.111761966058932,economy,127091.85543116774,127091.85543116774,145673.12998752337,145673.12998752337,178412.2697686156,178412.2697686156,242055.49275402137,242055.49275402137,279612.68048963195,279612.68048963195
6529,Suzuki,Alto,250000,12.429216196844385,economy,219405.2180985531,219405.2180985531,248837.98243420653,248837.98243420653,306462.7678713399,306462.7678713399,363535.75821546523,363535.75821546523,407917.1753249002,407917.1753249002
2920,BMW,740,2500000,14.73180128983843,luxury,1729095.4373268406,1729095.4373268406,1834484.1020894882,1834484.1020894882,2179750.737330715,2179750.737330715,2745914.4910577037,2745914.4910577037,3258362.309929117,3258362.309929117
11898,Jeep,Cherokee,280000,12.542544882151386,economy,217242.00577856624,217242.00577856624,228808.90197378994,228808.90197378994,390015.98707952106,390015.98707952106,601742.8337794021,601742.8337794021,648476.9383436245,648476.9383436245
12224,Chevrolet,Aveo,430000,12.971540487669746,economy,358982.39198581,358982.39198581,365311.54678394255,365311.54678394255,483350.7207861977,483350.7207861977,551362.3266291704,551362.3266291704,606954.5844933091,606954.5844933091
11103,BMW,218i,1490000,14.214286677921642,standard,1124128.3864490471,1124128.3864490471,1292658.7904973966,1292658.7904973966,1489596.1296094197,1489596.1296094197,1733616.3777065708,1733616.3777065708,1758570.9103945037,1758570.9103945037
1756,Chery,Tiggo 7 Pro,1170000,13.972514306773938,standard,975031.0468061424,975031.0468061424,1035675.462421058,1028956.6233383202,1028956.6233383202,1035675.462421058,1278194.7664315584,1278194.7664315584,1706753.9957116728,1706753.9957116728
4792,Jeep,Cherokee,825000,13.623138665316818,standard,862480.7933795595,862480.7933795595,983102.4489890625,983102.4489890625,1101063.9921049343,1101063.9921049343,1212349.1155821069,1183109.2295475483,1183109.2295475483,1212349.1155821069
9999,MG,GT,1425000,14.169682371684887,standard,941928.1448887062,941928.1448887062,1076336.7637618436,1076336.7637618436,1090784.2507733963,1090784.2507733963,1525190.4887202717,1525190.4887202717,1693782.0135744498,1693782.0135744498
11525,Nissan,Qashqai,1500000,14.22097566607244,standard,1235026.1283601252,1235026.1283601252,1280130.9094274917,1280130.9094274917,1596755.5462966328,1596755.5462966328,1789907.3022027048,1789907.3022027048,2186312.129207157,2186312.129207157
11102,Geely,Emgrand X7,590000,13.287877815881902,standard,665635.3157446358,665635.3157446358,695322.2918489262,695322.2918489262,784935.9224450097,784935.9224450097,1070191.687571326,1070191.687571326,1250779.7829179363,1250779.7829179363
10272,Suzuki,Alto,210000,12.254862809699606,economy,160917.96130996663,160917.96130996663,199180.58935231602,199180.58935231602,238144.2654259412,238144.2654259412,287717.8352258954,287717.8352258954,321103.93705655617,321103.93705655617
9498,Mercedes,S500,695000,13.45166712454693,standard,660608.82113897,660608.82113897,670624.5276844057,670624.5276844057,961139.2401991525,961139.2401991525,1558927.921825508,1558927.921825508,1905881.7978159245,1905881.7978159245
995,Fiat,Tipo,890000,13.698976741708323,standard,631374.1175365145,631374.1175365145,684026.7347814617,684026.7347814617,764186.4721826146,764186.4721826146,962864.4782746161,962864.4782746161,1050522.802037145,1050522.802037145
4626,Mercedes,GLA200,1900000,14.457364444136669,luxury,1235877.4225351799,1235877.4225351799,1483904.4525354195,1483904.4525354195,1894452.8900541724,1894452.8900541724,2429357.9511629953,2429357.9511629953,2678716.8945516357,2678716.8945516357
7514,Jeep,Renegade,1000000,13.815510557964274,standard,801101.5190821702,801101.5190821702,878800.8426692828,878800.8426692828,964023.7039558272,964023.7039558272,1114596.217553434,1114596.217553434,1257446.740529535,1257446.740529535
4750,Jeep,Cherokee,850000,13.652991628466498,standard,768871.2523389119,768871.2523389119,842705.5292830695,842705.5292830695,957196.9816255053,957196.9816255053,1093027.2448059395,1074906.032729624,1074906.032729624,1093027.2448059395
11510,Nissan,Qashqai,650000,13.38472764187182,standard,583942.269685174,583942.269685174,604095.4762282909,604095.4762282909,703395.126319871,703395.126319871,1000959.3515258166,1000959.3515258166,1090083.1086504348,1090083.1086504348
7808,Mercedes,GLA200,3500000,15.068273526459642,luxury,1732834.2638127138,1732834.2638127138,2389263.337500023,2389263.337500023,3602273.8660302986,3602273.8660302986,4615751.704225514,4615751.704225514,5353110.809458379,5353110.809458379
9756,BMW,218i,850000,13.652991628466498,standard,730541.8149296424,730541.8149296424,794417.0332018086,794417.0332018086,945394.1899760852,945394.1899760852,1069316.1940281698,1069316.1940281698,1092723.0937588129,1092723.0937588129
7609,Mercedes,GLC,3900000,15.176487111099874,luxury,2128496.6703145714,2128496.6703145714,2963421.365431282,2963421.365431282,4417689.724283832,4417689.724283832,5451728.046134646,5451728.046134646,6121200.909753192,6121200.909753192
8040,Fiat,Tipo,710000,13.473020249017498,standard,488339.9086133653,488339.9086133653,500713.4310880396,500713.4310880396,588776.197388672,588776.197388672,708001.7851083617,708001.7851083617,804102.704547304,804102.704547304
8993,Hyundai,Accent RB,750000,13.527828485512494,standard,848153.0831345196,843464.0275406644,843464.0275406644,848153.0831345196,884028.6843367682,884028.6843367682,1187744.5735169135,1187744.5735169135,1279978.923889412,1279978.923889412
12387,Speranza,A516,260000,12.468436909997664,economy,253995.94529070889,253995.94529070889,260729.6204094202,260729.6204094202,317760.7502025104,317760.7502025104,403177.5414757634,403177.5414757634,441294.138195533,441294.138195533
6772,Geely,Emgrand 7,440000,12.994530005894443,economy,368060.2786634098,368060.2786634098,371283.40096459526,371283.40096459526,587084.4186502222,587084.4186502222,771272.3251437818,771272.3251437818,927176.0361731078,927176.0361731078
682,Volkswagen,Pointer,140000,11.84939770159144,economy,193478.82384868024,193478.82384868024,199574.9132484055,199574.9132484055,282625.6083990216,282625.6083990216,441699.8379989565,441699.8379989565,450095.7662316239,450095.7662316239
7573,Mercedes,S500,10500000,16.166885815127753,ultra_luxury,3021020.2846111124,3021020.2846111124,4786608.967039566,4786608.967039566,8068170.719062192,8068170.719062192,9431855.097386567,9431855.097386567,10477072.288233753,10477072.288233753
2618,Volkswagen,Pointer,125000,11.736069016284436,economy,192229.49755634664,192229.49755634664,203730.38366441143,203730.38366441143,274512.5465454012,274512.5465454012,449469.24861769465,449469.24861769465,450631.8986560173,450631.8986560173
6513,Jeep,Cherokee,3100000,14.946912669455374,luxury,1443915.0454640405,1443915.0454640405,1616689.3262909546,1616689.3262909546,1812989.047766931,1812989.047766931,2196524.96498864,2196524.96498864,2298576.7760945405,2298576.7760945405
4770,Kia,Rio,550000,13.217673557208654,standard,399314.69400908943,399314.69400908943,436394.1251268754,436394.1251268754,487531.83175411436,487531.83175411436,567922.8291578677,567922.8291578677,634636.618349847,634636.618349847
1767,Jeep,Cherokee,900000,13.710150042306449,standard,870463.0424593018,870463.0424593018,966252.7795759266,966252.7795759266,1063832.6361271113,1063832.6361271113,1210125.8672080878,1198540.8970019538,1198540.8970019538,1210125.8672080878
612,Chevrolet,Aveo,320000,12.676076274775909,economy,196969.3515610425,196969.3515610425,224092.5629224364,224092.5629224364,289268.8698802079,289268.8698802079,336635.60505958006,336635.60505958006,361187.42214770796,361187.42214770796
848,BAIC,U5 Plus,900000,13.710150042306449,standard,769531.8708287448,769531.8708287448,788986.7173824264,780061.0957497193,780061.0957497193,788986.7173824264,1117320.8882644656,1117320.8882644656,1222238.3386511002,1222238.3386511002
766,Fiat,Tipo,920000,13.732128949025222,standard,631965.0348755664,631965.0348755664,684796.9116131664,684796.9116131664,752326.543814588,752326.543814588,926171.1393982577,926171.1393982577,1012820.7879910601,1012820.7879910601
10307,Chery,Tiggo 4 Pro,900000,13.710150042306449,standard,906643.8914649411,906643.8914649411,951668.0215750891,951668.0215750891,989775.1457726712,989775.1457726712,1282867.9914861093,1282867.9914861093,1559277.961841403,1559277.961841403
5205,Jeep,Cherokee,410000,12.92391243868049,economy,219741.61068896088,219741.61068896088,232826.85596351465,232826.85596351465,340301.1716097076,340301.1716097076,508956.5709171003,508956.5709171003,653713.5359986236,653713.5359986236
9167,Hyundai,Accent RB,520000,13.16158409055761,standard,525502.0502478179,525502.0502478179,540364.2136824236,540364.2136824236,593512.3369136135,593512.3369136135,795961.5891181545,795961.5891181545,908877.9889521655,908877.9889521655
6468,Citroën,C4,780000,13.567049198665774,standard,536239.8033603288,536239.8033603288,574381.775585714,574381.775585714,669162.9200721595,669162.9200721595,974618.0049059944,974618.0049059944,1098347.6519143633,1098347.6519143633
8557,Volkswagen,T-Roc,1400000,14.151982794585487,standard,859094.9544451003,859094.9544451003,981451.3541701247,981451.3541701247,1053120.9564293718,1053120.9564293718,1270748.5030317889,1270748.5030317889,1434842.0073861836,1434842.0073861836
11198,Audi,Q4 E-Tron,2050000,14.53335035111459,luxury,1892345.54044465,1892345.54044465,2275956.5174682112,2275956.5174682112,2699729.260378627,2699729.260378627,3407135.8616446387,3407135.8616446387,4009279.8471020525,4009279.8471020525
1983,Chevrolet,Aveo,380000,12.84792653170257,economy,277388.8860222884,277388.8860222884,291234.85385064903,291234.85385064903,357906.02168202423,357906.02168202423,425523.4231938277,425523.4231938277,468842.4958511406,468842.4958511406
8772,Renault,Symbol,320000,12.676076274775909,economy,285356.7519362188,285356.7519362188,302702.93986702897,302702.93986702897,337623.8455055152,337623.8455055152,426912.51617128286,426912.51617128286,465848.69313808327,465848.69313808327
2742,Fiat,Tipo,670000,13.415032991367148,standard,549384.0872400397,549384.0872400397,573036.0774483244,573036.0774483244,688195.4644645732,688195.4644645732,845738.7403992557,845738.7403992557,927713.5259929335,927713.5259929335
2623,Fiat,Punto,250000,12.429216196844385,economy,165922.31413257835,165922.31413257835,208209.12499587925,208209.12499587925,268023.43885538477,268023.43885538477,339248.16500424466,339248.16500424466,381042.1040071289,381042.1040071289
4327,Porsche,Boxster,6000000,15.60727002719233,ultra_luxury,2467718.982138665,2467718.982138665,3661252.315098882,3661252.315098882,5661025.341325268,5661025.341325268,6239620.22914948,5836070.514328345,5836070.514328345,6239620.22914948
2232,Kia,Rio,450000,13.017002861746503,economy,466519.57991432893,466519.57991432893,517114.7016271881,517114.7016271881,579754.3478649342,579754.3478649342,642003.368730628,642003.368730628,692262.8922398548,692262.8922398548
12233,Alfa Romeo,156,150000,11.918390573078392,economy,181311.14318926696,181311.14318926696,202420.00494826565,202420.00494826565,291987.8978804545,291987.8978804545,409139.81864015537,409139.81864015537,435379.0440907076,435379.0440907076
4694,Geely,Emgrand 7,240000,12.388394202324127,economy,371057.4194646082,371057.4194646082,398769.82616095745,398769.82616095745,474743.2252606979,474743.2252606979,671414.587047702,671414.587047702,777485.6366652868,777485.6366652868
1381,Nissan,Qashqai,930000,13.742939865129438,standard,803790.3083320883,803790.3083320883,818501.2922869264,818501.2922869264,892984.3356036105,892984.3356036105,1219591.3846999966,1219591.3846999966,1420948.8635851315,1420948.8635851315
6304,BMW,218i,1800000,14.403297222866392,luxury,1310529.3932968024,1310529.3932968024,1596762.436289227,1596762.436289227,1885889.1830496606,1885889.1830496606,2119060.327429582,2119060.327429582,2140979.5514675863,2140979.5514675863
3703,Mitsubishi,Mirage,230000,12.345834587905332,economy,203905.39801429366,203905.39801429366,218857.72823641944,218857.72823641944,265297.6324649821,265297.6324649821,368338.05872195994,368338.05872195994,413431.3700629862,413431.3700629862
10295,Geely,Pandino,215000,12.2783933071098,economy,223280.21636356806,223280.21636356806,250400.3074233112,250400.3074233112,322583.0903353123,322583.0903353123,395205.903884368,395205.903884368,438181.206256429,438181.206256429
7897,Hyundai,Accent RB,590000,13.287877815881902,standard,458713.2785450277,458713.2785450277,498533.0048080788,498533.0048080788,531347.9032709489,531347.9032709489,726891.4631160138,726891.4631160138,948733.6257025321,948733.6257025321
3903,Suzuki,Alto,350000,12.765688433465597,economy,251846.3442492804,251846.3442492804,283329.34975932236,283329.34975932236,358261.0801935102,358261.0801935102,449365.3541014642,449365.3541014642,511687.33441721415,511687.33441721415
2974,SsangYong,Tivoli XLV,650000,13.38472764187182,standard,755648.712216439,755648.712216439,767026.5161424268,767026.5161424268,878803.4545178338,878803.4545178338,1190416.8775589764,1190416.8775589764,1325527.6402804325,1325527.6402804325
2155,Mercedes,G63,15200000,16.536805985816503,ultra_luxury,2880185.9109349977,2880185.9109349977,4909947.401404796,4909947.401404796,8876113.632029004,8876113.632029004,9741175.869767252,9538666.663549557,9538666.663549557,9741175.869767252
4033,Kia,Rio,750000,13.527828485512494,standard,486083.0913488721,486083.0913488721,546212.9054850719,546212.9054850719,638252.1891778636,638252.1891778636,729945.4735056083,729945.4735056083,766640.4187283958,766640.4187283958
5114,Fiat,Tipo,785000,13.573438996764546,standard,574447.638073889,574447.638073889,614270.0274115143,614270.0274115143,706074.476594099,706074.476594099,856110.1044432337,856110.1044432337,932121.4579796529,932121.4579796529
3610,Citroën,C4,370000,12.821258284620408,economy,286960.98274572456,286960.98274572456,302451.20199816785,302451.20199816785,373626.96647067857,373626.96647067857,555127.9116076527,555127.9116076527,618085.3718472369,618085.3718472369
7698,Jeep,Renegade,1200000,13.997832114758229,standard,769617.1446426478,769617.1446426478,845248.8097198902,845248.8097198902,920594.0671503636,920594.0671503636,1069135.5467743957,1069135.5467743957,1185391.1811976817,1185391.1811976817
10552,Fiat,Tipo,880000,13.687677186454389,standard,594072.9417825195,594072.9417825195,632527.157671883,632527.157671883,718689.3847773953,718689.3847773953,867343.4544010524,867343.4544010524,959331.917803674,959331.917803674
4884,Jeep,Cherokee,800000,13.592367006650065,standard,562618.2112366662,562618.2112366662,596214.0798394522,596214.0798394522,694458.7642027208,694458.7642027208,866785.069077614,866785.069077614,917984.5547654461,917984.5547654461
3791,Jetour,X70 Plus,1200000,13.997832114758229,standard,1215936.7698676672,1215936.7698676672,1317834.1977210017,1317834.1977210017,1418763.5585163967,1418763.5585163967,1635620.86925283,1635620.86925283,1956017.901007586,1956017.901007586
4916,Skoda,Superb,1650000,14.316285845876765,luxury,1235881.541032046,1235881.541032046,1446885.0166327232,1446885.0166327232,1682327.961965481,1541203.834063067,1541203.834063067,1682327.961965481,1780433.820017778,1780433.820017778
2909,Subaru,Impreza,130000,11.77528972943772,economy,253272.28267929863,253272.28267929863,285289.81727575965,285289.81727575965,413444.83147968,413444.83147968,723132.9306111161,723132.9306111161,807828.7707509645,807828.7707509645
3401,Fiat,132,80000,11.289781913656018,economy,98761.26943501708,98761.26943501708,117759.78691314328,117759.78691314328,166779.5745868576,166779.5745868576,268897.41637258837,268897.41637258837,378745.2246937939,378745.2246937939
9933,Chery,Tiggo 4 Pro,860000,13.664687668229693,standard,908295.9641926206,908295.9641926206,954483.2865437216,954483.2865437216,999164.0763761936,999164.0763761936,1262424.7796286487,1262424.7796286487,1547369.2694449392,1547369.2694449392
3604,Mercedes,E240,1200000,13.997832114758229,standard,475455.3785210899,475455.3785210899,529782.8513401931,529782.8513401931,741344.2316782178,741344.2316782178,878889.5198196475,878889.5198196475,934598.11829408,934598.11829408
12278,Jeep,Renegade,660000,13.399995114002609,standard,682368.4234483377,682368.4234483377,726509.6201347251,726509.6201347251,817699.164953878,817699.164953878,930618.9928787078,930618.9928787078,1001756.774856307,1001756.774856307
8512,Hyundai,Accent RB,580000,13.270783382522602,standard,485731.2743436392,485731.2743436392,513665.2706676439,513665.2706676439,522482.95697468676,522482.95697468676,695350.2934365007,695350.2934365007,770376.8443880379,770376.8443880379
10993,Kia,Rio,550000,13.217673557208654,standard,373159.5750308229,373159.5750308229,400967.8193663511,400967.8193663511,472206.1854687284,472206.1854687284,528037.0828361845,528037.0828361845,583273.5156754245,583273.5156754245
12256,Chery,Tiggo 7 Pro,1150000,13.955272500339431,standard,969789.0104257457,969789.0104257457,1026225.6849615184,1025935.9030102228,1025935.9030102228,1026225.6849615184,1250269.4823776416,1250269.4823776416,1668495.515069372,1668495.515069372
9518,Fiat,Tipo,530000,13.180632285528304,standard,347388.6854624553,347388.6854624553,365371.69547657686,365371.69547657686,522791.44601661444,522791.44601661444,624055.188291352,624055.188291352,672684.9417840604,672684.9417840604
5757,Skoda,Superb,1750000,14.375126345899696,luxury,1392217.5166322237,1392217.5166322237,1614340.6541823102,1614340.6541823102,1812828.4801347125,1713682.1941372107,1713682.1941372107,1812828.4801347125,1973207.9689810257,1973207.9689810257
5044,Mercedes,S450,5500000,15.5202586502027,ultra_luxury,1804407.0533735724,1804407.0533735724,1883929.4306701135,1883929.4306701135,2335654.0714372233,2335654.0714372233,3028558.2293110844,3028558.2293110844,3285329.993566507,3285329.993566507
6555,Mercedes,S500,1700000,14.346138809026444,luxury,958402.4127974963,958402.4127974963,1038382.4617402742,1038382.4617402742,1233568.876500389,1233568.876500389,1840511.9493381542,1840511.9493381542,2286205.055743313,2286205.055743313
7621,Mercedes,GLC,5500000,15.5202586502027,ultra_luxury,2128496.6703145714,2128496.6703145714,2963421.365431282,2963421.365431282,4417689.724283832,4417689.724283832,5451728.046134646,5451728.046134646,6121200.909753192,6121200.909753192
8823,Hyundai,Elantra CN7,1000000,13.815510557964274,standard,716255.8341241187,716255.8341241187,721308.8465869443,721308.8465869443,864980.1667039887,864980.1667039887,1068843.3755786095,1068843.3755786095,1124012.7180452258,1124012.7180452258
2060,Chevrolet,Captiva,845000,13.64709190633931,standard,740174.318415336,740174.318415336,764732.0635803269,764732.0635803269,909233.490617108,909233.490617108,1145406.3865371044,1145406.3865371044,1292595.9969495845,1292595.9969495845
108,Citroën,C4,1600000,14.28551418721001,luxury,1103600.6193623089,1103600.6193623089,1332792.6556460578,1332792.6556460578,1563552.1001994035,1563552.1001994035,1969651.3840220536,1969651.3840220536,2208401.6044972776,2208401.6044972776
4244,Geely,Pandino,300000,12.611537753638338,economy,414279.79317524727,414279.79317524727,446398.8703052688,446398.8703052688,511478.02658074,511478.02658074,628647.868407731,628647.868407731,704063.8656762553,704063.8656762553
6611,Mercedes,S450,5150000,15.45450727263992,ultra_luxury,1802783.7961073737,1802783.7961073737,1878432.4467907457,1878432.4467907457,2315247.3552676183,2315247.3552676183,2991128.0659253746,2991128.0659253746,3243369.5050607244,3243369.5050607244
6022,Speranza,M12,210000,12.254862809699606,economy,184922.02705907394,184922.02705907394,210231.53951365853,210231.53951365853,271900.928598438,271900.928598438,329295.43559203175,329295.43559203175,358637.32083195995,358637.32083195995
10532,Mercedes,GLA200,2750000,14.827111469642754,luxury,1635560.3762109834,1635560.3762109834,2131597.240021339,2131597.240021339,3079506.22758044,3079506.22758044,3654508.0802106555,3654508.0802106555,4130129.961636591,4130129.961636591
10511,Geely,Emgrand 7,300000,12.611537753638338,economy,315548.17315759574,315548.17315759574,323145.1570879285,323145.1570879285,430720.62344308104,430720.62344308104,552803.7827996049,552803.7827996049,640583.783224522,640583.783224522
1429,Fiat,Punto,140000,11.84939770159144,economy,124661.8399237726,124661.8399237726,138866.44372881163,138866.44372881163,177953.6053508733,177953.6053508733,238476.6503768042,238476.6503768042,280361.96178515884,280361.96178515884
7551,Nissan,Qashqai,750000,13.527828485512494,standard,717377.4603020928,712187.6319460548,712187.6319460548,717377.4603020928,772628.1033432808,772628.1033432808,1093856.6451013235,1093856.6451013235,1255328.4363488164,1255328.4363488164
6080,Geely,Pandino,250000,12.429216196844385,economy,248569.61178371584,248569.61178371584,269850.4834187094,269850.4834187094,330847.6820663002,330847.6820663002,418356.9581926308,418356.9581926308,485793.9720005551,485793.9720005551
6584,Mercedes,GLA200,1625000,14.301018373745976,luxury,1057831.008740851,1057831.008740851,1241624.1375039592,1241624.1375039592,1530544.7573265021,1530544.7573265021,1986267.5968743318,1986267.5968743318,2244190.6532111205,2244190.6532111205
2673,Speranza,A516,230000,12.345834587905332,economy,191306.70218973525,191306.70218973525,227571.6354367994,227571.6354367994,258819.51004948543,258819.51004948543,315073.8684482857,315073.8684482857,343173.6232604176,343173.6232604176
9795,Mercedes,GLC,5850000,15.58195221920804,ultra_luxury,2135584.5417076014,2135584.5417076014,3039656.5119543215,3039656.5119543215,4745243.258077139,4745243.258077139,5621513.896196638,5621513.896196638,6157023.746662813,6157023.746662813
669,Chevrolet,Aveo,435000,12.983101310070822,economy,264080.68860598287,264080.68860598287,276282.11887506203,276282.11887506203,372657.4431897495,372657.4431897495,450512.09595539054,450512.09595539054,486014.6948497396,486014.6948497396
4996,Chevrolet,Aveo,415000,12.936033799212836,economy,399942.50991881045,399942.50991881045,422754.02461332094,422754.02461332094,477223.06470737123,477223.06470737123,553832.505084203,553832.505084203,603786.0910341183,603786.0910341183
8191,Nissan,Qashqai,1050000,13.864300722133706,standard,992231.0776602188,988286.4380293416,988286.4380293416,992231.0776602188,1171650.6189623822,1171650.6189623822,1375742.5410367819,1375742.5410367819,1657620.0952381545,1657620.0952381545
10091,Nissan,Qashqai,735000,13.507625778194974,standard,689854.150428489,689854.150428489,700950.5197606846,700950.5197606846,717799.8336885099,717799.8336885099,984750.183514902,984750.183514902,1104826.7340536523,1104826.7340536523
9067,Nissan,Qashqai,850000,13.652991628466498,standard,792923.9844890094,777438.644978078,777438.644978078,792923.9844890094,854982.0563441536,854982.0563441536,1201954.9140445804,1201954.9140445804,1384699.905475829,1384699.905475829
7869,Hyundai,Accent RB,900000,13.710150042306449,standard,958524.2489823288,958524.2489823288,958753.2542259577,958753.2542259577,978505.4982470478,978505.4982470478,1342927.8827500567,1342927.8827500567,1455682.8575528944,1455682.8575528944
2758,Volkswagen,Bora,465000,13.049792684569493,economy,226403.53782019563,226403.53782019563,252837.19171388028,252837.19171388028,386841.5310971675,386841.5310971675,423215.01804574905,423215.01804574905,446485.8398267049,446485.8398267049
1016,Chevrolet,Aveo,375000,12.834681304952548,economy,404412.37173559604,404412.37173559604,417962.07812090934,417962.07812090934,497207.9858433715,497207.9858433715,655307.3361330346,655307.3361330346,714237.7641793258,714237.7641793258
4630,Speranza,A516,250000,12.429216196844385,economy,193738.53248981456,193738.53248981456,232921.41094021057,232921.41094021057,285933.5511173399,285933.5511173399,328937.3265349422,328937.3265349422,356161.83485739824,356161.83485739824
3228,Nissan,Qashqai,750000,13.527828485512494,standard,668269.9744562501,666634.1745734601,666634.1745734601,668269.9744562501,728249.3747396857,728249.3747396857,942683.6134875743,942683.6134875743,1082883.5314637886,1082883.5314637886
6946,Nissan,Qashqai,675000,13.422467969854669,standard,683091.3375806316,676072.9005682683,676072.9005682683,683091.3375806316,794210.2836828115,794210.2836828115,981551.4553959678,981551.4553959678,1173433.5763430786,1173433.5763430786
7678,Subaru,Impreza,420000,12.948009990259552,economy,312267.09805659764,312267.09805659764,350983.55305966537,350983.55305966537,403551.26366621733,403551.26366621733,516544.5200331985,516544.5200331985,585355.4958037052,585355.4958037052
12185,Speranza,A516,200000,12.206072645530174,economy,322148.9232824006,322148.9232824006,346096.5862318473,346096.5862318473,402170.78085858485,402170.78085858485,474944.43236586836,474944.43236586836,532233.3739457527,532233.3739457527
7699,Fiat,Tipo,880000,13.687677186454389,standard,642466.9448304896,642466.9448304896,697955.3368774278,697955.3368774278,797515.7753352947,797515.7753352947,971821.5680894313,971821.5680894313,1071809.7592753088,1071809.7592753088
6533,Mercedes,S450,6500000,15.687312734865866,ultra_luxury,2522997.7022182415,2522997.7022182415,3044663.2254050327,3044663.2254050327,3693998.381860462,3693998.381860462,4604079.149115405,4604079.149115405,4839424.238865277,4839424.238865277
11532,Speranza,A516,235000,12.367340793126296,economy,212936.24269873978,212936.24269873978,235615.32458368014,235615.32458368014,286020.63570236193,286020.63570236193,345551.42751646484,345551.42751646484,372169.9158661155,372169.9158661155
2338,Zeekr,001,2400000,14.690979295318174,luxury,1826571.687943471,1826571.687943471,2252980.260159253,2252980.260159253,2660033.936157387,2660033.936157387,4057608.5978768365,4057608.5978768365,4413794.73363076,4413794.73363076
7626,MG,GT,1210000,14.006130917572923,standard,934482.590683706,934482.590683706,1067631.536046011,1067631.536046011,1121898.8145723122,1121898.8145723122,1537281.1267230578,1537281.1267230578,1692066.6454882503,1692066.6454882503
7333,Chery,Tiggo 8 Pro Max,1590000,14.279244574196415,luxury,822607.9662872273,822607.9662872273,866403.9714377949,866403.9714377949,937590.3894999227,937590.3894999227,1018431.5027866483,1018431.5027866483,1149705.0536543874,1149705.0536543874
8943,Mercedes,G63,20000000,16.811242831518264,ultra_luxury,3019421.7738728193,3019421.7738728193,5228630.221946112,5228630.221946112,9994658.323113991,9994658.323113991,11651990.722473789,11651990.722473789,13256169.425733013,13256169.425733013
1295,Fiat,Tipo,795000,13.58609739363647,standard,533065.8417097592,533065.8417097592,555382.6014750372,555382.6014750372,650885.8879913391,650885.8879913391,774145.2197847468,774145.2197847468,866392.3455762073,866392.3455762073
3215,Nissan,Qashqai,750000,13.527828485512494,standard,649684.0074049085,641396.8602139642,641396.8602139642,649684.0074049085,695283.234267632,695283.234267632,914484.9022367431,914484.9022367431,1040916.3179820513,1040916.3179820513
9208,Cupra,Leon,1970000,14.493544100714171,luxury,2083029.9204002046,2083029.9204002046,2832944.6303207558,2832944.6303207558,3771157.079416448,3771157.079416448,4071172.899272488,4071172.899272488,4321936.586740441,4321936.586740441
3447,BMW,X5,4200000,15.250595083253597,ultra_luxury,2276918.2529001953,2276918.2529001953,3156337.8850106704,3156337.8850106704,3888245.9060013625,3888245.9060013625,4625653.104105088,4625653.104105088,4742399.0308108805,4742399.0308108805
8411,Hyundai,Accent RB,510000,13.142166004700508,standard,406837.60789845086,406837.60789845086,430872.46592774,430872.46592774,470597.8871999171,470597.8871999171,598880.9698688344,598880.9698688344,647139.5294364685,647139.5294364685
12150,Jeep,Cherokee,250000,12.429216196844385,economy,217815.11219769812,217815.11219769812,231934.4153954215,231934.4153954215,407522.2013588388,407522.2013588388,594657.3276299568,594657.3276299568,658291.3076801461,658291.3076801461
3881,Chevrolet,Aveo,370000,12.821258284620408,economy,256887.81869095413,256887.81869095413,271830.6676998547,271830.6676998547,364546.7964562819,364546.7964562819,418506.78666249075,418506.78666249075,451467.5677525888,451467.5677525888
4227,Geely,Pandino,300000,12.611537753638338,economy,300269.813477981,300269.813477981,325297.2676554207,325297.2676554207,409565.039164812,409565.039164812,580712.7833824506,580712.7833824506,650817.8829527509,650817.8829527509
6053,Jeep,Cherokee,240000,12.388394202324127,economy,206983.89287087382,206983.89287087382,215703.17566100016,215703.17566100016,385664.6179115577,385664.6179115577,574103.7058800666,574103.7058800666,644507.3748478626,644507.3748478626
11959,Nissan,Qashqai,790000,13.579788224443204,standard,703086.542338697,703086.542338697,715076.2935366451,715076.2935366451,787123.9789824229,787123.9789824229,1060471.1622193502,1060471.1622193502,1223243.6013312766,1223243.6013312766
9524,Nissan,Qashqai,1765000,14.383661248349537,luxury,1311269.1115914613,1311269.1115914613,1383669.0636554852,1383669.0636554852,1651431.797963081,1651431.797963081,1937804.8781281693,1937804.8781281693,2450532.6762514384,2450532.6762514384
12173,Nissan,Qashqai,870000,13.676248490630767,standard,777731.4083755367,777731.4083755367,791648.5913287582,791648.5913287582,888011.7606672907,888011.7606672907,1132601.0063202076,1132601.0063202076,1315858.676541381,1315858.676541381
2113,Fiat,Tipo,675000,13.422467969854669,standard,508523.6357388625,508523.6357388625,522224.5746279765,522224.5746279765,622095.2252735827,622095.2252735827,747931.1147089577,747931.1147089577,843827.8971938647,843827.8971938647
3154,Daihatsu,Charade,200000,12.206072645530174,economy,86622.66820850887,86622.66820850887,107945.51508750468,107945.51508750468,133943.09846237005,133943.09846237005,199779.83030594222,199779.83030594222,309704.85833409126,309704.85833409126
12343,Suzuki,Alto,230000,12.345834587905332,economy,227994.43217361192,227994.43217361192,258929.65458113022,258929.65458113022,327755.1645548202,327755.1645548202,389972.679596522,389972.679596522,427381.4932732839,427381.4932732839
5546,Citroën,C4,380000,12.84792653170257,economy,267895.9141541682,262851.98916162737,262851.98916162737,267895.9141541682,349064.61679304566,349064.61679304566,552629.9776436425,552629.9776436425,610763.1416663995,610763.1416663995
2570,Subaru,Impreza,580000,13.270783382522602,standard,536285.8234557132,536285.8234557132,577516.0435121858,577516.0435121858,661477.3340900422,661477.3340900422,847745.9247852531,847745.9247852531,927069.5831860112,927069.5831860112
9008,Hyundai,Accent RB,820000,13.617059619240436,standard,878849.3247954826,878849.3247954826,883507.2716710848,883507.2716710848,897269.0440758502,897269.0440758502,1265841.5828175012,1265841.5828175012,1357372.4955478902,1357372.4955478902
2639,Skoda,Superb,1750000,14.375126345899696,luxury,1379071.5409159858,1379071.5409159858,1573050.7369364002,1573050.7369364002,1804739.8466457615,1665121.0841650565,1665121.0841650565,1804739.8466457615,1960845.661839501,1960845.661839501
3417,BMW,X5,1750000,14.375126345899696,luxury,1691456.7713593384,1691456.7713593384,1936276.9730076438,1936276.9730076438,2120177.893510781,2120177.893510781,2605982.5986900325,2605982.5986900325,2757761.7114899806,2757761.7114899806
10177,Hyundai,Accent RB,510000,13.142166004700508,standard,399889.21906647156,399889.21906647156,414915.55742508714,414915.55742508714,464228.911710758,464228.911710758,585173.6786158415,585173.6786158415,644341.8166429179,644341.8166429179
2848,Mercedes,GLA200,2850000,14.862829552244833,luxury,1635560.3762109834,1635560.3762109834,2131597.240021339,2131597.240021339,3079506.22758044,3079506.22758044,3654508.0802106555,3654508.0802106555,4130129.961636591,4130129.961636591
7880,Fiat,Tipo,750000,13.527828485512494,standard,542655.8801434032,542655.8801434032,570387.22958825,570387.22958825,698433.3486329496,698433.3486329496,832499.7712466156,832499.7712466156,927006.6479554877,927006.6479554877
7955,BAIC,U5 Plus,900000,13.710150042306449,standard,797939.3727852504,797939.3727852504,826190.3968030419,826190.3968030419,830099.5397548593,830099.5397548593,1197795.6438804467,1197795.6438804467,1314659.4135886938,1314659.4135886938
12313,Daihatsu,Grand Terios,450000,13.017002861746503,economy,381568.3418148706,381568.3418148706,413715.71441044786,413715.71441044786,495719.50221213157,495719.50221213157,606363.6616506503,606363.6616506503,646545.0738842273,646545.0738842273
4447,Geely,Pandino,300000,12.611537753638338,economy,365581.8980019927,365581.8980019927,404498.35042164446,404498.35042164446,448073.4464000895,448073.4464000895,581267.4452722933,581267.4452722933,672583.8911133343,672583.8911133343
7884,Chevrolet,Captiva,850000,13.652991628466498,standard,700725.5653249951,700725.5653249951,721085.8666323397,721085.8666323397,881389.2269398252,881389.2269398252,1044192.9781544099,1044192.9781544099,1173816.7896338266,1173816.7896338266
9859,Skoda,Superb,1900000,14.457364444136669,luxury,1459188.0055707172,1459188.0055707172,1813835.5868147374,1813835.5868147374,2119863.2402862688,1924557.2862025811,1924557.2862025811,2119863.2402862688,2242468.7935580024,2242468.7935580024
4914,Speranza,A516,220000,12.301382825334498,economy,212230.1470609262,212230.1470609262,242711.6564105495,242711.6564105495,275352.2420504346,275352.2420504346,343241.6217364886,343241.6217364886,377000.2520229918,377000.2520229918
7673,Volkswagen,Pointer,200000,12.206072645530174,economy,204365.0315455653,204365.0315455653,227480.30184722,227480.30184722,297689.17970839806,297689.17970839806,447707.5407999646,447707.5407999646,459274.6410139676,459274.6410139676
1970,Chery,Tiggo 4 Pro,990000,13.805460222110773,standard,908555.0497208447,908555.0497208447,961142.7588950762,961142.7588950762,1020602.595231119,1020602.595231119,1264341.2218137102,1264341.2218137102,1516588.002063499,1516588.002063499
2787,Suzuki,Alto,355000,12.779873068457553,economy,325678.33601618116,325678.33601618116,361309.9674648983,361309.9674648983,491451.744842348,491451.744842348,517847.78347306687,517847.78347306687,571473.224469563,571473.224469563
7607,Mercedes,S450,6830000,15.736835231546973,ultra_luxury,2725972.8643471543,2725972.8643471543,3385939.252158894,3385939.252158894,5209826.5233805645,5209826.5233805645,6520635.714192483,6520635.714192483,7339035.046637521,7339035.046637521
4105,Suzuki,Alto,168000,12.031719258385396,economy,167402.22909420525,167402.22909420525,208116.10315482994,208116.10315482994,248316.4125224725,248316.4125224725,295382.4455181352,295382.4455181352,338598.4819522711,338598.4819522711
8806,Jetour,X70 Plus,1340000,14.108180171927094,standard,1221444.6135174404,1221444.6135174404,1331468.9054696632,1331468.9054696632,1433162.695778068,1433162.695778068,1687752.6491960513,1687752.6491960513,2036199.365883746,2036199.365883746
4881,Chevrolet,Aveo,323000,12.685407602204794,economy,234491.46303588586,234491.46303588586,248543.71100738383,248543.71100738383,337324.1028520713,337324.1028520713,399616.9530051514,399616.9530051514,435499.6573961019,435499.6573961019
1784,Skoda,Superb,2250000,14.626440774180605,luxury,1581132.2998364754,1581132.2998364754,2002899.7243383925,2002899.7243383925,2416174.93387698,2030539.1593430622,2030539.1593430622,2351914.6616903255,2351914.6616903255,2416174.93387698
12363,Fiat,Tipo,670000,13.415032991367148,standard,464508.76145885204,464508.76145885204,465073.680361124,465073.680361124,584327.806780268,584327.806780268,691942.0563342096,691942.0563342096,772540.866879193,772540.866879193
3614,Mercedes,190,200000,12.206072645530174,economy,106451.38658917995,106451.38658917995,113047.82493848327,113047.82493848327,156975.84442015574,156975.84442015574,306614.2541099529,306614.2541099529,501716.8733970085,501716.8733970085
8068,Kia,Rio,650000,13.38472764187182,standard,438010.7673723271,438010.7673723271,482736.1052312716,482736.1052312716,539567.4112278519,539567.4112278519,639630.3945727178,639630.3945727178,689475.4271189464,689475.4271189464
1224,BMW,740,6000000,15.60727002719233,ultra_luxury,2580050.5337144868,2580050.5337144868,3878573.2040716796,3878573.2040716796,5390852.619175983,5390852.619175983,6168134.664275385,6168134.664275385,6597450.3675677525,6597450.3675677525
11928,Kia,Rio,403000,12.90669184092882,economy,346697.49959537224,346697.49959537224,388129.6234614002,388129.6234614002,423507.8023670807,423507.8023670807,488360.5591448808,488360.5591448808,523519.97415605653,523519.97415605653
9146,BAIC,U5 Plus,880000,13.687677186454389,standard,803775.660803551,803775.660803551,830677.4446880474,828981.542570545,828981.542570545,830677.4446880474,1203110.1048313999,1203110.1048313999,1320053.9874573057,1320053.9874573057
5805,Mercedes,G63,9850000,16.10298201314827,ultra_luxury,2804130.876784494,2804130.876784494,4389921.815507557,4389921.815507557,6071342.442020311,6071342.442020311,7545436.228853603,7545436.228853603,7610119.771446603,7610119.771446603
7717,Chevrolet,Aveo,370000,12.821258284620408,economy,319040.4571453979,319040.4571453979,344308.2980861188,344308.2980861188,390193.4534980151,390193.4534980151,460296.39626113547,460296.39626113547,507897.62936926185,507897.62936926185
968,Chevrolet,Aveo,365000,12.80765263256463,economy,373840.92488665256,373840.92488665256,401408.810999299,401408.810999299,466119.69042142516,466119.69042142516,533378.3522022928,533378.3522022928,598686.5240725765,598686.5240725765
1577,Geely,Emgrand 7,300000,12.611537753638338,economy,354509.4360091671,354509.4360091671,366434.2865746252,366434.2865746252,576983.5194915439,576983.5194915439,711787.5792915358,711787.5792915358,831024.99355454,831024.99355454
6391,Skoda,Superb,1350000,14.115615150414612,standard,1101530.4646211527,1101530.4646211527,1216614.986289199,1216614.986289199,1472726.6073665565,1465673.3511534014,1465673.3511534014,1472726.6073665565,1686226.4162882017,1686226.4162882017
10881,Zeekr,001,3330000,15.018482861956626,luxury,1774956.506107077,1774956.506107077,2283179.209103206,2283179.209103206,2754041.90670317,2754041.90670317,4211125.825422054,4211125.825422054,4657658.235398419,4657658.235398419
6952,Hyundai,Accent RB,840000,13.641157170819495,standard,681486.1105071253,681486.1105071253,715157.309431404,715157.309431404,766335.5773736725,766335.5773736725,1005129.7642964207,1005129.7642964207,1110905.7946546846,1110905.7946546846
6075,Fiat,Tipo,590000,13.287877815881902,standard,489138.86182184593,489138.86182184593,503117.1803826784,503117.1803826784,583747.5783452624,583747.5783452624,704902.8784158145,704902.8784158145,805737.4658901801,805737.4658901801
2669,Mercedes,GLE450,6500000,15.687312734865866,ultra_luxury,1820130.1616947153,1820130.1616947153,2574933.1930416627,2574933.1930416627,4538315.927526316,4538315.927526316,5843320.752951894,5843320.752951894,6111221.63951162,6111221.63951162
62,Mercedes,GLC,11000000,16.213405830762646,ultra_luxury,1970762.6568523112,1970762.6568523112,2595960.1243162607,2595960.1243162607,3509292.847030795,3509292.847030795,4434373.162479571,4434373.162479571,4582271.862476202,4582271.862476202
3635,Fiat,Punto,185000,12.128111104060462,economy,122171.36478756597,122171.36478756597,135821.6020601479,135821.6020601479,182772.7062256981,182772.7062256981,222656.05928428585,222656.05928428585,267376.9354531994,267376.9354531994
5375,Seat,Cordoba,220000,12.301382825334498,economy,171152.8020845986,171152.8020845986,211554.74983650475,211554.74983650475,248014.48262671471,248014.48262671471,287811.77040205215,287811.77040205215,308892.70113489043,308892.70113489043
2284,BAIC,U5 Plus,820000,13.617059619240436,standard,769812.0059022277,759650.4787605773,775890.8822179792,769812.0059022277,759650.4787605773,775890.8822179792,1123446.1505310792,1123446.1505310792,1200000.367533989,1200000.367533989
9832,Renault,Taliant,820000,13.617059619240436,standard,717652.6655243969,717652.6655243969,790556.0508472774,790556.0508472774,861243.8535578952,861243.8535578952,1118127.996588258,1118127.996588258,1189102.312413202,1189102.312413202
11630,Fiat,Tipo,780000,13.567049198665774,standard,363125.01283416984,363125.01283416984,371730.41020137194,371730.41020137194,587226.4618105692,587226.4618105692,759096.2554385938,759096.2554385938,851501.2636487435,851501.2636487435
11455,Nissan,Qashqai,950000,13.764217263576723,standard,884909.9766745337,854128.9016061794,854128.9016061794,884909.9766745337,992360.6953740248,992360.6953740248,1277513.4957994956,1277513.4957994956,1526766.6155400735,1526766.6155400735
8616,Fiat,Tipo,570000,13.253391639810731,standard,474598.2439319789,474598.2439319789,485710.8134162529,485710.8134162529,588871.2151862993,588871.2151862993,690491.7618299058,690491.7618299058,770595.8528538613,770595.8528538613
3802,Chevrolet,Aveo,330000,12.706847933442663,economy,253673.75740451584,253673.75740451584,266799.3267265894,266799.3267265894,359517.4132459155,359517.4132459155,416045.67720788176,416045.67720788176,454735.2386773303,454735.2386773303
92,Chevrolet,Aveo,490000,13.102160670086809,economy,450765.506905615,450765.506905615,464172.0237047848,464172.0237047848,564380.1612410209,564380.1612410209,647247.3021862113,647247.3021862113,708252.0482217426,708252.0482217426
185,Jeep,Cherokee,850000,13.652991628466498,standard,680925.35578042,680925.35578042,721755.0154342662,721755.0154342662,849911.5762854792,849911.5762854792,996820.8227537004,996820.8227537004,1002275.1822483732,1002275.1822483732
2689,Daihatsu,Charade,95000,11.461632170582678,economy,66274.74941784877,66274.74941784877,80369.403424786,80369.403424786,110738.94081875097,110738.94081875097,144472.9147908915,144472.9147908915,240401.68212968454,240401.68212968454
8942,Chery,Tiggo 4 Pro,1080000,13.892471599100402,standard,955419.1871558639,955419.1871558639,1014532.545071912,1009561.136189312,1009561.136189312,1014532.545071912,1359203.4645657574,1359203.4645657574,1664588.612522541,1664588.612522541
4431,Chevrolet,Aveo,350000,12.765688433465597,economy,304221.6786432604,304221.6786432604,334558.87854355515,334558.87854355515,384519.94218800584,384519.94218800584,445700.58732661145,445700.58732661145,482424.26990902005,482424.26990902005
2962,Chevrolet,Camaro,5200000,15.464169183551656,ultra_luxury,1863306.2789870463,1863306.2789870463,2366981.151875753,2366981.151875753,3243370.593861892,3243370.593861892,4155554.062880989,4155554.062880989,4402713.705834947,4402713.705834947
3381,Kia,Rio,250000,12.429216196844385,economy,191107.73516187715,191107.73516187715,210968.68265744759,210968.68265744759,244507.43882613291,244507.43882613291,281165.9169504949,281165.9169504949,305121.577538237,305121.577538237
8802,Chery,Tiggo 4 Pro,960000,13.77468856344402,standard,955419.1871558639,955419.1871558639,1014532.545071912,1009561.136189312,1009561.136189312,1014532.545071912,1359203.4645657574,1359203.4645657574,1664588.612522541,1664588.612522541
7834,Suzuki,Vitara,335000,12.721885810807205,economy,273239.40051809856,273239.40051809856,292200.1008721159,292200.1008721159,367484.93634868215,367484.93634868215,535584.857714027,535584.857714027,600005.7186534541,600005.7186534541
1729,Mercedes,S500,500000,13.122363377404328,economy,938669.3183474642,938669.3183474642,1002336.7247388206,1002336.7247388206,1367293.692241614,1367293.692241614,2025168.2284733297,2025168.2284733297,2389677.4108761256,2389677.4108761256
9295,Jeep,Renegade,950000,13.764217263576723,standard,733423.6849222054,733423.6849222054,792537.5470944276,792537.5470944276,895610.9771621109,895610.9771621109,1030537.2328612916,1030537.2328612916,1152694.5480753658,1152694.5480753658
11777,Nissan,Qashqai,640000,13.369223455335854,standard,542146.8560530188,542146.8560530188,558871.5588930473,558871.5588930473,636244.2730366205,636244.2730366205,816728.078053195,816728.078053195,917734.6183841932,917734.6183841932
861,Skoda,Superb,2000000,14.50865773852422,luxury,1398352.8218048448,1398352.8218048448,1648320.2549250447,1648320.2549250447,1839068.5222636429,1728386.6076634089,1728386.6076634089,1839068.5222636429,2029827.6524766714,2029827.6524766714
1558,Changan,Benni,150000,11.918390573078392,economy,174029.4499319927,174029.4499319927,185807.141749478,185807.141749478,205385.47037086723,205385.47037086723,319798.60789591074,319798.60789591074,387342.60529973265,387342.60529973265
8501,MG,GT,1250000,14.038654109278484,standard,941928.1448887062,941928.1448887062,1076336.7637618436,1076336.7637618436,1090784.2507733963,1090784.2507733963,1525190.4887202717,1525190.4887202717,1693782.0135744498,1693782.0135744498
3042,MG,GT,1025000,13.840203170554645,standard,757400.6464021164,757400.6464021164,832963.2521975229,832963.2521975229,863265.1704518028,863265.1704518028,1116397.4474016286,1116397.4474016286,1263530.945198151,1263530.945198151
1942,Mercedes,S500,7700000,15.856730886823913,ultra_luxury,2768609.760744014,2768609.760744014,4225401.564985604,4225401.564985604,5853901.473841417,5853901.473841417,7176390.788926748,7176390.788926748,7632034.163058182,7632034.163058182
1422,Chevrolet,Aveo,325000,12.691580461311874,economy,295620.0595142443,295620.0595142443,316802.3637222243,316802.3637222243,361725.872025661,361725.872025661,429140.2336456094,429140.2336456094,474437.71810584766,474437.71810584766
10837,Chevrolet,Aveo,470000,13.06048797368624,economy,403910.28645155707,403910.28645155707,427596.5619986033,427596.5619986033,482819.9319902361,482819.9319902361,568006.0758960207,568006.0758960207,613719.6650802988,613719.6650802988
5128,Porsche,Boxster,4650000,15.35237777756354,ultra_luxury,2168755.4939377056,2168755.4939377056,2939933.239390867,2939933.239390867,4217333.884671046,4217333.884671046,4716553.511697384,4302849.430023785,4302849.430023785,4716553.511697384
2883,Renault,Taliant,790000,13.579788224443204,standard,683590.7895003733,683590.7895003733,826117.3993734923,826117.3993734923,884146.1263412449,884146.1263412449,1161771.1156332109,1161771.1156332109,1206063.2889938585,1206063.2889938585
11895,Suzuki,Alto,160000,11.982929094215963,economy,182209.79099368182,182209.79099368182,216467.2409901493,216467.2409901493,273727.279401723,273727.279401723,318526.9262161731,318526.9262161731,350403.6141989153,350403.6141989153
