q05,q10,q50,q90,q95
13.347463867263727,13.40844283448789,13.5312021084861,13.73914813540964,13.809491082362394
12.571700946616982,12.615364382305918,12.757403301940496,12.994001376738677,13.112854975871496
14.4138251722678,14.759786838520291,15.336861170216608,15.575500266919622,15.681006007584415
13.215981419191708,13.261898736724557,13.382896662665738,13.606097616902293,13.752949449825017
12.22274848600878,12.338900638705383,12.479276438506197,12.727252614374038,12.810025508344467
14.086506013680012,14.140249270711134,14.317153225935156,14.47706638428366,14.711815977766989
12.348225609206388,12.393166362119892,12.642123527530007,13.119817339816226,13.384008976548193
12.90016099470664,12.975705158703567,13.225901084131383,13.349774693068202,13.434537427447802
13.304869272845913,13.343928872098516,13.448305584482705,13.766831709134518,13.858014673479182
13.759504762564193,13.781698628717859,13.944651491521242,14.409288599892989,14.552923647535323
12.242164804762787,12.22596552810232,12.521533428496372,12.73969748513328,12.860818462790565
14.447464085625576,14.629411378224049,14.82228289653684,15.04989493715371,15.240732197137808
13.761095450715999,13.787185030496545,13.906675540316597,14.11954204632794,14.295105811710396
12.143517475748226,12.309719317511336,12.454746365346733,12.66336324576947,12.808090327554227
13.745739231232713,13.798543854848548,13.991819701847103,14.205207577271814,14.234300619236022
13.52179417947187,13.581633683889835,13.788330641512577,14.049989822314341,14.220661174969575
12.876326694474077,12.9777037437971,13.108634247375214,13.418173617202182,13.561649334870973
13.6464616895427,13.743085927485595,13.836127324138058,13.945807973490775,13.932762229011079
14.877844030888008,15.328673415015778,15.894948675521436,16.102197432469097,16.291636399828974
13.104320757569994,13.1257083678123,13.279653598558163,13.477092101087107,13.615326729095642
14.4843838382967,14.767135382145451,15.075007306519995,15.159750068208965,15.202907750911
14.5493340842303,14.856827234082566,15.142892429951711,15.219441697541857,15.279214143738749
13.747919150341831,13.749253223692968,13.87064731162103,14.209597018536279,14.339346621339637
14.247182167022583,14.472070391549092,14.602617647529321,14.480410858778498,14.627000256982543
14.061751454913058,14.22121491917201,14.351852870387573,14.286886243721678,14.422494833680535
11.763841249109344,11.929806275571789,12.123940160022656,12.588221778196699,12.747297316571473
13.45685148348128,13.468415786878934,13.509356165597861,13.868820559623199,13.997679350308058
12.496994987425772,12.561334470996798,12.832510089490015,13.229863519659665,13.369459665803044
13.226647326232028,13.279458288869378,13.41216895633567,13.727286285797891,13.802111282626619
14.333232145817568,14.50004181422686,14.714521183957409,14.746547262768168,14.811947276912877
11.754512876018797,11.86646190662971,12.136224569512532,12.379145924917015,12.540748816233396
13.46576533283425,13.481397577380744,13.59657418454297,13.811781936813528,13.978505937243153
13.306752595528318,13.322407557921768,13.51030381690474,13.7673303677992,13.900976491259003
13.003180806406565,13.058516124263255,13.256477066791485,13.601489891859178,13.678447580954533
12.077127950428164,12.260550463432185,12.439648514300377,12.648949383252377,12.755561945663002
14.374049666848592,14.71622940105201,15.218003715273891,15.455191119034232,15.558755732135996
13.755684271337733,13.889073948210466,13.902407491614461,14.237629870859209,14.342474464434892
14.502160054125323,14.64805384554182,14.775478232946188,15.12961075693911,15.141715739560361
13.078787260256764,13.133184900497028,13.144707304164271,13.444185071555907,13.55863200243046
13.044209603394641,13.13251485798058,13.260396044313413,13.384239177422398,13.464336381811254
12.145254405155798,12.407487527459768,12.564716002895356,12.773615367230057,13.002802052416314
14.861968495678099,15.317059600589577,15.64757573292701,15.80608146895186,15.803224963316161
12.387714054939192,12.454417292613275,12.771971264452947,12.936336121159663,12.997072688721342
12.1815181448226,12.248500731447077,12.62641737460083,13.109475392454742,13.141247006447832
12.03611531170484,12.277770054682556,12.603071990888363,12.80456948384785,12.89105704233055
14.36526892870183,14.686495649408554,15.097075833485274,15.344985295477553,15.493188409601839
13.933626910911965,14.101327708290903,14.338128586194635,14.534941411493172,14.688153654338231
12.916539925301311,12.968280579818298,13.123039162657378,13.258337100501038,13.333516772710276
11.65938118664891,11.793099241033879,12.014673844194192,12.347343165653328,12.547950462625753
13.519945285456764,13.58133174657992,13.715648364265888,13.823900114143505,13.907653267434007
14.912486181020022,15.448777994300888,16.048855875837198,16.210496811305187,16.29895759871954
13.743658015049384,13.784792976096401,14.002112987992955,14.302353533122488,14.298545411890139
12.266585918610422,12.344071657020262,12.571834064948217,12.781389432511535,12.853196314601497
12.828512746545222,12.959089205398962,13.267292690439257,13.339564001140097,13.414770247004054
14.492268570401034,14.712127383733224,14.863973037690268,15.032850383294264,15.079092627893475
12.289160600267062,12.386309236464012,12.62018847105277,12.931063736176817,13.017781984931613
12.91543586036319,12.97109579875686,13.099048228879195,13.377826248883977,13.48465002447109
13.54791506432396,13.553736856874956,13.538045595287782,13.907328633659333,13.970763218028072
12.899084658594031,13.00222428403829,13.105615935783733,13.253380171420414,13.350053522830986
13.313705264989164,13.332328350098562,13.448710770539812,13.745895261657825,13.855403415825196
13.702400175577381,13.739901254585558,14.026492651199703,14.44123137710336,14.619745801409127
12.385351030871352,12.430087536459517,12.640648876863501,12.797777068229802,12.903288496310934
12.51118922503052,12.521468167764306,12.849669027992576,13.159997282181475,13.3234807405813
12.337826277900628,12.491129131935374,12.690106715047255,12.879697104029866,12.965246177902078
12.912947264443968,12.89888615798408,13.249760928149634,13.418670743792152,13.564047267537148
13.815737609412869,13.886612285592676,13.894446331882754,14.125377158774365,14.405209722185369
13.232231841103232,13.269031530885039,13.407407194706133,13.758589301687588,13.815867670111427
14.74853969669884,15.09266547498067,15.24784905591359,15.39705425543476,15.439546331988765
14.56071190299329,14.81257535164363,14.985698135684537,15.07367948257418,15.11444123717342
14.59611971894546,14.920462516267158,15.039781088478275,15.234117777704995,15.252621038958045
13.164534035205321,13.178317146778202,13.418387855360065,13.576155127742728,13.686180141005007
13.440258264209085,13.43585889998461,13.614744425819092,13.810853585723766,13.851082590657079
14.479505744012615,14.720734037833711,15.005813475214238,15.197584368659632,15.215269242373466
11.902064836859786,12.055019577751606,12.347012703333895,12.609481708084115,12.736941250908963
10.998027626395423,11.115742219360042,11.488423871669848,12.177374641549761,12.482435074309631
14.88182678520014,15.418733268001997,15.880660409005245,16.0342476510559,16.04763468892132
12.246608478891012,12.388803864699394,12.74966901020096,13.028977097026837,13.26189621537949
13.122679530496185,13.153458766936065,13.342372464782397,13.53921172376176,13.616433122429136
14.864152313365173,15.344938934841204,15.744589980539429,15.885907876396615,15.884526222085055
12.331844203117576,12.437686059483095,12.58701340300205,12.802662330329603,12.920253373384256
12.027611528613471,12.181565237513539,12.410905029686322,12.519527858626322,12.589424841627467
12.82032240965264,12.878887819884437,13.074548203650167,13.237992884306664,13.30052738066605
13.361770334098738,13.436050890463905,13.57613396175429,13.755151329740581,13.780308660072658
12.772348921042479,12.892158918325379,13.045883933645921,13.164871219907393,13.214263096165109
13.510380576793109,13.633010865899479,13.793545196473513,13.939196815331199,13.929040301957407
13.659337746860686,13.774454770385557,13.852003898136658,13.99806260285974,14.103644234853913
13.601815031489572,13.665284674826673,13.740801343911954,13.821725034749939,13.939991805253328
12.521353787232929,12.594173906694845,13.069194916547506,13.256348844401362,13.315911172027077
12.168524223715075,12.349188534082044,12.538283971480343,12.743742963443593,12.814985483190478
14.920575905414147,15.469659893887563,16.117561340551333,16.270987600843654,16.399973619066984
12.769892355875468,12.851828773365579,13.184088098946301,13.35926654605492,13.48697441360613
13.198874689813007,13.254719068363169,13.31854832416687,13.60603472990977,13.727160539454303
13.747748276152276,13.880953235272571,13.930533177907408,14.245525911926258,14.341461206959032
12.53067070532363,12.59074196336074,12.930215449731993,13.205211684284606,13.331081942637102
13.492592920362476,13.574117380069598,13.692122435031532,13.832006929884674,13.928635161226662
12.690937996443555,12.769839056165885,12.894085749181794,13.03288821147196,13.133767400519403
13.132887724080895,13.175042920204506,13.354465526590413,13.519442018921165,13.625632731912553
13.597075480374006,13.62999684528332,13.627953169177827,14.000420515981773,14.093183193315056
12.438355817863371,12.508053550708507,12.735476447379057,12.943171229169604,13.014093795149126
13.444102323916496,13.437439034205859,13.458181047551417,13.839023043407149,13.959615202927786
13.817946409831926,13.8113339270401,14.010923214586114,14.147569057545473,14.351490315687936
13.552180253857907,13.635420370308893,13.697046281607188,13.920073197872473,14.014818553238632
11.699853814303516,11.820142351301218,12.00970391623018,12.33419230348354,12.52959603743615
13.90684660108656,14.019261052620227,14.165522891571701,14.368665767133832,14.360176077547258
14.148872531054302,14.356548693937505,14.565674669067104,14.749537420312002,14.766863633941616
13.611392871926704,13.693194372909447,13.772789447542777,13.928169680625436,14.036202873059135
12.034967746349924,12.222100983116881,12.352379510028609,12.49986778756169,12.602816511403137
12.525444085757776,12.573054902050723,12.750809841078604,12.929151204702363,13.02611754005154
13.750068136910699,13.77010498706355,14.00270563133347,14.304916221718605,14.301492424225021
13.648845316974974,13.718235310695684,13.819973003803014,14.029375838280089,14.210563321876018
13.544506159410883,13.686952743059855,13.701644096404967,13.977510728427298,14.02640686546409
12.58372388741557,12.613474599239748,12.792096510429841,12.95550110063832,13.044861529578977
13.498764738687605,13.567951105712819,13.700838134830928,13.981877644215999,14.174638042750274
13.411744572768328,13.467977137243425,13.586622053664852,13.754931861376956,13.986497841387155
11.90301339543515,12.06747126791849,12.190480566660888,12.387028137143998,12.501368460265674
13.10015843659615,13.138435594759123,13.320327144475417,13.546091122888864,13.632649761195374
12.720349466955465,12.79436007368354,12.95514049118074,13.089470585486275,13.181785409470612
13.44572792518953,13.466490023834016,13.532675245677325,13.89339868718246,14.007092123185704
13.58110447082706,13.593141767573451,13.834650082885016,13.979041806654854,14.039500093797512
14.588624808945779,14.703490022956265,14.899873525380821,15.143691592078934,15.175888964177785
13.581612863716963,13.594793046517136,13.591443616365819,13.948666984615087,13.98981814797851
13.436925834810237,13.437651334404705,13.493841238998979,13.776856347841743,13.917199490025839
13.33056252750579,13.388363644593767,13.490429693041083,13.726388484605723,13.841635944182098
14.83856760395429,15.164453014175615,15.377064419652786,15.571389951687188,15.597546497119044
12.221178375386694,12.349152184187664,12.495185960795943,12.730196717701144,12.811807340155013
12.849744318245232,12.906343679957335,13.100598305593312,13.247048664779381,13.304749079785669
11.647179176677927,11.682496928551988,11.971870194579159,12.211707211943065,12.374381695142102
13.86036206144007,14.028096529483964,14.27707686568954,14.360742995384154,14.465615050121365
14.926825264683298,15.457597807029455,16.119066179762058,16.227524384887282,16.341811667392243
13.48973561374973,13.657809841938228,13.721597929925954,13.988559468335765,14.033604452672332
13.585554968692332,13.65480597885323,13.786769586660306,14.231854774062377,14.299038580384138
14.911361125238402,15.272054509799087,15.637174067522391,15.726665650300614,15.784883690949766
13.496702756173448,13.56286989468871,13.598216123150877,13.795395049513289,14.026795248837585
13.843511595481099,13.975187518818302,14.097773872843426,14.211641209959295,14.301463129702647
13.635692584283522,13.685968792500738,13.731134630869686,13.837687473602184,13.958043190919705
13.406661279831594,13.439659018836357,13.564473618164529,13.875814863109433,14.03331245005262
12.673692258414809,12.679394948984456,12.962446273494706,13.247327377167247,13.395122904843427
14.036299691203439,14.096522734485408,14.288574230904999,14.366789075829075,14.58099609689414
12.559592953390624,12.599338311851097,12.7910928148465,12.932979780032174,13.023939901153994
12.295004273377344,12.37418788830595,12.630517675544358,12.820527679856392,12.924286783661522
14.873765191913886,15.354634802338357,15.824148833015066,15.954282385412696,16.022551217032575
13.723275466789856,13.769213227674298,13.785795053921877,14.062505676198128,14.264697249130087
13.55813760694394,13.617754780221844,13.755621644065712,14.160814256787475,14.223837000975688
13.51880289463097,13.572187578658856,13.785516753442064,13.934603029264752,14.06756989536293
13.546357080097717,13.62341860484998,13.71589034797962,13.926007383670013,14.009266197474004
13.33311090868241,13.376221562232551,13.54907406241044,13.809977249746265,13.96190439865622
12.891020203850292,12.934895351315973,13.065579902964858,13.272128971869863,13.359029250456125
11.475584522000467,11.524103298396163,11.827152082685963,12.105736578016586,12.498145898810636
11.608657559555429,11.721689265353632,11.993369062392665,12.500536046495508,12.66311810595085
14.499392195479638,14.835485119968714,15.098359210376389,15.178342843566082,15.207942376639082
12.351221728823207,12.468082775871778,13.027289062587919,13.373932868808712,13.459991853888955
12.265973968223488,12.377006657626595,12.55757964677138,12.772746855889412,12.879666612469448
14.495039001845415,14.794351541471972,15.024719676825598,15.094519578906166,15.107085969918497
14.574250957198192,14.927255077509901,15.372653254903277,15.54211156214197,15.633104060741978
12.551311817139265,12.568337844930012,12.798659677672308,13.206576136246031,13.320832696424777
13.911866110243219,13.936924791172856,14.139520052831521,14.232375757312752,14.43206706141347
14.328774006002051,14.614024597666141,14.911745742366403,14.795241062215606,14.939424054172767
13.683846497851505,13.779920482338564,13.869314983114496,14.042160054170399,14.133471478171876
12.262080434034411,12.42213947187945,12.652862503447409,12.788198282114054,12.888527631479228
13.296857741999903,13.37221097760185,13.47820786795344,13.694178541880536,13.791883251752314
12.954453864781827,13.026517655932654,13.122268032733412,13.277459669973535,13.36105792509554
12.263963451322727,12.342052746376218,12.58414272180954,12.798721941843786,12.89848809994206
14.919393017500601,15.455172959872991,15.9357178956054,16.132269541244483,16.2609752847116
13.492612703575372,13.572924901227061,13.705557120894206,13.861427979796403,13.89667551237148
13.312768276419774,13.38437357202477,13.496264417936288,13.696813837898533,13.803248854122884
13.163006231108735,13.176915004418479,13.42781685976863,13.568038690339204,13.672350080603866
13.098041507273331,13.191709111890372,13.332811764327552,13.649821538226014,13.76295438287588
14.869956633850691,15.328884666911566,15.608186530141097,15.81266905040985,15.793695006159943
12.318450380801362,12.380609985190699,12.734343444051479,12.930885125417007,13.010024099290668
12.51010113778603,12.51384914805214,12.833300993996911,13.227378620683396,13.39644296395741
13.12396061781,13.264097319152246,13.453396339027819,13.686307554893016,13.741278387405822
13.808061246561635,13.94772586274546,14.149934943660494,14.467902979511075,14.579403986627774
13.242422151136406,13.302635326060546,13.415480088208781,13.584876795867459,13.641509990302389
13.393828398620972,13.492440824903387,13.591680280550605,13.807086278156124,13.87562082084083
12.556002029269202,12.629718670017425,12.76860438061156,13.010012037320859,13.154719769659568
13.805467105664787,13.819724353761423,13.973286110259245,14.464290692002159,14.6021772292297
12.688201063075148,12.736192680134145,12.85405456477691,13.04678788388432,13.11072031316649
13.252925608989706,13.268116133264108,13.419444687852817,13.648374227546892,13.784933979459616
14.01496364808962,14.108040319953911,14.20196665411699,14.312877156301145,14.351380333239199
14.527467166369437,14.819901655732739,15.122391600227175,15.190368911528738,15.237642350738735
13.232327214535992,13.271986012830741,13.480568422525923,13.642853597298814,13.729825633287568
12.66346992715981,12.69486327095584,12.984844603096924,13.24440245231741,13.385523328822554
13.597075480374006,13.62999684528332,13.627953169177827,14.000420515981773,14.093183193315056
12.80549220974403,12.901253472193531,13.038834533407094,13.292244860895359,13.425514104578518
11.91809900885553,12.108889877955109,12.28196161172831,12.40742044905177,12.481109673983813
12.481778340124041,12.508153845254856,12.71409931872009,13.135781447655365,13.262365429225822
12.322927433508807,12.416388570427777,12.671177467758508,12.836184098708575,12.90805495056494
13.384662684019125,13.46164454375355,13.562765143584118,13.869087503396178,14.02146090962711
12.266798086709478,12.415463800287412,12.691404693185637,12.83550672650016,12.889548706823806
13.537293233105977,13.553967845600637,13.655784787516804,13.880303997719757,14.027639347816923
11.979910276084022,12.22987421410808,12.39133025713722,12.551196365480935,12.66592879473211
13.802591268958697,13.841258992800354,14.015961610708835,14.241174229336693,14.260080022940784
13.450548234033732,13.454254353322142,13.578589485073916,13.800226444186556,13.966437105305296
13.709622837111594,13.770636959511002,13.948604569610243,14.094201247938578,14.247211414954565
12.718775665091048,12.734909603089935,13.118045955549743,13.292333837447792,13.466087712030173
14.847107163827172,15.309324931974352,15.859636695220019,16.027153674921006,16.180299546932346
12.30711838104161,12.398843842419447,12.58023813938571,12.777407196912748,12.890485914898939
14.46726265321654,14.773981248452495,15.040277747110142,15.086950304606773,15.117630115209536
14.53506532892489,14.844298969116863,15.03103350749183,15.32004064041629,15.468321974141379
12.641748883914246,12.672050345521114,12.909233889160562,13.325411425820104,13.381626620061759
12.816002004452983,12.827468374318421,13.283026183754645,13.555796800484611,13.739898725303867
13.54929043885344,13.606470085105617,13.817839419105649,13.973704092718094,14.102578313111858
12.498617125613254,12.508469765592277,12.818470630917236,13.151046727836203,13.287082133710427
13.843777480728942,14.033478755566879,14.444405418443427,14.90780387641119,14.92516651277855
14.420101570157765,14.646737882058439,14.814288767879368,15.253720309771644,15.32492169348492
12.158387700305283,12.216256151538955,12.486455588730822,12.719469447857453,12.808742439986563
12.209603407494562,12.281428665269026,12.561421988452514,13.003630242653465,13.02385612514535
12.271383323629852,12.311917310676511,12.500926265790843,12.724421984402234,12.830635501147343
12.830623524770266,12.902637164241835,13.087460844411499,13.23774140702555,13.30997582414306
14.276531898291612,14.58973728277839,15.010183330599013,15.306418149810565,15.430821630686216
13.506843202541301,13.556852301298743,13.67439581176504,13.91518354242455,13.984209415683162
12.308008094438105,12.392281935929603,12.81498239282362,13.182808502205365,13.25654114811604
13.179363750033314,13.186522656143932,13.426433985370949,13.564292661021138,13.677659781198246
13.97102395801867,14.064835433037103,14.113521521398265,14.273926402669055,14.454898303457057
12.943526792222148,13.07732132494833,13.174659641890482,13.430175114695965,13.523248349792581
12.204736381554255,12.317370367469692,12.588694100201696,12.797984412077184,12.864563854909818
12.838076177258332,12.95579865759277,13.045757474528166,13.17498030696162,13.27022864506269
13.38885946106199,13.450439553119622,13.62324173714948,13.748908714433192,13.777790846387898
13.690661283494741,13.74691455148471,13.877859742599794,14.172905030212029,14.13083475961935
13.401578973462254,13.384808458754463,13.54464569464744,13.776493587072437,13.936771037581366
11.412691422736245,11.511405037055813,11.910698237719044,12.170306654811938,12.597816215348502
14.359297116162502,14.64155570925335,14.890620616417555,14.75955954424935,14.920010497475253
12.287338146714703,12.414757896187307,12.659978325186568,12.896646708977368,12.946945829153716
13.483571614171943,13.599041271968416,13.641283414612648,13.841938384269334,13.864381859611822
12.704647582817456,12.784164715605492,12.90436712207631,13.074148020140477,13.130610454465273
12.529041188322495,12.587989356329818,12.939125925101898,13.20454948656943,13.36337627803925
14.882524689937398,15.331038294819644,15.58318710705114,15.787539644039988,15.769866164190011
12.63194006032632,12.608731913624567,13.025665067369841,13.399176082872408,13.512073483135246
14.008007253172302,14.173214073721404,14.469581450884252,14.914314872591676,14.924945621309893
12.491428833398377,12.520596445944422,12.809814297923486,13.124948448576822,13.255037119185726
14.238034785713687,14.453417502874299,14.551709920821942,14.457279697071627,14.624651624086798
13.03664925870342,13.073693151112522,13.231493647213771,13.377781248907818,13.430106303845708
13.743718153754724,13.792402816828243,13.841230472073574,14.105129579980488,14.299848491079263
14.69213557233056,15.020811580252849,15.189311542823233,15.33822502054156,15.406050902367568
14.067808092492205,14.226680913122927,14.35649166637448,14.297530256860874,14.444219048973626
11.61790619742981,11.78179377377426,11.989022358750901,12.337419602509115,12.526315161856992
13.868951491542784,13.995690214232113,14.115357080687055,14.261456756243309,14.375280399707837
13.578464846242568,13.590576679900881,13.709051463212834,13.955879275869103,14.13383013144469
14.321243032931358,14.567947320131637,14.96863769329627,15.175051921499552,15.271035650990655
14.011644187071475,14.1056598944951,14.19210717302618,14.342042201043984,14.526423276318237
13.488976269147184,13.5195551274882,13.62603619803761,13.826309360760831,13.90313744436693
12.279543307859175,12.338448905762887,12.564819976817066,12.987198254452764,13.08287897786586
13.671583893874871,13.762452767328632,13.818828295041161,13.981060116711422,14.095931100223293
12.560306984910508,12.737794286591788,13.361996313768536,13.652595035963124,13.854195376366917
14.5493340842303,14.856827234082566,15.142892429951711,15.219441697541857,15.279214143738749
12.64564713012362,12.693899756724054,12.932614605740596,13.203826819929557,13.36525595199137
14.861662133584083,15.286028594554418,15.642902301645867,15.808387998065413,15.89959928281774
14.205707842851503,14.42328056838987,14.699763375383228,14.792763752905444,14.982215196523535
13.16097515657696,13.193700199901723,13.418657810532165,13.587858753432691,13.692649843385922
12.492245824861575,12.533583870691277,12.831408904099753,13.16172051213115,13.330603935223582
12.24745744316714,12.36184383066014,12.532729831104458,12.751003317489241,12.85091390909915
12.249198403306082,12.314531786900893,12.58126298615474,12.778172748877303,12.849647670684597
12.78943600672551,12.881614484052562,13.00192121955866,13.141328047480318,13.235795755090756
12.494152626379947,12.759219619143574,13.011862411206383,13.106801420563535,13.176443211115275
13.737936933670337,13.878554709068396,14.050656323157593,14.358730382787218,14.487947425972372
11.766251021160425,12.023380110297605,12.169243955176643,12.418158688907852,12.514280853420939
14.086506013680012,14.140249270711134,14.317153225935156,14.47706638428366,14.711815977766989
12.531045342143385,12.719757467195336,13.095067044214435,13.25291642331663,13.251902936037393
14.499128961706191,14.77722039362926,14.992837878963083,15.080502077691975,15.109029259830393
12.670473219814983,12.666920125800306,12.939171243930897,13.213472890073831,13.371780748688698
12.071712159067822,12.154848935747154,12.360628189987342,12.777151873276859,12.858354917274635
13.39322425673872,13.412583925212417,13.496400385593905,13.66405292429761,13.750794862064653
13.071315154074984,13.1076459635005,13.197908875051969,13.374642951129156,13.457147861752127
12.93660332537155,13.041557071956557,13.167328357446612,13.321612836356055,13.412634228084153
13.17871954590548,13.222821038190261,13.3053660310897,13.595563534570545,13.714286431875358
12.374340741953997,12.49829545374045,12.75696710457164,12.898944026412446,12.98892818113451
12.17433628312795,12.354358733363139,12.488215199031057,12.737240972252874,12.817960555023355
13.618129898364561,13.67885303483149,13.803156840652694,14.054998255360776,14.020104747691661
14.424408410748104,14.602063929929866,14.717149429708396,15.042381185009322,15.017732152808017
11.955688086659617,12.109467357149791,12.38666821729204,12.687162761396124,12.839294314626061
13.726546980148553,13.706800068128569,13.843797064346074,14.089811196070755,14.279139870418124
12.559734007397898,12.603597292918835,12.775089506744667,12.970852287232209,13.10481511021792
12.757138633393515,12.705850882273928,13.125773504872335,13.437558807389522,13.551833202583445
13.464971030708039,13.481056718783108,13.558169672113557,13.886829720500302,14.026450643476851
13.206557600490896,13.23490629996185,13.383274655921193,13.694127055176523,13.826816323478571
12.814936927824839,12.828474702128933,13.10840162167359,13.368259832416843,13.439569194366392
13.016410314126917,13.131411060806752,13.238475159706251,13.331901436868606,13.428428833930546
12.558784603905075,12.685589508612662,13.111977070998147,13.136588233442716,13.202133495386555
13.022226783150348,13.069106018300005,13.238662329110092,13.384613553756378,13.453463487837471
13.03848494033462,13.135442412829981,13.22061516661535,13.350436297803638,13.450893359458298
14.18471460605079,14.336780200625936,14.464535481015556,14.395792788359174,14.553807407671297
12.218583956090892,12.318839953346412,12.593985626425887,12.747857874885192,12.82183532498865
14.357103700494525,14.682155881006407,15.101884270839989,15.389531858704881,15.401126860618927
13.431390271274914,13.52502812920115,13.519945766636159,13.681454654649635,13.734833869237557
12.283719290653067,12.386401488628648,12.62417211328684,12.81669757492797,12.889270147407016
13.40960925215874,13.396257953730512,13.547563765396195,13.76703161960799,13.928385905451922
13.471178304373328,13.48235584328627,13.580810309369237,13.836366389504047,13.997750163110258
12.874951916684402,12.988099681213615,13.09840826704238,13.344854889749627,13.48502071078036
14.397533410842213,14.652019498804663,14.977486184467633,15.220159306757669,15.279099298700647
13.020517644699934,13.04010887985399,13.42761527620345,13.981301759128472,14.158653752321406
14.299259655803597,14.557177780531308,14.71426414795193,14.58836132391015,14.791432244665023
12.875053471577434,12.923084919975942,13.068095203620466,13.221869115883457,13.309270276872041
12.443992399044376,12.498013205582806,12.722954612139624,12.965154132945855,13.057560509005429
13.561853026264535,13.68720803703453,13.789684898965165,14.084499174471098,14.174869016012138
12.69198428957983,12.702389696997244,13.013915178845458,13.306781604107925,13.460378217291868
11.646402098089535,11.839288084061526,12.176224407981342,12.40727794418002,12.610469490499623
13.563881207732372,13.692758499053754,13.717031853478254,13.986839514971406,14.048531573037138
13.28132029884513,13.277340117541751,13.38351609781887,13.579512158118742,13.683561768124708
13.760418709532237,13.853143933416415,13.98075317561635,14.167981945671862,14.170735398244188
12.699664290541708,12.918486909751643,13.210802087202488,13.392650020381659,13.430673092437377
13.049513288023324,13.08700241249037,13.154523255704142,13.395672321356802,13.52300193641044
13.179300623405952,13.211283842818634,13.331978955313613,13.461367551430229,13.59459035830859
12.344441901352972,12.42680074413045,12.613026649681304,12.816558867811915,12.926535784964884
13.211515091657091,13.250538751452208,13.45418922941004,13.632322185160909,13.714861673775928
13.46579647908235,13.475927119646254,13.560222415474648,13.889898383508122,14.022764833290182
12.594126137060837,12.703736355813993,12.961760116334077,13.20706708552451,13.29460322396734
12.334957972319664,12.388155841859398,12.686061753125353,13.107229110685722,13.176224491217678
13.555458332218807,13.694251640289163,13.82806762661027,13.991659015350265,14.020036535194677
13.07819371867365,13.112285170680888,13.31062988909867,13.52661087026203,13.627133754848963
12.271709965784158,12.376192259030212,12.603521839723886,12.785030292367814,12.86584279234914
13.492159569755923,13.619878346892062,13.670189843515146,13.935115263044974,14.00243462467541
12.274675912779742,12.360932201175999,12.560346669137324,12.764540462037012,12.837147072577071
12.301750315411182,12.372028515667097,12.699785211950823,12.86787095224005,12.903585729234848
12.939240180143905,12.987577811336427,13.204096381992983,13.50228639585034,13.613807896806435
12.917788136555068,13.013124697556208,13.127181501203156,13.265818397047916,13.366234893188658
13.777270980471034,13.9195276695484,14.198802186214136,14.355042643442367,14.501960929710231
13.495898338131038,13.529968877278067,13.686061472536565,13.888487583954792,13.921502414930703
13.592502666169391,13.622370582335371,13.852262849705216,13.954300695507374,14.01622323653025
12.756154925185427,12.858216598503693,12.996597360921518,13.107637885190691,13.211479662027125
13.495667264299987,13.541300444057217,13.669647061884366,13.781354352066263,13.864274353157223
13.617355485633993,13.724206901651257,13.982970860358993,14.211637974193238,14.374181206359824
12.748906519406319,12.804504339563298,13.107515249636581,13.285107307221699,13.38579211333657
13.755684271337733,13.889073948210466,13.902407491614461,14.237629870859209,14.342474464434892
13.577895762388442,13.598978795609296,13.653029719026566,13.975709905945,14.082874232117767
13.337912570033321,13.337382874355196,13.434066113407301,13.751335637623448,13.864548070005586
14.359297116162502,14.64155570925335,14.890620616417555,14.75955954424935,14.920010497475253
14.837751203584547,15.257519908338587,15.581865011325826,15.767765254198714,15.878406972072419
13.678053638629262,13.739736320737656,13.855070912907145,14.012073491186653,14.16526794169896
13.902556046049959,13.960305697334595,14.343537031165024,14.668918376454863,14.831032003793013
12.279939748486296,12.339185415539092,12.564777489608282,12.808462051598447,12.901903245183568
12.314256871830281,12.404617924852825,12.631906964421958,12.917272392240541,12.995285482723009
13.24746777350424,13.286323106978898,13.367833893756474,13.514916399958256,13.641567229766725
12.91478669364985,12.964564486343836,13.049446111364382,13.297572980757558,13.377770896175445
13.43481332966173,13.478016819953861,13.680625699007233,13.866008743940352,13.925685385791834
12.116729451787691,12.318407503834138,12.523769275250945,12.770289788435711,12.824109112047378
14.36757542416353,14.549591143825253,14.607994945585526,14.746778959814776,14.932721802115326
12.88271304979254,12.93808096579598,13.117763851287947,13.321314453226158,13.404926396451486
13.741686282920558,13.781319353256794,14.005720313166089,14.29850250823131,14.295883038918937
12.532339013205434,12.550605595958546,12.87014876649953,13.191370844745826,13.332068927531195
12.927004267981278,12.985399077051852,13.102172552997633,13.249629608262545,13.331299980956226
13.666110306083027,13.76845724969567,14.002981940423595,14.225719468878829,14.36045313896588
13.467431659123388,13.498783094319435,13.589487099194736,13.817265648399278,13.983272135826649
13.531132087125712,13.537902069406705,13.609274101589333,13.943286138283984,14.076075686837452
14.387100823660496,14.701286599204618,15.16879046555346,15.431760113200346,15.501974399900867
12.355500032925873,12.450514553923266,12.681134159762543,12.81773067211325,12.882590730890719
13.796479991741638,13.831865116378275,14.031498887142796,14.23587068222201,14.26556420659993
13.525861055753726,13.516321273473153,13.642463750281845,13.989710743436111,14.134531356588862
13.121216146890802,13.195175465350847,13.377275059497405,13.507154241969692,13.581747063751184
12.87206009102908,12.959730740125938,13.095677446339256,13.231947783933327,13.329120190891267
12.555223684537905,12.57640434168463,12.934786080918723,13.441117056647217,13.594306220156627
13.671203517494368,13.642127962329054,13.68068855703671,14.151821033545094,14.244950734856829
13.86036206144007,14.028096529483964,14.27707686568954,14.360742995384154,14.465615050121365
12.892836945980395,13.004506614964527,13.094490419948329,13.267489035880006,13.351710577477746
12.928192630007421,13.019857995721702,13.132704525616381,13.351493230511855,13.473268623100914
13.674568227853861,13.66011010024776,13.772801291415615,14.050555680174218,14.220722039752198
12.808095954548982,12.910209579654177,13.03046672174355,13.197512394649763,13.283729662655936
12.658330152110667,12.677471363254746,12.950801633163486,13.219124197737116,13.359404062345678
14.757694329362275,15.15348711520929,15.604481888589547,15.69369367144982,15.663151459639657
12.862535936979093,12.920838679828268,13.090224418038634,13.244614496333977,13.34499011215754
13.231298615610726,13.278421138316723,13.45122810013979,13.652479076637231,13.754435145237517
13.435419764126387,13.484954432312346,13.700561120744212,13.872827159152905,13.990326110168494
14.63833344317181,14.964923016374005,15.173468689990766,15.347128130657627,15.372053690277028
13.665440822583292,13.808991766294604,13.877624759400474,14.184421848064797,14.289052228272787
14.008507309053496,14.155414348229886,14.078085572916113,14.271271816561784,14.49778176287743
13.601815031489572,13.665284674826673,13.740801343911954,13.821725034749939,13.939991805253328
14.112747614688688,14.337416982447168,14.733015586462516,14.996681356854875,14.95918660415292
12.052675478580786,12.247452683435833,12.541852824787899,12.795615592966254,12.901276776681502
13.454846813720597,13.457391258266469,13.519490037139409,13.894346470203576,14.007738602021291
11.989087908443878,12.254491441575508,12.4058772327584,12.543621166184272,12.672943865513794
12.49402444879825,12.546436913538471,12.734450778252613,13.145487417596032,13.258392694418669
12.562980336099827,12.60077189787661,12.729849667091818,12.957817880920079,13.093244869072821
13.55703090612751,13.580537171509313,13.552303361173477,13.925331163913807,14.002907200347284
12.334140972965638,12.395229267365128,12.833351183986615,12.94274833169647,13.007960128312728
14.026339147202853,14.090517960013166,14.2797330593284,14.410110687660682,14.606741045222337
12.809976826869768,12.88332876843625,13.039541498827775,13.191777307741669,13.278019571070491
11.823601081770516,11.970950732822217,12.248265314893114,12.746438890158409,12.83672742747716
13.455886165514517,13.560473977329796,13.660005471381172,13.876130149550763,13.851059131829887
12.547274615435562,12.656181809075106,12.839618496110926,12.997384740214118,13.092046296321037
14.714332143075879,15.132646578984009,15.639619159654938,15.699211379222852,15.660622006783687
14.713948081128002,15.068996034702135,15.218676780647078,15.449882520393178,15.439100728992203
14.03849190693835,14.093433151743476,14.289495058248603,14.364599112234671,14.575958567503257
12.642654713306547,12.682384533205791,12.826047132589387,13.026813371513596,13.125456346580851
12.352297198642294,12.436885086227733,12.637966852124652,12.845205267052869,12.943434426406895
11.425478608034943,11.6000405506993,11.960229188025835,12.187550118359589,12.424508630205905
12.435281789782886,12.491464855631573,12.731748118264717,12.92791614305089,13.008760639344533
13.857833636352979,13.92316480745949,14.135141895640523,14.339086118088858,14.488272331299548
13.773656025781937,13.712531181696088,13.779232985949287,14.13057469591569,14.196487029802302
13.142837900128402,13.21610894547133,13.358511513113921,13.503497478214939,13.565354533724582
12.709609350221228,12.722475239867446,13.158717059955237,13.291846121175743,13.500484042887251
13.28217339182548,13.28604438209572,13.37050054020477,13.56882137145857,13.642479814504657
13.243539702233416,13.299038744269447,13.426460019631502,13.707008577322313,13.839483088419275
12.865579864541562,13.057150015082769,13.430315906250542,13.558576282477347,13.560116755578067
14.667484260181485,14.963413611477334,15.256231579969771,15.486081805338221,15.571427744546689
14.314979128163465,14.573874218338553,14.66014532048311,15.054871260232494,15.164565837211716
11.93367319399407,12.09072701124509,12.250005880594939,12.403698589986625,12.480185145268457
13.351037733055714,13.383915520426852,13.608955417275983,13.72162844809661,13.735525819810764
13.844714838918097,14.020746484656517,14.270991589546625,14.361208073311275,14.456318529490588
12.156557841775406,12.2721790798074,12.59552117748705,12.745406999189406,12.820780500874633
12.182750349798841,12.265855789578044,12.477613558948335,12.588894687053052,12.656743939910903
14.465152556741643,14.694610510760084,15.04059095319409,15.275615139794915,15.345360602424044
13.654258765009661,13.76624246489289,13.900310963006167,14.002488138118458,13.9833879343953
13.38885946106199,13.450439553119622,13.62324173714948,13.748908714433192,13.777790846387898
13.700823098493032,13.753712126651102,13.81582899002797,14.04060657131783,14.238782659970102
11.89254462119726,12.06132483580595,12.419408045322687,12.68827499571114,12.783217463306851
14.151136556515816,14.33004901202822,14.68203451197421,14.872584571331114,15.025774706141796
13.691576889422082,13.682620323842999,13.803277288741796,14.054396380334868,14.263140608701907
12.915297146543615,13.013537921654716,13.116464219454066,13.288507382398796,13.393908682043634
13.709402420195142,13.69675781108357,13.875587140515368,14.267865731280532,14.415575343256577
13.194252302416398,13.230555881648044,13.335704016799479,13.59102706807202,13.690099961991365
14.818335936804313,15.03514190062795,15.46605711631926,15.690482431326569,15.808717926912653
13.748315872784698,13.765582928564694,14.005158141494487,14.300100866160538,14.29170844511637
12.362485891971787,12.604637328822722,12.808336654237545,13.00205957087656,13.061865060736118
12.549171439511472,12.572877236446425,12.874733369096589,13.206418070466952,13.35429423241117
13.463585816265336,13.477838231225542,13.56481843873217,13.899536921131109,14.04319319356247
13.435378864976165,13.440568234410662,13.541291525888234,13.758609129573141,13.8160909873128
14.893598782983423,15.416076514875865,16.052971335897585,16.130289097738444,16.13945705175975
13.327482959004717,13.400156138251784,13.479361302588762,13.676715477081292,13.785205605372958
13.589787899592459,13.624580530545177,13.629300899997556,13.995993462038852,14.089088188974195
12.185736963551816,12.247977181444384,12.588728571375396,13.028492354923856,13.040627914148772
12.655210330892746,12.694542073356814,12.972109186268733,13.220420205218925,13.362948534518065
14.444246918272366,14.60851599015683,14.813234304501924,15.042625977052552,15.197941273214962
13.216333729217851,13.27212974964213,13.485715309423158,13.667278219017057,13.755857876485447
14.799978590673472,14.987003723851963,15.358984836681442,15.612008556026286,15.703716672272309
14.909949228960645,15.43620395882819,15.964138615215699,16.124454982395633,16.15094262603906
13.871954509540256,13.908361957052811,14.084848213000651,14.227031001523814,14.436044379183809
12.018065150821482,11.983612422480377,12.492508672342005,13.032492074668536,13.234974376501249
12.097326509607102,12.181301028675936,12.425829761651586,12.549928265750474,12.630874779994297
14.328774006002051,14.614024597666141,14.911745742366403,14.795241062215606,14.939424054172767
13.021080767984406,13.06848059997614,13.209483080618114,13.441342862961543,13.536334538993996
13.72914593160332,13.746267126462527,13.823522998987741,14.180651996471056,14.253898792004968
14.00075649523344,14.146149670614392,14.28609277961972,14.236256729723948,14.334258962312099
14.03491989534079,14.144013740629745,14.166739199925253,14.296638245098837,14.535017961430267
12.332559348581883,12.40742312760226,12.632857807100422,12.815945127993372,12.910010483658453
13.149957111023753,13.162216367354414,13.260167345496658,13.449491016812065,13.537610537124682
13.502316167362807,13.538440850099622,13.686698970856042,13.785483438975358,13.8670988518111
12.305192637132258,12.37903392529779,12.61187509053601,12.81843581360971,12.894527397722468
14.167590784086034,14.335925076999935,14.473879050412386,14.38016660131748,14.551448223223685
12.195076960970301,12.292868670497533,12.574831712003723,12.748270680235134,12.825264473027342
13.972664137112059,14.149625074484145,14.293608007937976,14.441561104477914,14.481909466913084
14.862355527935604,15.253699427379438,15.641494105066515,15.855261715460415,15.906763630266255
13.432004684332039,13.432468658514281,13.465250792339981,13.808296137996424,13.926542758775081
12.138166229965243,12.291457018333318,12.491372676514892,12.699386534062013,12.831894862896027
12.651718639697862,12.664176017725067,12.925853314596868,13.230900165411612,13.374606960720866
13.644075942614144,13.675403811867632,13.835888092505286,14.043886038200377,14.210897422075528
13.591188859146417,13.617710551645441,13.78346085641297,14.003681768955879,14.142661213023226
13.609059935630246,13.67940953777849,13.826201849880281,14.066632135476137,14.024451524569642
13.844985806866791,13.869836634217116,14.119169957488257,14.432085192362036,14.611892116948876
12.494298127373234,12.536492580075357,12.797075212327215,13.168822998281986,13.299713035066908
12.171194765629231,12.301006828997668,12.5941833199916,12.760753353901524,12.83679635087529
13.58945533182398,13.607353608966076,13.720414475777169,14.032602944107698,14.178807439209663
13.48527712416729,13.491464935024922,13.5957291763525,13.935914645231644,14.073800925434098
12.681310796107521,12.750452433833505,12.92122239865975,13.062735942336523,13.15856553436064
13.10034657773762,13.167516433643092,13.201299894811537,13.462074209310956,13.57365912413729
14.748879735698011,14.901115338575558,15.071626162290611,15.298474501231656,15.410514816468421
12.871389096462181,12.984445477404947,13.04239096342782,13.20069291246761,13.302419188498039
13.233093526191178,13.301695257727538,13.481550719719447,13.657707931810297,13.749957542696169
13.461697821519014,13.479639296491571,13.58590999589311,13.870731503261092,14.030729535469035
13.60217844879889,13.692469543466188,13.753659544426501,13.933573045463039,14.044832137784956
13.473624803744023,13.504105881871684,13.715848138739705,13.887131050856128,13.933853506773616
13.726713012769878,13.74065253896649,13.78699478832215,14.106119247258224,14.195329534205772
12.173211834538828,12.330927917081103,12.65680340972913,12.82605429907209,12.876089375267771
12.30360072849857,12.403376724050123,12.681309183437318,12.83019971779627,12.892351212036298
13.601815031489572,13.665284674826673,13.740801343911954,13.821725034749939,13.939991805253328
13.620275075702976,13.708494781673364,13.86604611873898,13.964378281740249,13.944926793091579
13.558712427685359,13.572595672917974,13.613233419156634,13.98237931995058,14.066402160423518
13.601330611198534,13.690185438200425,13.864449156114397,13.947857097734616,13.946853312297044
14.66958635516006,15.030958450250928,15.47883367923241,15.625849337967455,15.54635633129804
13.750186173969144,13.814504387476156,13.842461475296101,14.119146584252924,14.321484823720093
13.147337820066774,13.185811352788154,13.370091496395752,13.553504862833373,13.651616049135445
13.996521925119197,14.140231630635121,14.266259198399867,14.182657134622694,14.28762126755512
13.78514075135966,13.726329018005217,13.824929869143809,14.165548315039548,14.239731706297206
12.249087795865885,12.35529122399732,12.574243783056996,12.745757962990185,12.832351212370256
13.45968430334127,13.579545558543902,13.685932492457304,13.877524389150054,13.833479178389059
13.06711431953406,13.166139181731959,13.29943949694856,13.416496136218141,13.478955052430678
13.86036206144007,14.028096529483964,14.27707686568954,14.360742995384154,14.465615050121365
14.129547119630859,14.256355996364867,14.251758429113664,14.35276147105103,14.632341267889451
13.553448954306734,13.608211847802728,13.723392691526653,14.053733960606788,14.149058520977585
12.657202765071327,12.688537221389588,12.976401132045972,13.207745818087432,13.36856750354912
14.74793366158648,15.177848759926427,15.73440333235611,15.824513288037167,15.805853968488131
13.318875956900467,13.32957441313755,13.438981585281727,13.760679522166138,13.879462617949859
13.200082657923453,13.21047096599592,13.314031927813225,13.50556110262288,13.594977478569374
13.61873464187795,13.699353008783484,13.86620003477572,14.054690539433874,14.054558164496271
12.244141434318767,12.423792719961371,12.648217906836063,12.825760216510353,12.90340859967204
13.462904010572945,13.469059093843942,13.629753602669142,13.80943502781354,13.96539897551948
14.054297796851884,14.179868113965746,14.32786028014839,14.235997608467816,14.378936399277505
13.698648402483855,13.82170010022203,13.944741158139495,14.047118160221618,14.047610835645862
14.303749562463645,14.407588727693355,14.507689693414422,14.710939452421258,14.791827671425665
13.608032754624482,13.692744772797367,13.853155140540856,13.927277149828463,13.895198150076247
12.289626079510043,12.416352104121705,12.562800719524152,12.757515948089615,12.853696161371817
13.483614309800426,13.54717833281604,13.778309967278751,13.922656656605362,13.971359312262631
13.094516298022677,13.113192307272616,13.294744696667767,13.467464925490187,13.601225133301302
12.178131078522412,12.290386043692262,12.392693217210908,12.541102186826304,12.643298880054298
14.30806279317978,14.569393819165082,14.952347759833962,15.165339449563179,15.297266250675957
14.428490544700523,14.583613153371163,14.787462360096125,15.034182227868072,15.190164954165905
12.30751154442996,12.37135166829691,12.68916481359458,12.826502945012292,12.891676859840807
13.576433324187821,13.654502400532973,13.807963128915427,13.938504687949683,14.064251808763604
13.530340262387885,13.531447812090367,13.65587150594985,13.924725659226915,14.068533836008822
12.840865174257623,12.907643971701944,13.236205287823825,13.429611905783311,13.493545295146568
13.694457651523692,13.737169698758144,13.947147602678413,14.111764714617504,14.239604394240022
13.511576624259373,13.538114831255228,13.587568925048576,13.985717372730733,14.051221787181433
13.860058156303278,13.885498481995716,14.085027428226407,14.167739574767316,14.376369839815379
12.718651118343914,12.84879688276537,13.063390128727514,13.217577768004958,13.277827255512967
13.369463540374994,13.465426063911618,13.65293561386865,13.782002958595541,13.787501124147406
12.537063977956407,12.59621238273012,12.717063301540975,12.956573313416328,13.095459853388014
14.533992901959227,14.865831459530508,15.141320804254615,15.209767438488583,15.26819451023178
12.564246058921626,12.632127153147268,12.798265428036036,13.078330984395091,13.213734741693402
13.095122135119189,13.181927183630966,13.31358476203466,13.42891742083349,13.503828928879742
13.744419679091237,13.770541535394997,13.917297901690034,14.116767447717066,14.28015944986627
13.646258736243349,13.736986229833875,13.848385529838609,13.991208719388176,14.083343777211505
14.428600703725465,14.548150126858502,14.654538775649243,14.931574376950081,15.088048894600483
12.798182636161606,12.875226090020657,13.027629576256526,13.165319117137843,13.260086897763589
13.017937195436998,13.137226388403402,13.22897504506987,13.35003026134389,13.43687445306919
14.872026878691878,15.352924416956478,15.845046931616409,15.968786783302706,16.03422682705774
12.874252464131047,12.91566667396734,13.20548225353686,13.527614550385863,13.552393730565983
14.394302934872254,14.710170914061843,15.241848548370022,15.504656495590641,15.546477030609395
12.557122235263245,12.652256748859617,12.89530420568365,13.076391218026927,13.173005352248104
14.031113098253904,14.242035971010527,14.743360328558929,15.086851865409283,15.073337973245758
13.5994027008209,13.670303088973808,13.771570329970434,13.935161907241895,14.034452621779169
13.558712427685359,13.572595672917974,13.613233419156634,13.98237931995058,14.066402160423518
13.01580610475914,13.056253616931174,13.230669569301021,13.378831463064108,13.454853201223166
14.31991871280741,14.61134353301331,15.028498615651996,15.283265542413558,15.304793831371061
12.863474986222467,12.996113174434432,13.343585062577798,13.725328334423548,13.808777715548581
13.283306001303805,13.35906165645379,13.504388986716382,13.698150360768167,13.812553107558534
14.489811148360715,14.783851659501982,15.079281002687473,15.12640271775868,15.148826278623126
12.400487951751803,12.471589595148217,12.662231505328394,12.844717619026177,12.934808223086748
13.370316703548774,13.365552482609328,13.456807751575944,13.632500928317192,13.722480114314415
14.844260878551605,15.28783100255923,15.775951069230802,15.869946457987156,15.997023509284464
13.407038003708394,13.46291656510315,13.622302229629668,13.860464167265494,13.993582706460597
12.359328516021595,12.421707402949792,12.64405939760226,12.817321731223979,12.916026203778209
14.193390678401862,14.410954269835518,14.566862135268451,14.470206518060827,14.623087956902097
12.850291039686724,12.947973974073522,13.043907067318525,13.264913686086402,13.393388123938825
12.605844327571823,12.80733740062718,13.160011302859747,13.318314304288016,13.355433788467383
13.74652052258721,13.82288423650559,13.833529198805827,14.117711745954754,14.310343025363744
13.552180253857907,13.635420370308893,13.697046281607188,13.920073197872473,14.014818553238632
14.306426339685006,14.549901920951742,14.752238792907491,14.602813713405272,14.771492369328811
13.12009421362898,13.151573541308125,13.351912658104451,13.532144343303159,13.641385377258523
14.5493340842303,14.856827234082566,15.142892429951711,15.219441697541857,15.279214143738749
13.187788408908634,13.243638463977984,13.380553396596936,13.609176767291052,13.69477882068204
11.37275303673314,11.47130673884136,11.776808028746235,12.10476691689313,12.37196671944853
12.829696491741366,12.890336693513103,13.036995606868702,13.404284956466121,13.555775500706176
13.629996894415457,13.658737302367902,13.946104117902914,14.35272718062382,14.500269782982196
12.536335890907404,12.557556359479179,12.891244444171797,13.201065672800642,13.348046448690518
14.238767482743835,14.40405089938266,14.575804736398712,14.744807492091395,14.791634960181568
14.326367591730957,14.590853846060142,15.014633255459902,15.19571120792298,15.322091981002753
12.261018925906033,12.342753961732917,12.568992163019963,13.00163687078237,13.087107140830263
12.307673052625125,12.410039777224313,12.622092808823687,12.82808470704815,12.877339805810127
13.801338107156441,13.894240294721758,13.884936788188837,14.125446003616698,14.394766942094584
13.606430775168121,13.655764580321812,13.721375417341884,13.80648164290414,13.921016024871202
12.286017444274055,12.36751061347781,12.60216023864935,12.853218698861705,12.964978092432947
13.327350794986653,13.393523676470718,13.489685581002814,13.649395546672213,13.75252501411831
12.73026109285317,12.758288010424565,13.07727748871422,13.444813345803574,13.517612461455471
12.016281529136535,12.165791875175282,12.388870377074884,12.525416885421183,12.595392343403475
14.071056836126395,14.217664261462755,14.340376430551167,14.307972476664816,14.444049240508432
13.56656091106076,13.62081194253333,13.678211200420229,13.930774496870306,14.036036673853658
12.537024905743118,12.745140724694041,13.089500601632093,13.20871245656874,13.265468365030337
13.2423268858089,13.261028000093814,13.325205804355544,13.53950958591962,13.647988689541155
12.891726206719916,13.004958892021122,13.07815510060196,13.252442466388722,13.357699885325058
14.432433899428268,14.692758810475388,14.965761999943862,15.329943992121109,15.40514035520679
14.877632250399866,15.33474205544012,15.742737132452994,15.829437816880802,15.869193175161435
13.154749420928212,13.225171215555322,13.31627794933847,13.587860143428065,13.713507850656441
13.243555708548884,13.31650687365456,13.41701471662202,13.688646900903253,13.812383326878207
13.489195328347805,13.529793219177147,13.573462533757432,13.976205082307905,14.0296066443348
12.869379092609442,12.970823728386474,13.056603201171516,13.310199056675504,13.456677717652088
13.469705387160452,13.56022629223336,13.66270045809424,13.822926218263316,13.923363403978207
14.39041924629516,14.715133160652268,15.228461824565233,15.498876305821776,15.494506204369078
11.992365235561792,12.144669112810341,12.356283681329714,12.515844915454542,12.58272628266764
12.281204986991273,12.357850687081793,12.609740414319234,12.793551175805655,12.870657650074845
13.366697499824177,13.350220814780425,13.464030367076457,13.716570202438852,13.849902403659518
14.757694329362275,15.15348711520929,15.604481888589547,15.69369367144982,15.663151459639657
14.283875238364729,14.59284054317158,15.004606631284059,15.25954808536017,15.260308547870068
12.493738396593645,12.517597111821336,12.717578840118342,13.126439476961295,13.249050181798953
12.276251265966827,12.34589467694845,12.796078187486351,13.264123954306447,13.261988921827765
13.34839067904334,13.357802046103817,13.431431897005442,13.718617988516819,13.824243235673283
13.592393552097946,13.617907633412045,13.779505909030735,14.006204816001521,14.161908337307823
14.891061552645894,15.372379708368467,15.898569275949658,16.025506034105145,16.130954925405263
11.651477983133397,11.774472672603999,12.031916574160697,12.429281243601196,12.584281679040974
14.364416738074578,14.679924479745772,15.085748863639294,15.32657501096102,15.475507686321002
12.334278577366636,12.390837443883557,12.62848388763802,12.956927898263423,13.06499026180691
12.532172705951389,12.520686738827877,12.828517040836669,13.242997245582243,13.337068464011985
12.86181941579978,12.94952101250408,13.083239028257239,13.239613671957079,13.314924950077952
12.142463292961668,12.258687843131714,12.404020778227615,12.545936094054507,12.642844235994398
12.3393746929703,12.412398600840167,12.627824514806914,12.976185649544227,13.110298962427084
12.824305317286376,12.901376701798306,13.012768416239187,13.166151870630255,13.274958026089323
12.765549934406636,12.847599560620754,12.986436929689862,13.113498606849857,13.213044809174649
13.085532007434995,13.146261431226339,13.478367127440187,13.672431689630091,13.67557685477519
13.484158448246887,13.573025093082348,13.761107945980815,13.880036826819016,13.988159626025181
13.635692584283522,13.685968792500738,13.731134630869686,13.837687473602184,13.958043190919705
14.008007253172302,14.173214073721404,14.469581450884252,14.914314872591676,14.924945621309893
14.432433899428268,14.692758810475388,14.965761999943862,15.329943992121109,15.40514035520679
12.269230641541206,12.388134543108606,12.79019347860531,13.014057813597312,13.047445603039321
14.629081015780155,14.933378948428597,15.118079133055833,15.259113793113361,15.308167709550517
12.78975935566957,12.860240251088413,13.010580771523582,13.16381368001646,13.27478827824153
12.662720504689991,12.678354335618561,12.960724293439785,13.226300447582403,13.380416734858677
14.196594168782438,14.412918242039309,14.751074543248155,14.831966992562315,14.993735194582092
14.009172436968814,14.123885153085732,14.31494676713795,14.43873682224433,14.455309446153674
12.375426521968919,12.428364979638694,12.672446581545316,12.839044013996599,12.924611196065186
12.61461730330674,12.68142922121967,12.93097425363578,13.132981629227377,13.226797054275838
12.420302434700574,12.492447537231357,12.67825664613765,12.99790578754214,13.096149010141906
12.673505426511031,12.710684239575373,12.910264566268602,13.282580382478354,13.427349980045895
13.815163136036029,13.872557829655182,13.897292818211309,14.11286327711535,14.393175617535846
12.023362180234223,12.20257639983027,12.405877427862631,12.52077061728668,12.585919555195098
14.384452152942195,14.581443423828711,14.665416558296116,14.87754104019435,14.944982059700761
12.262966854228038,12.386366815717778,12.553447258569658,12.769949062073596,12.871323802354095
14.328774006002051,14.614024597666141,14.911745742366403,14.795241062215606,14.939424054172767
13.169221758851947,13.233524918028511,13.418375960895105,13.591764779092912,13.690492427126438
13.25415131991307,13.250542632922357,13.382577457024246,13.648382015593615,13.74646999794711
13.071470665195047,13.158750471896052,13.319019696555284,13.41722481645619,13.484335641300166
12.66955576089944,12.73461126643694,12.922484657495048,13.070687295698573,13.162302671430243
13.706006719869862,13.77517735974006,13.81111542388063,14.049190157474136,14.245957122115888
14.74853969669884,15.09266547498067,15.24784905591359,15.39705425543476,15.439546331988765
12.743246721933422,12.84719082508031,12.944726428861197,13.117916080284282,13.181153001158904
12.546850239970272,12.638349956319335,12.797401894302439,13.035838611974217,13.131916295437417
12.651603487757411,12.67998630193957,12.953239319780538,13.219370426270082,13.368843894648004
11.895786561459378,12.11351914655193,12.394379223527505,12.684386561421617,12.792192816091365
13.404770535665893,13.46201168486728,13.582268022693814,13.890054578132016,14.054216981331528
13.18020160268137,13.215403567743259,13.423331681746099,13.59462974020974,13.701735762795154
12.333333130286439,12.409643559055862,12.652131265825131,12.826960059911116,12.887273532438616
14.5493340842303,14.856827234082566,15.142892429951711,15.219441697541857,15.279214143738749
12.853681574037976,12.846364244243922,13.212100190442957,13.355824676957205,13.506254046961457
13.05306311491391,13.089742951960435,13.302858943804615,13.470029588646439,13.570812648530001
12.78828775447639,12.835727398093065,13.222364661548333,13.36629758549275,13.444213511397127
14.667780309588958,14.914612921376815,15.054111072296616,15.217379534837695,15.316876398013186
14.480796343873854,14.70588352466466,15.086826867868425,15.242849277021222,15.28311994375894
14.48144737795003,14.772229720574206,15.010505033202044,15.058132915395124,15.077767699777008
13.467431659123388,13.498783094319435,13.589487099194736,13.817265648399278,13.983272135826649
12.282587181224248,12.377420745658533,12.533408709922472,12.750787856842747,12.833188351968516
12.501509648706982,12.515791426796358,12.893708757489168,13.3455430981527,13.465362030487704
13.535998938641077,13.568925170835255,13.744176194653434,13.898799143737085,13.947356328500096
13.729522179846638,13.753620533694107,14.108635332012772,14.43431808897924,14.641622721476278
13.463235267538558,13.480144520230708,13.576141048642256,13.874223859990416,14.01701657826197
14.049941679604867,14.145548788359484,14.314270223629084,14.44591699821212,14.673319854185202
13.480123962326378,13.635823539566866,13.669996980046491,14.023193961533323,14.10944745351026
12.413640639281638,12.528274223178736,12.765367564875376,12.920422305614274,12.996972756710587
13.545719745637399,13.564661789661978,13.711822097667394,13.986971091307355,14.098631519349265
13.473383747121453,13.518698593528402,13.699376318830105,13.874132073929864,13.911747661535983
12.301136744122523,12.400410430440445,12.637983358370793,12.965038953179253,13.049683499985209
12.7774291889925,12.75716344904098,13.120337618638143,13.458669463517221,13.574091342211954
13.850224759958447,13.90794950090466,14.082674628862847,14.47455610036589,14.60381576771052
12.844522360577674,12.878033875416882,13.147486780682588,13.395750470482438,13.484066861663639
12.619801569563663,12.762259519021207,12.921958741107739,13.36610232145237,13.434169044242623
14.364416738074578,14.679924479745772,15.085748863639294,15.32657501096102,15.475507686321002
13.743658015049384,13.784792976096401,14.002112987992955,14.302353533122488,14.298545411890139
13.285592521176543,13.367695598101953,13.553228131968346,13.791344225628698,13.918435594067226
13.895761991350462,14.058715028840009,14.308166809345455,14.569201571279859,14.699194556797666
12.73031824281278,12.844805829323017,12.974219123467646,13.213689571131166,13.35609534939054
12.323919308439853,12.384362636373652,12.584576825599711,12.821050504425402,12.922108088462068
13.513342001888867,13.51190316479737,13.643731375766567,13.865177413889779,14.019245158465383
13.165202944718676,13.200990174208233,13.292665979137976,13.465016515634542,13.53168395552074
14.31123664772095,14.562437094517861,14.937354363998145,15.09414173504096,15.245393760543891
11.360079703176346,11.475734643765367,11.778557161030763,12.10700487749828,12.379047859667615
13.606617917960188,13.60007422928436,13.717902747569811,14.04296837151449,14.196977407833526
13.035027727819639,13.132791639017078,13.254474455906958,13.374088733152366,13.456549143065917
13.497821452672632,13.542237068196009,13.714195890129375,13.897692692636282,13.948658876713756
14.352557292282395,14.619121738227598,15.077886668797277,15.268693216245913,15.36020228813874
13.750695879270493,13.746127231872585,13.73119923946621,14.063662044018855,14.131214351140255
13.635692584283522,13.685968792500738,13.731134630869686,13.837687473602184,13.958043190919705
13.498409674640573,13.539304683777267,13.628691470477419,13.911720440067622,14.117954967795445
13.569047199489301,13.578550418644973,13.617899921369123,14.097283907626807,14.15468329517785
13.129201639396275,13.156716638677302,13.339851790950917,13.51654538166687,13.63470875602711
13.022794416951061,13.148005680057345,13.230648147043485,13.33937283105119,13.435024699997442
12.35076799002662,12.50856720360196,12.800891784386799,12.919873936621494,13.0422545631521
12.719222250051752,12.824112274072403,12.972625233361505,13.195040421600059,13.335293850461515
14.36526892870183,14.686495649408554,15.097075833485274,15.344985295477553,15.493188409601839
12.932449892981332,12.965868261798844,13.113006186144746,13.306426255251814,13.377361603539583
11.639236388076503,11.780950257275457,11.997389603436147,12.344522237325592,12.543765478902326
10.979549803620959,11.13605479252896,11.5459370400617,12.174489511901742,12.49725681735556
13.526271400174291,13.523636270584998,13.547819065137233,13.933408931396645,14.028486894474057
12.287084406148377,12.39511885817231,12.588358229748883,12.810599272286623,12.921742503012624
12.373581511153654,12.438191806143642,12.683707646420508,12.83025424931212,12.916607076083721
12.136729123844065,12.333929058192272,12.587386132318347,12.903907263394672,12.9456393131033
12.18642991325735,12.313959740064806,12.556714248381214,12.728734560655734,12.785471371718966
13.312942281323409,13.37709996078579,13.529903860185552,13.664258012738085,13.78096491036752
13.336762017877291,13.381473359881474,13.544610619002377,13.87159317057709,13.97813047465441
13.510774417560278,13.557346623841768,13.739856022200762,13.927416747528689,13.968217187914892
14.689534805554178,15.092477005032208,15.576896537153281,15.644749769638945,15.586353903763966
12.723177463148392,12.77993449946569,12.897954759635226,13.075453661971629,13.177431449034351
12.677192647690463,12.748361568826187,12.9119763648533,13.064518356785548,13.139922161586231
13.120797221696122,13.184465776634333,13.364251910371706,13.54397711745267,13.645160182597293
14.195695669250432,14.370426585437004,14.498999303478595,14.398976549114533,14.574496147937264
13.036663023479242,13.140971090914954,13.253890102617751,13.36747110334445,13.458253540448329
11.890659515247984,12.083540574250929,12.37430211695246,12.683742075988064,12.795803052124528
12.063725139554698,12.196820332550704,12.547268527162935,12.695839651898012,12.779426990336743
14.0037708206298,14.116145077124287,14.285980624615348,14.446586807601964,14.431234532126624
13.169102310558365,13.175200325431483,13.412564214658993,13.562529717437666,13.672369360822618
13.618596058041103,13.649434177990868,13.774967643023793,13.834279267069316,13.94449085365661
12.29757663684033,12.465704655539108,12.813268789828793,13.21957037523792,13.412999148789
12.214672186639223,12.332229456239459,12.50278280125227,12.716013453730007,12.802374314761437
14.851433409387274,15.27206998748186,15.621100432428019,15.808097297487633,15.897189799234866
11.79213124698799,11.913582922183505,12.0882526594221,12.350704328121962,12.52395936932842
12.649313342937711,12.69145669030191,12.987330488291807,13.247459253203992,13.378218612041277
12.92823396322906,13.015710837494042,13.101644809838026,13.33494818177354,13.461662259152751
14.564272804949935,14.672615477112666,14.860544081171131,15.087364898671071,15.086759462021028
13.987025180403817,14.088234434890206,14.193562543551,14.309467510400758,14.48168000487065
13.759315532595718,13.748794623304644,13.77602948383969,14.123561767919501,14.17276451849703
12.258340357603124,12.389316547766573,12.76228525221551,12.992067913893667,13.017404831898867
12.778314474387582,12.872113423946832,12.975073023400462,13.144259430736046,13.249088484782263
13.135146849213932,13.149497800400685,13.33643449389082,13.541510862941685,13.632973758627156
14.712016215180345,15.09556461655172,15.618879882658547,15.692821045383761,15.631316093224532
12.279186716521705,12.399034143210251,12.647006003965434,12.829742518720447,12.920526587875006
12.505725746717482,12.586223375901668,12.946190167988252,13.205891204591888,13.333877315687076
13.714499388267742,13.871873359960654,14.076908066819506,14.31330445699179,14.476932593595961
12.532799956882688,12.595813390156508,12.868892402108628,13.017029590998725,13.084889083461054
13.073081429102142,13.123445398772823,13.305272567134562,13.503575795010498,13.571233987916909
12.845422217104527,12.869430711486839,13.094679619419498,13.389575560458246,13.485958755887204
13.58491203179679,13.610283719302592,13.710676408288203,13.920698616082007,14.074534202011677
12.939641154098924,12.998466195881864,13.103833152865018,13.317829141852563,13.42212490653869
13.649413512432645,13.686482304744995,13.813364636336793,14.034805245580284,14.203997527146644
12.54387387484158,12.609791559237031,12.71784064332341,12.92145826165215,13.04126047185861
12.573935579232177,12.61942358372958,12.75814286734417,12.97660180957218,13.11791006994746
13.544665171751546,13.540264630644687,13.681012957736948,13.883305335331862,14.056712381593158
14.315705631081439,14.575986560695657,14.781134156554677,14.645076013310163,14.842154524889915
13.263302086487787,13.291215617478613,13.376103431460528,13.55177724509526,13.60634273403114
14.687990140966084,15.09492685071319,15.577489533030569,15.64695996306169,15.585910438373636
13.700640548030183,13.76481085425361,13.824414663652412,14.037113960587412,14.226144680017176
13.76990546258736,13.829938517646628,13.825026275762426,14.122409398310829,14.325088571301455
12.644355241434113,12.67295462438815,12.925363496327808,13.204916922198215,13.371031897105208
12.22541143004387,12.296177154933272,12.488607616094237,12.816756433292982,12.932246806425301
12.26438109967165,12.391837503816422,12.56966657742504,12.755182464340876,12.830651787916949
13.38848568209671,13.39269847429473,13.549885217427752,13.78216888368506,13.952875756926517
13.043313637076281,13.0552883966058,13.184235569161155,13.352960125796827,13.498952306811724
14.572899532068837,14.857414799343587,15.141558689847411,15.213502963905942,15.275136968649024
12.458290541501952,12.508320396851293,12.801270074702952,13.020860983364301,13.09297673950399
13.493054700225564,13.512510897976451,13.705215693072965,13.888608992182949,13.948764687054393
12.554785970382515,12.64967899081739,12.845162529976813,13.107628655747721,13.227335625892318
14.275156538443806,14.484371801019012,14.650789358942319,14.527129364568953,14.715303963658059
14.468180431832792,14.675301981984202,14.895675716264952,15.136627832911389,15.3643523860451
13.4694090979823,13.506461878668592,13.684611955237713,13.872618118730056,14.016251881990566
13.421971813688282,13.523225472315026,13.660654410909736,13.977576091374623,14.091095372848121
12.505248838245713,12.514776275856544,12.891522315148455,13.388732184187688,13.53827299411522
13.71247773265593,13.76407853103861,13.83213950758866,14.0354061573398,14.239064742106885
13.558712427685359,13.572595672917974,13.613233419156634,13.98237931995058,14.066402160423518
12.255943366862471,12.39719667977528,12.807975267241172,13.126876945978093,13.13184724897032
14.298254579224725,14.54902193444859,14.890163799610676,15.106760221568539,15.189227788984166
12.151106268123534,12.276022131194761,12.617629450721203,12.773569068149975,12.843798843512658
12.58775102568898,12.642410008839768,12.796651605722905,13.09093560004392,13.197390046895773
12.228231344691892,12.27809251189915,12.840257265177367,13.142965318080819,13.185226917899344
14.025791163896145,14.08770365963067,14.306578136732234,14.401127324789837,14.617807370086656
14.18471460605079,14.336780200625936,14.464535481015556,14.395792788359174,14.553807407671297
13.597075480374006,13.62999684528332,13.627953169177827,14.000420515981773,14.093183193315056
12.958750882532222,13.013549410590278,13.152211567387722,13.286198706668108,13.36901381104159
13.184714014913085,13.214614110292846,13.28738969721479,13.595482821938072,13.710675135170105
13.218365585910863,13.277370858538426,13.385137715504092,13.64568427665921,13.75550007707752
14.75667755432769,14.941569289853717,15.1919083855094,15.451470238068392,15.541802038474586
13.478345645558397,13.498566687381796,13.586334283550755,13.833498659712173,13.991940937985312
13.734301042008294,13.862067489480975,13.988838670291187,14.08828721584388,14.220380591394518
13.120003475095913,13.144166736424893,13.351916546915103,13.544256027258395,13.645138834661461
12.054480013091334,12.232055397889525,12.429133672508485,12.607160614972916,12.681869176401694
13.011052319811236,13.121649890358594,13.230539949048083,13.337937619143172,13.421155500169625
12.314168065391645,12.394917527981814,12.626411511548882,12.806348103373963,12.867327820974534
14.854304321517539,15.300314477526644,15.555100582831894,15.842974063299522,15.733702536657095
14.86763647204481,15.389054682254947,15.718465591175683,15.915771522280702,15.947866077695497
12.357575732028318,12.424053021304443,12.710660126052938,12.8723830535078,12.947337399330351
11.711506644566295,11.816350284613698,12.084224541524723,12.303014147343113,12.477615558226223
12.287824669808158,12.383375528470392,12.636350839194264,12.83621531802376,12.889806800070316
14.867194548904646,15.344016162987248,15.789919601380923,15.884323136075478,15.889856502848584
12.240857021569074,12.336973141474921,12.538699647257141,12.764629592075956,12.845451299845926
13.482840643585984,13.501434933395547,13.686371090565519,13.859349043705011,13.926157277471962
12.261218657175712,12.394511638445543,12.663896139836694,12.910793576801122,12.953351298436443
13.808422766955008,13.914990730804565,14.045846739646649,14.157853971281163,14.274790642961968
13.1252042548013,13.143412849367195,13.266815440595662,13.463733488112346,13.519798129831031
13.700813577846546,13.75052569910637,13.869796938336247,14.04940692424406,14.202419275350207
13.72174459632462,13.713103036402327,13.861000607470228,14.115654067773916,14.286313526630533
13.608158858670384,13.597621972926287,13.718610802636347,14.04455531240574,14.203689056370775
13.04637985300537,13.135121259506423,13.315849568183207,13.406002113848572,13.467699539413527
13.446255608830596,13.61785243693919,14.083949578728472,14.863753388128046,14.931265963130947
12.059485242837269,12.167477510228697,12.304860001825842,12.604492389366506,12.820039871145042
12.172742667583162,12.306325404567602,12.499044228969478,12.630773689722036,12.680393070980491
13.847423484582121,13.87532951731182,13.970112325296704,14.276443594980824,14.366791757878172
12.927774594785872,13.014237929948312,13.131559517074145,13.26069829738832,13.360126020571933
12.37456562056611,12.447166471956944,12.584930948951133,12.833000586547916,12.924768121474962
12.282591885446978,12.400914062610596,12.569524722344113,12.744075193697055,12.83455810668142
13.108394595403272,13.114613911134771,13.31554140879998,13.505633131324132,13.608320156056603
13.516969249807493,13.525918609656493,13.55128019467692,13.903771281550977,13.959212829452456
12.879731261698877,12.976680391361924,13.085415531008762,13.293679291749948,13.415794551526476
13.813432241612794,13.907668767522882,14.0667489855228,14.085216762517266,14.218055467266755
12.927941341079695,12.937836834598922,13.229542233761137,13.512333304582366,13.610847819519801
12.93831548179465,12.99998701473738,13.27148762304908,13.482719194069368,13.652416382300654
13.618060504246298,13.703375765408154,13.770558297039639,13.979106148361153,14.056207613475774
12.320438133811374,12.394763294111112,12.667372200438887,12.834993256166769,12.917703955779324
14.568339659415663,14.699301136399033,14.87464476517603,15.09187313146074,15.12440685061583
12.249198403306082,12.314531786900893,12.58126298615474,12.778172748877303,12.849647670684597
12.93065498294329,13.007618079068497,13.214015025185702,13.502221451977189,13.596092497559308
12.602775952361199,12.618911615070612,12.826636582413904,13.292728357996788,13.334353733238796
14.359297116162502,14.64155570925335,14.890620616417555,14.75955954424935,14.920010497475253
12.204522587046043,12.244167197149325,12.47671619469478,12.749804214873775,12.850523299774718
13.392745061044199,13.415570721273292,13.553399236778574,13.82062772497855,13.943761613875875
14.456379401285865,14.706388460911096,14.899106342378236,14.962133593215205,14.988514435412302
11.699207786027312,11.785158644437857,12.005837474804615,12.326415422980858,12.528498570184665
14.866139084671211,15.286387480951701,15.638109401270185,15.818664237343363,15.913042600361631
12.392217081430674,12.44927812692314,12.71991253443817,12.88966391899183,12.982215953456231
12.402634573112786,12.538530316470236,12.812360959117775,12.929604108552715,13.001537059584816
13.57647334826024,13.593007560604198,13.635029179842983,14.129079557319386,14.186093173418053
12.356467721087506,12.453314405664717,12.672726627340651,12.836068506588695,12.925848676110181
13.306626919357923,13.380211553766706,13.507478988146175,13.68734885017216,13.828032634480794
13.329264852515756,13.35325594245303,13.457424057974222,13.68187684218325,13.882267608969041
14.586607761048999,14.860336806926831,15.041457246058327,15.174236448900928,15.23870394187729
12.207368834499745,12.354229003103164,12.609667867705657,12.692279317371225,12.728204518676563
12.631239888279788,12.692339748909438,12.963565165473703,13.21879335027424,13.376848738670798
12.779107533929462,12.853798494106954,13.027495233925535,13.154573273585944,13.244870615704695
14.348664850873337,14.447129410921239,14.590452197643803,14.889037946490264,14.946610267636585
12.750536714869533,12.837977906259677,12.989123143081724,13.208345373672685,13.317575410049617
14.609244887190428,14.854256906387235,15.034103227140717,15.155046252508093,15.23480025163334
13.635692584283522,13.685968792500738,13.731134630869686,13.837687473602184,13.958043190919705
13.719820376494258,13.730900586349676,13.731064981151757,14.05598696703052,14.126171768703287
12.228202866392781,12.373053218903864,12.59357208010061,12.804342924392913,12.851898742028748
12.329199323223403,12.570127679711765,12.732325396059323,12.97017604195458,13.06079144552768
11.94747730285043,11.973044858725284,12.54632853786601,13.046084068588819,13.298391462582178
14.493867484354617,14.783785080830274,15.085163312364969,15.13493976176608,15.155862772591494
14.858169195908477,15.315973499254497,15.678018557756609,15.79753390395128,15.806982336556793
12.684137791307549,12.762201512093583,12.916558559350927,13.102276718143585,13.20725060697707
14.484284092290281,14.805782592159119,15.073902998774535,15.146521201167701,15.1830687713523
13.673581076651853,13.685637959616663,13.76793130301502,14.174277847616967,14.26568097148299
14.879555094357544,15.343143119885006,15.598769132480152,15.791715398100695,15.777940341158006
12.956512450907995,13.069689354492638,13.212849744556316,13.402256877072062,13.53525649665277
12.87809652207466,12.906795774174569,13.058964964410807,13.216471080483814,13.293411753611855
14.278465140961236,14.361029989277721,14.535800907724429,14.756083827072242,14.790424321693504
12.617484325119658,12.71716421809483,13.1029953064517,13.120678722139463,13.2097341551055
14.117290297635389,14.297326280379412,14.434040326122583,14.345257187222975,14.490697213777507
13.018425701799604,13.090733204708023,13.304171883151982,13.488721263702992,13.626313460180567
13.647276437120357,13.632046384896663,13.72150757400269,14.046427503649282,14.199870932038309
14.920575905414147,15.469659893887563,16.117561340551333,16.270987600843654,16.399973619066984
12.990351166423187,13.016133198339826,13.194298019332209,13.462516504786597,13.54635684079001
12.024811250911698,12.192055518964233,12.35554388865242,12.509587312029288,12.598095195263895
12.22498442243647,12.352652054876742,12.610987025681466,12.787830311211712,12.852648133370732
12.428313231448117,12.458995507802406,12.66367696505565,12.85293941323615,12.925660462178142
14.855149135795362,15.299010780079477,15.519844694546515,15.741931752037704,15.707126601768264
13.347887474053405,13.40993381753894,13.526921357823763,13.880048370637546,13.972024117339458
12.400188382426581,12.465229032264485,12.740372048018523,12.894828050430412,12.995928452163941
12.940149801853671,12.994307717149674,13.312487981178904,13.505061374851508,13.659341830096213
13.438347885770153,13.43481465325498,13.52176901441985,13.770405355407075,13.812026876127195
14.393701695544983,14.585367096933487,14.625896442635973,14.839196202801297,14.939151235107527
13.76595053920521,13.72279618218384,13.809744406091713,14.138543186345888,14.224751604586789
12.86399864179506,12.964353331992562,13.180195092625308,13.397282287577067,13.44283754664383
12.873511015792436,12.934661850457655,13.092844580404957,13.225766874191144,13.317948416754998
13.000269073930824,13.042439040588425,13.179919518795245,13.350243686985092,13.421155548017769
14.148174917273714,14.283215196119702,14.432268225209121,14.358874558363166,14.538984706804335
12.528665266665664,12.720378773288544,13.094940112932187,13.214531618416867,13.257419515848843
11.355754886697571,11.643499552926091,11.901143833317608,12.123706994356766,12.702289307451355
13.6857445186134,13.760936339498743,13.808999581288926,14.011289358600067,14.204875668209661
11.920385244046733,12.148713169986733,12.283528305606211,12.406102325197097,12.499344328901431
12.186249338943245,12.281315447679528,12.449125176545294,12.550825542781801,12.631134061719521
13.380478754545031,13.468407012590262,13.590847860900567,13.725197229898246,13.818779411719309
12.727161270240424,12.713605865320673,12.893885121849927,13.369200381413037,13.46035265637774
13.616634891453128,13.710115591104504,13.778754032671692,13.929883480124014,14.060047836837313
14.000905387632004,14.17469735497109,14.383525816641365,14.617892179950912,14.759240757593437
12.515279865605503,12.62611837298358,13.043664280006343,13.068857646988427,13.216975959416981
14.348101554004078,14.610277736780247,15.021335602728692,15.254028673392309,15.348725899146357
12.861659886412866,12.975795167968695,13.11052681347799,13.255252374244975,13.335399728016043
12.44106402969685,12.511011080130647,12.730029811628867,13.027979337299225,13.152491884344894
12.748742661079795,12.82119229206912,12.984375348891081,13.114748447611998,13.221377337505933
13.569521715338965,13.611284696478755,13.864775852551498,13.978069484376181,14.026711016763109
12.334957972319664,12.388155841859398,12.686061753125353,13.107229110685722,13.176224491217678
12.548912739465269,12.669745953210366,12.994022777548938,13.197405020598719,13.273746346084373
12.205553420227321,12.348699759222644,12.642972341066162,12.733388052027847,12.80271692996871
13.299817265967683,13.336477909045374,13.399629450553869,13.577827285409626,13.689123600888276
13.493650190215394,13.537174860363852,13.630995482096111,13.90482838668893,14.04437977877603
12.431067865357832,12.494081939764975,12.833205319552208,12.946910375293175,13.030025545288252
12.42883748364451,12.496054423501217,12.793643932774653,12.971767411181492,13.047643555270673
14.86366103088308,15.329281088308608,15.704203744321013,15.865064946345548,15.844976038604063
13.601815031489572,13.665284674826673,13.740801343911954,13.821725034749939,13.939991805253328
12.441258809084335,12.515611722536065,12.74997269310278,12.979759848238213,13.11232946730357
14.533992901959227,14.865831459530508,15.141320804254615,15.209767438488583,15.26819451023178
13.599372424191962,13.624426566814016,13.725396645991985,13.982798547409088,14.135123147548118
12.103639134085409,12.245495613562408,12.439888666080805,12.558879781232962,12.632502961323752
12.6424097052141,12.657633486398145,12.925622832792635,13.253718895435531,13.372250610575282
12.2580214045962,12.340589537119367,12.5194262968716,12.775978388948412,12.883305330107955
12.534947308841236,12.561783174769419,12.87293930871187,13.203211719390591,13.333800146712399
12.53636828298509,12.623746074057014,12.762475175948907,13.00847129180057,13.069980991107446
14.184851363052992,14.372021616088453,14.481896624131052,14.411037431508204,14.57380897024077
14.152060007368956,14.366655198990234,14.524218143152005,14.668196871258578,14.637481631285732
13.635692584283522,13.685968792500738,13.731134630869686,13.837687473602184,13.958043190919705
13.66272186551311,13.836354674147618,14.035879425722161,14.256458337042435,14.241949258449878
12.978078412435286,13.013526954822414,13.407107610380212,13.94715710683105,13.984680334452186
14.427823133304022,14.63516257015129,14.721437094814803,14.97486795782393,15.021085548682036
14.864152313365173,15.344938934841204,15.744589980539429,15.885907876396615,15.884526222085055
11.913231674452756,11.96927351035254,12.278108334580734,12.641987849469356,13.069323526744848
13.70488964581115,13.77594417990544,13.896299662548891,14.16852019449566,14.131372943376359
12.533878786200848,12.61688384309635,12.825865037023757,13.042663009749695,13.15100312184591
13.626080642695896,13.597137810896983,13.625609904424323,14.10758626144929,14.213007535961637
11.806916423881365,11.989017586885936,12.170322691189167,12.412225378069007,12.568469985447937
12.74794682883109,12.872666084814064,12.995598077704045,13.226310749538097,13.334404800994534
13.42162312299123,13.476522996097604,13.652691610558641,13.816345262810763,13.941324524847678
12.195639255564755,12.264280414383403,12.636017631430274,13.1234650908372,13.158353823954204
11.343808533615793,11.531323109278564,11.861471826117317,12.10253246949545,12.43822822772438
13.62159110971758,13.701118929508866,13.887284803464759,13.93674703177374,13.941227669355733
13.592625801448424,13.595119811247386,13.621563248812638,14.104392749903942,14.155492524514631
12.803682632533654,12.867144243014916,13.043076437348187,13.266740115532905,13.39485484252562
13.463592328862497,13.52205142558207,13.65586755227204,13.917553035255333,14.01817265078215
13.552180253857907,13.635420370308893,13.697046281607188,13.920073197872473,14.014818553238632
13.434684084314103,13.426569613360662,13.586221629487802,13.799142819017046,13.9732462187167
12.874032205378665,13.065094626853632,13.422291089531099,13.571666274837401,13.547415996303743
12.2462832596524,12.35818833060759,12.620093148073364,12.963512840976293,13.032810322692558
13.762388187067868,13.750917737551987,13.761283510424377,14.10744992363853,14.199297595085255
14.885262523498454,15.36449078503356,15.833607739692894,15.984542286658304,16.051387024133014
13.475443306932993,13.525196726264056,13.740421855521785,13.966380036792,13.975137707493115
12.585014860113294,12.632003195371317,12.763923032241212,12.98381077151878,13.115696240550262
12.507577476893601,12.490693221033876,12.79645097507547,13.111243433684159,13.256279058124775
12.266778191526859,12.384275491128253,12.574282345007617,12.764363564165716,12.825132882098519
13.768972088017527,13.758408994659945,13.772089816437772,14.101358275203534,14.193350895456561
14.688424612852804,14.81967148999639,14.982831908839987,15.217102693675008,15.302175156612165
12.232825632877208,12.36061039895317,12.575752632981903,13.031164866724396,13.026868608675292
12.294510842621456,12.386738283464894,12.58867250552164,12.787046323926024,12.853977534846898
13.514641002865304,13.54728080777318,13.720357205540711,13.95127005474013,14.07216315490809
12.774670708641066,12.750479488787462,13.155879113759195,13.42550040467061,13.556193138279633
14.726236314305666,15.00717552727351,15.395163409923274,15.624851253282603,15.696316088021094
13.70147144090663,13.74648477349363,13.921593814112125,14.074361810770808,14.228496281096827
12.351943039410523,12.428123690435509,12.653383235426682,12.861426803840482,12.969486896984822
12.899003433663955,12.952741797672058,13.31203336008642,13.49261872793028,13.539253713400512
13.233093526191178,13.301695257727538,13.481550719719447,13.657707931810297,13.749957542696169
14.003341860528405,14.164218672854357,14.372049439386782,14.59200141914408,14.697168478271244
14.869319405277444,15.349133940558675,15.828278118395556,15.961603870179525,16.030778215604677
14.149801863727177,14.377727390221661,14.630980561707954,14.781861019533238,14.913089908613056
14.88276835700179,15.433107997066525,15.915364781400172,16.100930784480486,16.111473285938327
12.649128656450578,12.687429423606563,12.963153613651592,13.203527084278498,13.371132361887483
14.875797491419329,15.283832732820962,15.499667137330402,15.69690924891562,15.672433929105612
12.531814421784041,12.567047011046757,12.84393436983527,13.219004665613124,13.367887149999271
13.01403925591671,13.0446238565265,13.240969242248898,13.542567526749306,13.64528518062723
12.390696400105803,12.497878150752832,12.926774876956454,13.421088670191061,13.605535671731449
13.147456075440918,13.213606821344918,13.327301716561042,13.59128755283518,13.712916834959177
12.578237911492081,12.62991185460271,12.74639728202973,12.95773196867374,13.049196300975984
13.547120316037814,13.546274888778218,13.638605826558127,13.967551737787488,14.133504729610044
13.747748276152276,13.880953235272571,13.930533177907408,14.245525911926258,14.341461206959032
13.205139746042043,13.243316006787865,13.434719829794034,13.632409184883027,13.739357667321212
11.99593369693008,12.14101636809406,12.329722782719344,12.501456309636335,12.606484206200584
12.22484269163716,12.353767876173558,12.509352056598935,12.756534464543435,12.81583857891329
11.667165394795488,11.76563479929131,12.03555588213661,12.347675307604515,12.585067091718745
12.1627410009321,12.342049274147765,12.513296335261856,12.753254374185925,12.808523660220539
12.148860550633486,12.33447557283789,12.578947717091847,12.748453459718517,12.797568885029856
12.911029264972807,12.971721641142299,13.112402127931123,13.456078997775126,13.622047626750419
13.30970806767533,13.369069208866833,13.489126747865019,13.703441344298351,13.800673905701348
13.156190338528388,13.170124304621574,13.298498456597173,13.474053991564102,13.536764536896715
13.790313320280308,13.841058860719151,14.025953264081862,14.231360104056069,14.26473799197715
13.563881207732372,13.692758499053754,13.717031853478254,13.986839514971406,14.048531573037138
12.193281226188951,12.297277651528061,12.584688608495568,13.097937776254719,13.082658953463692
13.513342001888867,13.51190316479737,13.643731375766567,13.865177413889779,14.019245158465383
12.7281412793273,12.793143776720251,13.133867163360367,13.272212423301626,13.4435519131938
12.396724954925691,12.448464467919862,12.733191897548679,12.936723223604595,13.04201258639607
11.752724037481709,11.88751779047298,12.087424824734182,12.410604622392452,12.543134504376994
12.59290851201748,12.71947504873927,12.936170063992602,13.141263420254944,13.207528059887608
13.12811221182583,13.20860188352318,13.389675343675416,13.57586140654616,13.683249008934112
12.144530718805782,12.336260372378431,12.562904867101576,12.752392458144728,12.798233685528494
14.325127005889758,14.601703271556298,14.971191291729543,15.170565370773641,15.302944309014318
14.129631800209602,14.268924950641804,14.307492431674355,14.348886151383212,14.640182852816848
13.85741393164868,13.936368960667808,14.149844814467968,14.352167352851222,14.495122228242984
11.486720404127428,11.52520457038644,11.865480245394288,12.26713869684064,12.498401216816301
11.68774412728719,11.794452202834396,12.072309289396529,12.392405552070151,12.54943857848912
12.424381359479465,12.494293140845286,12.73695558502994,12.883310591353696,12.9670863405916
14.186467430682121,14.366249702198258,14.482814234537575,14.399283826468729,14.560945746632905
13.446853275811556,13.455631295874044,13.488770680755882,13.833082662346163,13.953974509341396
13.369023781961381,13.419761642144056,13.52339526269553,13.73063286519285,13.745616593803849
14.383193455073917,14.63009503815439,14.805851979448393,15.202038846363765,15.27107961256579
13.74533433989333,13.798198297499688,13.887137176832097,14.117135024838436,14.307996459815929
13.53300905426904,13.516763559728876,13.580459971693953,14.077650473477124,14.121568926155197
14.717063506398887,15.003529316515333,15.334595839365768,15.586399184052613,15.63639912981858
13.417456408716362,13.461298786268376,13.675074001326056,13.835264113085138,14.017786954854808
13.736365138795971,13.710576549605443,13.87228108344014,14.093453251506421,14.27677208559022
13.188832793324337,13.233627360452555,13.430656302754656,13.610364811611483,13.724526072262226
14.356909140832784,14.626743244569429,14.852761233140757,14.739647207332597,14.91300074443572
11.94347861559562,12.131863241014177,12.29067128255388,12.463043779019106,12.56502158755249
13.18585486585576,13.326903665076788,13.75817070066783,13.89229256593316,13.926579260003612
13.228355520320164,13.29127827563872,13.483294985744482,13.644862294050963,13.740516938354517
13.612102238162155,13.618732731059144,13.717331899337228,14.01332521986378,14.172898417074055
12.958254729479496,13.011776026825153,13.14627531643755,13.286301481235068,13.366913655472029
13.721754511350404,13.828358181009378,13.945637308614414,14.040841464007844,14.159834976090348
13.749774498610446,13.810412798230633,13.992832953716343,14.166754992619646,14.183049505876692
13.172928447042842,13.257380961581566,13.435233931472174,13.626310331511988,13.782047015399645
14.22214802970668,14.458722663084071,14.870794798955384,15.133826870790013,15.109054428223738
14.594373730355926,14.827944821736526,15.015755078724116,15.249813084345778,15.395379064349424
14.920575905414147,15.469659893887563,16.117561340551333,16.270987600843654,16.399973619066984
13.741686282920558,13.781319353256794,14.005720313166089,14.29850250823131,14.295883038918937
12.246082407203623,12.256592881287972,12.793383856966773,13.214120800489752,13.400601696035867
14.513396061218947,14.817805055324301,15.12087538674289,15.21888896212401,15.243913265876056
14.570926499914881,14.901855025500398,15.301127430591897,15.511443189067762,15.627268862322348
12.80944381749671,12.884478723694203,13.036727921959333,13.170104948376498,13.28122251818375
12.812388189808619,12.957930918752274,13.062448249257109,13.356764607420978,13.42577852836535
13.20435126237491,13.256913307224968,13.389698121233438,13.599692689616042,13.71094307444621
11.40052543223769,11.592496375950187,11.83770668691222,12.185991353086926,12.61041259524077
13.23398832624135,13.292743072645402,13.4838413600841,13.661106618205245,13.751969382503297
12.48803306719038,12.49498908130668,12.826484293647784,13.12602736745535,13.272415666209666
14.066760634802657,14.183793263775115,14.397856703823916,14.388751161830946,14.562318350389234
12.068073988667633,12.286511331378174,12.475196907510949,12.619560671281443,12.743866947723575
13.459750411007406,13.467100616564522,13.551370870082781,13.897015442869677,14.040386378805366
13.20918076907815,13.225197262362478,13.349178847596443,13.560008370974197,13.623643478578794
13.119286855335435,13.221061179634713,13.379990232492752,13.69157955844125,13.822259314355268
14.309442392856141,14.573685322799506,14.837833495325256,14.717743888436178,14.89414017752672
14.432433899428268,14.692758810475388,14.965761999943862,15.329943992121109,15.40514035520679
13.392238808584617,13.444851578053871,13.548799815385404,13.873173426742829,14.047499183658843
12.279860749631972,12.38186828130811,12.528225210172694,12.772998550665754,12.882631875257736
13.502757074453026,13.523131024005778,13.67319341436241,13.901189102980627,14.049568800590201
12.25904887458329,12.326048286315519,12.597494113118309,12.846464982885037,12.930109463702662
12.313875798777943,12.328408504269337,12.75894143382171,12.914932644613238,12.996595456702686
14.762018739846251,15.127604300314596,15.371198764632382,15.497748038026115,15.558155044372931
13.783383428480299,13.833261234868004,14.0165483975527,14.17771823735259,14.201970140082935
12.611390187923636,12.698579770480947,12.98912380420576,13.18429851516056,13.302913737340216
13.186466558320163,13.227028032091374,13.38819000887149,13.560479678013976,13.672859439198799
12.10579618342263,12.192590124677963,12.419860160439583,12.606092013075132,12.740624755883147
13.154765041372873,13.193396799785429,13.426735203400478,13.588377894587884,13.686561574866865
13.741332745725986,13.79821436883044,13.840754276396652,14.1067944476914,14.311227474152377
12.452265232926319,12.483822011958269,12.788313637850155,13.193792725794719,13.340127193729916
12.23891474543154,12.307937076969731,12.884595589176959,13.293068244919262,13.397908167699049
12.68414972748074,12.71084870894971,12.937358413785162,13.291791411506395,13.416240970596109
14.259916549035815,14.411298265009869,14.448375852090264,14.664135943630825,14.761275938784342
13.116147781863235,13.208039787561953,13.322702062221762,13.431921049734068,13.508970401051172
14.712527340888983,15.06117166755789,15.190041099558783,15.46848204220269,15.447385338032491
12.7727542742894,12.870308523014774,12.976440679901437,13.121745991273771,13.2259302390852
13.772812816212427,13.891848711871395,13.95885172975786,14.111533634625069,14.224940509473495
13.01126226014042,13.064245631573215,13.211376699775077,13.35313499017498,13.455193794529169
13.269405829772907,13.263466739965036,13.40651443110913,13.770155017407138,13.836816323686973
13.901664107447717,14.047460174121806,14.297950380601357,14.597084814605665,14.716517538963886
14.304183848321149,14.601098537640862,14.993939181403109,15.232006306786229,15.244954881883249
11.217303819575159,11.359255132081406,11.560740165403915,11.897249418017346,12.360653116354703
14.48491763383557,14.78275209733556,15.056140969990068,15.167366315313823,15.215579044982075
14.42499061183593,14.662454510167645,14.921272299034682,15.31932222705191,15.385734751498418
13.59143117805775,13.606834500166052,13.8523905602631,14.018724982302748,14.082576066354854
13.660962262979183,13.677162604051292,13.833367878466188,14.140819162945565,14.093315109371147
12.327789990255944,12.396347739551047,12.655037359795319,12.868424507863633,12.958400774938434
12.639884742459678,12.703023811303797,12.834280517986866,13.008223247684716,13.085568241428167
13.149242780104544,13.202025117142309,13.384941244997012,13.573413794049195,13.672502229858564
13.343661049791802,13.399815476546378,13.507598779758155,13.714995720432944,13.799565064558866
13.696525332165535,13.69050610326569,13.70946197068153,14.03740063049098,14.098335567885268
12.536639461582332,12.601201411813285,12.87242542549393,13.016290651867173,13.108178449124551
14.713948081128002,15.068996034702135,15.218676780647078,15.449882520393178,15.439100728992203
12.30705308045378,12.408699488367233,12.625247483620287,12.819572503975948,12.909324256108603
13.621443471114738,13.721739066765565,13.89782234384636,13.981536059867137,13.95665334103914
13.099835547596154,13.158962866750397,13.239311274698073,13.507422909654135,13.622520275939811
13.172771659470808,13.282944935646102,13.740661296653883,13.954184451656054,14.000072794564002
12.360300735251322,12.643174188029802,12.823993998664946,13.013961146713866,13.098455040142632
13.124911224713689,13.217742792525236,13.358694036642106,13.489930211618908,13.60010073937945
12.719378765728607,12.728637954400394,13.089060973468191,13.417897534488905,13.555518584796529
12.392386122844929,12.460046105663505,12.711116239859356,12.880575031477324,12.96950552935711
12.955146466633684,13.03894675022891,13.177608408087831,13.291181946832559,13.393020693998725
12.233953657491842,12.312815195544047,12.62857360450052,13.072849970642213,13.077664173517833
13.420187022699963,13.431846870421278,13.478811192239395,13.84087460675439,13.959206276450773
14.533992901959227,14.865831459530508,15.141320804254615,15.209767438488583,15.26819451023178
13.91762997564151,14.163162849454359,14.262778664424616,14.515968380233591,14.628854649460756
12.763534655493464,12.833069990610618,13.020054789793942,13.147947999108332,13.241822603012054
13.650350579812029,13.808554863545439,13.902818770052146,14.142354790605747,14.254083243697842
12.588936882442795,12.640055863531838,12.825244040774244,13.099360284798536,13.2084840994318
12.875053471577434,12.923084919975942,13.068095203620466,13.221869115883457,13.309270276872041
13.437731495977001,13.487998145373975,13.668988386768845,13.823392239307513,13.811255505798872
13.538931237270116,13.546172431065237,13.638418700982367,13.889277389179881,14.02959516799662
13.090228636061642,13.112053096881265,13.328072157773,13.48273407725307,13.614803846002914
14.015544825645309,14.1017933309553,14.17539423545157,14.338908408564299,14.526595572233784
13.755802191851021,13.889567445159766,14.023071575656651,14.137762402880522,14.22999152543672
13.748874129811105,13.881713070170449,13.930782982547294,14.249537006826607,14.332105716270304
14.175323153146634,14.379514188595788,14.624263293293485,14.778115287687193,14.781679191915158
12.609634807970743,12.621267690762703,13.024825726825355,13.308924290400169,13.419779755001679
14.238325080004813,14.325899595663952,14.378828474483505,14.678343101548542,14.720858260602053
13.492861551900951,13.619607859984926,13.663801877817287,13.86246866527253,13.913141632846195
13.71900103432012,13.725625408687534,14.00547753123481,14.311558920675427,14.291639154201937
11.752724037481709,11.88751779047298,12.087424824734182,12.410604622392452,12.543134504376994
12.649050019508415,12.8792813522677,13.190659105577183,13.346883013734171,13.36605609956398
14.093168922179721,14.267160347163962,14.628421527265683,14.820954490546825,14.988657397771991
14.072391992887095,14.139178585543853,14.310103635305001,14.457714133983465,14.683682915587381
11.752665375117786,11.889120555049,12.091852273492943,12.39692228775247,12.541160640565312
12.298675610034305,12.424557290712333,12.63285155184541,12.803632943099528,12.918819431124017
14.363108961133307,14.422273856667145,14.594721087553895,14.825624725370623,14.996735268200926
12.288767245113736,12.340642444959016,12.873943009777252,13.307585446607895,13.382381720569878
12.791028618874266,12.808505821328282,13.088497799122006,13.220147452113238,13.316209247626873
13.93251852573228,14.07221173313576,14.21401558722647,14.36572017638311,14.380012054447402
13.790224592351105,13.850564392514002,13.844055859737509,14.060959301706724,14.350103876400782
13.667568159094266,13.79846861444037,13.911787535818657,14.008070453293357,13.983656471367228
13.755684271337733,13.889073948210466,13.902407491614461,14.237629870859209,14.342474464434892
14.02660268438732,14.062472903656502,14.283484344908727,14.397674389997036,14.597726723073382
13.408497225592154,13.452130746336767,13.573357365974257,13.883348337656056,14.03927774111407
11.98864995701732,12.201967176374295,12.380631926266364,12.569735540061341,12.679520141156459
13.400917145072455,13.415964688075192,13.775874568402799,14.25950891337618,14.460455345436877
13.35565386208419,13.435752281778662,13.546567111905011,13.777667952190257,13.864798504921337
14.02729173937567,14.210187315552705,14.454440642440755,14.703137562776707,14.80084846715007
13.593742958446786,13.686313578378435,13.77887116245617,13.92400276056564,14.04459382660346
13.552678812285052,13.644372863128583,13.771764481674051,13.904461693477417,13.887743804308997
13.277557403645245,13.311487537650343,13.463674070251741,13.816469449606519,13.901764497767001
14.36526892870183,14.686495649408554,15.097075833485274,15.344985295477553,15.493188409601839
13.501541750053676,13.585363833076647,13.759357251750234,13.882529931143463,13.904183389918476
14.570926499914881,14.901855025500398,15.301127430591897,15.511443189067762,15.627268862322348
13.098766976411813,13.123789222579871,13.285801419949014,13.470201894012172,13.597482281977051
13.650816421046095,13.645272533396838,13.692244789438105,13.987566750330597,14.062354170048842
12.445073582450851,12.47123921222244,12.669054020745367,12.907132293483002,12.997466912131877
12.816002004452983,12.824720933980288,13.28292390218421,13.555796800484611,13.739898725303867
12.172923347988736,12.203944949832234,12.5518783622503,12.998385830817416,13.0172156529529
14.921105174881557,15.381332778603944,15.903437337854951,16.059603358208832,16.164699836018634
12.166445236980532,12.224552749974544,12.522752245792116,13.015822718134654,13.018406095988256
14.182868763923057,14.295890990409776,14.41048744877386,14.602387108137451,14.647800696365598
12.897505091795942,12.986301070721371,13.09711086319423,13.249740824314234,13.36080785950752
13.676780581757013,13.781180755542945,13.87738863963826,14.006234934648983,13.996615455763706
12.190803419784679,12.319814472814581,12.575111880197582,12.726756333693647,12.797152277514744
13.553537648984602,13.578504764936529,13.567127523482561,13.926444313665844,14.01619443950857
13.356589347034557,13.43687759388882,13.53092574247576,13.738814312316844,13.828249855429043
13.71750502958078,13.76597153612476,13.805233070831724,14.06460874780232,14.259733427106463
12.300207638204165,12.358050348853908,12.737586303356146,13.14011796952924,13.390424516130548
13.17210937080974,13.199998660970202,13.293813279527889,13.587306208785526,13.719966138575382
13.192336734330908,13.261049568472068,13.41378283722337,13.789800883370287,13.909317473809995
13.663634735538363,13.796787728729804,13.867268652923205,14.055116657289009,14.176565301732026
14.453327644289022,14.637910969242789,14.808662052012949,15.041382573055143,15.204122193903313
12.533175721252352,12.581885278563526,12.78802572165316,12.961075274114588,13.058022161283276
12.561495437630661,12.620507207110084,12.729687671631137,12.964334391059024,13.05161616754692
13.216553088336044,13.25870395610283,13.44182818189162,13.647965773399449,13.7404782636719
12.019274970645373,12.246298262232745,12.498829714084344,12.734487168704579,12.850665157208208
14.718804792912787,15.1133158094486,15.54911558948383,15.646429877780298,15.579568271198896
13.053055270337996,13.156019988897176,13.270359754641074,13.3723488299023,13.447721064535997
12.107969857563878,12.21810005018843,12.584467634776644,12.921812231471783,12.983972296377864
12.8241120990604,12.896139652624985,13.070529358453067,13.417142089606777,13.563820449122488
13.597093703611893,13.615230254639883,13.70232431838744,14.014026430033894,14.166835420214358
14.085941730564503,14.283488659894665,14.449909982787343,14.566483306609022,14.57677401660028
12.22541143004387,12.296177154933272,12.488607616094237,12.816756433292982,12.932246806425301
12.316182837233239,12.430816145936205,12.684116026483913,12.887162183722928,12.990387816717213
13.036180628378672,13.119425074433241,13.183172270751744,13.496532451169362,13.762883348731481
12.436574435480914,12.554365280026571,12.78901727387511,13.015591542084291,13.145469042517362
13.535331880790421,13.550276650993577,13.686316550433698,13.989814121017393,14.097321157213857
14.873365402436697,15.406773787168476,15.998874365119079,16.091872394180733,16.070864270926094
13.094134858122597,13.210764115507297,13.366488765067082,13.500725116506917,13.549773155203965
13.26116422864261,13.328189894510455,13.467476001838088,13.660154273538197,13.745218404897509
12.567101536878738,12.619675227731719,12.831013162792672,13.226953837539266,13.334381869046712
13.553648455427815,13.647386312370253,13.732774465797872,13.882360979699989,13.985583388792158
13.294757388419441,13.35747843569269,13.485184533314612,13.673190318497163,13.773992402225513
13.240356544291227,13.298355075914133,13.450888064615684,13.672546323158667,13.729935844586846
14.011025341692193,14.091500187740566,14.165296316829725,14.30753302677789,14.486421281379391
14.02729507181781,14.184923539175475,14.33568908384088,14.24807437944391,14.392367611684701
12.442220405127966,12.561260845277435,12.932279366116026,13.491348344007179,13.60210539765815
11.50046079711301,11.676402124459905,12.024428306893375,12.502085234076132,12.844619027657043
13.719325556226686,13.768925411825668,13.814674284761487,14.048544857864504,14.252066801423062
13.072028315388808,13.18022248711994,13.516220346581232,13.686414480280536,13.747871895865396
13.43332500129933,13.496007003659415,13.614249778936239,13.743605227467363,13.817265791496542
13.093410816509255,13.149327107916584,13.166347644058852,13.452171016904943,13.55463508240484
12.829761422235206,12.901636452111696,13.06517100280385,13.17692179286649,13.27641150741712
13.784833811794737,13.841398246373345,13.841115830061764,14.038869671945296,14.327432889168378
12.758199563066052,12.8086704581758,13.166937898732652,13.343994086215336,13.41903235902116
14.146408369617312,14.29443716761239,14.41039887970987,14.354154943291647,14.495171186941423
14.405742593494313,14.44887027623544,14.663802526107109,14.92359723233109,15.004977659518175
13.773023023866756,13.853174735093909,14.025422051658065,14.425554324221405,14.642403819989143
14.570926499914881,14.901855025500398,15.301127430591897,15.511443189067762,15.627268862322348
13.4817926923519,13.48882268319812,13.670461856985241,13.882087664379103,13.932415624358615
13.514641002865304,13.54728080777318,13.720357205540711,13.95127005474013,14.07216315490809
13.914088682545035,14.102787039909888,14.262470778125866,14.49336712262912,14.607779555934634
12.934296853463643,13.008968159367875,13.145059904664631,13.351326551269903,13.46462434931566
14.404842581577281,14.445948182098938,14.655027088722228,14.91116115378853,14.992123318071371
12.127689539858402,12.255964771429355,12.513193045835171,12.704710607327097,12.790066908446633
14.307496041336048,14.57238213461191,14.940279826377182,15.111472053930555,15.233819432150735
12.662066637604392,12.685856904002627,12.973214953441401,13.222758394392656,13.370135200857874
11.73336006979004,11.841267913730189,12.089278151204429,12.382026682533771,12.543836767968717
13.483357424994736,13.476096683690827,13.557553103576424,13.905220215993385,14.042907798579929
12.423478213192602,12.50562331948009,12.709413373419896,12.944090314052573,13.093539887075849
13.87173115155461,14.031930868866421,14.241134280537864,14.501767856138983,14.623855503339744
12.1616331897845,12.335220348849388,12.463886225357431,12.660562393326668,12.74599178834061
14.574250957198192,14.927255077509901,15.372653254903277,15.54211156214197,15.633104060741978
12.4840099740895,12.529177792476606,12.828414893784727,13.018140205737533,13.09399413874186
12.899076090557688,12.95454578679433,13.075739301456508,13.224617582623122,13.31097526027262
13.80771130033016,13.80372785174593,13.973924097989077,14.1345041731641,14.320893454066333
13.44423547803975,13.460192578305337,13.483946025999476,13.800143267189979,13.915199078877908
13.58348263787477,13.56376000671024,13.658835760966689,13.99945988425948,14.140993999379518
13.773150140033927,13.77338902589613,13.79378168485925,14.110362775441107,14.190985666398296
12.330074251603365,12.440501049555245,12.865770407782863,12.95563564577217,13.009162965081813
12.910190358478495,12.943145985192604,13.116763700121588,13.392859620040515,13.478971188940788
12.17426475831462,12.358456383549962,12.563514724056601,12.7036225147464,12.783140498834456
13.412447524248424,13.409996710528558,13.498398816242096,13.756485994701684,13.895137977691974
13.434383859598153,13.42405619028799,13.585103546075452,13.796889716587836,13.975444689640167
12.651614184075864,12.76849464397029,12.90805880612221,13.154916759438429,13.279974626782689
12.682769212274692,12.754473166043578,12.90463210539372,13.07095309168065,13.184837344965347
13.373070646693385,13.455910392415614,13.589256894430191,13.786927494666735,13.884859141501813
14.740958316888829,14.928900853799421,15.122220001695872,15.34245324005655,15.392306312704509
12.268748069830515,12.369955773566481,12.563819240004563,12.75289676065401,12.827105792051738
14.417951373252883,14.627764457795552,14.793849438630405,15.216104342738983,15.300245361235568
13.747748276152276,13.880953235272571,13.930533177907408,14.245525911926258,14.341461206959032
13.620235019009744,13.672106558497049,13.751068447645615,13.833774259355156,13.955015992360932
14.920575905414147,15.469659893887563,16.117561340551333,16.270987600843654,16.399973619066984
13.186400225931035,13.227412527247917,13.38608961856241,13.559514757433885,13.672093139884055
13.384241381212279,13.371403671021795,13.452074572848929,13.726116237367584,13.855611958181575
14.5493340842303,14.856827234082566,15.142892429951711,15.219441697541857,15.279214143738749
14.63833344317181,14.964923016374005,15.173468689990766,15.347128130657627,15.372053690277028
12.91616938701143,12.973567422578176,13.061759265677384,13.302818142608015,13.38031720623953
12.291401872738286,12.354209918422344,12.917850692041153,13.295740598672518,13.397402829176396
12.456394765434087,12.512934606195273,12.806410207529751,12.944448385416955,13.02025881703894
12.612436727699981,12.692494712965425,12.922850995463076,13.272011564864098,13.385985132364908
12.240396257001978,12.281658554851163,12.862723405250442,13.26056533124736,13.37624154403891
13.463235267538558,13.480144520230708,13.576141048642256,13.874223859990416,14.01701657826197
14.086506013680012,14.140249270711134,14.317153225935156,14.47706638428366,14.711815977766989
13.564136510103275,13.581872874516336,13.696740265881303,13.940027321165957,14.089999996454459
13.139266974686228,13.165852993940685,13.340848455298577,13.525066160080744,13.645703839507544
11.36931681790201,11.589381888877984,11.805170350408135,12.204971190681146,12.643375053064894
12.337076487347222,12.464311699856786,12.70002215910613,12.87383196333544,12.965432320212049
12.49835380403218,12.479346373887315,12.763012332450856,13.222443938359895,13.322464506148256
13.192422550640117,13.266491501965683,13.402230997535963,13.650336252881377,13.739783904499005
13.686368745358884,13.691654801235561,13.707111033722864,14.051247741800903,14.121061400447338
14.136921034266607,14.268527436406696,14.405927010079369,14.325408401974732,14.48888639827674
14.341100710482205,14.476277601155964,14.567010555161165,14.773320359242497,14.82992993457811
12.898942835397918,12.935830302424641,13.04813305375837,13.279663968674717,13.375984635461943
14.307496041336048,14.57238213461191,14.940279826377182,15.111472053930555,15.233819432150735
13.204230659793344,13.254070759311698,13.456595032414711,13.632188226057858,13.739716015995295
13.589787899592459,13.624580530545177,13.629300899997556,13.995993462038852,14.089088188974195
12.852045253413683,12.932934336766639,13.113765526006862,13.315235186796157,13.379398194615593
12.809245604212665,12.91040293740474,13.012712440817303,13.272966248804998,13.418882127828041
13.459871599100492,13.488513502979504,13.689254608646646,13.858754875318482,13.975771210662131
14.193390678401862,14.410954269835518,14.566862135268451,14.470206518060827,14.623087956902097
12.265426564161295,12.399629418622979,12.525806437204906,12.74618991469864,12.840001134925924
12.227663044131882,12.334818928337475,12.603805200049734,13.011895487509063,13.037403656540487
13.719610759061696,13.775878229359854,13.835903790457216,14.050061771224467,14.231973634142577
12.69366547390374,12.797491504535152,13.105119034384948,13.157436623758887,13.255972909797595
14.818335936804313,15.03514190062795,15.46605711631926,15.690482431326569,15.808717926912653
12.028154752923797,12.24585139119872,12.422459068878723,12.596026221173245,12.732570265364185
14.015544825645309,14.1017933309553,14.17539423545157,14.338908408564299,14.526595572233784
12.365174461241555,12.423374008476422,12.728799476700317,12.89826174979444,12.98424928858346
14.27365179380153,14.510106550658076,14.69769624182166,14.523811911489165,14.67074030404747
13.048735699186995,13.049951124406753,13.278217417313071,13.447257497472867,13.557440188463758
11.575443695968872,11.635566237702216,11.963847215296752,12.633345735239224,13.125791242350495
12.989998772098268,13.087225417341624,13.198523007177346,13.368645780033473,13.443686336884186
14.763319543417024,15.170977913060504,15.50021411575107,15.634907026716444,15.702193824416238
12.756207919634914,12.869094643898833,12.956327216439554,13.098809262726196,13.16833046359074
13.597075480374006,13.62999684528332,13.627953169177827,14.000420515981773,14.093183193315056
14.846604201077506,15.294821975213388,15.619090298718525,15.836453465458225,15.84498946840608
12.673073198632586,12.749292750360954,12.874397929731625,13.039625900665703,13.1380351892637
12.831585651388615,12.902735665774362,13.052197726526302,13.186986305358843,13.302493408012344
12.77849024239744,12.811574484299879,13.265568982675987,13.475534802189117,13.630415149864888
13.912211102237585,14.011582958965814,14.202626075616,14.197825320198607,14.338003700513461
14.389286476989788,14.641079419629264,14.828580174822783,15.25324058687388,15.354023355201415
13.432031149143793,13.480257810667567,13.549375443355226,13.820627209843117,13.9206862717365
13.100401699150694,13.128578384937645,13.277223939511693,13.465815311192152,13.599513243726943
14.414418573910408,14.76133414729357,15.328066560128374,15.580809815280936,15.625637252162505
14.4939311612546,14.769466996255272,15.070925107062234,15.30489682494953,15.33770547294524
11.713179967552586,11.819097554063891,12.115998617366987,12.313383524771126,12.49641468508015
12.050312015922461,12.262239108444042,12.421242421130406,12.570061970451967,12.640749250058043
13.553901615841923,13.561767173579561,13.540613710110083,13.931911439357439,13.997832421036506
13.483740978232714,13.580491838680636,13.666132964631878,13.927166413253387,13.988709221098913
12.802502441931981,12.825924166770822,13.28316581965837,13.539883867096624,13.654756263110489
13.693241197544394,13.657837400029537,13.807841924386706,14.060426165230806,14.238662733973648
13.070223922875773,13.093368691656632,13.28596278878797,13.445159321028822,13.554919329449177
12.443804300759474,12.494252069506889,12.792517892371897,12.938550334196199,13.027470635550785
13.018702542926647,13.048010503244095,13.243483348167643,13.380483729488004,13.470555309635976
13.431207969403683,13.489441046492054,13.652887595155786,13.812326316397563,13.817783155904621
11.101564250204756,11.294388828319764,11.61493082575429,11.8808473280719,12.390066478830375
13.76990546258736,13.829938517646628,13.825026275762426,14.122409398310829,14.325088571301455
12.625511920710153,12.720568162622993,12.85975093183127,13.007402676695976,13.086579233886244
14.4378630370306,14.677125925589788,14.99212365377194,15.239956325848715,15.297731660101679
12.160592606446748,12.259464978017938,12.407001012081004,12.546700225848937,12.62846559104321
13.76990546258736,13.829938517646628,13.825026275762426,14.122409398310829,14.325088571301455
12.518103614867748,12.585194123514679,12.81443760726754,13.19111462076774,13.304694465241953
13.752218532532002,13.817844556807461,14.128343936991435,14.521163330861473,14.686668940268994
13.50547882878321,13.582995161648402,13.705261420400394,13.84559080952971,13.957612844878401
13.203292195848226,13.2336749563141,13.363337845685134,13.613061488641758,13.729663541081546
14.150805546046591,14.315267300016842,14.424769763503306,14.362698934608721,14.523461447155942
12.066979816357797,12.132464542456734,12.23264383576064,12.675446726326584,12.867064865390493
13.755684271337733,13.889073948210466,13.902407491614461,14.237629870859209,14.342474464434892
13.537647647898261,13.632744805166908,13.668477188746017,13.925617494186682,14.049420697159185
14.833855860745707,15.256624859223932,15.582618915522024,15.78630713900371,15.847864968391931
12.596830326086131,12.666033400138968,12.798641944344407,12.969539029449708,13.069885630473623
12.908948069044875,12.96593541787293,13.087399051508765,13.249887394646112,13.327293531338304
14.589664055901858,14.89389743136686,15.254713705470916,15.366588902644784,15.274788019347895
13.435114756610822,13.624492172395726,13.692377629250029,13.965456222493872,14.002872133328358
12.112913999980437,12.285194503152102,12.519887559049078,12.67146229113111,12.7668409524858
