price_egp,oof_pred_egp
3250000,3460916.635258347
2700000,2828894.6820674157
2150000,1889765.100758359
3350000,4684046.183823751
460000,510965.7995712973
1150000,1027161.6236323038
1200000,984153.8692051669
980000,894930.0967183355
1250000,1340078.8276058347
4300000,4189459.396285622
1020000,1165797.5558732774
475000,447507.1094341916
2800000,2605299.5674368357
6550000,5590300.778271369
4750000,4529312.440993168
375000,440164.8911329347
750000,856586.0441939682
1475000,1432202.2238380557
640000,612813.9385432851
570000,598252.6693851545
2290000,2340531.49827703
4500000,4596736.270388453
8850000,7445241.534418058
1850000,1916324.8100771143
610000,660738.1866599689
2550000,2684320.5710748355
2750000,2818471.4131319537
4500000,5022942.239107836
2600000,2269486.909308093
8300000,8071384.96773251
1500000,1445961.8964186588
2690000,2675924.121265402
680000,726068.2237665566
2050000,2019497.4592045492
530000,443726.36063932616
4250000,4121709.7014378044
1850000,1813472.6934153028
650000,629505.0227789523
6100000,6799360.778681603
6250000,4937401.512903564
5650000,4207643.485871703
1200000,1216950.6017828067
885000,902896.8167439107
450000,453270.6606317816
300000,265958.8034594504
305000,283346.6008917605
1230000,1259404.0337498793
300000,308416.88068555563
65000,53418.715920884046
2100000,2195504.6684890133
3000000,3036277.030072501
210000,243774.98414518943
3000000,3307687.832589528
2250000,2313400.50289472
380000,397023.11266253126
5150000,4951019.874852749
230000,225437.2344166748
360000,360039.61395916686
3500000,3915684.2684575636
395000,459939.4970427648
450000,137859.10176844712
430000,423230.87646513124
960000,838973.9625772617
750000,771713.4812439531
350000,381875.3490828977
310000,316148.64105152927
230000,194630.84231466596
680000,635234.5969286937
1025000,950587.0557191483
190000,200151.18245367383
5800000,5131075.666428828
485000,476929.05853541836
1680000,1846116.6428728346
1600000,1611247.1186184702
290000,301692.8774773279
520000,436511.574765617
2570000,2584192.646683629
4950000,4386970.994885934
8200000,7413102.341808478
445000,367581.32691784983
375000,394881.0552272855
260000,362315.1025625778
200000,277468.6607863115
435000,375318.15907552297
1850000,1734273.8762023894
250000,218972.91129048823
670000,653416.8449658754
1330000,1423328.992984693
800000,862098.5036855007
2450000,2497522.6061037555
335000,287522.4750549357
290000,278031.34629539406
1050000,996694.7341345365
780000,766353.3784380215
2950000,3349506.850178732
390000,385658.33169069065
900000,870555.3213086787
750000,659262.8076745408
200000,149923.74410293202
5000000,7937751.377329059
310000,345212.4673695822
280000,291594.562462836
4950000,4987105.3434738275
935000,1063374.4570240523
550000,606200.5386307684
490000,468578.269401304
70000,94112.17741970562
640000,739972.652030011
320000,313044.0441115671
140000,250634.72575378817
1150000,1155513.006120538
570000,653429.7661694589
420000,366935.11897338595
595000,448038.6905626803
5500000,5095487.714216423
8000000,7861270.159982132
450000,501314.1339883968
3450000,3403125.7787681553
2490000,2816622.457007149
620000,544883.2447460786
450000,380709.34897797025
1400000,1043176.2695715552
1995000,2141689.7611203734
690000,891242.5781959494
1400000,1419170.4532269875
2300000,2433210.065558214
420000,452309.4373745874
920000,1017597.362399928
2600000,2595457.8617375274
4900000,5044890.4827852715
495000,464346.43642697885
4500000,4789353.764508246
4900000,4068759.382220068
4900000,4812728.849511266
640000,616194.7046506483
300000,293568.6630114913
400000,537043.8061592313
360000,330187.7299374846
6700000,6967510.24714002
800000,802855.373118346
2000000,2065773.5694805512
1530000,1598786.2138044622
300000,362526.6042945447
315000,259620.70370194284
480000,548632.5367879213
120000,177918.23937159302
1590000,1630921.604701722
1250000,1251998.5158259321
530000,458263.6593872314
400000,420560.6843013154
1790000,1587421.5015663782
620000,650253.3614302276
4200000,2318129.5364590376
5950000,6066055.629640781
350000,385741.1953604322
2800000,3026527.175077563
5150000,5184526.947542013
1600000,1414184.280271203
230000,251322.56821849293
375000,387407.57610582473
2650000,2834715.2221421846
1050000,1233363.8752422596
470000,504629.9188855534
635000,643146.0400816576
1175000,1154088.609412279
3500000,3628080.605251641
835000,823631.9022540263
820000,807326.5456087807
11000000,9891191.184900684
700000,658740.9340781331
110000,142136.4885079805
500000,420503.12223901204
1625000,1660855.2835573582
280000,295750.5905088004
310000,344305.578826653
3550000,3954501.691002089
8900000,7952783.548576427
455000,444682.6477654403
485000,470622.950529977
415000,370001.0793999008
895000,887744.8337695388
700000,747729.2105988426
2250000,2273870.006308183
890000,816303.0711237306
850000,875835.7691661721
6800000,6978888.948717923
2350000,2436856.5399364633
410000,427526.6541959982
4100000,4579409.227338808
255000,233869.70763288968
225000,203976.87243619625
1900000,1912581.3899928513
1100000,1184644.3983455421
90000,109728.47738764997
4550000,5513296.078882292
275000,267343.07321089314
800000,899066.6185650647
5600000,5280766.0808751015
985000,983171.7978303728
600000,521658.1287750021
350000,326227.85994901205
220000,208535.74867221492
780000,776595.9682983503
1000000,947956.4243542893
320000,364656.26313507836
2370000,2357403.143513448
1820000,1621071.0695873245
650000,585090.5441972404
1300000,1693167.6081951275
940000,1055498.21941678
310000,299181.73542451125
950000,862798.8604380189
1000000,994560.9963194879
465000,440704.4977065353
265000,263344.80147516925
1020000,998331.5696907957
280000,264457.76258983626
2100000,2059983.7350867942
5000000,4710255.574650104
6700000,5465324.782569085
1450000,1338432.3613107915
700000,582518.9532565544
310000,286332.93130606675
490000,381293.4895501408
610000,611909.2021802443
700000,597236.3028395507
340000,450691.47579434974
920000,910878.1283544247
150000,142216.371326058
475000,504144.8119613557
1475000,1559308.8278004609
960000,1120710.545523072
565000,618092.0007831593
1000000,1381087.1685151714
560000,655745.8345333436
700000,760998.6043597144
260000,254620.6256567083
260000,222398.0727233622
220000,222397.0296169273
75000,70505.24548557632
850000,820147.6144401167
1365000,1559044.7876169968
330000,305633.09931470564
2700000,2992402.6367290267
1500000,1328881.4084431469
650000,617921.1875662528
1390000,1330244.1573409964
1230000,1021977.3863121782
1200000,1274976.4513494342
2550000,1918462.2899763186
250000,478693.04832961166
2000000,1897041.3158861452
980000,887823.5210506945
835000,953468.3138503006
11250000,11426562.817904443
5950000,5436528.232112133
2500000,2022565.9533266716
220000,196702.86881411707
295000,283616.4454682693
580000,550463.2621484603
850000,947143.1764486205
885000,961483.154089782
260000,228042.44359558212
790000,837980.0884390074
4350000,3879749.7717534397
8750000,8112952.92599513
500000,538483.3173068573
900000,806539.2103788152
3200000,3081011.914927459
650000,618013.4231313154
1050000,1065741.6359160705
1230000,1190775.6961191243
1220000,1098884.8032195212
5250000,5411452.648029975
450000,363001.6147072339
1600000,1562684.0439151593
1450000,1396412.337529777
675000,722983.3507975875
850000,739782.4523839431
80000,135468.37538284317
825000,860024.7822004621
789000,1011280.4807375515
360000,336977.50801849464
410000,472232.2587735293
3550000,3538290.6625411953
4350000,4289631.591907337
525000,507923.78073197685
2220000,2144381.9655648745
300000,330782.66381192673
690000,655718.8927294825
1550000,1743004.6127923767
700000,662032.6988676343
1050000,1150181.2646831193
2050000,2025397.4557118735
2740000,2761904.1074516107
8750000,7724438.034890115
650000,576909.9619016796
3550000,3691340.253647777
1700000,1677326.6201307336
530000,533611.7467343304
465000,465422.03492992645
1865000,2875189.131749778
750000,735093.141478557
1780000,1808907.7284015343
390000,536231.5062123911
240000,252522.556104151
250000,265136.4338960977
415000,376458.30608901085
3100000,3244789.139212741
2850000,3035823.8213513787
1490000,1570760.306133045
4450000,4605238.487692113
1100000,1041513.4068496805
450000,378484.38150548824
750000,763092.1722223106
1000000,915111.6821681947
930000,927961.6111369722
940000,948873.6619985542
5100000,5036137.708985932
350000,409190.0249510561
4750000,3994622.118889988
1100000,1176166.92773951
1125000,1125981.5492123188
1050000,1231976.2608226738
140000,105650.74956515331
2950000,2881952.1995498226
640000,683370.8620128136
300000,274826.9814727827
97000,97779.32199654763
1390000,1525770.2863424215
150000,141088.0403574575
600000,590142.9080390141
925000,921182.758165095
1350000,1116922.7007482077
255000,265448.2001051605
7300000,5530018.345257033
750000,597649.6154210414
400000,435759.62824030226
345000,358558.935131738
650000,511335.58269658935
250000,263703.31229621486
620000,726735.2331620858
950000,1057351.1444759036
510000,484908.57432367466
2250000,1714764.6103096658
450000,493013.1321254711
2075000,2220351.8063555537
1500000,1469268.5688871671
2250000,2344984.728751232
700000,847192.3290686914
155000,148220.21758865315
250000,219549.14485719503
1200000,1304937.7312091328
300000,290620.2820391297
125000,155820.36293375495
800000,776519.2400732364
265000,236005.883107462
850000,711641.5404109041
1960000,1850262.3400207106
180000,244150.10816284275
210000,231589.54206691508
1180000,1171360.7848468078
5350000,3344240.606732746
420000,392296.79312772956
2500000,2677280.6361362175
380000,382520.53519486997
500000,572352.5171368625
2950000,2973436.049631857
2280000,2323562.282191548
2320000,2285512.023423356
745000,818574.0822272032
1290000,1347943.976828889
1650000,1533433.4414527386
1550000,938228.7492352012
1000000,1004205.6434265446
3150000,3716513.479548217
230000,227475.53698832824
250000,322321.76492392644
3200000,3171842.6092126723
1100000,1030001.9839270022
445000,507974.602494949
1820000,1703542.0753864688
1025000,940512.9215680225
1320000,1463504.2306698794
1650000,1646702.989162888
100000,132057.6361492963
3800000,3807030.9733851124
1120000,1036584.0689196661
4600000,6477372.446349096
1100000,1115291.5433342152
1580000,1537828.9463644703
1250000,1313467.883606043
1950000,1867369.960855724
3100000,3022611.708797983
2650000,2899313.4898887225
4100000,3944880.626602326
620000,608195.8674387964
240000,237173.64114412427
550000,547963.3741234777
1270000,1446579.7366342905
270000,276904.3552710304
1700000,1950261.9058091284
530000,532071.0302055181
2350000,1956321.309615769
980000,977890.4229268627
250000,267479.4871190643
470000,470995.9749842583
450000,533457.2466302773
8200000,8375945.192398808
4150000,4646459.156448684
950000,1065627.6895232333
1275000,1350372.0726637037
180000,226641.60122789466
620000,718654.4248077227
930000,977276.0768067506
2080000,1954600.1675429358
1150000,1126052.0472618067
1150000,1083921.8389930467
8550000,7823956.995513253
540000,501400.34197297477
810000,800467.4264426205
910000,902630.9702013229
590000,615181.1259078402
1450000,1262702.0853847403
850000,785314.5613274539
1850000,1969607.5485981547
1150000,918220.7684495158
4100000,3960913.6530257924
8750000,11921588.960550483
2950000,2940483.7398459422
110000,145362.02951859517
625000,642524.7075415022
1460000,1375539.1901071698
15000000,14465832.522910114
2650000,3158377.29491406
3650000,2148956.5344123747
1750000,1727958.857982341
795000,770045.6461460534
970000,924813.6046509774
110000,254676.29667611863
475000,502241.14349863544
1100000,1114110.0631457623
920000,852498.6670183905
1950000,2494843.66171281
300000,254269.27122346027
735000,715883.1188949109
770000,887250.93697335
670000,692083.2330871462
750000,912256.1891697075
525000,540189.569603596
250000,145850.55451885622
120000,189251.4739873494
1650000,1683594.693310978
425000,359104.86462882155
1150000,1270160.0711720907
2900000,3138710.818462379
4200000,8029950.811176858
1700000,1739545.240590657
2050000,1845959.755677649
3600000,3291710.3213793146
1680000,1804998.4955785137
570000,567877.0168439833
1550000,1757810.8433164626
2500000,2166766.734444164
280000,404332.98606149905
445000,429734.09449666296
285000,300540.9302181837
1100000,1187220.1824899924
820000,818278.5777526663
980000,830889.0321124413
110000,156487.1824156308
395000,384815.4102816546
270000,270513.90616013925
400000,441214.745343424
800000,826164.9519099104
1335000,1336362.8472909133
1410000,1318413.2318051534
550000,587962.7265301206
1150000,1101305.251392745
7500000,4595020.853127563
600000,642078.1398312208
330000,428759.9012732282
290000,278511.7274708265
730000,730172.987689866
325000,315192.49923436315
885000,865273.0106442918
1075000,932207.4994138505
790000,747187.0483469603
910000,844707.3071157131
1075000,931701.2491089575
880000,860713.0031240622
1275000,1389771.7048314912
235000,244422.36930452345
850000,856698.2767803174
1350000,1200002.254409366
1220000,992750.8345333519
900000,998245.3950337219
1290000,1437938.7267713044
1600000,1749527.8574223483
1050000,697310.0442658943
1070000,1170578.9116456655
850000,942817.9293961247
820000,708402.8737050444
1200000,1265255.7271598324
6000000,5385804.552504237
1300000,1279026.210852869
2450000,2510274.6701616677
350000,371404.9964087682
975000,942351.067455217
1700000,1703956.9616118127
520000,575949.020510042
870000,990713.12243443
7600000,7565295.7357598
850000,812742.6584544972
320000,311813.21104338596
700000,775214.8383048233
260000,283725.2848718683
1580000,1609710.5839121176
220000,410228.3768598697
480000,545414.7239923874
455000,453209.9427538684
1210000,1204704.7474251695
519000,569050.3093425285
2900000,2983938.7277490166
1875000,2110775.962306246
410000,367645.1557254774
650000,671290.5832386682
380000,324685.9186896366
1250000,1177775.2585660832
1620000,1555131.564689624
1800000,1552567.4156413965
440000,421981.0779341004
1400000,1481858.913426954
520000,483432.07306634093
725000,706008.6155139218
450000,330276.5257600281
415000,331618.9703988459
800000,791806.2699362709
1150000,803946.9002835363
1650000,1512952.437415391
230000,235241.43571223112
285000,249267.59148492228
1040000,1161001.0600754607
165000,141213.28019168763
615000,582124.7098102837
140000,146725.70682152308
1750000,1728924.7907303697
40000,71878.6653157999
310000,321990.8278997621
65000,49882.600888472014
1400000,1237475.3752205677
2350000,2196897.55817048
1480000,1025961.197013144
760000,646034.7486588771
694000,742611.4863594787
740000,681096.835929725
750000,721362.836381809
1220000,1398285.4622367
860000,903911.2805364968
770000,772609.5609129677
1100000,1101498.5081234544
2100000,2077027.7830720125
570000,644869.0626930796
750000,653017.2775963588
900000,883981.8556484893
1150000,1113012.3898891923
210000,212097.1000907427
850000,807691.4514489442
870000,853047.5241046257
600000,560585.6204446956
2050000,1840902.5588545024
220000,235147.06475526412
1250000,1134215.5838206885
3190000,3202612.7585255234
450000,462996.0742120592
270000,220706.39647098345
1600000,1989859.3887968222
750000,740270.9708193656
2770000,2890913.4598060735
1390000,1242227.5978606006
2200000,4465261.891711949
330000,326719.9863176972
3700000,3552493.3016034923
3400000,3181788.336691508
3850000,3935259.3230145415
2380000,1889940.4295911773
210000,245325.5871536957
4700000,4507388.148002641
360000,425980.2965387744
380000,426043.86111551843
1100000,924053.9112164042
3150000,3566957.010955306
550000,621523.645011324
550000,494125.52005052834
5400000,5828241.126141064
280000,317993.76151899603
2200000,2424064.8806024347
1100000,1077503.6625086446
5900000,5377090.465548574
305000,303168.9077026913
300000,356831.7373453309
900000,927357.6820358576
450000,448493.4112692156
420000,259687.32463794976
650000,660631.7988315491
820000,674733.8268581198
185000,196794.45191385364
440000,430406.1970216408
2350000,2233219.397281733
369000,296825.4763988849
215000,198878.85360024023
165000,174264.5185607245
520000,565879.222342865
255000,275101.89285623055
900000,899895.5873181571
259000,264832.46210982144
650000,763499.6645210867
730000,758362.4449616832
340000,287233.1577238221
500000,656587.5284046233
1200000,1239686.9021921977
920000,953940.6862083311
300000,222720.33517967365
500000,605552.3977915283
1100000,936729.7072813206
270000,290548.22214070096
350000,352725.2952250888
290000,336764.9097604599
80000,63576.03430253627
265000,305401.079702055
95000,113937.3620075738
1900000,1906635.9467029283
330000,337429.0669552198
497000,534217.144745587
870000,887696.4297215792
920000,1016675.0477407507
380000,422222.5145556
450000,423215.73844681674
2150000,1543220.6392083901
500000,466635.6412008705
7400000,8034144.3640102735
1250000,1052089.2251685273
135000,138081.53864719658
2450000,2690523.387296237
790000,794134.7670662698
2850000,2702660.915857932
340000,293011.42536672804
280000,349453.04139301804
920000,1093349.8916042908
400000,468089.5100306167
260000,296799.3413580262
90000,140274.4596840373
410000,440124.83296763874
1350000,1390271.7220576708
3450000,3017313.439149653
650000,623956.9098374876
250000,245980.8545933415
3250000,2901699.0371878105
599000,708598.1088140445
100000,123668.52818632938
2600000,2176586.914447435
135000,436428.7160961522
585000,523696.76753948233
225000,236283.71125089345
260000,294844.9917387922
265000,333902.5002180762
450000,490239.8225758272
380000,457916.8944697586
1050000,1141915.226140211
1550000,1540535.5770550442
155000,205543.88662311845
4800000,4791440.020786855
6200000,6104177.7878180845
1000000,1048653.3976123398
360000,394609.91586168075
870000,844178.6274410058
440000,438151.302290126
2350000,2267095.6352240457
200000,197462.76480838587
2650000,2866028.938786289
1950000,1948131.19125074
1250000,1819174.060878553
450000,431457.3204341565
210000,217920.05395139524
580000,612853.3811448397
235000,248518.7641649294
950000,831526.7448765433
2200000,2369608.2605399597
410000,521386.15668150637
1800000,1543795.58871938
310000,275191.4382223986
80000,115690.07189333458
800000,840316.1644971694
365000,348061.34768419684
410000,375403.24848238647
270000,309882.19409474323
170000,223690.30945409642
450000,419552.81955052307
185000,257735.72664923183
1000000,1656464.3015035964
640000,617037.0867977928
935000,849760.8183344386
190000,197560.58182139767
340000,315022.10390176217
1750000,1961808.378462223
330000,277125.84787287447
1700000,1543201.9637150068
105000,169647.65563313433
8050000,6729350.64827726
820000,736840.8301417839
220000,179133.6771087462
770000,700407.5934525023
320000,337474.2868956986
750000,624924.227689159
180000,254753.73982161592
280000,364964.14999157825
350000,331503.77621112583
1750000,1291163.620856133
360000,352814.55765155674
370000,409194.4272292114
1830000,2074179.786289721
1700000,1581268.208947369
545000,631438.6375395393
300000,270673.0999516751
670000,661692.5610591137
625000,559596.3544192057
260000,364647.76242396334
990000,799092.1831574738
390000,391650.48691859894
120000,115331.64950811962
850000,965691.6365429743
1280000,1077298.1645295839
1200000,1070717.395955223
1350000,1310892.0273485694
550000,578980.2411099781
795000,783745.1312745687
1270000,1439239.8494965597
1100000,1025322.8246907551
1430000,1383604.8739082403
390000,386006.6367738606
4500000,4456911.516795635
735000,828021.6220378894
410000,393660.07906127966
940000,911244.5166341787
250000,235751.33091336788
860000,856177.3029102656
240000,236423.1460211238
245000,235751.33091336788
145000,116515.09705607238
940000,864360.287496084
850000,983762.9280120159
235000,197200.54183598264
640000,854838.2357460287
360000,412938.4214596855
670000,677613.8680058313
420000,388479.24518558313
2850000,3364853.443151058
625000,767266.6854149023
8985000,8030699.26886589
1550000,1477864.5698352475
700000,882265.6908437909
1270000,1086272.1860105158
1980000,2477593.0207867646
360000,409997.48485577555
635000,728142.929225015
1330000,1324553.3673479797
250000,280666.5721529832
950000,1041825.1865012606
320000,382020.4980015605
2050000,1997589.6073637253
2900000,2912792.8900746824
450000,421680.74107615725
890000,842608.8120543547
590000,381692.1163143368
3300000,3211407.9732120177
3875000,3849366.9814957455
1850000,1974862.8229750914
2900000,3158155.4715541005
430000,458504.50829641154
1075000,903535.0251053711
650000,613708.7738503639
1750000,1409258.0850821275
2650000,2398972.7732610092
2900000,3064680.485052912
3300000,3121537.5498353015
1100000,964223.5850101347
385000,428624.0726688535
1100000,1131885.3508699911
1100000,930828.7810906549
800000,806979.3437537628
375000,340287.8749841668
1100000,1055634.2711093647
455000,473751.8124121379
3300000,4847336.362867979
580000,529798.9354512809
3250000,3062170.755960339
800000,953353.2466344069
680000,657830.1042766679
595000,565143.5236028412
1580000,1596387.5043149213
3400000,3700569.1066000317
4850000,4253646.584187357
4000000,3931162.0869294098
950000,885830.1619392745
640000,645956.6737567765
990000,1044371.8882704678
3750000,4085104.421912565
200000,234257.79377066766
1200000,1116550.7326394247
230000,263022.3183995589
1150000,1148224.200700288
820000,911575.4691626623
1650000,1595826.5963097066
285000,354525.3294723799
6900000,4867785.594825892
650000,260874.64989688157
450000,128072.03459484233
270000,240207.73607472904
10650000,8628840.12637447
5000000,4161566.8895162474
250000,265754.41098130035
300000,230319.92608457617
465000,447602.5081185741
95000,167089.765619744
3800000,3513377.991713553
1060000,1191849.9130672675
1950000,1930137.1004637224
2100000,1910515.5865671053
1050000,916114.3157860186
1150000,1109887.913251013
170000,178437.47080798756
425000,413634.1584442034
990000,1201227.7614038244
370000,331688.10463234154
380000,467030.679601711
270000,228562.22719683088
490000,490570.6876584439
90000,114162.50144221442
4700000,4627266.0217586225
1225000,1439219.1186048386
255000,286864.8353901469
3000000,3093458.5754013164
1000000,832693.7186201662
4200000,4784865.999784394
130000,141739.5075134945
1500000,1275379.0715654592
1200000,1298418.7469377315
625000,853730.1405863209
325000,423221.3057604143
210000,275498.01564661495
140000,163435.07165737535
500000,529432.9329729243
250000,266113.8265404825
1485000,1470452.8479889417
2950000,3269068.325601181
90000,105713.72551892037
120000,119001.74515920001
1200000,935052.0954484161
1150000,1106189.2708595798
670000,685789.9621540336
450000,449757.9248655516
290000,275161.90724720934
1250000,1243265.856604096
1330000,1354666.7648953123
300000,258936.49819845668
240000,232674.34469014232
500000,599055.9424793682
900000,869050.954749471
4050000,3707472.7047584015
260000,269250.26626274653
265000,293400.8832677738
145000,126552.50255247777
200000,269633.7591812714
1600000,1411893.5707739182
4100000,3948980.593853619
1850000,1638413.449281439
5850000,5540488.757441613
390000,422084.82313618145
1650000,1825744.808775339
2750000,3081951.387460993
700000,728378.5225163235
650000,537519.28001508
750000,896190.1676504519
6300000,6186418.329289375
1600000,1989290.613195851
1250000,1530622.8722742328
1875000,1915108.3394115113
260000,265471.54450935876
425000,531135.9962975596
3300000,3230320.7506018686
660000,686211.2926985079
1450000,1268153.5624903047
70000,86544.52556971146
840000,890803.7400444342
790000,758573.0274847918
7100000,6084870.974244764
5100000,4698493.506048547
55000,51814.262969504576
240000,296879.21373391635
3050000,3242515.976684953
1645000,1525563.581263981
820000,1016346.8384740109
455000,410544.33482532424
240000,233495.340016399
565000,540573.2264104529
400000,369038.1402954897
3100000,3267859.453622471
215000,251789.05770905383
350000,399453.807488685
175000,205021.13036805054
350000,290221.9431824151
850000,860336.5433504988
240000,210971.14730715012
435000,432845.96983558475
785000,764438.8493725905
380000,331485.1943193146
565000,665307.2005746722
880000,845302.8964661355
6645000,8389609.635039981
240000,227565.5245781129
6750000,6630441.805416825
785000,798287.3156123094
350000,326629.6216435433
140000,155726.40366208446
2100000,2636068.7892265962
4055000,5198820.907842058
2020000,3144929.2888359786
7000000,8558854.646898983
340000,254551.2783236602
2100000,2254609.631254203
375000,400813.52355432924
7100000,4608194.324417941
2100000,2095865.9863597308
4500000,5569975.097461723
140000,147674.35196806214
1970000,1892889.6023836227
1800000,1898920.2510309047
1500000,1408902.7152703074
1275000,1237213.3715035603
4500000,4662526.510737022
540000,541813.9334521253
600000,604112.8231789088
4900000,4923449.604886826
550000,439810.9100279382
975000,961049.9127081832
1470000,1128185.638099878
1020000,1176506.5416175227
77000,72068.88931255236
285000,239041.21566103128
1750000,1796745.3233057684
1200000,1410119.3939798165
1030000,1011374.5782127304
940000,889011.900245998
565000,494292.7608265131
3990000,2707872.9632963277
260000,273769.61333904887
95000,106608.79734425456
5990000,4156847.579172086
2990000,2515902.0710225888
8700000,7588630.725423736
3300000,3090044.748931341
85000,81180.84377836985
380000,378168.5602529391
1000000,1008384.1677987876
1750000,2028288.204264438
700000,702548.7878167926
500000,439185.1967187886
1450000,1011760.7657810858
930000,817290.2609354206
3000000,2751047.3672687295
4450000,4550300.486661042
3600000,3694823.7768265647
3350000,3517598.836838131
1450000,1429133.8163801178
1500000,1433784.907135452
990000,962204.3797142326
2300000,2378565.217333307
290000,295922.2650203258
700000,672783.3418965699
3100000,3033327.5490156
5500000,5395303.048892339
550000,601109.4927478377
1700000,1429631.3670823965
1280000,1417780.9166318187
260000,235971.5445423273
2100000,1825753.6482175544
130000,141928.49664946366
1180000,1233626.0948922494
6800000,5962729.876197102
750000,916438.5265291366
1290000,1259498.2563983686
460000,448128.3808757
195000,213850.8243110185
175000,200791.2432370604
265000,309091.8942349743
550000,553777.9813691464
5500000,5667067.75852256
1800000,1487949.3473082038
680000,688693.5005585572
1800000,1936714.0533461026
2800000,3178097.3740832084
2950000,3067766.3201132016
1275000,1132220.7524403238
6750000,5473982.889592541
1250000,1209066.1511345683
2490000,2331526.945795431
660000,638956.8399194791
230000,364575.5351970849
3550000,3781497.6499434593
1100000,1229656.7807030973
1750000,1733677.7177613163
360000,362192.04520809726
1500000,1702780.7355562476
2000000,2026487.4121645894
645000,679373.0739579903
1390000,1445680.4341295264
1920000,1987957.563566813
1640000,1489093.0163889758
1345000,1308229.4286837385
260000,237046.3311782874
650000,688613.3617826342
350000,293949.12045660696
835000,756977.7227528172
3650000,3534658.354985741
1025000,943661.1448363212
900000,831716.2871533926
1390000,1311681.8070389992
650000,630232.0039598808
620000,613856.8712672107
650000,902621.6976058484
775000,737915.7560482691
810000,799568.8094300753
300000,276671.3570984676
1560000,1702531.0941624597
1480000,1058391.600663333
210000,233733.65448376664
985000,992106.4680769289
2000000,2078290.464340434
630000,606924.0523042849
775000,778047.5748995258
230000,297287.7213721939
745000,716684.8814839745
890000,886732.0266846863
825000,791598.0526156083
440000,466938.7632796972
2050000,1962716.7258977909
750000,768143.0568420622
280000,298653.0696866233
420000,362555.1425454314
405000,398475.57236830244
695000,702127.4306567942
1450000,1437718.9920465604
720000,911770.3815737744
365000,361274.2343175955
1620000,1569536.9635033393
290000,264984.8900304376
220000,294410.307805437
1270000,1141360.5118572249
725000,720124.3360083122
760000,779082.600427642
135000,143138.3324987212
198000,199262.97619946228
85000,119559.77233862877
290000,272613.21363589173
790000,777235.7935485556
520000,480987.480201102
740000,805790.7697365951
340000,349951.24836497806
310000,268696.4630057021
650000,705347.6577988007
1050000,991157.0274682249
670000,672900.6804086121
850000,653102.2360436732
1600000,1666828.7474010526
955000,961228.5832491219
2900000,2935966.4717625636
285000,285958.42749197606
4150000,4296186.551451028
2900000,3018851.028011499
1190000,1192490.6582101602
800000,785010.1270477291
3100000,2886320.4622413116
3100000,3213030.9906216483
345000,254309.71136193376
105000,137719.65446958027
220000,225224.01723976646
740000,817573.1628204929
910000,956225.9437065053
455000,433342.8078707201
285000,304567.52159300004
330000,368896.7591819067
280000,232870.5239123533
600000,603722.1205303781
500000,676875.6993272381
260000,254343.56037177166
3850000,3476053.389445707
930000,989350.3379624665
155000,214548.64915818858
13500000,11378269.763917297
400000,442941.91973690817
1650000,1658901.842811017
2250000,1919814.0155577364
445000,426373.066087096
70000,116760.75764943073
900000,993505.5883235561
590000,601227.1677991739
230000,253166.41181046123
240000,232414.36953095216
830000,867343.1513552679
270000,289809.35874228243
1500000,1460386.6379432804
580000,626845.5064238731
310000,277137.21074124816
445000,476055.79458742734
370000,353795.57914343214
265000,261161.17596556814
330000,357280.9137868402
380000,586259.3879813948
930000,951706.6034886643
495000,505461.1948165357
1650000,1468763.3901371812
1550000,1572022.379253763
780000,742510.4192375757
55000,66488.82530080831
550000,362254.7059982096
330000,264481.92403193365
315000,322727.49868890754
795000,841499.4348442359
4550000,4705875.014452127
219000,242291.75882912174
230000,232167.45373916745
140000,176589.6096189804
260000,312663.526562382
215000,279218.75619573717
3600000,2937411.142785866
5000000,4119370.963586438
900000,900792.222894348
400000,384549.7449537337
750000,790333.9740041265
265000,283172.1168330942
770000,764319.2151688338
1350000,1172616.4487944453
5200000,5189674.903536348
7300000,7148680.606967524
2600000,2536464.6448373715
120000,150230.6496899897
1190000,1164267.6500693518
1150000,1043177.918289249
900000,827043.7092464328
395000,367515.98031100194
955000,954618.4634497872
180000,155338.4079109028
220000,216064.9523673878
895000,932123.3043670222
240000,237756.14037367416
1045000,1313988.0103859648
275000,168303.43057879966
1080000,1026976.8587654787
390000,339841.28657218226
200000,194522.0609042699
300000,314075.27633345634
235000,235884.26892961163
200000,150957.0550890228
300000,226657.17107540485
350000,318150.8780240254
235000,220048.53636450827
250000,289890.26610660466
750000,698706.5128261519
520000,386810.7609358916
144000,221005.35014990164
325000,392578.0316307879
480000,516079.4726164375
1250000,1172331.2540404105
420000,437689.5638603404
1030000,1023352.2421446493
1220000,1094537.1392493853
1130000,1107468.9178339583
160000,217645.62583181082
200000,210591.41046418133
545000,518897.75113129907
270000,250909.28523844125
150000,148062.74534679315
450000,441840.60353565647
325000,304400.0768534457
155000,169958.2787121443
1850000,1898659.0679881128
700000,713391.58016794
900000,949426.2342107424
2650000,2290111.1040766994
125000,177962.5026108233
390000,402147.07348798326
3500000,3272041.857472192
320000,328683.2863473976
305000,301662.9057706433
190000,194424.39800883448
650000,782825.8772646801
300000,303652.63374980417
1500000,1325672.3719534623
220000,191346.0764274053
85000,109497.76147055562
2800000,3118638.3700110945
950000,912088.2712757469
600000,683888.3437511115
1570000,1638484.0772305236
490000,553502.8717691118
2700000,2883009.6744450824
600000,566550.8013914956
600000,610234.1691558519
300000,305190.21241633
200000,125730.69073080286
450000,509859.2919366673
680000,525769.8980499173
220000,246633.50014191322
195000,234258.5146012383
2500000,2621112.073174322
3600000,3624442.905476641
4500000,4441294.682532159
1500000,1388892.3186260767
520000,524390.5022525645
1235000,1184673.5350162429
1500000,1593908.4924331945
610000,649783.8431835198
760000,739816.5341588353
2825000,2746119.6258883514
575000,642830.9872096849
1500000,1715919.3029786441
1030000,1049857.495296595
3600000,3241803.309839388
390000,443251.3033540009
420000,375644.4602175013
2100000,2011650.4587823346
2750000,3118592.8136942205
1190000,1263054.549491907
915000,893095.27333906
1290000,1147227.2673167326
2825000,2883470.176632992
1090000,1280379.3430412398
900000,926218.0750682863
120000,122931.52834697675
110000,118458.59935841494
450000,480163.69496646983
3900000,3824220.245115588
285000,323107.58353523514
1720000,1450614.8011853842
235000,231814.8524398797
170000,198585.40684357597
2100000,2646001.4153552405
470000,468196.2225356458
270000,312882.09786819364
675000,667958.0200397265
430000,276989.1572657595
1445000,1706333.464255189
875000,1166727.4787928069
940000,919888.9898543614
440000,688690.1684341419
2150000,2181690.542615724
375000,416081.8685439996
1000000,931943.3434472579
290000,379173.2948594088
45000,48647.66608219144
1900000,1830338.11190156
720000,680805.7295658379
220000,245941.2606100866
270000,252494.76086947424
1950000,1973406.4849400453
285000,350327.98431436805
290000,270738.0250591147
550000,659072.1222388871
310000,323785.68237067043
2300000,2207163.8119034395
2900000,2648296.4986847946
2600000,2023759.2044038568
1750000,1639687.3282480694
530000,543819.181356454
215000,231582.88312199517
150000,292943.71649276325
400000,399310.9029207505
1350000,958019.1267053183
330000,278287.1266875432
150000,135484.10927876236
5000000,4829631.874474144
130000,148420.73550173297
165000,159448.42519521425
3300000,3415950.5863796887
125000,147711.89651336233
1000000,778364.7617459109
1400000,1432748.7533473587
590000,822458.7852443787
735000,707824.5151455167
295000,365644.77188128803
1390000,1793832.4215776715
780000,824219.1091719967
1200000,1218118.9802574029
2050000,2122295.957480214
1300000,1343130.7213582583
3190000,2621190.62429927
35000,57002.50896984716
690000,677437.9684018985
650000,560284.130602361
470000,446769.3864752515
720000,672770.1317813727
770000,818304.4728908272
300000,333000.9633753687
1000000,942242.697308289
4190000,4271446.491117332
4725000,4323197.853510141
1225000,1102651.0920223475
4350000,4186748.323743518
890000,1076293.421321665
250000,338126.6028688818
2390000,2383647.5796616613
3690000,2590148.013147151
197000,226832.1732781383
215000,221280.87443572018
2250000,2069636.732765236
420000,413665.89366693184
2750000,2994926.394211296
1470000,1719298.7535736873
360000,346131.67479979567
1750000,1708578.632439473
300000,309681.17319811997
900000,886035.1657637518
230000,241573.40747371956
270000,311037.36581752886
765000,768959.9768334714
900000,731734.6772629289
850000,863599.8328876816
15000000,14090776.534234801
630000,685311.9460240615
1400000,1192209.8458098464
435000,414996.37239424756
850000,843861.8253847973
295000,322633.9863735242
680000,759725.1116574621
350000,361780.63440111483
400000,329466.2829965613
5100000,4553315.404234128
1530000,1599277.8233287784
1800000,1554856.9686143748
470000,490126.9745629825
910000,971016.3308344804
820000,808960.5567808349
220000,199784.9329646366
880000,955935.2859879911
2250000,2626652.4996753605
270000,304375.8750034991
250000,188783.68351328708
550000,675774.6620132269
7100000,3680898.9757041936
4550000,4203629.244874554
695000,646638.41643618
1050000,969029.9039491189
275000,297214.3149894507
410000,358421.42612179427
11400000,6194951.900042595
1550000,1421812.5349103864
1250000,1037737.8951769571
1750000,1887267.3444774568
260000,299476.75633715827
420000,354250.47019444307
300000,284060.0325831351
2600000,2393085.8810981526
1450000,1388011.274947424
4250000,4315603.732717414
200000,220596.02041410087
660000,606213.1340073905
240000,240651.76047476014
2770000,2688551.1836468936
195000,215559.36395692595
425000,409072.67991774506
2800000,2827615.759315678
645000,692607.0673602531
5800000,5994734.7910237145
3750000,3397979.329178379
1275000,1239525.4417458714
725000,981659.1574633678
330000,471764.0112152652
276000,213996.33028506397
560000,630805.751574158
1100000,1135742.1114898925
4000000,3253614.9911245033
750000,962930.2570160639
630000,673871.5276011853
770000,748253.2308009198
290000,264964.7893523715
4000000,3253267.5482846256
2000000,1690564.7115288288
5320000,5033951.547955237
3800000,4319981.060873427
5500000,5634751.786283053
1600000,1501240.7206201956
200000,215452.35164340393
1485000,1521232.7319095256
160000,154967.27443459793
4900000,4732999.0487057995
2380000,2579531.243185215
4200000,4077296.177471512
3400000,3087905.4421325526
2375000,2493148.9913109294
115000,127473.50322556625
3250000,3276845.3156601577
4700000,4715819.386509181
1150000,937663.6421850848
300000,299882.69575439673
280000,334200.1987453136
1020000,904716.4339293567
1380000,1419104.1668081847
470000,443188.75292117713
160000,143810.66312717885
820000,842531.8405185615
3225000,3497718.374690005
750000,719338.3801634307
1900000,1512542.522878299
4590000,5047893.402820822
3000000,2986270.9058190375
4900000,4387547.399517743
1520000,1426568.3555763962
4985000,5133438.29222799
200000,260173.39059645988
725000,842482.5956331728
278000,195640.6267885424
2250000,2490721.896617173
660000,584468.8708515641
750000,735782.5788653465
2300000,2371876.7210373897
820000,994105.7015946542
890000,864503.7499153927
740000,778171.6622001249
1870000,2047124.1719110825
65000,247009.08443716957
840000,701881.9709504454
1800000,1751316.0675850948
565000,434576.56473651394
925000,851540.8566438297
1450000,1381885.0286800142
675000,666140.4093663167
550000,666925.0398798318
110000,137468.14251234382
210000,197038.999269148
850000,750922.6490876194
195000,226638.0469882286
4500000,4052393.3927955874
930000,880295.7858523671
2600000,1933435.8910361126
590000,600184.5114119452
290000,302509.9448922253
950000,954517.8933373544
320000,240232.68791528392
850000,744435.0720500676
630000,641348.7833220619
730000,729328.2998518499
375000,399427.59256123146
180000,219143.11069785708
580000,744970.6432948718
675000,733259.2489164595
750000,779004.0736337444
1350000,1350592.3004431254
160000,177630.56087625358
4250000,3962577.3315698146
2950000,3077526.9283161187
3150000,3218337.745741254
2050000,2081676.9633493463
1300000,1388864.1551013116
335000,315114.149319743
1400000,1311892.5035624367
2800000,2826128.724402819
100000,76822.78201216787
350000,290045.68353026424
550000,553746.3986605806
325000,260963.0600008255
770000,712968.840909576
4100000,4411698.013400934
2150000,2124686.451987465
1450000,861867.1806864092
2800000,3024645.935571109
1250000,1183542.4884334276
260000,255649.53781192674
2480000,2487338.2145217676
270000,262838.67534255004
720000,839435.110462192
420000,435849.887441245
965000,1024980.4704231047
580000,606317.6539403516
2250000,3500487.2447872544
580000,474745.36925184034
890000,930546.0314152992
270000,265254.0543686517
3750000,4336762.413761184
165000,173589.74759840604
2750000,2622523.2852171203
560000,805205.0918611222
220000,180201.55132366446
1080000,1149557.239300402
178000,141560.53082577934
4200000,4546961.611128027
2150000,2310110.956836785
4300000,4029570.808562925
100000,152173.66142701582
1930000,2037854.5121293273
450000,424031.4893750641
1300000,1315070.8175796624
965000,1015342.6613768297
5500000,5367130.9189309785
135000,133265.52159068207
900000,870954.6745726039
270000,241630.61574703257
560000,554380.1901173566
1280000,1209678.3617891432
145000,245362.95643020884
800000,698138.9066869995
210000,230426.96705083584
360000,372640.21330467967
1600000,1345485.1568566733
2600000,2262914.2540314016
160000,246111.7820287502
310000,328581.54413524613
520000,479578.80853803665
340000,388011.7016463625
380000,332122.8981338804
50000,132055.57983513066
750000,496332.89169802004
340000,368779.72955251223
540000,511557.67303629604
420000,300990.52318251296
300000,325297.64525957615
770000,813232.8902060369
165000,155923.59236560453
450000,396350.19466283644
265000,226622.789217142
385000,378379.6696131637
2500000,2177235.7082395963
235000,241975.6499599477
195000,205449.92409111196
200000,269542.0314446961
270000,289813.30343925563
350000,243631.52250637393
100000,69357.6845348823
240000,205296.46877369456
890000,828678.733395185
8900000,6811405.964964651
285000,329748.57878740225
1140000,1089061.9148360828
350000,302660.3167102842
330000,400876.465294697
908000,925360.403281326
395000,391973.40421704506
275000,284821.7516860928
750000,795059.0613123365
430000,413541.65272791195
255000,259827.20997137803
830000,809664.7357214814
335000,339236.70808346954
350000,327244.8979450975
3250000,3135484.5586234885
9250000,7782889.891294246
290000,286386.8755809577
17200000,13507666.093828725
1450000,1560584.5795385642
250000,237775.84104205229
600000,701937.8181114921
740000,741076.7639521942
1980000,1709520.8802272654
230000,289509.5946763868
1050000,933461.9218570231
85000,63763.58504902632
100000,119518.96618155316
820000,823247.4656675159
190000,206939.33591213447
320000,330126.60201091797
700000,876581.3296680632
40000,52455.455806203536
800000,705358.1719590045
250000,228853.81129860925
365000,310967.6023657558
8300000,6073848.2637218
980000,1013747.9762497337
220000,214402.96729381057
1100000,1110471.8891038622
125000,164491.4220832056
520000,576151.9580458751
680000,631627.2722553733
400000,418111.92930189293
1270000,1216914.0180093576
870000,920217.7102531976
1395000,1545588.008831826
1790000,1655447.165291328
170000,165566.41415299228
240000,302084.4241029097
250000,232471.73211539074
850000,779059.1019371429
150000,191355.59883577257
460000,429285.90362524113
800000,758210.2724822419
2580000,2127632.954157086
430000,414822.04444974026
4950000,4992746.8116019135
230000,237667.0509488884
770000,801971.6266019017
2350000,2571065.979471522
1250000,1199589.2914647558
2200000,2788619.266869679
5100000,4767995.8669139845
2780000,2916279.5858590314
900000,878253.51770464
750000,772232.2712789438
130000,164176.69110292237
220000,197332.88143987572
600000,386744.5450700507
2550000,2238745.710081623
165000,303799.3615040788
2100000,2642928.0314545515
245000,245626.307633392
270000,249674.9062693535
180000,177620.4240458884
1350000,1529316.7753691147
300000,333288.86952728644
250000,258070.13230926526
4375000,4053549.636789949
900000,958499.521340191
205000,287624.97074551793
310000,292352.3313679277
650000,788635.7832910636
80000,53959.612422486956
1590000,1647180.1228750383
3900000,3914766.133299341
4250000,4625000.562751976
760000,724952.3410331061
350000,341390.9239465071
130000,118724.70846668346
1730000,1811292.1602758865
685000,633066.2631688433
1325000,1480253.8467610865
660000,668391.8818836014
1700000,1773058.5814584957
760000,776082.5555643025
380000,362760.13141215435
4400000,4834215.945108651
6500000,6880417.221457284
3600000,3863491.731395143
950000,918773.9777439769
88000,117644.40339363406
235000,223597.13527183392
530000,536345.5279683545
1600000,1140192.5380160671
1550000,1688475.8345509048
1000000,988934.2622332138
450000,433882.3753650706
4200000,4114441.5613147495
4350000,4534279.878752977
1400000,1619113.3234195183
675000,801512.7567154604
660000,658546.3560859949
70000,72941.12272938654
675000,732180.6933346415
400000,282139.1257757038
749000,738316.7348514276
445000,421977.6881327455
5000000,4071500.366286653
3900000,3190522.462082778
1875000,1996995.6814110077
725000,715794.3737356903
125000,142816.504090628
4750000,4768211.317295074
845000,794366.7721920334
4650000,4305997.961447534
2090000,1895519.8198275159
120000,227573.78489006637
450000,471759.6162797648
250000,256624.52419690648
230000,251596.6575468959
2300000,2079740.2693683826
315000,272731.57235820324
790000,924159.3918307868
240000,259688.5108833179
1180000,1223763.887231777
1450000,1294361.7659398732
2850000,1852055.575192449
2050000,1909680.2140631056
1950000,1680497.212547464
1550000,1685075.40699634
880000,907682.2041413358
4390000,4565071.434188352
4050000,4357658.219715957
1850000,1622601.809710386
950000,934717.915668718
880000,758832.3809905502
250000,247082.99403051962
3400000,3059704.071125358
4000000,4643289.134866265
2050000,2707203.9940250097
1800000,2174520.445936549
145000,125797.99418252484
1170000,1204662.8507895179
920000,1077505.4940348607
5750000,5358819.068556416
350000,366994.0265320725
650000,653628.3366017609
300000,350135.1524571395
180000,209312.32997010645
375000,329988.87915734306
870000,807226.2299757262
910000,921764.2806142913
1950000,2102516.294784291
750000,772410.7557665689
210000,200718.03032251395
480000,477835.1770644232
2500000,2221052.1203780887
135000,131361.33086376206
520000,463741.1777346929
470000,493116.06413102435
495000,510018.99650633865
1740000,1585603.7482149613
465000,435475.53278337116
3150000,2850760.0758187296
2780000,2313212.44692536
3600000,3432205.1611359
570000,681537.8337458867
2450000,2442336.998829873
775000,797924.4925717037
265000,271697.79850776464
3400000,3575843.7880214616
850000,598061.8996661484
2000000,2380282.23475448
380000,340815.76432312134
450000,291560.0269560334
1870000,1670053.1060438943
1950000,1920988.236979849
5190000,4759946.0799012035
7500000,5508120.784738364
335000,384940.0640835951
3150000,2936850.36401163
230000,270875.49017185246
1180000,1214628.7745996495
4300000,3901461.234233228
575000,496014.8878595667
120000,150851.10479830555
1750000,1818210.6120773295
700000,752945.3716601426
8250000,7678554.154107286
785000,794312.3081601951
2050000,1983252.311442386
3150000,3433171.1191254137
1250000,1236056.8642271138
4600000,4836465.737173201
310000,241235.5664431518
2650000,2992402.6367290267
7350000,8433161.609534737
7750000,7875936.403419147
135000,148373.23850918803
6200000,6391683.204345178
250000,265624.84918113647
400000,436008.1238713334
2700000,3121739.2612816114
1180000,1133570.5907684737
5800000,4669281.554933776
2800000,2742729.6196134547
4550000,5151294.6974569755
260000,235790.33858431867
3100000,3177720.0993445115
3250000,2973773.6774220993
420000,401542.26995243726
7700000,8261816.997523483
3200000,3009390.45688931
9000000,5833772.192989237
4800000,3556121.3160611466
2800000,2798792.700071203
1500000,646904.0881785738
6500000,6628454.545659599
250000,362122.31833979953
900000,853082.1613458233
720000,750551.6263628395
775000,752202.0192380642
245000,258349.61242145734
970000,949554.9361232253
97000,79937.49094375718
5650000,2901420.9952472155
1890000,1654994.9847803768
4450000,4108701.979599645
3600000,3775982.8278982174
3700000,3048489.0768932607
6350000,5637131.164551586
2725000,2614103.6067241016
320000,302593.89384415094
1560000,1462938.5077809056
1765000,1888306.330374765
275000,298140.1963404316
160000,106827.61851970962
320000,337596.9915701874
1775000,1793204.0181996324
1580000,1437186.7574829885
3100000,2872136.75030584
1330000,1205764.4780138093
2050000,1943215.7259396974
1400000,1290921.7613164901
2350000,2216431.868251004
4250000,3556757.0391055625
300000,275221.1411906457
95000,183850.54544403535
2200000,2331017.4631529436
950000,1335892.2764679724
5950000,5256031.366840156
795000,841338.4594661606
900000,892339.1492530946
780000,844909.7691387972
780000,729514.085623695
835000,844614.8151245207
250000,223514.8390682782
150000,171106.3684946482
260000,287812.3571959612
7000000,5095203.68414983
2200000,2360212.356470028
450000,485147.5694396893
1500000,1374435.6193149902
1600000,1601040.7379966737
1200000,1265426.8384058515
679000,631263.4304544036
1200000,1574151.4013879069
680000,704312.2960490915
5100000,5165467.698873726
1700000,1667342.6964191617
430000,430571.43004443997
5900000,5588487.591717746
5350000,5286668.972235538
7800000,8122647.380685005
790000,772376.2608607654
395000,425749.73987598036
1345000,1714057.660058213
1200000,1155235.9180958993
2800000,2339366.663279137
320000,381672.50192356907
650000,670842.6987730794
750000,975561.8359418464
1230000,1322620.028694687
250000,155024.38332590304
2200000,2354125.782429839
280000,296925.8259693581
375000,326332.42176999716
860000,1029692.6718566356
240000,225761.2524474442
4500000,4151602.8384649823
5850000,5355533.358423553
5200000,3388880.2218782203
3200000,2486486.3596353293
3000000,3301109.7341641323
190000,175419.4064088367
335000,334531.2175980348
980000,990855.7780284857
160000,246196.93132053255
330000,332507.98061280424
720000,773341.491030063
465000,451052.7051422009
160000,146738.225812035
400000,478157.7398174958
575000,567799.9078972103
1470000,1375543.5127993452
2100000,1972125.1516955933
8500000,7127047.053943841
145000,133141.59922091832
410000,327344.77489363955
260000,287447.80522173014
290000,260645.08969301693
280000,288744.3166496632
110000,130371.62595455615
1400000,1731910.4051244757
285000,319068.96812874434
210000,181596.38496000844
780000,851575.2978277243
247000,221253.38322569747
5150000,5121177.497320346
260000,279476.5513248677
735000,758525.2977477724
1890000,1659031.0311283076
820000,810815.1384449422
910000,983782.5263270263
770000,818353.4622568066
410000,362913.33695098467
600000,605591.5350912171
3000000,3114862.136803037
120000,136211.4954731725
2100000,2016861.8330781385
900000,990266.2703293319
230000,246528.5936613956
360000,385268.1342007675
135000,122235.17621649051
145000,140880.28476507534
1430000,1625433.853741077
235000,276030.8766900878
390000,426479.8347252211
520000,829587.6390146152
1350000,1099935.4021282077
490000,483850.74689426686
560000,644447.5670300564
190000,199104.1275112413
1250000,1223416.536453688
3250000,3100101.614400345
1650000,1522661.0071296832
129000,149345.28099985595
85000,123936.33758753288
560000,701555.198221015
1250000,1411738.5128247216
975000,942979.1618389662
1590000,1414571.4863084394
2000000,1742343.0716741404
280000,278001.7856734302
770000,740035.7530399198
570000,596084.8352918567
915000,928658.477498376
255000,270094.3324006139
90000,89588.36632259646
95000,148134.44590874496
5000000,4052322.1737314644
275000,295344.58333420585
475000,510138.397326857
200000,273328.2109569364
40000,76203.74513075339
1910000,1999833.6236732178
285000,299904.3194717377
785000,726105.9128681823
900000,1147576.1260003364
250000,255456.45305544406
520000,575804.3181467123
280000,282749.46093057183
180000,150066.3016187077
168000,149242.36138102526
260000,337928.41018866014
275000,360424.1818219741
1490000,2369384.6005864404
520000,498807.8721758621
1580000,1812125.3293188727
220000,302023.70694877655
1980000,1807849.2019475168
1185000,914311.1591139612
275000,266686.7969309765
1320000,2157906.73971513
145000,144439.1968845364
45000,59934.47019000176
300000,318733.71169585927
3525000,3427637.594298447
1645000,1455375.3324840465
1265000,1055811.6957950883
80000,57953.35082958039
1560000,1450714.2624868536
255000,239856.92053918994
220000,282046.4641731563
130000,152051.91580089607
2750000,2876453.7420986
2150000,2076943.9890169965
330000,261948.67893847052
585000,593524.5073040742
1600000,1411460.792072752
690000,734371.3299391508
200000,240729.48409345926
1650000,1619033.6307458
4099000,4002463.6928644083
3200000,3093530.4637271385
5500000,5349095.3648021
1350000,1446951.4371313753
200000,222573.44887342348
4400000,3816958.68822255
2650000,2630896.7635473805
1250000,1108191.5772465847
1350000,1238252.8562322792
250000,254785.37744624904
4700000,5049009.079005702
680000,717041.476808227
260000,300433.0480104006
2270000,2179890.4439561446
2350000,2288828.4143640716
1250000,1143373.013024951
380000,446220.0709027985
2100000,2080176.163976453
550000,546602.5230104919
380000,304763.950673224
220000,210334.26119523897
165000,153672.08959124237
127000,258554.54297873404
930000,880078.3301794659
117000,264692.756051247
390000,369256.30181083974
430000,460622.4537608857
240000,256693.34054701502
280000,263107.3892619439
280000,282762.22877069586
410000,435935.7723220024
170000,194432.98559684507
180000,157940.14068927316
450000,492448.20251887594
2850000,2870103.6073084376
600000,621853.7402313448
300000,295165.46842582535
135000,210302.84930626495
670000,773754.8877471705
135000,148952.0655103847
370000,500511.7200276165
250000,237967.8656468348
280000,261158.7642142619
3650000,2792336.831363881
1500000,1380704.9111434654
435000,398714.3952189204
310000,313421.32272893394
480000,399373.3701775854
450000,456433.83930090995
440000,451994.9265839034
255000,256129.15625284283
350000,376652.79098454985
230000,211709.96799318114
1290000,1333667.826539592
2600000,2790738.8093865747
380000,343703.7024696635
350000,415030.40388293774
75000,82995.74222586985
60000,51149.42952626014
550000,495306.8387833655
2100000,2819173.3549368605
290000,253465.2202104507
3800000,3388718.069975325
590000,734729.7040231893
1390000,1215151.3673826884
300000,260669.9594575882
1680000,1506053.2962568626
295000,321041.6197279976
2000000,1893953.6809808933
5750000,6351450.444015165
225000,296404.24660322315
140000,166258.42924238375
1900000,1921915.379297378
6200000,4829428.328514125
3500000,3868652.6236398704
950000,1124228.8655561777
500000,422708.8987203664
580000,763779.8750610838
5600000,5556313.242591169
380000,437229.62202786613
4000000,4215979.792619421
4950000,5772460.126105273
345000,302990.9898356592
950000,906025.0666028584
600000,350682.7328957211
580000,537837.2130571296
235000,249030.77637728467
1750000,1818438.1266406423
3950000,3841932.7187506207
1650000,1619481.758530527
990000,787374.0568556181
860000,870101.8686611279
850000,802405.2686048758
860000,829114.2346524162
670000,744482.0842058889
530000,496993.4834368118
14100000,14233894.987492006
775000,1137867.6577963647
2500000,2464255.115545472
630000,649203.3103254591
450000,477136.76122720726
530000,590112.4257027683
35000,62762.836404740454
1490000,1551366.322389757
670000,766763.0817733168
6500000,6096512.680047417
440000,433442.8431315527
485000,520758.31888404494
450000,415663.93762758374
1475000,1580738.7818772795
210000,197755.760279519
200000,205084.23405086237
800000,764925.1807509928
1875000,2053413.8902517755
5700000,5464131.408646026
580000,551621.9980897437
570000,544185.4697676377
790000,809560.9576637637
1300000,1259369.186107614
800000,737172.7305809124
750000,705536.3850599658
180000,186273.6662955269
2900000,3359346.137158088
200000,210717.49758661012
2400000,2620891.167661685
1420000,1322165.118722396
600000,524665.5907768458
1290000,1277078.5887341993
310000,316276.5746146373
130000,116344.19381857941
4950000,5199175.07160397
1740000,1848752.561011154
950000,870805.0551602152
435000,428218.79626920936
1950000,1825057.2391233528
225000,229709.0874336683
2500000,3303853.7827625014
1700000,1508651.6158806623
280000,390265.2624522132
450000,428924.2663584248
2700000,2521229.7142054383
4300000,4682702.810747273
210000,191038.1663314155
165000,136820.6750704052
325000,311799.4188603997
465000,1133252.3952879189
3350000,3721081.7155116736
7500000,7547729.1771064
5250000,5363268.278544302
650000,544306.2838791432
2850000,2317147.7357690586
335000,292294.16913317324
1190000,1416616.63664707
600000,660626.2106457421
1490000,1462216.598832402
1300000,1371341.0724798725
570000,832782.1893636365
450000,395842.71757168055
750000,670379.9310887612
5850000,4638125.790518826
895000,1067982.5321103712
9500000,8212488.491000892
590000,622704.0240471731
800000,797193.0547658888
1250000,1162314.1677222059
400000,442680.2849758269
2900000,2844360.0536606894
785000,709630.1356742126
820000,796084.1935991053
1775000,1839360.6056646449
940000,829872.8312164162
930000,868524.2806040847
975000,910696.7024733202
400000,355561.5462009729
3000000,3241170.222374002
2050000,1900818.4736369553
8000000,7366685.004556519
3200000,3393583.618018128
660000,680545.6748328644
2800000,2984412.435077989
1250000,1099913.6619022638
5200000,9033816.641076902
950000,846702.6504900681
980000,944117.3205731688
405000,495405.01731905027
1850000,1979526.0402419353
3750000,3270432.9817507393
10500000,8964834.036223736
3550000,3602285.2668920425
385000,392921.07388837327
620000,558851.7761801544
260000,169075.54148295103
850000,854290.9937648686
1850000,1669557.4610451693
1250000,1141564.9055069196
1980000,2166522.5844472027
470000,496460.50730200036
220000,238060.94415981285
330000,340260.0069206986
880000,778406.6043275751
5500000,5929846.529689379
4950000,4595039.06627143
2950000,2995613.0823859083
650000,694085.86473
250000,253221.91819837442
170000,121364.1355079734
250000,327242.5804033893
1475000,1461793.7831236054
540000,568123.427680373
1850000,1868731.8579339697
190000,256127.06790626497
240000,256502.83509508768
480000,521260.511801617
600000,571203.5473593306
350000,935796.9481487031
650000,635696.7010063764
6900000,6758612.03754144
625000,893808.5156285162
1650000,1750329.1042649117
180000,139306.08751355123
870000,911890.6081820333
60000,82694.97373132533
13200000,12794174.87290485
2900000,2972911.9064059965
2500000,2218456.898732606
8450000,7772521.313350728
3425000,3358710.5500167627
3390000,3514751.0858455068
2745000,2764440.781297414
250000,277188.57449489215
5200000,4743573.83273894
7600000,8039625.452194094
5150000,5498665.365434484
2750000,3424264.7171138725
3550000,3560142.1410395023
3900000,4335565.736759848
7900000,6379359.607591113
95000,116449.4303108189
750000,703376.117330191
60000,197123.06995914
530000,543645.9089663188
1250000,1543379.4695839805
790000,749814.5238212157
7250000,4688384.089227632
7000000,7587236.108532959
5800000,4588457.958883012
450000,450371.38869302976
310000,240987.50735171392
1900000,2058861.869301647
235000,216047.8479972685
160000,192729.88866478487
1175000,1059944.746627438
165000,144878.30199896896
49500,54503.03462776724
5250000,5009997.200070041
200000,170113.83744773464
150000,148001.49653041016
1450000,1703956.9616118127
5600000,5131335.542847877
110000,155622.2758018059
1500000,998858.1632180399
350000,375296.93764791277
200000,271581.9847034671
300000,250195.85517327915
920000,639466.4610010632
300000,358840.2087674473
190000,199147.1296183891
460000,477421.20416816196
300000,271213.2828607253
220000,282096.7806856268
60000,112328.26701483593
500000,448470.1615532778
2650000,2816209.583142815
160000,217597.71892210402
210000,223321.07471601584
580000,523132.3166221071
3950000,3849707.001699899
65000,75477.56737214551
675000,660051.9341191484
1100000,1021533.9326544409
125000,102686.22561641243
2300000,2605426.3025757717
435000,479800.8448689944
5400000,4296032.728048773
240000,399227.6585298961
475000,438564.5551262671
130000,125020.83930900032
470000,462974.7047576872
250000,238604.49958941672
160000,141107.639291479
340000,368868.6827254302
1200000,3072651.694193574
995000,983622.9055300021
225000,242073.01125597212
1750000,1779214.4292836986
2200000,1994992.7055390233
1250000,1559383.2030475643
180000,333933.82118540315
755000,773756.7505314405
2200000,1854606.575635193
2300000,2391714.2334365784
250000,226978.44416223277
3650000,3853612.487487259
190000,298770.7070642179
2050000,2024886.4696347108
55000,52327.67950690733
330000,340804.82275020645
225000,243900.43592687882
190000,303244.1183587965
400000,359219.913337784
150000,89870.90584809244
105000,110328.98815268466
680000,604792.0154933407
220000,197511.9586221588
1700000,1625656.0709843189
145000,109709.38736206139
3000000,2658978.1828980017
7000000,6003121.192664965
220000,203830.6664041269
650000,614703.4794000001
1365000,1269232.109793252
120000,123394.01113617842
570000,656435.4867233424
295000,289567.73382086953
150000,112673.9870480977
300000,379951.70701707306
320000,289544.1524486576
465000,439444.6147086535
2700000,2954790.6827043975
770000,693371.7520048067
1130000,1084537.6585068286
5000000,4556882.545601935
127000,94778.26207933914
600000,540722.26879229
900000,930259.1755516101
640000,690892.3221494475
550000,580427.4072901016
290000,289362.70823580504
145000,279518.234151237
275000,242122.41666719105
400000,460380.2888083953
400000,400927.88209694106
9000000,7417949.287269234
1950000,1728472.4829886535
60000,55512.87491589699
395000,412030.40145224426
940000,870876.2949774683
9250000,7033166.921216884
5700000,5287044.829822508
4700000,4753650.834607065
340000,279209.9359823199
160000,211262.17085001577
11400000,10101636.059867803
315000,255221.88249376602
330000,332662.6944557397
510000,475334.2317136316
138000,161544.28483033561
1050000,1118197.8239945422
170000,125254.267448025
230000,199742.97126629282
320000,286760.2657270463
260000,240755.24946399662
975000,989098.9858864606
80000,115108.61335446461
1650000,1795349.641892962
430000,396585.34017991245
1300000,965531.0958579095
130000,129844.90497496269
250000,239325.54891994275
125000,155593.3341344812
620000,645515.6466851365
140000,196384.4306156352
1150000,1064049.6620877278
875000,901226.1633623204
400000,403686.375483161
2900000,3461079.794825407
160000,152807.24615074915
1850000,1632416.8257875096
320000,373778.95763610874
470000,636417.0667657239
225000,254186.4390834429
340000,339538.5739918682
280000,239664.8374021492
900000,884862.333982825
860000,823265.1250651039
1550000,1594298.9074277005
3700000,3564506.3443167466
1650000,1471331.3580239678
250000,240662.63770866205
440000,442064.7720209834
1175000,1363353.9656890105
220000,217462.4733071292
250000,304202.6956638019
380000,393891.0000654212
800000,769498.8170174401
1850000,1950039.2276921128
250000,245436.52396876225
2600000,2248699.310805931
285000,286364.6712447808
300000,296648.7933601625
2100000,2102770.9703564076
120000,128834.85655012142
250000,256585.65191893472
280000,331886.74044916185
350000,462887.74684898625
580000,622865.8445709451
1070000,1151909.9693881006
1000000,879494.2012024602
600000,603787.7945969737
650000,725382.045132894
1400000,1312263.5649430016
10800000,8971114.563979566
2150000,2285104.294956731
6750000,6683300.200178482
355000,361905.1862905581
315000,375870.5757626629
240000,209434.91863912874
980000,973848.7970069185
650000,758291.0401451626
250000,254969.75809906004
330000,351257.7138300703
375000,342712.3540745707
250000,159397.47272533673
120000,143833.48247567366
160000,185250.15901366706
725000,797903.9223751589
280000,395401.95647129265
290000,317086.33317729004
85000,113083.17231885389
380000,440301.269596758
160000,158566.52471273328
73000,147224.28874160966
5500000,5531856.145617757
300000,323158.04781400826
235000,302650.9188172415
3450000,3168445.094096006
770000,827215.9951015563
1310000,1152820.4873578483
2900000,2766530.880232258
380000,389611.5188398112
1090000,1107670.8194456422
360000,337476.4285583188
870000,872435.7475251888
480000,427701.513615537
260000,340874.42339486256
780000,782374.944183678
1250000,1222314.3548783406
225000,244834.42199509367
8900000,6543344.753997336
1750000,1901465.2169158205
2500000,2565871.909132402
1750000,1666605.8678565773
205000,229870.08554387634
75000,134820.99234449444
250000,234080.5153052162
160000,144272.9911114118
1200000,1084062.050564886
250000,288996.3144192187
1350000,1295848.1948340859
500000,461746.383399287
1850000,1993855.3963519465
75000,58352.427852373214
1625000,1890241.184886454
300000,268126.1653751982
800000,449374.33583332656
1980000,2324475.041838331
580000,586995.1050849201
775000,517715.43186662963
95000,111701.88645120898
210000,250195.42054427156
1650000,1482925.4439676213
2050000,2091717.7104284642
1200000,1249400.5697441527
1850000,2257071.378245649
370000,361058.18926465476
920000,780627.8976375727
230000,243901.7073375581
200000,151992.60731570964
13000000,8585274.426179525
95000,77632.20252940511
1600000,1847251.7077331631
5100000,5197941.833141001
5050000,5121853.196940531
2800000,2189268.8925215215
160000,140309.2148954559
220000,217453.87277414853
3000000,6770105.975712009
315000,365291.3620557593
790000,701333.3214985955
620000,685634.7047370474
420000,458741.1090937206
1070000,995546.6536182198
500000,496985.38216355344
880000,768286.5879485611
180000,298097.51495835587
350000,402320.7915771715
310000,295358.3961933094
590000,622959.1108471934
1200000,1170049.901485787
1180000,1203841.0388550956
1020000,981375.794381264
390000,409079.2672976266
2900000,2773515.3775430736
650000,591690.2796692252
230000,243579.09624618306
170000,158438.02060723183
310000,364632.80368018453
300000,320864.8942348787
320000,302860.8544017866
800000,765733.3219540198
90000,122210.79871170275
975000,520839.4814262275
825000,841820.3512167241
580000,556366.1089877265
275000,284695.36115471757
255000,235551.3504610488
5100000,5253270.113899807
4800000,2600370.417083257
2350000,2544472.3367899098
90000,83120.18140779025
2150000,2369854.2756735887
5000000,5309574.908674464
6950000,7972494.326961892
830000,950558.3134246429
200000,221771.31283534784
715000,722029.616525
4450000,4887958.645096997
4450000,4688012.046125693
12000000,10394488.67580015
13600000,12213614.540013473
2900000,3151935.5056218198
4850000,4329341.297846999
3400000,3626075.11175971
1890000,1858097.189034136
750000,849468.9708134107
5500000,5679117.791081613
350000,358590.37831701234
2350000,2244618.7384097804
1200000,1264686.5964615392
2550000,2773234.5137019563
4300000,4392730.137424659
50000,58605.144024505404
3500000,2817445.394574792
95000,68814.88901927104
360000,353047.2163726717
1800000,2050557.82753787
270000,288983.2510027932
300000,289894.3885532228
830000,762511.0372593278
970000,968971.1591630792
650000,646515.2224899805
350000,342401.182413839
1150000,1147578.7083411291
850000,924387.4246853474
350000,323568.12065027363
180000,188116.59432763106
2500000,2526746.0165895703
840000,815091.3442870444
520000,530003.7957460168
2000000,2056691.081455074
1700000,1241290.632121747
220000,249527.72479253757
700000,674679.3974805248
340000,316354.6433864488
300000,318389.9667739622
210000,261386.18377768502
420000,394343.73678956175
220000,279887.9383777524
300000,268424.82138956845
175000,146165.08642884385
420000,343178.2218858404
1135000,1173561.1195334606
690000,715453.5421358928
280000,322167.89106897096
180000,214608.6880582525
230000,215199.67995419996
960000,1017236.6174732947
230000,210482.33476283916
240000,298992.1171494236
250000,252159.07254214134
125000,156774.48323761602
260000,284269.8693312384
310000,336879.4082492197
850000,821868.3660553271
110000,131838.88320816608
250000,226817.69833939718
155000,146114.92725450688
570000,571388.6524115404
230000,233706.5022559086
80000,120599.91589877097
1850000,1689674.8905797554
1250000,1187303.5948190074
140000,125403.3663709935
5200000,5164617.504387438
3400000,3101216.380184446
550000,562778.0465515491
920000,952933.519953882
148000,113223.03092381386
675000,711285.8114744391
90000,211660.02710172892
405000,395502.99320049933
188000,185501.20503990556
800000,839552.6587604327
2900000,3183109.1976656006
4600000,5010687.488449096
2650000,2839130.230373636
2550000,2404793.6796644097
1240000,1110138.0117356896
950000,1259213.0578684374
340000,340947.31361761893
380000,373449.3604849554
295000,311939.5399105264
650000,627536.4317755942
2300000,1875745.231643577
220000,232727.23572446793
145000,182726.14461353113
1500000,1473538.2021658076
440000,409199.8938230464
150000,134413.90205040193
180000,258383.69213612025
1150000,890949.2988990142
1060000,1100277.1394081828
820000,924739.5375722515
240000,198250.4124994996
550000,583490.7526405905
690000,539614.797231401
1875000,1868561.2474360655
200000,291725.7659107309
630000,699533.2853137186
345000,328849.99326322484
330000,338373.4636113455
250000,271583.7942744544
250000,321077.6348397403
150000,143319.80218322438
400000,478106.12025838194
560000,540065.0068979716
180000,233597.85836313022
850000,1308925.6333641768
220000,268844.65715231816
375000,381793.9825438055
1350000,1125472.547288492
675000,564418.3750788005
600000,730636.3280911451
550000,426171.1940142717
250000,272943.1155350098
290000,324921.904698091
125000,149930.88963476507
260000,235977.97764983997
1100000,929922.3410238742
2090000,2299412.0591372373
110000,126482.70193272598
310000,272717.8436900745
1250000,1218172.8016020493
420000,612515.2282104013
365000,372814.747680902
1585000,1575038.5600039517
225000,199153.23612022793
3600000,3700397.6424095896
450000,457107.8027990099
2100000,2147070.8940465776
280000,268130.67514002736
150000,153317.94877983094
1550000,1346113.385474921
260000,260292.61079991015
500000,386924.68974628946
690000,744571.9384115842
450000,346004.28486414015
250000,233984.33704880797
1250000,1111633.9085991015
500000,516873.6952009468
85000,111318.93060122654
160000,150970.79608248558
360000,295756.64532691624
290000,248275.7549515802
410000,451113.70566533617
590000,686643.4376905442
1150000,1160731.9592477612
285000,305173.9497239341
500000,614968.9626839897
1150000,1110870.3744772568
2750000,2898740.4541292884
3000000,2928725.6990482095
240000,365452.4715331359
3350000,3812392.5483894562
1075000,969044.1840854809
265000,246230.4854925791
175000,1565304.8663188615
245000,284227.23400451406
280000,299054.27239643066
730000,723617.584546684
1280000,1190349.4909334783
2400000,2600326.8229630785
450000,432076.4060805644
275000,295599.64695176546
1550000,1489091.7450063932
175000,129849.22260222306
200000,253907.54266211588
3500000,3282452.195825892
290000,373202.3609019569
215000,220064.28270829012
2320000,2303258.3473418485
1050000,987801.6595175386
825000,829716.5240750354
630000,666391.1579219165
3500000,2834969.8386812946
1090000,1142500.5664643322
2050000,2137872.4642815087
3250000,3253937.899376426
250000,230495.7869918167
760000,778871.1903562031
320000,312678.7862011939
900000,821283.06669809
950000,966738.111890264
1150000,1102604.1557764688
785000,737603.1903351196
850000,826602.224489758
810000,801279.4267758145
1460000,1306946.9459211268
650000,645567.4781447864
390000,490587.52330085734
365000,342522.78572081804
775000,873613.782960846
360000,368971.8324835193
500000,512815.9032350094
240000,272848.2831942173
1000000,1115557.7203969345
430000,547608.4408213556
800000,865506.8127656002
5500000,5060432.652379351
550000,604465.157586414
240000,259096.13981722307
152222,115332.48067038629
300000,256670.00154811927
180000,244218.8581888109
170000,217579.10519243233
320000,326134.86187630286
320000,256369.0724145315
45000,51215.75937580274
195000,193109.14283542515
100000,113631.84599575319
1785000,1813241.7351804664
2420000,2354950.628052243
1700000,1750329.358073199
1350000,1246939.017138741
435000,453353.0311401819
380000,418745.6979543442
340000,296014.91803866916
1350000,1171934.4239263206
230000,289711.1366198935
3300000,3071771.684361241
500000,496049.37016221945
400000,435508.04346520564
250000,281310.33595141803
820000,742216.2268484975
260000,146336.9016814696
10550000,9856753.923639867
2800000,3249086.1386179933
350000,282729.77713370667
270000,303927.93224645685
160000,96977.36707432177
1650000,1759115.9686666816
660000,648028.1545522484
530000,534337.9598704247
2060000,2059295.4877579866
1300000,1266927.1958046067
295000,295914.6295987061
210000,225951.81182950534
1180000,1267878.1498745861
120000,106075.30921244397
315000,290449.7226528023
400000,334504.0255040755
190000,209715.87410482604
1600000,1499083.213391815
305000,370437.84222177183
315000,285571.92240961804
145000,205837.2950079571
950000,933593.5486639125
390000,403043.5121652434
365000,382272.88566134626
1810000,1810770.589171026
535000,557195.6347310137
115000,136594.32042689106
820000,839540.0982904715
280000,244781.4919606774
300000,300647.9982937675
375000,356440.16882865934
4450000,4450533.272127404
3150000,3288023.6345688705
250000,358019.3045628724
4100000,4100486.5108905523
290000,294910.43019569904
800000,864043.7069195647
400000,234052.63318651987
185000,204598.04802375546
160000,140179.6685585926
245000,259391.56239137592
1900000,1949653.6564017136
325000,148462.55291283937
180000,204235.9673773504
5750000,5932103.1797412345
200000,216901.50284323093
930000,886611.9017465336
375000,366270.70164504426
245000,220099.12254558824
250000,208755.70753914161
220000,233509.32341324573
5750000,6035049.38886897
335000,298136.964607314
170000,165433.83121097274
1100000,871435.7949522265
590000,608737.3363262058
700000,704843.4586730902
300000,266079.30335618893
335000,358671.1742079131
700000,792959.7164659005
900000,948686.7852823932
600000,629607.4990797569
110000,112357.84981534274
2550000,2344365.4968890464
945000,928464.4289825094
6000000,7569576.290110495
230000,192376.0799263857
2200000,2109018.2872571866
1380000,1379873.8822302276
450000,476863.40731490817
1350000,1320269.397232228
3300000,3049410.6850486156
6000000,6718364.015088506
615000,601886.687840776
550000,616722.9695324163
780000,781445.2986378835
190000,239553.1865816835
1410000,1643187.4127901471
980000,1021383.3819386959
250000,248487.53624070057
1930000,1843967.3123583877
340000,342691.81408489693
3300000,3145616.6723767845
150000,172043.86611074448
850000,795212.5922460795
1645000,1397070.785714619
220000,261880.47726489746
300000,381704.0893472875
1550000,1313080.5807267341
1550000,1434685.6066036471
195000,223576.54269886398
290000,257285.9818821565
125000,246222.51032106625
680000,687299.9130937901
735000,760548.2894235743
550000,607102.0737138051
470000,466460.6280041534
230000,222402.58808286488
275000,235978.49537684675
200000,205510.57062836408
230000,225728.91073057376
750000,805981.6726929116
820000,815098.1096799141
95000,114567.81390724574
610000,645187.6546950884
320000,317545.0109714655
2900000,2927343.7733953646
1370000,1377597.8363210873
645000,690078.1569532563
1380000,1443884.1253696885
1000000,860687.9909188306
850000,841533.8130345019
300000,330128.3865663212
160000,217532.46360373148
280000,308432.80428621365
285000,298096.86168514506
700000,632842.5866288407
410000,339912.797787112
350000,374893.74015394534
295000,333385.36270249385
280000,262942.6075095079
2030000,1958194.5172674044
335000,334197.64322861796
740000,857893.0372824047
260000,301115.3517540155
152000,169579.10234813747
1800000,1675207.0425305173
2200000,2040806.4650757543
2000000,1735508.976261381
6200000,6126379.830275053
800000,853810.0421997181
270000,314646.2411436649
600000,620354.9271315702
580000,554383.3757657394
920000,852726.9990265676
880000,895422.5199115911
165000,180321.24640509015
1200000,1105979.486201834
2650000,3666820.4801829522
220000,261196.80330721312
900000,872691.9896206446
50000,63030.372202947976
3200000,3302054.0098574203
1100000,1212678.8807536596
740000,779409.9580323827
2250000,1887477.2440245808
450000,488731.7201341646
225000,255863.16276748004
380000,493845.343028724
290000,255775.97909061774
146000,197377.6545830566
2250000,2184986.164510307
1420000,1649247.0658080431
2550000,2562971.966509288
3700000,3808552.976997647
280000,361391.9790999568
160000,161599.351857183
6400000,5402908.195073867
450000,312209.7928712014
130000,185128.04011905656
215000,287826.8661323569
170000,121351.9339324025
85000,95061.73151940368
1300000,1146297.5617161985
1200000,1056465.9998573905
140000,179978.36422399923
780000,769700.7797865265
250000,240685.1173828215
280000,340379.1837597939
1500000,1531849.8062902251
1100000,1096761.9786984625
175000,153945.38785659816
280000,277567.1722255831
210000,202369.52112953935
600000,693686.8766559624
195000,214304.72103744833
1900000,2086723.4960649065
225000,204755.2091095206
8195000,7419754.246528353
380000,408827.79934213264
1150000,1132558.0857890958
180000,227727.9633114374
150000,147205.75141987248
220000,273748.11668418476
460000,450612.95644433895
125000,149294.5499601086
160000,186771.80012458382
70000,89205.83240051453
1335000,1178238.3614654886
160000,182157.72901439262
120000,101713.49680975113
150000,158076.1943922095
2300000,2204319.102897636
195000,209347.9605816655
85000,180884.15656357008
375000,417188.8958204529
390000,307012.92277603346
3900000,4097513.233969649
230000,224654.5366495363
235000,215572.9611517874
250000,282285.47574859246
2300000,2191099.418036935
450000,418484.97992655373
55000,55185.34496005101
65000,66350.47704151283
360000,422954.0569877977
180000,298182.9021782959
335000,295441.10336872505
450000,407252.79873348237
2200000,2027135.996451164
85000,77358.42215596227
350000,372869.591375172
350000,346634.2695348911
7000000,4422978.213982747
200000,196107.93264126626
75000,88907.766608601
6850000,4944977.17559842
3450000,3462728.8980001467
1900000,1716740.5270379873
3000000,3312534.6232662736
3600000,3468877.162867008
820000,781640.1853365839
470000,504453.40550304716
150000,133898.01450982937
1800000,1749581.8065485726
950000,1036561.0501232375
740000,678931.9145310919
550000,504418.76225047064
950000,872384.0703506317
280000,367844.5528783858
245000,280636.3490509696
260000,212390.52034797604
1130000,1077701.7219530258
540000,619865.1252263584
575000,608214.8091952152
1780000,2338877.402834173
875000,781610.9175298648
750000,833880.962305948
70000,70559.02842948983
130000,181152.20630566104
2100000,1729682.0327188785
1750000,1553730.866354874
320000,385918.31651187537
550000,612915.1474089823
980000,917082.1841038817
275000,244202.58436137636
225000,260916.7680253541
1750000,1404987.8087805074
225000,207478.25645263866
735000,736661.7345218682
1600000,1625184.1981935618
500000,461067.9334269604
135000,155070.47648696412
650000,567250.6329731272
450000,295852.5274791179
750000,752766.358809724
210000,209016.21499966414
3100000,2985750.5087997643
1300000,1421622.5884598196
275000,305030.8785169202
850000,673206.1265804996
100000,288430.9668449078
2280000,2428138.7992639286
1250000,1066541.3665641046
135000,135223.12512264604
1200000,1104196.1588776899
440000,437636.8806715665
1600000,1532245.518305136
835000,852602.7478043888
400000,335117.5613237096
190000,175785.43751689873
750000,753200.3411101429
575000,827319.6705392728
880000,847331.8971604875
120000,146582.50886286073
870000,861843.3534680859
110000,114173.31511908029
75000,69738.35761291675
2500000,3166561.5704478584
95000,120262.3690739277
1840000,1880828.8979921937
250000,248448.64273613185
3100000,2889579.669616902
1450000,1078307.7355871336
430000,392041.6614562456
1900000,2126419.6504079658
700000,859050.346633605
1800000,1151729.5600050096
250000,229821.20159296272
165000,176309.07329281574
475000,512915.47528138413
200000,213798.29655809503
60000,55100.872144363355
800000,807204.526300026
1390000,1639298.6661697368
2430000,2429810.117574331
730000,442723.0106634324
470000,426147.79211042414
500000,446915.2360203287
1450000,1401058.6897462853
1300000,1175774.3597606209
80000,51503.7634990685
140000,168393.94051203105
170000,237313.39109493984
130000,152601.9675648553
1100000,1005017.9503162992
390000,433757.6591825952
90000,185104.18638603072
495000,538965.8622635903
300000,303886.12425719434
370000,369643.8851430892
720000,729542.2370148315
285000,326111.56964185275
640000,633341.2723311159
950000,905125.1077483682
498000,540122.6676574241
830000,795877.9637565518
375000,339293.8301013177
3100000,2614205.7344431803
5100000,4992041.603382037
600000,495590.75828075525
400000,443239.11931274686
600000,615241.9807423528
110000,135972.0391722445
215000,200997.33012053277
295000,373284.8306874739
300000,349809.19744292775
320000,278586.2577373713
2200000,2307467.1532855453
100000,80413.3516893875
3500000,3331053.9081300227
2750000,1769131.4384746826
210000,131354.16907423869
480000,486706.2151176746
230000,192848.0971716741
3000000,3446623.4459971692
1600000,1560681.550818104
193000,247700.69660657324
145000,151415.18274583019
2650000,2622582.6563617736
1600000,1378142.0998072594
370000,327896.1510336124
120000,149016.43856462697
520000,519696.9499401673
2800000,2643001.7477493947
1800000,1606970.3384928391
210000,173802.55663245707
150000,146361.1300603291
240000,236916.0940303914
1150000,1097716.9132673622
400000,339260.7779079812
130000,120010.58779350438
1150000,960423.2696236909
140000,221800.1258289642
1850000,1854055.4324727168
425000,351051.09808130586
980000,875021.2200045367
150000,139517.0696778391
725000,653447.1652147984
1020000,1001355.035348843
260000,345548.5099984957
950000,1005330.4674307144
2900000,2762258.735428379
3850000,3658706.4535208815
4800000,4981142.859308912
2100000,2017346.213116896
1150000,853833.9189382652
750000,682997.6978373763
120000,124008.0619340156
150000,157431.6865158322
170000,149585.34703644147
300000,310715.3152747593
435000,370849.1486302019
270000,268022.46207902685
170000,132869.76069423908
185000,224935.4926133508
4600000,4862335.280939597
800000,784262.6252873437
530000,560211.429633726
6100000,5959172.393179322
1950000,628303.037694201
930000,947694.2563798554
1350000,1261815.6881640938
140000,194446.19597333253
230000,165008.30757405414
305000,249332.74274998571
455000,437155.61827603576
700000,698525.1243543732
150000,152298.58936371302
200000,195959.94598894592
1050000,1009912.8959221523
230000,227463.6402672012
195000,188979.4594418372
465000,434314.00700355193
470000,556065.1039868717
900000,1156080.9616835623
350000,349524.47020279046
4400000,4219414.984865767
1890000,1639671.9127120364
50000,76045.29194360235
2200000,2383076.151132965
3300000,3054151.5146040237
250000,209898.58253276534
420000,419203.21260994213
1170000,1193234.5020858697
1650000,1153844.0820380375
700000,663005.9662550464
765000,765509.3215726363
4950000,4331916.151535789
2380000,2241224.661386277
450000,393778.4798851809
2100000,1899648.2057707035
360000,342650.32831068535
110000,136177.76896837738
2290000,2080550.507124086
7390000,7226260.654694662
135000,152778.63462116226
2400000,2179231.617669924
350000,201797.65371351442
580000,490982.78337797604
710000,756173.7832837615
80000,83016.4019161012
450000,426252.9701123328
270000,328827.5863448805
345000,324393.90747642686
80000,82547.92806442396
850000,914964.355613421
1450000,1292563.565570977
150000,266303.9658161544
110000,138365.2517044709
490000,490199.4206125163
380000,477727.79545935174
180000,143723.93415467613
1850000,1581944.3130195055
750000,695181.1896964574
280000,271913.7265379364
290000,403203.29890846065
525000,609943.9256851252
3600000,3589967.411711484
1370000,1438209.760205679
400000,313069.82295055926
160000,172934.99454044303
370000,368384.96164405183
480000,479115.1020373139
520000,406805.8816788043
275000,276323.55853910436
310000,353883.2753552649
150000,137677.13795496523
370000,494017.31528195745
95000,101931.221489349
140000,125107.13133961004
380000,319411.63657689723
300000,286165.96866328886
270000,268799.88961958396
590000,617440.1585980674
425000,386806.92221675825
950000,864278.2266627252
390000,429922.46109036537
350000,289293.8905992215
800000,887654.2928584146
3000000,1685083.2945134481
345000,313132.1967373409
365000,342237.1090604951
875000,991216.8152967207
340000,367083.47038276517
535000,545040.8906689922
160000,150719.85604041934
730000,742066.7029552802
260000,253937.48360406354
4250000,3901461.234233228
8700000,7290271.5133914035
3150000,2942227.4094503927
14500000,13455712.365891082
290000,305857.81189320015
1400000,1364623.0009262254
1850000,1636741.670558495
590000,630767.1204245237
2200000,1460144.6283962447
12000000,11223323.892823905
480000,441110.4517481607
200000,186721.66725982854
1400000,1549826.1275768233
1550000,1675761.5344108203
800000,755686.5792205256
330000,364612.77527721145
900000,977955.0004397228
1550000,1366984.9936298318
140000,162998.60716427583
280000,269334.715315575
2790000,2753111.6897423784
385000,405888.26250190154
120000,153193.98960163235
260000,270133.23618517775
3200000,3463550.6730957683
1890000,2231273.51188593
260000,256973.7931746756
350000,303197.78861155256
245000,233815.7573938064
120000,87144.95136527157
540000,548941.6369254285
175000,159795.51312640856
650000,609284.8162192325
395000,429243.2921099601
220000,236722.02554476674
1400000,1410545.8752991904
140000,168577.70297680533
725000,730340.7856930374
1450000,1556100.1646113715
235000,278621.0220574652
3850000,3843426.193067106
770000,704805.549173721
45000,88065.2266455218
720000,564903.6953506329
3550000,3672210.913105121
350000,371769.4182635829
850000,893560.529043706
800000,757614.0802295172
220000,233818.63689725669
3350000,3573208.8059672196
2780000,3015026.7517875303
290000,293548.0717520964
1100000,1140842.0207117538
83000,133042.52796796954
350000,293061.29898647027
90000,104981.75004117818
275000,314060.79147711577
870000,924624.1816588562
700000,629459.072633972
102000,118576.1064652165
280000,299463.76752882596
2000000,1821223.2583413604
70000,72508.90953824754
220000,187375.22995606423
280000,277448.6549930209
250000,272868.67648341437
650000,739651.5394255149
360000,377109.04060017125
8900000,7767678.400173005
130000,195067.16960671928
250000,283138.5149414562
540000,547068.8215012501
1280000,1193509.9075128045
270000,304938.241681189
950000,1072808.1105854576
640000,695089.6976975482
230000,287909.4019461987
1500000,1465639.0112989633
200000,194047.00411853057
870000,891264.0598719824
235000,264515.7700115208
900000,983143.5569190747
320000,359444.1675212166
620000,702976.5382906094
340000,295189.0774426076
900000,721005.629076116
4500000,3711328.553499728
4500000,4323940.217824773
1400000,1342712.9088506321
9000000,6592330.044710482
240000,243271.82052335676
630000,644844.9332250345
280000,260891.15030567136
300000,305335.2528213618
790000,1020538.8359518077
240000,229269.01507038987
1680000,1346168.0289192577
250000,302465.31189702003
350000,309977.9703665825
930000,994241.1702261132
1250000,1341957.1859619406
1250000,1307496.9839486713
175000,141847.15439629185
320000,284414.8073434428
490000,512619.4002171555
1000000,845225.3584436923
180000,251653.9580483552
140000,133618.75426257664
900000,836317.1729837664
3500000,2665992.5341757345
650000,606900.2324365304
280000,355611.58734769933
375000,366259.3752490233
510000,451548.77659129543
260000,269963.7164285599
310000,301663.6427885055
1450000,1697294.8157584183
1100000,1401835.4842131056
730000,764876.7202430816
5000000,5583463.7416758025
140000,137331.09535688342
195000,301062.0588271273
800000,746432.488069534
114000,125823.66830818671
280000,247847.4033278343
245000,258244.6815536049
220000,226928.1571386782
300000,344791.4593456203
1450000,1534029.344530551
660000,458169.90635402704
400000,465388.1800378622
640000,649530.2205762585
785000,790753.0915324069
1910000,1659395.2266978852
165000,212735.1974038123
300000,321338.64594627556
295000,324919.56906743767
800000,779006.2706149927
1200000,1145062.1253815829
280000,276684.2334299635
100000,56525.16568074524
1750000,1912378.0950393036
460000,511643.9733481675
325000,355599.7810016624
1200000,1204569.1055625968
1200000,1113660.687002809
160000,166120.93460129187
6200000,6854680.57333676
315000,289831.4730977637
285000,246544.4225988741
46000,62985.02463202373
4500000,4465318.695144709
158000,198827.2401016912
3500000,3296041.501128163
600000,612103.0698662803
200000,212752.72091968183
230000,253563.4294164642
650000,828540.7775145321
480000,392141.84615289286
1550000,1575113.7861549961
6450000,5361296.17242931
795000,724635.2427114358
5100000,4322732.720297154
155000,143899.44479336616
2550000,3013144.2236600146
250000,312936.3552136149
890000,919463.1985058457
2450000,2380736.433512689
790000,719798.8208846373
640000,650366.9009835463
660000,712728.8568770193
890000,862190.7250517096
635000,654879.9569335814
100000,146008.09135126066
4650000,5589578.80077286
150000,159122.1484267081
330000,344544.1200009369
740000,775774.0779095753
110000,116806.1681939984
360000,318003.23076404637
770000,695480.3246878256
350000,378628.33621452114
700000,460834.82669551764
950000,868569.4107478705
250000,270367.1408905147
340000,296693.6578481574
1479900,1601041.93900436
1899000,1995853.418246736
4100000,4351552.903798449
4700000,4971338.655017936
625000,618128.5050491409
515000,611245.9151729326
130000,200624.11645287185
1170000,1258852.9400158694
200000,292180.29753290757
370000,361808.20240371686
470000,411622.1241834869
2700000,2353126.09334585
430000,438870.43910901743
205000,229872.0786735321
1400000,1346031.0155650952
730000,776146.3478026651
125000,105984.64758963794
199000,180119.16618439707
1600000,1574539.4833158867
140000,144198.52117142492
2200000,2382881.788717274
670000,688519.7190047723
950000,915582.8271717676
1700000,1718370.4926065132
370000,382289.76982770755
300000,342999.21801103535
235000,263282.2540213902
360000,340497.8766849946
120000,181342.9359007652
190000,220276.26476526348
1725000,1773432.9255057152
420000,403517.8923577253
4800000,4611100.384928129
600000,535099.7104572298
260000,291202.5168791159
2425000,1981511.5271734064
550000,545080.1671809141
175000,179281.39953689944
2590000,2633765.0685505196
1100000,1072628.430561878
350000,353587.7585386393
140000,107167.19058712586
575000,546421.1796034243
485000,513673.6090160167
1980000,1574799.2533049253
1675000,1702122.3793360624
280000,249811.22406647488
570000,661662.5462789285
520000,532690.7090899396
1190000,1004855.1699325095
175000,145292.60344529536
445000,486110.1252447669
260000,242157.985442069
210000,191630.47905677347
650000,701117.8453418793
350000,328154.15257413895
1270000,1248568.7683387229
500000,447533.7389259866
450000,623916.4602079567
900000,1116718.7836113872
680000,539695.6323368675
420000,433052.14370313
55000,53070.200103820054
655000,659069.5175530137
160000,146114.92725450688
215000,221385.4403796948
1850000,1709609.2357430714
75000,88143.4892757797
700000,674809.4043001167
725000,672928.6701231269
1600000,1268866.437505426
580000,312278.6874607524
380000,322012.0331797005
450000,515924.3778566195
2450000,2680220.89558942
475000,566408.8015865585
1000000,926619.5196259234
1850000,1662016.6063110495
210000,224797.23247520428
5000000,4646286.380278354
11000000,5062095.522976447
1150000,1092978.952394736
3000000,2942606.0979532884
425000,439327.8550042982
640000,641042.7500154165
600000,615329.3268028952
500000,548853.483270766
1500000,1348227.1057284279
600000,565792.7983943518
1400000,1377845.967723881
120000,144598.32022542774
120000,152230.47118155035
165000,121929.85322057566
1650000,1661884.4134744888
1100000,1185601.9333326814
225000,211867.76117906204
640000,665404.894708846
1580000,1649738.234550268
2250000,2149649.4485634286
420000,464227.98913125356
165000,174716.74055941688
890000,926519.6117001736
950000,902402.3230932965
1930000,1925604.3647061489
1250000,1138479.3468799363
3250000,2827160.1212212704
1200000,1178324.665697777
4700000,4416130.901141326
4700000,4538600.916809689
2250000,2071565.1594447563
300000,274541.27275685646
4800000,4634815.399260906
525000,530788.1972903784
2550000,2569724.848747801
340000,356825.9979585578
850000,831581.5613784676
10500000,8971368.396293892
750000,798104.5244535098
600000,573727.684115356
490000,456659.82777947705
800000,685530.8294396974
229000,234498.55244913418
160000,154169.87571614073
1200000,1096072.2208935714
1600000,1477629.7655703796
450000,501786.3005927263
405000,439794.3000587544
2400000,2602661.7906860253
3900000,4086621.3270893907
350000,441875.5522017462
1150000,1189564.6479180858
380000,381065.72896812065
1200000,1215478.1212002798
220000,205651.91312904257
2000000,3190246.64656464
2250000,3330315.99224104
5500000,4022502.561971825
2000000,2837490.4978296137
2980000,2892213.9656589357
2550000,5256157.946638349
3900000,4907695.509041382
4600000,5502407.953436143
4450000,4756285.185314169
3600000,5420769.666816158
700000,620445.3165009412
690000,706246.5613150882
2250000,2187595.6762482855
2460000,4799735.965558672
1800000,2656453.9624782526
2750000,4992072.073676949
4500000,5048366.227475174
4700000,5320754.2357964665
2800000,5269712.876346587
3250000,5051358.135285011
4000000,5464449.597742958
2000000,2746245.31931131
4000000,4953467.875416153
6000000,4963637.493247103
410000,426848.5769642207
3710000,3704069.050779161
2060000,3402293.2589867436
2130000,3564552.287352729
4500000,5157385.815301934
330000,360456.76734495943
1250000,1405499.4157030326
3870000,4575637.925296307
340000,390698.78671660624
240000,148108.2787917212
1600000,2821862.7339833374
490000,582943.4198565158
410000,528767.0372367889
200000,209527.6036340902
340000,310728.08855662355
860000,721641.7718741471
265000,299546.20502676716
320000,340053.8675016345
300000,290420.6989722488
2400000,2428056.1425761436
945000,898059.5861814856
5000000,4407093.297428301
1000000,1094649.163381743
300000,295103.43748044723
7250000,5867254.275750277
220000,294149.2662959507
250000,229157.18884683427
960000,837378.9475396053
1660000,1510497.271620172
865000,821370.1292120197
380000,364464.7984392649
500000,455604.6875889212
870000,808848.0822268862
500000,574390.0068254975
300000,270137.3658956743
210000,236539.35160544608
2450000,2843154.837635912
170000,150827.22792203882
770000,734171.3329361535
950000,1174261.3807376411
455000,465449.5168440078
950000,870855.0579295636
307000,306104.9792585568
1150000,1022467.1106326226
2900000,3365657.07183077
120000,77027.64954209643
70000,71935.80475701873
1080000,1037112.1953273078
170000,162516.2796914009
1290000,1298290.0489752379
980000,898891.4565002208
295000,401405.1231808911
2900000,3222493.5842975574
800000,837862.7764798056
795000,707009.6949840941
450000,628009.8230125342
1900000,1874968.933182199
570000,613807.6974940989
280000,298924.06017272087
3750000,3436773.704899385
1300000,1274706.3606301865
1975000,2046812.449750201
2250000,2245157.722381703
570000,555188.653930596
230000,214049.10107958104
690000,667206.7304584243
2225000,2078492.3401908965
4900000,6570344.795048178
2100000,3316884.278343816
165000,247009.74342554717
650000,542258.7724546107
900000,900994.5656446209
475000,500432.1969288611
800000,860778.2066806749
350000,295734.6378470353
2950000,3005053.723169725
280000,481438.88638137374
850000,826946.3676027338
250000,264181.4589588207
550000,561731.7701891159
170000,111873.47567572673
200000,134047.3567544413
210000,203473.34482495196
270000,280364.0121131799
285000,237209.37768609604
1100000,1316153.1650466644
3000000,3037560.079173191
1290000,1171231.3735882058
1860000,1938913.1606724055
615000,621595.2865947431
900000,936063.1358911071
9490000,8485898.43331879
3000000,3293440.0975690526
85000,130759.1573087672
360000,399565.22868937155
160000,204967.534114111
660000,659473.4821580243
2000000,2004331.7150015112
600000,572569.6719855057
3200000,4647765.999758322
720000,857615.5356623766
310000,259126.23813804873
360000,289383.780246024
310000,284936.17063212156
90000,194531.65899976535
210000,216976.9226295122
290000,304292.98648350174
105000,89316.8060099335
760000,857293.874645
255000,292477.5403976781
1070000,1209590.613948372
300000,294927.305416513
2290000,2197284.683436776
215000,264092.6381097476
650000,310675.0498201105
300000,288819.4065678274
1200000,2269626.7405017675
1800000,1513232.0232255438
260000,262582.19378138694
420000,445125.24454953737
155000,224353.4496003525
160000,187549.88241234812
930000,873108.0245831561
980000,900097.4706886049
1190000,1097382.6733062833
850000,989819.1897947732
275000,253776.79406505593
500000,436552.7384776704
500000,631506.8595899465
240000,290360.8814037254
245000,290841.68676951644
480000,541537.8535374465
550000,553081.0932429609
170000,190292.19740686772
2250000,2441466.5002604844
475000,599461.819762731
550000,614049.4397007234
200000,237324.27234918287
630000,701661.8940617009
600000,535695.3204312611
118000,185554.19689293214
4575000,5012261.45079009
3700000,3242486.286262311
340000,353143.35770973965
500000,456090.9316537566
1200000,832986.8731150685
3600000,3574124.9461309724
300000,299051.6492560438
600000,665518.4190276085
890000,899418.0083202044
475000,495936.6135701546
1925000,1854424.8526444512
1350000,1201182.680936129
4200000,2858427.4489023853
370000,394175.4299886265
575000,640878.3991529781
325000,349780.75753086584
300000,309220.16917370685
450000,385926.4620213051
650000,563725.3287810802
150000,190838.01262744094
820000,959252.774102843
850000,881970.0568859666
600000,500289.7064849183
410000,388582.54332289274
1500000,1695066.8761217927
125000,186585.90501217853
450000,483450.1963647359
115000,111741.68247354777
265000,243635.08236927676
950000,885102.7006396911
1150000,1130456.147032503
1420000,1429578.3503521031
2180000,2121326.91711394
70000,118734.04175555999
2250000,2298135.825072145
3500000,3659696.7605621614
2450000,2412829.64497116
295000,290813.4836222653
350000,297964.3768366216
140000,222801.60912400414
310000,261662.74394632937
400000,443566.92259026895
400000,351004.55683060444
200000,247501.89183694002
2650000,2914904.564767924
530000,519035.9106525617
290000,286461.18726585165
1050000,1039237.1504824533
140000,180626.8549414289
420000,423887.00947146176
580000,542670.3551476919
200000,222896.01902577493
925000,970053.0071731011
2400000,2266139.450584991
430000,502415.3989519746
5200000,4596671.170731834
285000,324308.85974302556
490000,521615.0232730318
3250000,2577340.357863946
170000,144312.60524063467
270000,280824.6847175671
210000,221125.79658065646
1150000,1181208.0798147055
1700000,1994600.7954151945
1100000,1146615.5166485326
300000,318989.34334261843
300000,318351.64796421624
300000,263288.0266985899
650000,882427.2076382703
11000000,12726681.89463122
3500000,3482906.780070838
780000,878581.9604582167
233000,239487.81247582132
170000,198288.09204266517
690000,683678.0001073417
690000,728584.4615041859
125000,99134.48588598949
800000,729443.7757530848
180000,141247.1558671839
5350000,5249274.83387105
6800000,5788760.867775813
320000,313456.59876437095
300000,307680.82724288065
325000,314457.92147301213
300000,290212.6460431216
390000,419073.79146085295
240000,220586.07696579746
1200000,1195873.1467342621
5850000,6042457.196650155
480000,431321.2139030886
840000,913804.139834473
485000,472039.22218707984
1750000,1914700.3017246681
230000,225185.7324150719
830000,360857.4213553353
200000,260929.2726836189
3400000,3108096.845326195
3320000,3578175.544679457
2150000,1996445.396699658
670000,549299.8128220362
1875000,1893722.9675378953
1500000,1339515.4596533675
770000,625640.6200633872
1800000,1877244.1631788511
2700000,2319830.0710789165
1570000,1466018.0031576792
1400000,1346771.5350102263
400000,408201.3762218887
330000,343805.12515709596
1200000,1590055.928635495
950000,931952.1683328537
150000,83981.39253255214
250000,148202.11820864756
365000,324171.290977276
3200000,3308571.2253246037
360000,379767.5507342345
780000,679813.6421853832
395000,348043.95928082394
500000,541623.3925447764
1800000,1674709.546796067
230000,311728.5071816845
590000,604359.0492942942
910000,934435.7913345994
1820000,1867846.8550481454
150000,171689.91859750525
900000,947542.5226917889
1620000,1821279.9902037708
725000,850048.903567647
550000,611536.3720023066
1325000,1299643.1580388227
280000,290153.1013183839
1370000,1320268.284110174
1680000,1558976.288941821
700000,684349.9658714785
425000,372555.00931583904
295000,277487.98364606185
810000,766757.098356945
390000,431791.93452869105
2200000,1958230.9577681974
800000,733149.8190816329
800000,745268.9477267758
225000,235018.86895676772
4800000,4330336.3074079435
250000,249125.13542810146
180000,159124.29554752266
730000,677019.3302849559
1050000,1139791.2993803336
530000,520374.8998654232
180000,155616.5445033627
160000,170895.49576908626
250000,298260.1259671049
530000,427819.2757869027
630000,630303.5049156464
90000,157464.11468372637
520000,466657.2956459889
2500000,2872113.145825382
3000000,3113526.8930012463
450000,413967.6621248091
220000,249055.30478689057
750000,689891.009936881
600000,542271.8628689292
770000,775113.3309499231
1280000,1339900.6124337055
1150000,1112765.7110051734
1175000,1070301.6068852167
1090000,917002.9676746217
1100000,1111349.057486761
890000,866834.340642938
760000,749682.5247251467
250000,220104.5551133742
800000,721136.2075970925
115000,168287.71770373522
455000,459590.88834714843
480000,454901.1254114647
1300000,1494530.0129835024
455000,415320.0382092839
950000,901575.9400335188
2700000,2264879.7704502316
2425000,2924860.4100374007
360000,330445.2362580738
870000,965861.5726444763
825000,908435.6819394325
1250000,974446.102944697
1400000,1301926.23431132
1390000,1282790.040493205
980000,1026249.2704993822
225000,238039.5257912973
190000,205865.53342745424
350000,266472.7778676923
140000,166872.00420318198
980000,1027260.9911472825
1910000,1944882.0943725246
250000,240350.42605024987
260000,306472.49642139114
53000,77577.47485504994
235000,227463.71060462217
235000,222031.4811805551
520000,448059.8308101789
2600000,2559012.292140856
2600000,2886383.2357389512
460000,451972.79238262284
225000,353165.4706087434
750000,798222.1946597657
285000,248125.16856633622
255000,343938.87478905165
550000,606952.2717724749
230000,223933.7466325583
730000,639067.5335245524
150000,136997.56673110093
290000,325896.73790148966
360000,397301.1741524881
225000,286203.91664703964
190000,229032.0066619462
235000,263724.584079879
300000,213721.31415427243
2150000,2285192.3702278086
390000,406080.00636840565
580000,629138.1870764181
125000,162133.45130082456
585000,583889.6658225321
245000,256988.98241835795
740000,815694.1072905397
1030000,1100325.367703513
245000,278093.44880731445
1550000,1178386.2966768509
1250000,1102051.2113250198
120000,218993.77883174585
1280000,1292018.956092344
780000,807270.5466457218
220000,189999.60349284994
1150000,1124892.455389963
1250000,1219095.2806880258
1100000,1581625.6704108429
790000,718471.0748991228
1650000,1577579.8501255324
170000,183156.41382741262
410000,485933.1035723732
400000,400933.626452068
700000,854932.9802013413
700000,691480.2133755378
170000,196131.45614876115
350000,300362.61768071435
305000,294448.7338150383
175000,214783.678624037
1150000,1067061.8551187695
60000,120043.12196551377
220010,251437.88082101283
435000,422181.23490775144
4250000,4031578.388697065
430000,407420.99285500817
120000,104586.08168272866
220000,198977.9912320648
1550000,1313702.3464858267
850000,750391.7778591388
280000,329759.65556930314
1650000,1692318.8359664185
720000,738894.4946335636
1600000,1766421.3657964335
2050000,1652149.0679307606
585000,567042.9605872261
292000,258671.4279551359
79000,72435.10050655087
200000,353632.51724317
1175000,1195847.3477013228
1620000,1348911.5346435683
250000,223376.73893445393
895000,959749.2106870811
7000000,5879472.735506061
350000,253378.8223204866
700000,656483.5751113223
235000,285076.1580925664
590000,641708.8300927173
440000,391833.30108855886
740000,720788.9462721036
550000,313824.86960438883
150000,158932.8974894735
730000,708191.0625957294
1170000,1082079.8411507846
775000,883791.8035524131
245000,282463.24569432857
2400000,2646316.0798945576
900000,822180.3658108355
1325000,1318713.3362889867
1100000,978667.5932992069
470000,493120.73874500056
450000,442980.5137330708
3050000,2536585.1112060733
260000,237313.5335341858
240000,287968.1502870597
900000,937757.0065744915
220000,201713.13769565735
2100000,2181986.3282005237
350000,272256.03286531626
5199000,5496928.180694646
255000,279789.5433731184
280000,260616.8651757846
60000,58800.561629251526
1800000,2026009.214969695
875000,679961.1921637492
2250000,2177151.457406398
300000,253003.6780090019
210000,208342.58364583118
610000,635280.1878399504
775000,807119.5573225601
2950000,3496169.176997479
5990000,5609916.723712756
175000,172305.86790233984
180000,223921.06693650156
410000,400359.0465734663
250000,365445.73330689606
800000,772504.8587518525
270000,244390.26330324393
2900000,3229534.501015849
220000,232228.21346742995
150000,168888.3057832538
330000,279294.58328848606
560000,550782.1414507126
6900000,6756134.85787172
160000,142647.06747989453
780000,785106.3902563982
1900000,2115660.84928559
550000,572466.5912648691
190000,181734.0642333685
3250000,3286125.4100517794
3500000,1926706.0472821868
830000,870188.3254328237
300000,304573.0263780399
1450000,1321820.8461481389
335000,328108.98331493395
230000,238557.19830317344
1700000,1484972.5964132966
390000,340398.0386851691
3950000,3999955.392637839
2900000,2729819.2681409046
620000,641526.2805757674
570000,312435.09716544836
350000,239183.33076354885
1300000,1374226.4067193223
80000,73312.59774314595
3450000,3502299.568988221
123000,135436.97252744334
325000,352686.1374673843
270000,232447.76039533722
750000,739153.4591170729
650000,663721.3209790043
980000,851807.8624389587
6500000,5254761.355917642
1750000,1916395.7567067214
890000,856616.1199001463
7900000,5392508.188354101
580000,567928.2069794628
750000,690911.6575091004
820000,734520.249724976
980000,902067.4477154104
550000,691530.7792773847
250000,261668.01647178212
1400000,1100957.8524177864
245000,257730.3631391625
4600000,4720697.929551905
1625000,1268423.8851287155
3250000,3185397.39948967
515000,500720.6339212083
2200000,2097173.071468492
245000,289060.33885305334
1485000,1551123.6155663857
980000,875803.2440383069
765000,799837.375520647
890000,935636.9919425196
2470000,1985210.4529350442
200000,157685.6912928264
1180000,1190965.7083041647
370000,344300.8106482008
750000,511434.129329724
110000,161705.4009616823
380000,363994.4562909512
6200000,5830620.954552736
280000,251757.44870386517
220000,262387.9716660732
2000000,2088558.3186458412
310000,312646.1096755593
2000000,1996002.7769737311
2700000,2775699.8653868814
395000,276411.1445757471
1700000,1527411.4577000195
6150000,6354504.571313332
4450000,4395540.022548668
1175000,1121918.7809391534
980000,992879.0690326237
1500000,1628295.7438057726
880000,1026991.6837062465
1090000,1026088.7139793938
470000,480796.5393879784
250000,214474.70251638198
625000,639695.2614611682
2050000,2443535.7850491866
2520000,2464859.876652514
3350000,3431818.5500841574
105000,108019.77100834431
260000,275898.78607099166
950000,1057398.9620078285
1050000,1191444.378465488
195000,319453.80263977876
3050000,3271753.0903754453
5600000,5464050.17677668
375000,386874.00597274286
14000000,13629607.319545014
1770000,1527244.483091365
5700000,5854423.307689567
6500000,5535704.819336361
250000,212390.52034797604
1560000,1577005.4617337226
1100000,1163676.2265905705
750000,857160.2669760558
1180000,1138590.4779238887
3800000,3967400.2583606886
240000,253005.56739690795
670000,458934.19949267124
300000,277803.99187037663
200000,181240.2852056297
3000000,2537054.4281532397
930000,1015438.7305524071
450000,465610.4902292988
1800000,1766004.6153875855
530000,558292.8554424625
105000,149186.2216705232
215000,216396.77260285476
440000,378952.3835630139
4450000,4768272.716471964
2600000,2993710.9575042063
550000,650753.2692985364
1090000,1113047.6461828244
1040000,1007736.0632218666
990000,946908.0341031739
420000,358376.43210963847
2975000,3125687.8001082824
200000,216567.49170209718
700000,1027482.25618567
1230000,1147464.5234425
405000,555656.1526582326
410000,388036.3763843062
1280000,1182815.0589542247
270000,230845.59587647874
565000,490125.80187208083
2090000,2052370.228025616
640000,563118.2307526923
545000,605710.5068849626
375000,382355.19950518914
1500000,1907331.068325277
680000,716293.2384762384
1120000,1205188.5984295656
540000,548403.8032232536
250000,239503.0332569411
750000,740158.1085522266
300000,301754.2751620323
275000,219952.13689071458
750000,816198.9791105192
2200000,2890836.5647764313
950000,1020170.7969364853
270000,271304.45119727566
1500000,1869270.454115181
775000,879802.5680473135
1150000,1145962.2196623944
1500000,2116219.9618510134
3100000,3236443.2843759432
1550000,1479355.9631368844
300000,239993.62513757456
3350000,3377573.474597181
280000,235373.8064145508
250000,272778.6138887746
4000000,4160918.8007486854
360000,352218.4478650565
710000,792684.3942229011
1090000,1585115.780221706
1500000,2182847.9592743567
265000,266303.22398199816
270000,351476.1940156867
365000,389155.26721413434
980000,924886.0546459458
380000,346275.9210966156
450000,488537.45257482305
1150000,1700454.7827807385
1750000,1602629.8250727055
2390000,2570214.754909019
690000,730251.9023830068
4700000,4585009.0505757
5900000,6024915.876058651
900000,742949.2650775601
95000,154543.76203254034
3200000,3152612.7167416653
1200000,872834.0167231848
270000,246222.8376115179
3900000,3773682.4456183384
585000,660497.2476032674
2100000,2270808.1922073876
3950000,4382043.928219784
1250000,1144405.2653157755
1150000,1150145.23262741
2200000,2259108.4556128937
730000,732967.577186397
650000,684486.2041757386
990000,954528.3115922038
850000,626085.4090708562
790000,726068.9681987213
960000,964057.8344340541
845000,888333.8082968061
1045000,969884.3465275399
1550000,1495540.963592979
100000,108299.08528600275
1000000,1172776.4351963282
795000,802810.7734641826
510000,500451.6860225109
1120000,1051693.1362662197
600000,597085.829908104
380000,358995.5811476002
930000,970105.771982008
7500000,4317220.201864737
350000,351723.1330771627
230000,244988.8488981107
1850000,2241426.854361362
670000,653859.7897311739
3550000,3412814.2412934573
1175000,1151764.1595665093
370000,424823.43669309205
1250000,1223338.6266424353
2850000,1772896.8571024218
350000,250451.37459839127
1250000,1308879.6351606285
590000,493811.72696495743
670000,592368.996253723
275000,310159.81715285516
820000,769377.0637301033
385000,432732.16237470135
110000,257482.01986122987
1200000,1685012.0365750634
450000,305607.51720031386
950000,860881.3041894138
145000,136084.93729432553
240000,283453.1077860361
250000,266043.3337207264
570000,668578.6872803947
1175000,965488.228162654
155000,143745.1898798395
180000,178206.0987818261
700000,847331.8971604875
410000,360616.8799439154
1300000,1181337.808190004
975000,985002.8560731902
675000,673367.7577712482
680000,672788.2803708032
300000,307171.0896401004
430000,361829.23042565276
255000,308135.92469517223
490000,475452.61505536904
1000000,1660707.4912275644
700000,714526.1385366183
185000,185274.20181299813
400000,375680.89532033296
675000,653609.1588638715
550000,562816.1786946969
1580000,1656391.5238171045
300000,221390.6640399145
820000,891581.2442023889
1100000,1338728.092314476
450000,455408.8504468219
215000,327515.06947166496
110000,147197.8180009059
600000,764988.42865691
75000,78761.89534383958
380000,340010.48331716267
825000,740406.702354995
1160000,977476.6018174713
1335000,1165485.5452654052
1025000,1088327.8045489427
1750000,1541437.2657312714
330000,320931.5954448592
3250000,3557887.589434214
1650000,1484929.4109155864
635000,682789.1355204079
190000,220035.9515275387
1750000,1628870.5397729324
820000,749911.733270845
380000,377214.0773643745
15300000,14012932.709025286
100000,180718.45155537533
420000,382965.7343087076
60000,80700.73641681037
1300000,1516279.5907800058
210000,244475.92990096874
160000,170216.12100532107
530000,513000.8087097065
1350000,1665847.338250517
130000,142299.10459606012
445000,469919.2297185448
140000,157200.92900008542
2700000,2001363.8393712176
450000,423279.0450057086
430000,362353.8111295965
465000,518944.80467244005
260000,279711.5307997128
1800000,1607200.0977209092
2850000,3421513.6005532625
270000,293112.4007821416
950000,1156855.950657778
2900000,1881775.915468658
4500000,3096624.076252207
580000,625135.9606609765
46000,56253.65089081357
535000,768686.6015174012
695000,680199.9266242426
800000,800769.4945779105
970000,975672.7252159924
400000,399145.43674229237
225000,210615.82171645822
1340000,1354708.421024356
1500000,1362757.6295951244
9500000,7795905.725355918
700000,649569.7295590419
777000,792399.7022055818
1630000,1242837.0508874212
1050000,938080.1298447761
850000,849150.9967381029
390000,386532.8559710009
215000,201728.53221688865
590000,897723.6434486087
6900000,6211606.561736297
1175000,1044736.3232617199
470000,519156.5823927601
1150000,1230423.2104834712
600000,577059.9420630531
665000,635590.9824136684
1450000,1563332.7945359794
560000,646474.4796001312
650000,701851.452885571
620000,606859.1694037523
1270000,1292285.0994346503
2480000,2446786.0404849197
1180000,1826896.3946763244
170000,206872.13443172514
565000,559431.6967124866
630000,590038.5534683398
250000,252110.5652291015
950000,963547.3486646175
275000,294221.85938444483
3400000,3358279.568083454
1850000,1692422.6600764662
660000,702035.1779640204
450000,629570.4774851332
250000,202650.11545986249
595000,583439.9611661745
1580000,1570781.2222213717
6750000,6133720.927120536
300000,315080.3497345937
730000,731371.3035526174
1020000,993480.6042767976
955000,924032.1160510938
325000,331037.342711803
1450000,1550710.4513023044
235000,303411.1151618072
3100000,3099325.5993613657
770000,676132.7845329975
3875000,3997653.8260645065
1850000,1838465.90391128
230000,291408.9817867918
775000,745725.3561933285
145000,138404.23471128038
85000,129008.46169493312
1550000,1577096.949656256
1700000,1774505.266629249
1525000,1746914.6041901445
1270000,1390525.3397552117
1250000,1174492.2543514376
1100000,1100301.1339846328
1150000,1200130.9422782846
2300000,1950043.4304355585
1700000,1496943.1167091555
1150000,1159068.3797369031
2370000,2818958.6540809306
160000,116048.55427621146
2850000,2997421.550591226
3300000,3058800.847941736
1550000,1677662.2190751026
2650000,2237207.2070649783
1185000,1229397.1274546755
1000000,1069406.624992531
3500000,3251799.0952083278
820000,902492.5960766082
270000,283683.500482182
5000000,4475760.655298106
625000,624695.4853017321
795000,730623.2348309545
955000,1023074.5050645154
800000,856202.5522383989
285000,270332.63104309345
190000,261371.90735232036
560000,505251.3229101663
270000,270292.36864763976
1475000,1171840.076567653
905000,1003602.3276070597
1000000,1025642.6072737803
1200000,1106121.3903216075
490000,657798.2329599158
3000000,3273693.9182061944
400000,454136.42680949136
4500000,5246080.204629127
1725000,1812307.3002156855
1850000,1691079.3505164103
1450000,1574167.861068885
150000,122110.29389184539
3200000,3282311.933105683
235000,235479.04919045637
400000,449064.6387686918
785000,774421.0518290338
580000,665450.963226456
640000,641325.4200910936
120000,123021.67693493931
6400000,5929471.0383115
200000,210107.65495328786
1275000,1169557.4138701325
260000,260439.2887668849
85000,51603.28377763461
250000,226028.454171024
2850000,2798325.0901209824
790000,678344.7505950049
880000,878897.2120826995
4800000,4511950.060843817
135000,137027.3018426645
480000,340818.5601211134
5400000,5391411.238481107
2900000,3219100.3664268167
2750000,2595719.0548110576
2500000,2124881.6252354495
185000,232388.92814099442
750000,706048.1265436221
790000,699679.4715506211
700000,805549.1219741675
5200000,5087315.218244012
5500000,5693181.688680767
1880000,1973469.1161958312
515000,572935.6601160693
155000,172689.47604531303
790000,863913.7962760087
1850000,2531291.7969076885
920000,923068.4678579395
1050000,1068014.8186366907
1130000,1178124.9327538183
570000,541758.1139540464
6400000,5204371.244626395
5250000,4571237.102274639
930000,857367.8921821972
270000,166355.28858267792
70000,54327.82737131662
780000,728523.4451368186
1050000,901582.9249290768
280000,283590.5450673514
5900000,5467942.824934192
6100000,6895616.5606013285
220000,286828.89985682006
275000,283590.5450673514
3350000,3983370.5965384766
1700000,2013974.332819481
4950000,4871872.471745117
4000000,3819768.2916547395
780000,798890.9040213261
240000,265593.5703913314
320000,454455.40865220054
1260000,1154309.2220604299
260000,248056.97524235657
1790000,1704930.5159493948
880000,877369.2985398466
2790000,3178154.6789917336
8500000,5341284.763436097
2150000,2083340.4695359427
215000,246529.52947233157
5900000,6311432.574164028
480000,396704.17053557676
2070000,1917505.2544950512
900000,935136.1660919033
95000,109829.89684685622
1430000,1302705.394165688
650000,639127.1456715065
1050000,1022044.543002572
1400000,1477653.8269181773
4000000,3868057.5067017376
750000,764048.5086578437
260000,267713.50787357084
750000,877150.0042349786
280000,270506.35536985856
155000,199663.78786977511
720000,1002526.6307909726
800000,777403.3864643835
220000,223236.64638218383
1050000,1058602.439879943
3650000,3420381.9878121596
470000,468533.94276232476
1200000,1262922.6085543125
590000,549283.8803312421
2550000,2709358.09579876
690000,674778.0088965782
910000,867672.4619522507
130000,118776.14385906208
140000,145788.1663601678
500000,507912.7040130473
250000,255853.48941730233
680000,743277.8904560066
725000,729511.8014050144
135000,92837.84376636638
70000,154868.94187875712
350000,362490.76183803345
195000,135879.4942187383
1100000,878327.1169016609
120000,135240.58494177545
660000,709271.3371506342
200000,237672.41508506797
145000,143929.10411421803
12200000,11003598.513142843
90000,90768.66956244351
285000,359058.23331007676
4050000,4328267.3579460755
220000,219482.41301200137
145000,124071.26792541119
730000,795065.7988456044
270000,293152.5256389027
2770000,2836386.714829704
130000,128238.73408152042
2200000,1905969.1302368885
125000,90891.82880181001
67000,53411.30823670457
250000,224263.76642810984
1150000,1172890.0187065848
200000,237983.56175134444
350000,498910.52418855834
320000,278308.13439506147
1620000,1792000.5078461347
270000,305233.2700262341
1850000,1999928.8155745678
170000,151399.42137606646
180000,224114.21884348773
1850000,1859259.2514880071
1320000,1189685.9733607913
1900000,1533795.3134883605
950000,905068.6687334338
440000,449814.0673948956
150000,156236.25023567607
410000,407210.67880451016
170000,113739.75479073412
1300000,1237597.6279390745
350000,290572.5745733524
200000,126135.25799309969
250000,344368.5717762392
1700000,1893251.5001377147
350000,319113.29564910725
950000,1099445.813152835
555000,525369.4186249024
8850000,6002646.850267648
230000,238692.57144451514
750000,645386.0342413903
1500000,1738316.4079654436
2420000,2387758.360096177
625000,511380.829011549
590000,656288.2035497358
749999,749703.9305204245
240000,272635.4156472552
260000,286928.6777741941
390000,395976.9395617083
5850000,6022255.888556827
220000,233149.32644432422
410000,461799.40657980734
120000,224822.67621802623
300000,299063.7889807771
4250000,3892118.5949887284
450000,403936.06449088466
1100000,1121875.7656091647
1875000,2092155.4491779404
350000,349080.0206873001
920000,978447.0785390754
1450000,600425.3931484954
1250000,1260487.0641423992
530000,485331.7102721342
510000,567710.7207511223
175000,270459.888165369
265000,369684.7301382132
470000,386793.83025356097
1950000,1883827.3619096987
132000,147674.60548485199
165000,174227.99543010665
1480000,1456650.8759192934
3650000,3565136.3277236284
8250000,9066142.125944678
6800000,6156746.7563135745
785000,1075033.962351575
1400000,1271218.6781607238
490000,469946.1277592901
100000,130872.02679523792
1150000,1161563.09649613
790000,866450.8137424054
2200000,1862844.4991122934
720000,675464.9517522746
2815000,2872867.3041056525
200000,320479.33769192355
795000,969638.610951937
650000,713954.2912761981
1800000,1842283.6089033838
2250000,2306231.2530873455
75000,56499.83154753661
5500000,4087719.459499846
215000,189215.73632549454
1150000,1076855.9306065915
8600000,7046362.689790971
1300000,1116147.3842738958
580000,545262.4572988008
1400000,1187188.7774376739
1580000,1240079.890877976
850000,859847.8624373589
235000,302601.9887218389
980000,1075725.084623854
395000,388559.1487292945
450000,412565.6638225499
7200000,6174181.86001933
110000,97731.09529126485
470000,491842.2497960818
1220000,1343072.525535309
145000,134392.5236270192
4280000,5036840.305109224
1900000,2251967.5180130606
1500000,1391920.9804175994
650000,729750.5463509969
1200000,1079488.6612658459
1975000,1964024.0400110988
1180000,1099979.5411415503
870000,841131.011285702
360000,389320.2270220456
1500000,4344974.7395976
770000,729181.1647972907
880000,801556.9143031623
1400000,2927367.097811318
725000,740170.4785372501
12800000,12468657.916236483
1000000,2189271.6395019516
420000,397994.32978216023
1200000,1283328.8208464154
125000,205106.00059688155
255000,236001.0685538363
290000,326357.28680191323
250000,266748.54267462296
1945000,1917538.8508018071
2390000,2373148.302200075
1950000,1665551.6841884481
510000,517528.0629516254
185000,277099.79216733633
220000,217456.77166159864
3275000,3304719.9277136438
90000,133217.4406576806
690000,692479.6949641202
450000,421347.86582124064
1200000,1287478.4197001415
5000000,5039710.358190625
1750000,1785517.0226776812
4950000,5416937.3505294
450000,445633.1591099172
3950000,3525603.957018681
7800000,6858659.726748592
4200000,4587529.616609055
3200000,3465972.3153105807
3400000,3228304.9799650763
220000,229286.50555307465
1560000,1599001.9408265455
950000,863325.7311889637
330000,365327.95957207034
2050000,2004865.4314920327
2850000,2866642.4212069144
600000,664856.2816113291
2500000,2512980.1284187674
2100000,2227129.1470860085
385000,413235.42140159936
4250000,4391172.4869090365
14000000,14315937.390072234
10500000,10435770.00162662
3200000,3387767.037281557
610000,687008.516444457
720000,707764.1975255106
1860000,1760787.4882600019
6500000,6459020.106750234
490000,583533.7764751733
230000,217848.90658064515
160000,160275.2816392207
1400000,1361379.3204710588
270000,261482.86833829663
6650000,6478824.815717619
160000,154935.68560193363
225000,232251.86260532148
575000,340619.79433442216
880000,650042.0441264603
650000,670151.3795058727
280000,328195.91504047613
95000,131922.67854636398
900000,804114.6677719607
2850000,2722087.5511324327
490000,482617.589681341
680000,691429.2693791873
1360000,1083493.8493017522
280000,300974.52376361704
800000,875497.3606124521
150000,230109.9472059505
4500000,4527169.164972035
265000,271580.7000582794
375000,312390.86098473956
1400000,1384101.2984052894
385000,382968.5222381401
1000000,965348.2334539305
1400000,1405155.8384542014
1250000,1285847.0198067825
470000,527951.2903498432
820000,958020.509235263
670000,735074.9792544267
2400000,2180561.200741966
5000000,5161822.399640328
230000,212536.20568955265
250000,254948.03027734472
5000000,2669403.013406665
880000,917111.2460901489
445000,441292.6799687885
220000,280669.85611065885
130000,214746.32783117492
390000,379217.9311469312
450000,569091.2331728288
260000,250454.15070854343
580000,586939.7156823762
2050000,1726670.1749337988
450000,396851.65753018874
550000,530350.5466939636
75000,73362.67912420494
1680000,1478554.7923500733
750000,2785613.8678931748
240000,216240.30080676998
380000,246902.87367632578
260000,257604.74016887086
88000,146886.74878282638
180000,291085.9045471617
2325000,2233243.793961645
945000,848670.9074015159
2250000,2076275.9866497698
270000,279808.580151151
650000,776605.4355815346
2100000,2134778.5510520427
985000,1010203.1920120831
1600000,1197408.3998882656
480000,545966.6092626558
1435000,1316301.650655606
500000,473641.17884296936
2750000,2335069.42261922
520000,517518.9565060777
650000,592937.1594100929
825000,826103.6013423223
3800000,4117173.5915936213
465000,351452.6863769913
880000,995401.2262696542
195000,200167.321639705
2500000,2138031.7893928196
520000,519357.6860910324
1200000,1223930.8070252337
410000,444073.1724989813
400000,380026.27047623973
3750000,2387141.22920237
235000,241721.40351336068
2250000,2482266.165997532
940000,970034.5894517811
280000,266347.72954718187
570000,510745.3501053729
6500000,6010825.210178983
580000,541471.6860704419
330000,439472.61357956234
410000,351803.8673918998
130000,144557.11780981056
350000,323142.37232524855
1120000,1125559.2312679708
370000,378860.6961601968
765000,744033.7017424495
355000,361612.20544350444
330000,338702.25500445656
265000,225434.25180021737
218000,326013.0958272552
710000,804541.7991389438
440000,510742.2319563891
1450000,1627185.6022771222
180000,254361.4514858453
130000,297830.91865753324
348000,324383.28440162196
250000,186752.69708385147
55000,61780.79481647208
2200000,1935339.6421388492
215000,228583.47483964407
3100000,2640383.3623817544
180000,224002.46674695637
580000,608298.9355684837
575000,572804.0660738305
120000,146258.5637337133
1160000,1026978.0518353988
250000,239986.23133991158
2200000,2675059.846995343
625000,596036.9710851151
1480000,1423205.6195547727
1150000,1194013.0463705503
230000,237590.19642395547
750000,773363.4495247449
520000,509365.9555357017
700000,698977.5056130755
60000,70672.62156665405
200000,228660.82538539043
365000,310081.13658009976
625000,633693.6211831587
350000,614115.0775231455
690000,702244.4345506347
3550000,3466183.3304612427
1150000,503718.77588703437
960000,927423.3808734694
860000,835373.3074294039
65000,76723.0717091568
185000,141563.59880995174
3400000,3433347.2362929145
270000,370015.3991003516
475000,431912.81281089777
300000,431080.817237551
260000,230955.48803080706
1250000,981063.9248323346
655000,660861.7449405488
880000,865758.2241199561
190000,175689.4762210084
450000,452389.56873862544
1490000,1386583.0478765904
850000,722681.130677575
2850000,2902015.0502882493
200000,248006.53920427655
6900000,7559588.99074311
2500000,2524935.133957488
940000,924909.5199350996
200000,251895.83264074274
5450000,5018174.786692905
1370000,1303752.6013921427
475000,544053.8204106016
75000,79118.44264866466
750000,107453.53306596966
720000,772018.437457592
585000,594814.00050246
40000,80110.68965211503
700000,674404.8063711383
290000,264988.9601319895
335000,398028.8733717533
15500000,14412839.454066716
1470000,1340196.0348219122
1550000,1842164.9626414455
4850000,4294673.452098285
715000,693109.359838729
1850000,1643482.9544977653
720000,840294.5107656401
2950000,2825194.801143923
290000,267487.5214048335
800000,848026.9060323706
790000,851519.472282699
210000,276378.24598560034
2100000,2158629.9156034626
10700000,9669505.021097546
570000,611543.4031032708
330000,323466.6072728931
1100000,907261.7569168188
315000,346134.2304160874
3900000,4230260.051617641
425000,352553.6704866053
320000,367315.8433582939
2450000,2284939.999855942
220000,207993.86166382328
770000,771897.3983428532
1160000,1104151.3895948222
490000,483103.30700092856
285000,318449.32331946865
535000,555181.1353441312
1650000,1495350.891289784
750000,819946.0041109619
160000,136910.25697786524
2380000,2464521.9745463408
2300000,2529057.2848270633
1200000,1241212.812226865
130000,357671.93380923447
400000,372411.33058169315
7100000,7448493.028917343
3650000,3671480.6221035616
770000,760802.455088313
4100000,3698324.0160276624
2800000,2895007.2305090046
1050000,1112305.329799973
280000,247856.33829606944
3100000,3576423.4424726805
1750000,1626845.294027922
1050000,870139.2048362555
2500000,1720703.4429658854
920000,1254929.0682057966
2250000,2190532.8094256446
6950000,6338883.717419948
1200000,1445660.8402657902
110000,140573.62525825365
2100000,2258598.0915143355
4400000,3725892.500438726
2850000,2569899.4827072206
200000,283638.24431264494
1600000,1423823.1905481718
2690000,2538162.1306545455
325000,329270.73740640265
600000,609027.902023691
640000,703819.3434208794
3050000,2778088.643342615
7800000,6327954.241552174
4000000,2775571.1705834884
850000,897546.7058352226
1220000,968296.1031016208
220000,231377.14409060232
1650000,1561150.8029236877
850000,838607.4221550624
2400000,2802411.2940395274
1085000,1173063.0270206018
650000,614163.1486058892
220000,251380.17280611262
375000,587981.7424551002
103000,170260.78887719344
210000,269659.0184278552
1450000,1282861.0550549948
400000,348481.69335190824
1300000,1155012.1996053539
600000,556709.3853095183
3600000,3706256.473082129
550000,553144.2203690868
3490000,3439386.4382434343
250000,247291.1094106675
140000,109783.7029696034
7200000,6352313.993141479
1100000,1289823.0154969704
250000,307721.6938553787
1200000,1173580.6417106837
5700000,5837823.576831122
715000,728155.822211269
1950000,1860879.0356525907
420000,348939.00021115225
1950000,1906673.2854302698
2300000,2145597.5376061583
3550000,3622305.0706314603
120000,165092.1202213784
265000,251987.7361974851
255000,248875.6977547766
215000,219673.61017017934
180000,136041.34709761039
1750000,1859447.7695452354
1350000,1479709.8303486325
2050000,2161764.215819556
2400000,2456120.2424005307
2730000,2744299.843032865
670000,570153.7062831325
175000,242944.96185953973
575000,628147.1055775427
170000,144580.10680270562
360000,453606.56244802265
360000,285945.4344322962
280000,300231.2422147951
285000,348035.2600596296
670000,699217.0711194068
800000,802495.8028939108
6400000,5101132.805944871
2150000,1780469.4159170836
2150000,2099112.6337446445
2100000,2161681.79958316
3500000,3608609.5788412187
4200000,3796812.2161804084
4050000,4684314.197895041
2900000,3043384.793016972
240000,233015.89284148804
425000,433305.2940267892
1450000,1036386.0257678813
1850000,1741571.1654965125
1440000,1445377.3858420379
95000,121500.85813630623
225000,167830.8847896182
1750000,1392067.1132297944
200000,237805.40362006248
520000,603455.5927919672
790000,835024.0773583297
560000,598873.4918941424
650000,611718.4673798183
690000,683032.2305974908
320000,307266.1051631716
1795000,1912140.3651804428
2950000,3150158.46631756
55000,61325.36577293762
430000,430379.82744109526
850000,929534.4773474856
175000,200541.33397723373
450000,465654.0853163525
2690000,2610743.1017650506
650000,732372.5020934867
1020000,1055481.9665393415
220000,219798.0144607019
450000,375792.09808775084
230000,213397.65043689127
410000,380612.78414311795
250000,245997.79565271403
250000,167462.93873043451
350000,270171.37553562736
250000,263409.9788378187
1250000,1104844.2647860833
235000,211200.8545581318
420000,563573.8340000965
280000,216064.006966494
170000,123667.39647654563
600000,608005.660998086
1540000,1604569.4653067952
360000,371236.9181166768
300000,315355.9553394034
140000,147867.74723498174
510000,514935.56387292786
6400000,5293986.340331663
250000,279514.7167220441
220000,229796.49111461427
1360000,1250988.466904502
187000,203576.06926727912
2670000,2462248.4205870316
2600000,2357748.986986424
2750000,2723029.4564605197
210000,220301.27593805382
520000,501428.6158950091
350000,327838.40660996153
1300000,1034794.8357085307
2800000,353804.75303013163
1570000,1690521.0849220061
225000,225051.814406646
330000,270822.6553227094
175000,164537.23375865803
970000,796845.5963945419
1900000,1874589.6419534984
110000,99746.36719134766
1600000,1210260.2251034502
2750000,2621163.9375740164
280000,344661.6237073025
155000,118803.0962347784
105000,125615.85476707057
260000,296469.5411031679
875000,976938.2851378977
295000,291180.9380007885
1800000,1763285.4788199384
70000,51814.18023051734
940000,889512.020646913
2180000,3266316.7825059
195000,146637.81408857115
280000,302426.8721173646
1400000,1122729.139582068
2350000,1854303.624485929
290000,275935.83734688035
3180000,3080849.922365487
385000,369541.3625295604
860000,911674.9036034718
500000,612651.2508099288
400000,381273.49944716226
365000,323476.5032932695
5100000,4656616.872296842
780000,878694.9431907088
340000,238960.6910470274
850000,828517.7406376273
115000,92824.71391666992
1150000,1167581.8140820786
310000,295417.17148478504
320000,340888.40177953005
1400000,1449086.8382594592
870000,956513.098357055
1400000,1217155.5137417817
220000,179408.64788576646
1825000,1782604.6727258621
5400000,5390057.044034274
130000,72350.02967658304
240000,193651.7577578685
540000,509314.91030968033
650000,574218.0816737057
320000,356384.52163528133
350000,353419.8896175769
600000,733599.7643828229
200000,167437.13466181746
620000,646376.6642842048
170000,198119.95591726733
850000,809092.1491811601
430000,412270.8229145129
100000,60728.05054315808
760000,707798.721108591
530000,518623.9466757159
4200000,4820308.585671582
140000,153985.28183823224
260000,213757.02907384187
350000,310479.213687991
1500000,1633374.8669402462
1220000,1220788.7127328827
230000,181564.02828899267
320000,324898.4481116322
235000,304601.22765882924
725000,670196.5712360209
360000,337100.9364313405
460000,454941.3398689933
140000,163980.61694864763
3650000,3666293.885206798
1800000,1753800.1868283444
3050000,3314054.63239017
210000,208086.44870828872
1650000,1584603.6655536683
280000,352563.75709459645
450000,421975.022726281
1400000,1302903.0970024266
850000,827664.6589017728
1700000,1679192.9753955093
2650000,2664728.5502140936
200000,277831.0623750017
600000,618859.7550830914
2500000,1511859.0348762977
3700000,3727927.1302316417
2500000,2804423.246301434
800000,818883.1302317795
150000,162525.98326193687
1950000,2096981.029873542
785000,765436.3473686056
900000,912725.0109798935
1700000,1579633.8751044113
750000,671920.5893127737
2750000,2830374.446130501
1395000,1381573.5703385167
130000,129940.02688354504
120000,225459.49603881352
830000,927640.874808212
180000,208013.58190189465
240000,181968.050507896
930000,1007024.9324841824
300000,381859.8548909158
780000,704332.3368984308
750000,670506.6573717094
360000,344656.2640738958
545000,552090.5652823771
1200000,1150378.5519496487
1950000,1631062.7398234108
1630000,1661043.1467077448
1950000,1721987.0183716062
140000,168102.07700914604
250000,230356.44861841403
185000,265982.5093445636
1070000,1065671.8422991903
275000,267263.46272617584
6900000,7003292.384646222
250000,171107.57557588947
1300000,1479021.5127029803
285000,247516.14603290617
360000,407875.95714247494
3350000,3038049.944665336
195000,235840.017005501
830000,820477.7939273948
85000,104992.17361462694
6500000,5858169.4657257395
420000,396179.50442169164
570000,468132.4351531186
3300000,3209004.4536013613
3750000,3210894.170877453
900000,892133.871289744
370000,411498.7157321053
700000,765560.0486596674
1910000,1795518.8260294858
160000,180119.11865176828
620000,599687.2796491468
480000,410928.1726395128
2000000,2078278.2828245207
1750000,1648747.234066808
250000,258745.2492282764
270000,276277.5999191647
3650000,3480923.389230067
580000,589330.2121750296
320000,306302.7442697232
3550000,3999602.230629878
925000,804507.1356501044
310000,294721.814281949
2250000,2077255.7842167828
210000,219783.85334584967
1100000,1042430.8152487857
1750000,1959487.0800307705
300000,336253.5456587146
170000,199226.74110464402
1050000,1076285.7292549748
275000,278312.2214239935
1000000,912932.9951634009
110000,133370.69676197003
275000,285203.61481311556
270000,294869.21948657115
3900000,3852780.8727852167
3450000,3284587.379809415
370000,323322.32815514726
6200000,4941120.76130147
3900000,3138338.271697064
1090000,1016057.516783655
190000,207369.76464614342
1920000,1767040.6452899533
200000,247120.74890949612
120000,147620.24062919084
670000,750758.6872321052
280000,235963.40706645887
350000,339346.7259637554
45000,65647.87312001057
190000,233451.6787211338
165000,160412.26669166057
90000,115342.47586975976
370000,300039.0127238987
450000,390756.2807886439
470000,358141.7866845215
155000,125966.29482657665
245000,225692.2425859807
250000,206085.77289694076
375000,332415.3577085262
75000,53298.40794460447
160000,124203.78918490242
4400000,3219859.926544577
550000,514139.815282133
340000,349839.4676443383
240000,216550.21029109604
145000,151109.49179207263
2850000,2542803.419388516
185000,186525.2491219068
3550000,3431085.2779811104
320000,282014.9043188779
235000,232335.4010238109
610000,564277.5101002486
190000,160540.332974196
330000,276670.2480408445
240000,339306.4921837487
180000,153700.38325077257
220000,236872.79096852915
770000,776416.121641349
7250000,8536571.513613483
150000,153378.2521865752
150000,81429.32626209628
2200000,2426617.311885616
1865000,1603711.7240383571
560000,555538.282161724
1070000,1406965.7294925954
160000,159244.15695647435
300000,285907.0344889606
185000,211510.4180746885
350000,406039.673972302
460000,405005.7693991579
530000,584716.0124805741
1800000,1737690.6042591794
5550000,5562430.489969733
3450000,3722854.56101719
845000,727488.9108602997
1100000,906526.1397154856
890000,911569.6712136945
720000,649780.2921898576
2400000,2096047.085819434
225000,253844.47893429923
200000,261181.31536923035
200000,289854.6293565276
230000,217048.61099027804
250000,228702.95732212032
1100000,879737.5688507034
370000,373028.50635166164
2900000,2925259.7415204337
255555,319701.45939227636
395000,430336.8271343518
260000,330520.56664889614
640000,755568.9474071383
300000,259610.36824904918
700000,813586.7566909313
785000,762122.4555394948
580000,588160.6272811248
740000,727144.3589908717
950000,819506.7120817548
850000,669279.716769895
280000,296369.241953649
420000,407352.59864064073
775000,774321.4582729858
245000,262808.1070104114
80000,131053.48325467638
550000,473096.6694278709
120000,131877.77282293525
850000,995649.8211314718
550000,572697.2506537039
400000,355772.0609751175
135000,138781.37620408213
2580000,2676206.638055917
550000,513757.1720514269
1500000,1277620.3531343893
415000,409200.01151255117
160000,159340.0039435933
250000,193859.97308921124
630000,629204.0916649034
1750000,1905025.028062622
275000,363139.0291621909
210000,251399.43429274793
1190000,1106406.6595241204
2200000,1975781.0885127983
5700000,6538531.1077275025
1180000,1157332.9222514012
1950000,1931698.4958089837
130000,146255.61835951215
170000,169021.88921852913
225000,199727.23544343613
985000,866712.3525560774
135000,150011.7601983065
345000,355846.00273905596
150000,160362.54566248442
1250000,1273714.3233917707
4600000,4468582.551335927
3200000,2983362.306549395
750000,606885.1555832884
150000,142227.95232812705
1890000,1933057.158775555
325000,264430.40791417303
1165000,1190155.446800777
225000,282016.853016567
1790000,1937408.1423152473
550000,510753.57362780225
4200000,3300361.8123915372
3550000,4074664.0569310803
1350000,1006021.5640064225
235000,207419.79030199416
230000,248841.2669142901
650000,647797.17058042
675000,657118.3953869743
125000,146671.38621293273
120000,143340.67129214297
275000,267905.36529677623
240000,243204.641500587
90000,116831.95594790016
800000,761468.2244216363
495000,548089.6431372773
8500000,5277217.945069542
900000,893013.9025458065
770000,868712.432651322
370000,355402.11809268803
275000,261645.00273695658
95000,117204.67229068434
770000,841311.1853192571
790000,791294.9352418198
160000,191035.51990703406
3350000,3460417.5065947957
390000,313619.1726462361
2550000,2509769.778742802
220000,265154.519829656
750000,759849.2465928993
600000,715717.824184166
5150000,4842076.746567945
800000,610685.5942473166
210000,187473.74928774746
1000000,1222602.8177765782
950000,979919.642041912
230000,194230.01930779833
130000,163159.04317057237
290000,283455.0272196769
1200000,1208713.79135377
700000,711559.1816872082
3300000,3069048.1787013127
3850000,4209650.619888613
4100000,3574497.0383297536
190000,212329.0314513987
2500000,2713619.8278123536
1350000,1475286.1330576842
690000,735171.4330292261
1800000,917139.5723408327
300000,253719.99966637828
4000000,2964246.548192526
450000,400265.49672236666
1400000,1345580.691097137
280000,273621.4163868
365000,332854.5895463563
165000,173303.2270807808
450000,408499.832794966
970000,956717.7131625722
110000,118293.19790674883
155000,220260.59429757454
245000,270718.9144824353
230000,271502.0350458226
1675000,1792956.085042813
400000,506735.34629266587
280000,319652.5914807724
300000,283473.09672509786
1500000,1462965.8015745431
795000,746462.1731499867
2900000,2847741.5202607955
2550000,2512955.6381311803
350000,307486.0839995796
455000,356702.0156054799
280000,260398.9389754672
230000,239600.00261977492
1530000,1628779.6878623113
1350000,1205354.1582362636
1380000,1170039.5300812735
420000,434870.752321924
1850000,1578892.60521289
300000,229750.4072119625
200000,232048.06125787515
375000,379777.442444923
320000,347034.4253172413
255000,250241.16566644778
230000,197715.34028879245
650000,342956.88725311606
245000,268453.1990473415
300000,341907.42133902764
980000,1032537.0123476583
290000,331904.2562340858
685000,698374.5092322408
230000,218447.7676048943
1290000,1570472.2147157816
270000,221071.19117061162
120000,137184.6127508441
270000,209202.4692427931
580000,602903.9758479181
500000,554040.4025688595
117000,118817.93906042074
140000,144469.96811923687
320000,350260.70312243974
380000,357545.7194418903
480000,437989.5129709274
230000,216344.99787900053
195000,268984.87160245306
210000,203831.83610362772
860000,772020.8739254896
270000,311151.70973334904
155000,164561.2304122312
400000,379364.17629062745
370000,394507.4183857687
275000,253160.5869847266
900000,863674.8317413046
125000,165600.88991854913
590000,644784.3323764121
290000,300728.55453972286
170000,150812.62361974118
400000,400506.20604518283
155000,151582.08320874354
1250000,1072016.5807909598
280000,307631.1979328769
215000,302243.4623268643
150000,231724.07444008507
590000,682982.436990747
310000,315754.4586336878
280000,262257.78083607
225000,266923.3720388124
2675000,2621576.3876371835
750000,747166.851026753
1200000,741178.1950992051
2650000,2738344.8741125953
370000,318337.6268529828
160000,196164.255972698
370000,391372.79321814084
2400000,2273033.6177235725
275000,265756.74886289745
200000,185039.58332368216
2950000,2740028.9871503296
6750000,4882922.675996465
5250000,4658526.65308238
250000,268821.38772067655
330000,315216.65494140965
4250000,4084730.5370904547
370000,371757.52465856384
270000,325843.38337853533
645000,649529.8134809704
4250000,4324201.891910957
200000,193943.01486566116
2000000,1964897.334434162
220000,180147.85953309375
420000,378467.94456306973
235000,224449.30840380612
375000,289359.89815388847
640000,606143.6923660227
9200000,4620726.428485471
2300000,2217736.6577105382
185000,191856.43275974112
290000,314763.7765553948
133000,201162.25219771048
200000,190791.47946696673
470000,429552.94196987164
100000,119525.19517019014
250000,381619.48231287504
1650000,1633597.1040723515
250000,207004.11915584744
1775000,1668104.3989200888
1950000,2214565.5291773384
450000,495547.5536718451
485000,427426.28560629085
300000,364957.7253070198
770000,749339.7221762631
620000,622177.9611975484
550000,637250.7752815135
1250000,1281643.2433574586
680000,682871.2769864639
360000,343906.5955238105
410000,358652.42585964856
1250000,1237711.60149597
250000,231863.91412011615
2550000,2682255.168686538
2750000,3024278.8660569577
300000,261954.80064288742
550000,496523.9828063835
400000,377999.8687499676
970000,962881.6260128802
85000,94683.12934500573
330000,313594.8346603281
490000,498740.62623024
785000,797669.1807509554
310000,278634.89110926416
520000,607244.2300248056
150000,109486.20510801396
250000,255403.2372943994
270000,212250.36330687415
700000,753104.874779717
340000,292667.659256331
1150000,1118453.1149690028
200000,212641.0047085252
420000,414232.35589455493
300000,319299.88909887074
1140000,1191621.8437030609
800000,864219.4540408157
215000,150874.0787690395
1200000,957964.3487075869
180000,203000.47737444856
2500000,2372072.744226739
510000,470730.0540989609
1670000,1907883.6368589185
365000,288877.5418086162
250000,246889.17851676236
400000,412153.053102068
130000,224347.22609518844
170000,228364.78391067524
130000,292621.8799270401
840000,1115776.072166374
430000,361108.2493320722
990000,996961.9622264944
230000,241629.9106060496
1650000,1538584.2845759895
1600000,1715630.2090972068
2100000,1807410.2156575073
145000,170486.95663433842
3690000,3730086.5708512533
270000,259465.1082172332
395000,502212.1430389442
1150000,1215202.4780437418
2800000,2843071.7179746516
760000,796107.7934154322
1300000,1337391.9939273184
510000,518336.1945810575
145000,136693.29753335216
380000,367909.47686326463
375000,466725.21228992334
270000,299928.7885574113
250000,287829.6572031574
5200000,4668880.112988971
500000,372443.29336686287
6100000,5747080.586933089
415000,1055516.4699017645
210000,209621.0408899507
240000,241661.4769896211
370000,312885.96775419376
1100000,1193443.7437011725
360000,287017.72822373454
370000,342830.5570925016
1000000,981360.0218569033
220000,248582.80683233103
6000000,6110684.302373287
130000,165134.2896023462
290000,268424.16204595135
125000,127850.72397471915
175000,201142.84317259205
2500000,2445297.790395498
1825000,1816351.5235417539
6500000,6844178.120652229
360000,404817.91429586173
46500,78904.0398330531
300000,377991.2776049583
3300000,3733798.040190396
1020000,973992.027922787
1600000,1427206.4501732038
245000,244721.02099226246
40000,76732.60222727168
230000,217648.58159924124
360000,316861.3975165373
1400000,1405162.3752063962
900000,812096.7714401769
340000,309999.04166497465
390000,420062.71443050087
350000,309033.58418030926
480000,306723.87567714433
790000,753670.5645740292
320000,298710.0368128525
400000,344835.2351310816
260000,239903.879493057
1300000,1236268.5385977211
400000,403876.7751537811
125000,143414.20664145707
115000,144891.45590788286
2450000,2570635.0832699244
2440000,2432235.251610442
120000,135385.8460586612
1120000,1071973.023239923
795000,714264.4573365636
4850000,4693726.844213366
2700000,2483219.7630037083
620000,652464.3604292343
1200000,1294966.4538181396
600000,397483.01678410365
200000,198843.40218257482
190000,235469.48484020372
3700000,3451987.371694908
770000,629805.4269137996
370000,469666.0748932832
3150000,2975235.5766679803
850000,988703.6098808914
69000,118366.85014351258
4850000,4597362.04943218
1100000,1174798.517121236
190000,218201.36038016074
3550000,3131563.749219057
360000,373993.9710559902
1185000,987732.7241956745
265000,248747.85696807413
260000,250763.45711952288
75000,113523.73302370629
825000,684570.1298984467
865000,895557.8904090695
3700000,4125361.9069129243
980000,969000.0381291013
155000,219546.43646472212
195000,210274.73028677248
153000,165358.17135389734
1265000,1294684.3883858165
880000,877416.2326150526
1800000,1851838.9899523426
1050000,924032.1160510938
925000,910084.482933048
300000,243308.02717425188
450000,431008.92812181293
650000,709407.1396707734
550000,602774.1965131288
650000,653206.1708609501
295000,344749.35182098835
160000,186461.9672902682
280000,378133.9603230461
1375000,1269696.7554955292
340000,328982.08201559435
1600000,1553620.1315280357
365000,335602.4660748575
125000,158915.12087215786
410000,496230.78380059823
380000,430531.09309902246
150000,171486.98615919662
150000,117890.97770453843
300000,375597.97511593177
150000,156611.23483392503
250000,309375.6802597345
135000,139769.85583702574
350000,337224.1978062738
260000,269853.59487465466
420000,371601.75225409
400000,399777.9305689651
255000,268140.25654506625
470000,463609.5260746004
2450000,2309411.1050118417
190000,201283.02556594808
2250000,3988401.780543232
2200000,2225389.195179375
1500000,1022973.2587099858
260000,229379.64019205963
210000,195748.33062894092
130000,134527.45010763613
3800000,3652804.686511769
345000,345066.8940171095
245000,301439.736807404
3400000,3378187.842620991
5000000,5066802.36262352
385000,399608.4610446906
300000,275518.70120427565
150000,116216.3601594568
245000,250052.4201635722
295000,324190.7815843555
620000,634408.0522896101
390000,397345.38150418736
370000,355024.9118756475
1050000,1127244.9850021354
310000,265043.7448515112
980000,948034.848035301
3750000,3821428.370511421
2570000,2641180.360434953
1850000,1788484.1769488605
300000,284187.99294397124
190000,224184.90081658165
220000,291496.92778093764
1000000,1244326.9291403873
925000,901381.1593721331
115000,170408.04387148144
2500000,1688253.2793553856
925000,941879.2997070625
220000,218244.8384518997
65000,68909.3721336919
600000,554738.4912043398
680000,627755.4962219156
350000,263903.3242144828
400000,488480.75926130416
150000,149170.87274774467
600000,560853.4898248725
1650000,1226477.1408902972
400000,392007.06951226445
240000,220577.2161337122
205000,200925.277516651
670000,727148.6523314199
500000,450734.2904309454
1500000,1445123.1402888317
555000,466319.9993559027
280000,348654.6339522309
630000,605847.427648006
1280000,1287536.3925176628
200000,239044.59156255747
175000,241419.63284529236
1985000,1815964.6422210746
580000,637779.4363668461
85000,96297.8054943944
1220000,1042631.9989632854
850000,785799.8918422024
320000,367768.78948094416
850000,789545.5519238714
1175000,904956.1852193185
155000,111723.59842920557
1900000,2002880.4388973406
220000,267965.73173010844
450000,424722.07290856127
150000,122861.48269026086
2200000,1928107.8887479345
210000,231436.02668256807
585000,621982.0428086858
2100000,2354721.183762003
340000,424476.08880638686
965000,991382.8360745322
370000,365210.7793650102
1750000,1818998.800995926
400000,378285.1644031128
840000,813225.7704483677
685000,745070.893106175
320000,247527.52387694968
1460000,1385340.2529934815
460000,445699.35608599224
550000,559809.1340512236
419000,349635.61935315287
979000,1002241.2199956159
450000,443084.86646674096
849000,875382.4751026414
1350000,643479.3581919346
240000,225895.85279919126
90000,131561.30541801156
3450000,3919356.6122546294
150000,127497.7255314307
1780000,1521066.4979856466
300000,274410.63934890187
710000,677736.1049482209
305000,330453.73771345324
600000,600456.2529408253
4850000,4616708.340521085
2200000,2276329.8875995195
190000,215126.1442699444
1350000,1276683.4099850783
13000000,11817893.100391498
13000000,11891693.063872105
1875000,1808204.362213414
1030000,1096176.145407371
4800000,5212287.838261258
4150000,4146963.636764904
380000,409881.1415179076
450000,350024.19574783416
2650000,2871176.0121355737
125000,139889.19748753365
520000,578621.8999781238
3600000,3637877.6455724915
130000,122528.6797967354
7000000,6979477.444043513
263000,281535.7457193516
1850000,2170068.852084463
1550000,1573318.8291351083
1800000,1696174.6881162631
730000,755679.3315886006
385000,522844.6566136441
460000,425820.0304191406
1550000,1414012.0274987516
225000,245939.44525835218
1450000,1449979.6157069404
4950000,5196529.061245712
1050000,1003425.5696741508
325000,379707.9431640682
1880000,1881045.441879681
800000,828932.151360178
450000,410372.47408915526
425000,419656.00214259175
1500000,1305205.582472715
460000,448452.4285930579
870000,877307.3778255371
1570000,1850300.6738329378
145000,103837.04279265879
880000,809410.9543288586
320000,314850.94432304666
2300000,2064302.4271773174
1690000,1556198.2125441974
550000,449617.3477379915
1300000,2356202.179750648
850000,751085.4314950339
1050000,918919.0108362786
450000,385833.48302793235
750000,689598.1464461018
750000,679503.7740729741
660000,916408.1457155477
1230000,1280644.49351652
640000,666515.4431870154
635000,630881.4185212652
2000000,2226521.1159985294
1750000,1801238.0640529103
265000,249853.6634981667
280000,321085.5524675753
295000,310894.74966886995
1425000,1336364.714362591
710000,825551.3691466318
380000,315238.48433486855
1590000,1493406.6993025437
750000,703733.0105315956
2890000,2733605.4582808604
625000,612634.0700184328
565000,588413.452886672
860000,855210.2685408134
1550000,1418328.564628426
60000,85531.29463885559
330000,296156.2557050617
950000,840353.6376708082
1500000,1663049.8882679974
340000,343222.0072599166
1430000,1385490.4183845224
480000,523656.98266089783
700000,656491.342550104
1350000,1317117.3412642372
200000,177456.82211970244
540000,545197.0830054531
730000,770825.5582649236
400000,396670.7700833714
350000,362727.4863453947
560000,506400.596728376
150000,243127.3303572752
780000,831149.3501441684
190000,216973.5542091388
700000,838361.2480022882
810000,870789.7303546866
390000,427569.88024521404
775000,924851.5990233731
680000,643324.5946030477
275000,249563.2134822806
240000,332779.8851153897
130000,192281.61838758588
400000,415524.77644544654
480000,449006.6232290253
1400000,1195162.8480843012
370000,354099.18181621697
985000,915245.3692865303
275000,296699.4570351352
37000,53021.19369345884
1550000,1111872.2411726033
320000,319681.40498621046
7800000,6776062.002067001
600000,590488.7514883227
4900000,4885949.693786311
285000,258392.1913621576
1400000,1423077.5716484797
140000,140591.4833789886
168000,202054.57910364092
1640000,1601300.77427099
160000,134827.713994291
327000,285374.2577093998
155000,144514.19379823311
800000,747497.9995598217
600000,635826.015096669
1750000,1959066.464356001
2100000,2068732.8005269887
300000,331547.1867938475
265000,255904.11112080255
3800000,3375475.9570754115
290000,296857.3783466717
225000,233778.0373030688
6500000,6150629.746086711
549000,571822.4172691236
549000,601854.6164759074
879000,978409.8645077191
549000,654201.9703718306
439000,572573.0761874161
280000,243940.76834910107
2000000,1491878.4925857175
1850000,2211204.75103926
1290000,1298877.2284039992
320000,281533.3265708668
200000,208795.26139533246
700000,605281.0951015363
850000,833686.0003481123
250000,165849.11128024524
130000,147179.75783429996
260000,333366.0326173455
550000,489662.0180736148
1300000,1223794.6376912883
185000,115170.34774701673
3800000,3944358.019860395
1600000,1640154.9838298094
335000,302382.4681143885
310000,307713.0730547386
240000,402933.56316508626
1600000,1549012.4919406835
525000,472795.11787690903
320000,248831.36380749312
210000,231085.8609266033
200000,219610.56006817706
640000,655263.0380715174
640000,614922.4947321332
700000,906620.1074070802
145000,171869.8964111239
420000,434834.91300208133
60000,75650.97704945742
295000,261011.71155971303
750000,706533.797800358
250000,258854.18121462502
130000,105353.24923883867
3900000,3656238.0991004454
2100000,2172667.2837555697
2500000,2075538.7218014256
220000,223338.5892247326
370000,279678.8390280981
245000,236368.5841750636
1125000,1212118.1628144572
1490000,1597489.2121212827
190000,199341.04904742315
950000,935679.3481400769
280000,325298.63158041605
1490000,1499966.4256130364
320000,358797.5468662162
425000,421392.4045172846
970000,995330.8545706253
285000,278689.0499602684
1100000,927996.1240141712
220000,225380.18423747874
780000,746951.9380719614
230000,197569.95382620092
5350000,5121147.016585747
1630000,1303479.6144947521
790000,979268.7829172098
1550000,1501954.7049974576
165000,105907.54823728117
1650000,1384975.9458341699
1530000,1579044.8827439484
4100000,3817495.9313771264
1870000,2000520.7149012529
430000,478035.936664434
2100000,2304978.6813880717
240000,264821.0654488876
105000,132777.57826106338
180000,178109.2619370597
195000,207556.0132956129
200000,145087.42084062556
230000,283062.6821704469
280000,289880.0717705686
3050000,2713753.118182305
1250000,1166084.1927013546
3650000,3122689.9870394114
3550000,3829823.094956591
1550000,1499749.0683508727
95000,113395.94908236557
200000,221509.23900467966
200000,209198.80691519444
250000,336699.33611057984
2650000,2600789.69727101
120000,110932.18537837338
300000,271334.0968028332
245000,212955.450548486
1380000,1294861.794825528
600000,531639.7301002684
180000,149209.73795808956
1380000,1112227.0710255362
3500000,4165444.437865338
360000,318211.9099197411
210000,220032.84320592915
380000,349293.6352143307
625000,563075.5455010498
300000,325522.491771837
250000,220430.35847954778
125000,137523.5900021994
360000,307047.0162081195
185000,238333.85327695185
2400000,2152718.104187567
475000,446211.75473266566
400000,358632.3527818154
1550000,1445194.7646669897
1950000,1755991.824599769
1700000,2017863.2433861813
250000,268414.4845463472
225000,228640.55773829005
680000,770193.2840534586
2400000,2455109.7425881494
290000,319121.1596165127
2300000,1807410.2156575073
660000,558503.7333454913
2700000,2501155.6094496194
1230000,901742.4724502044
500000,396888.85433889437
540000,537066.951427031
865000,867452.9163474864
280000,253221.3073571689
290000,316141.0645061056
180000,189565.21935278727
400000,377753.1768533043
1030000,1016083.9649604555
510000,544043.3528467353
220000,258383.69213612025
330000,291460.27524632844
2775000,2765602.7393254037
1520000,1569666.5850693583
295000,281214.61445347214
2200000,2508644.4561885395
5700000,4722333.601699007
1850000,1533451.6473626764
320000,279191.5080268696
260000,261554.9131576334
250000,269007.87553841685
1750000,2136549.0344263455
130000,169481.21517585605
2490000,2859935.0648900173
3500000,3994758.996261271
180000,208957.6089835746
9250000,7378827.483108271
1300000,1292500.961888121
255000,315042.09815834975
4400000,4177880.480838307
3850000,4053455.5200041938
265000,227214.56057285977
145000,114279.71726455592
720000,727445.723687372
665000,661104.2354904755
450000,516171.4450269405
900000,1342139.9217922096
130000,142336.14758626575
2025000,1945912.2442425352
2150000,2251152.22865101
710000,654744.5140546501
950000,1142818.3913090697
330000,467704.6161898577
650000,630036.0980961889
4100000,3888625.0984534584
1150000,1025479.8046371203
2400000,2668351.918553454
350000,335171.77626733657
985000,936260.0321650134
420000,467263.5997544065
6000000,6184460.194138601
2800000,658466.9952579646
975000,982949.9580176749
1500000,1571135.9244940428
2200000,2525136.4037911524
630000,541754.8069874623
1350000,1003130.6850462329
1400000,1406129.3665434073
2000000,1934622.0302089436
800000,817104.6520032835
180000,197976.36885103377
1450000,1360178.8182119322
730000,755831.8704023788
590000,549997.4634899745
1250000,1181864.498407816
210000,721638.7669429898
5500000,4957654.665340399
1200000,1110691.2370502318
90000,129652.53434967034
280000,297948.8239830854
750000,809127.8182933324
2310000,2563503.5500690527
1100000,1028181.4421466247
400000,406572.90360926086
320000,317733.16162146884
630000,624344.648172812
990000,951139.901690199
205000,188169.55648122847
80000,153597.29446841273
395000,435374.321398071
400000,338865.3751724135
980000,1060386.7267527438
215000,217453.99551693205
1100000,1008792.5213842975
980000,829904.4127144283
225000,272436.7548658474
650000,598063.9424672447
225000,224975.18090656673
1550000,1559789.8490470648
690000,394553.1453034701
700000,650264.2271278511
700000,690979.7555644764
960000,961868.3827900548
400000,465877.59643027955
1000000,1047734.277140523
300000,305858.5189551838
270000,283138.96154937526
40000,59583.25572631361
4600000,3772893.255143798
276000,275285.8689510169
450000,486342.9234262889
330000,395418.78968095104
275000,224070.58819170433
610000,668753.3564622864
1000000,1030658.791476159
300000,283365.2084102411
100000,223143.36909032374
380000,444189.30423725327
1200000,970897.79865075
160000,146882.80019927854
225000,246940.71265102737
2350000,2165574.5823431597
320000,281721.8874569017
750000,889202.355854587
299900,392682.70976025116
58000,60099.06065140065
1750000,1708726.3879910703
120000,122502.8314283109
615000,630729.7475386994
235000,229520.3230528155
200000,222631.9754716601
3600000,3895334.5732237776
200000,180711.460269487
260000,270933.7867850787
315000,282538.5858207968
250000,302233.9324636282
390000,394869.4257013889
580000,524457.9454861693
275000,301261.4832871876
200000,161280.34143253654
430000,458293.3251869012
930000,1048268.9156693268
620000,527811.8563516327
275000,289073.9885548141
137000,157216.12588531457
330000,375739.8862819291
320000,386514.5840266374
350000,356624.0495373461
800000,770742.7572055119
330000,352059.6146285849
260000,323672.71899375116
1300000,1381675.7051330127
2500000,2510139.315399721
300000,202142.013689248
1080000,1044103.402024617
83000,161323.28708413395
370000,435378.67884332663
130000,106178.97174228397
735000,737116.903714112
2000000,1691422.1619254914
620000,490770.2014298116
1550000,1271626.699224805
300000,309057.3272756367
350000,170334.6009795061
75000,229390.23206674695
360000,356482.17699174123
1200000,1076349.5471506256
300000,299291.0485708242
300000,274677.63789344736
780000,764425.3189596244
380000,358426.3195287633
440000,439336.84239338175
250000,268329.0167759755
260000,237093.24517400376
3150000,3183015.7664176403
820000,756295.6716124748
320000,255747.9449093478
290000,299302.11248515354
2620000,2557626.783093673
1350000,1210408.1036332962
450000,293922.9763392067
850000,823889.2063821881
250000,262015.4941561465
620000,696091.066510401
750000,613619.6197206558
240000,267211.4213175614
6100000,6294603.130029411
3950000,4446683.700594191
330000,338038.2496202372
200000,187594.02305140832
2900000,2890379.573101346
250000,226928.02113131632
140000,147492.19553259888
3600000,3966614.931920829
2440000,2200807.7758688014
610000,641722.889910116
1750000,1933587.1268975965
4200000,4671109.825184379
465000,469339.44532335154
1350000,1322845.8659095403
420000,616554.899154529
790000,842384.3409384902
200000,296847.5225085943
3950000,5287234.765374742
900000,828280.053172446
360000,372442.23764319846
1200000,1123961.3707113685
6750000,8484382.516423123
2850000,3542730.6311586243
225000,183623.07904536976
160000,144621.9008859798
130000,175995.18131768124
550000,657495.5653033702
600000,430801.4928851928
950000,1035958.7079500513
1200000,883521.7498475892
1380000,1572409.456617492
850000,849593.8758751213
1120000,993573.731930685
365000,299283.5510149176
675000,638551.748201004
2500000,2628781.5115490872
775000,739346.8451524588
580000,633499.3930274559
165000,212766.7324552278
550000,730570.9275022564
220000,247512.44394787663
286000,274545.04226240685
150000,129827.07874134452
100000,122717.86573555887
2450000,1878088.2211398324
450000,464869.38917042664
300000,285981.8407072589
450000,349687.6200816382
78000,82271.72619756896
4500000,4620359.327711151
360000,413201.122397268
550000,577862.9548313824
2500000,2492585.642241068
3100000,3517898.4074599575
1590000,1521623.0682378043
250000,239389.92577338417
835000,766557.777414308
650000,828465.3817896255
3590000,3310120.0303363944
1400000,1269899.6206825248
240000,285240.67033608427
9650000,5917081.134846479
360000,267337.29682060593
275000,227146.55853433808
2750000,2742464.497102547
180000,228791.27296804718
140000,209479.89304675
2000000,1996943.790108297
1150000,936222.4031348765
1050000,927843.5335254656
3750000,4496952.24034677
310000,296546.0092216316
4200000,3855579.437807914
375000,395296.90723172226
610000,599149.6642089246
1000000,664565.0409632142
950000,872263.3110413892
2750000,3208627.627521186
200000,226850.67822023662
460000,435852.59273635433
2500000,2719940.6338780583
510000,676139.0409201871
250000,221911.44764139142
5650000,5909252.5941357985
200000,234129.12985992045
2250000,2017572.1239805317
2790000,2395243.2361220527
215000,233230.70800075107
13950000,14000612.566777585
5200000,5977969.474983824
420000,381647.00865984295
880000,829296.6495956833
785000,828191.9077489544
730000,689753.921582499
220000,234164.23246404267
635000,599231.9563510926
950000,834438.5835016067
275000,235632.926042281
1150000,1030464.0125515321
1250000,1302549.088849899
275000,264077.98169484717
2450000,2450598.007162747
1600000,1658883.5180979343
750000,732871.8530734956
410000,357016.3285944265
470000,551755.9832849922
690000,646543.9492422108
550000,623370.8420811492
1350000,1092329.2146471243
2450000,2767008.5750344954
100000,143617.45256277503
180000,166184.18503904963
1950000,1947653.613715309
1100000,987599.3415954494
3250000,3087961.8570990353
275000,296126.412405903
180000,251725.21953301108
740000,745052.7359981672
230000,254303.14787269433
650000,394519.90347931825
450000,436029.6831091716
1850000,1757401.1994012713
180000,201144.02010993325
170000,493955.67154100694
4500000,4857935.378226546
120000,129545.92307977703
1170000,1128945.5041901814
250000,229421.61996730565
1550000,1723741.2195579696
275000,352494.62994688784
6550000,6145590.416554864
210000,201440.77616573148
240000,242328.84180214547
2450000,2741104.1854792903
900000,704758.5673738588
3100000,2721859.121169985
420000,427377.7301131222
4650000,4320856.853268398
190000,220472.23327206704
1500000,1438873.18892737
75000,86760.14639310827
600000,646758.7582419122
400000,407453.92818329757
410000,455533.0761755759
240000,314609.0695135164
220000,207184.03125375765
135000,133403.49161727732
145000,125337.7260595674
850000,766499.0050048105
480000,416953.79575960845
330000,318800.4424235494
395000,358476.3394343817
260000,388587.72266359866
410000,370042.0090428421
530000,543241.4486695221
580000,550161.265878106
190000,271832.9200575613
210000,264816.3784547631
225000,203915.73909126277
2000000,1826304.2037828178
900000,1021462.7574434
550000,490830.8874826792
300000,278807.7735075924
5400000,5987972.0396648785
3000000,2953816.8644302064
1180000,1902232.7892362748
425000,405536.49614804226
750000,814470.0079564226
979000,1029724.0069607366
115000,144327.09950472595
530000,460681.85964671883
255000,280555.7916674779
1150000,1160288.7723375915
270000,314136.47336662887
4550000,4438920.954752684
210000,238746.874832991
215000,223762.28809580609
265000,293201.0654108019
380000,392429.83978069155
235000,228497.4827719263
240000,381237.46202415973
475000,472944.42223389936
250000,324047.0069728266
3250000,3086741.976725529
685000,810013.5692560538
780000,833943.149880217
440000,376566.2542281895
150000,125486.84393741439
130000,138932.13742472607
5700000,5653988.772476774
4400000,4326479.759560868
3950000,5283104.363662277
220000,196901.5614813943
275000,269032.3796683432
200000,229528.798739105
1850000,1821842.8448457797
210000,205594.96211631407
1300000,811498.672292822
350000,322891.7396815912
360000,254659.71020622295
275000,268816.3141127342
200000,237043.5332146937
1400000,1230534.476732271
95000,133406.80703125976
250000,249026.24936812068
300000,250869.59854926012
158000,225544.037674357
1220000,1217430.165695536
2900000,2785489.597104311
620000,631819.0046959752
255000,277843.90117406356
135000,132979.6165775584
140000,133531.5729223885
680000,752970.6107434429
210000,263051.9568574942
820000,738949.069032344
400000,374036.4149769042
560000,493741.00056646287
2350000,2685307.6376817254
2800000,3391911.435236985
2000000,1748636.3525411868
725000,711669.8923978552
310000,314815.16673153674
265000,287212.08594324323
270000,282651.4638416653
200000,299137.81686567137
1150000,1124946.7528398042
90000,73233.70446436634
3250000,2929087.680773789
175000,192668.71466891465
820000,735360.417774803
850000,839636.9461310928
205000,225909.6755037762
450000,363674.7412539727
135000,133005.45938610553
1450000,1383960.394097305
220000,212147.9857598342
360000,327236.81745372555
2050000,2096984.7871398188
805000,826996.6303403712
1280000,1169345.818082387
235000,200045.74744170383
420000,466714.75719533744
2500000,2324282.5286527704
470000,444847.26713073737
150000,129756.99596651566
6750000,6404331.780055723
550000,556975.290682501
7500000,6214355.665703172
3550000,3265397.198054066
4400000,4112074.2702760254
350000,294053.3153182708
6150000,6659601.011330875
200000,238430.1301546769
780000,742384.9511918939
800000,804356.2878058492
450000,413572.18713629415
300000,443795.0923186049
300000,298300.54611275793
1050000,994869.0685380024
1180000,988556.4507387677
1100000,868137.7453725397
825000,925241.2086654351
265000,272804.04640085006
150000,176891.61872489017
270000,267816.9083545368
1450000,1526424.323592375
400000,383573.96084032435
630000,626470.7198068328
3650000,3553195.361679739
70000,100856.27004957617
500000,423998.6121654125
750000,803860.6777099055
1400000,1419145.808974557
320000,285639.6774235665
1600000,1735321.3777203918
170000,187176.15277870884
1700000,1936841.9255693038
240000,230949.33117478553
1050000,1120457.4040465658
700000,677733.0103814052
250000,295797.6565968954
760000,641497.0835988235
260000,267431.2028357175
900000,947922.3478725547
3500000,3931071.62646695
3900000,3881532.1645551748
6300000,6793850.29108306
220000,263951.22719516535
2350000,2362546.4810001147
1300000,952910.7106802022
4750000,5226386.765404558
1000000,4946562.695184389
850000,768236.9626430923
1200000,1156245.9581271557
2500000,2498757.199874309
740000,727773.0595310098
2500000,2504789.8053595307
80000,218195.013580258
1200000,1207028.1551230839
900000,982284.3590893033
880000,1002190.265575598
380000,378643.92039021937
3250000,2743262.228338633
2350000,2322757.2768690265
2380000,2299272.654865368
1200000,1155953.820781474
400000,340654.43052383245
650000,680456.0287409353
2800000,2604230.247411137
410000,345976.2994174094
2200000,2705298.2264314224
3380000,5481541.56503037
2000000,2781374.3976889574
550000,341341.8121579624
240000,256587.15724498895
8350000,7730549.142457631
930000,991440.9867172436
780000,693932.8726795062
400000,412696.73788184405
130000,133875.94866801353
1550000,1408725.9390279297
810000,847569.583522472
90000,142670.9138311039
300000,250830.83008527072
100000,99597.99436491293
125000,132749.3151132386
535000,530080.9142657502
230000,267339.50962229766
750000,738425.3466738145
1550000,1592379.782918692
275000,285042.435618455
170000,238822.45862141394
450000,544980.9482920835
1650000,1797040.9723387316
775000,726071.1608104957
125000,149575.99138693928
2300000,2818563.087966728
250000,270556.10838722484
860000,860437.1437366364
415000,455877.9946646954
325000,281901.6282884139
800000,626865.0674118884
850000,463580.3283370129
180000,155295.2319288211
3150000,3532380.5392906955
1950000,1853121.3263833218
440000,449585.2983357346
145000,159208.29663272476
1780000,1848637.4530530488
330000,308175.4968500928
640000,781248.0478003192
750000,612939.2946317602
210000,223416.2689351767
270000,219002.85905305005
2200000,2060353.4016863082
150000,185173.61931604912
85000,110117.56627112256
130000,156717.76314767616
375000,395875.9351106852
115000,103834.93986935819
173000,246904.14979645284
1200000,1061118.7294713021
600000,514963.34097260894
320000,287233.1577238221
540000,512019.7606172864
310000,358906.0779467793
1650000,1597332.8008163713
220000,223254.18793094181
750000,741912.6847252154
1650000,1663599.728629634
940000,868947.3874222457
1495000,1382363.8794072857
1180000,1116989.8161887047
37000,58657.72144405539
2800000,2803753.4285760894
775000,703093.9805969952
290000,223373.69287720206
160000,145844.29363058074
850000,822112.3689850247
1365000,1330325.726786436
3800000,3674526.4800652415
400000,367739.46102824254
300000,280065.26646871347
2200000,2903698.607731612
155000,123612.07743243156
190000,259134.40152944898
4800000,3550758.2571211867
3200000,3180596.5421359804
4850000,4750002.887938935
260000,254257.8723418133
685000,686960.5535184685
2850000,2779896.0815950776
3850000,3925143.375040648
4000000,3882335.877349872
1075000,1027782.3572787645
1400000,1445135.573462911
810000,830816.4520547262
460000,422191.7710688437
1320000,1376240.3675502008
670000,769178.8435359211
425000,451758.1639748256
900000,776540.7431495471
2200000,2064218.747846307
1750000,1410456.3657833908
370000,346457.48223600583
1100000,1465239.8130835465
5900000,5721032.5182894105
5900000,5646627.688088467
4250000,4248308.613580786
600000,645009.7975451364
735000,706546.4647698066
5250000,4110742.9163665636
5400000,5570739.210494015
500000,588591.8056227545
3850000,3367903.596070557
1000500,1167940.1196760614
1365000,1334516.2200221606
1850000,1966705.2889272396
3150000,2714454.2940011546
2100000,1964463.170432357
620000,510213.5260555119
520000,458362.1122225347
2900000,3400685.585179933
750000,710818.770320355
625000,675022.7648650112
2950000,3277682.1047949037
2450000,2430327.3347810893
350000,377676.81538986653
1720000,1709214.0476950158
1745000,1892435.1094230604
1780000,1925937.0059781664
775000,731100.08001972
740000,760660.877264572
880000,897637.7695145439
750000,893718.000526794
450000,408579.2983344327
2600000,2434043.9810380214
3950000,3527721.2305677636
3450000,3527721.2305677636
2400000,1909756.8217066554
3100000,2753440.989874157
530000,513102.59471722814
440000,423523.12502607726
3050000,2611616.2689996203
4100000,3413199.008228413
1180000,1089865.612521562
275000,298064.42231643735
525000,369872.998751366
550000,515974.6007680391
310000,349898.6060704393
680000,658420.248739727
620000,561171.3613516178
1400000,1391725.6175978999
390000,386611.906271853
770000,795067.2452950312
940000,978431.6600967273
5800000,5972074.164881866
250000,350123.7017428244
4450000,4702871.241564684
3000000,3457278.3849521955
550000,492534.6928142283
590000,588380.3000711346
330000,406975.7133936762
620000,544906.8789425874
5850000,5982782.358922396
490000,561835.6173352313
400000,547804.2554772681
385000,420170.3258026131
500000,552176.450700832
1810000,1821586.9366942316
420000,452928.9655209214
950000,911964.7288942232
310000,337884.6583877891
355000,365921.77934100444
500000,594194.4316634701
375000,382394.7418775257
1200000,1259230.149885441
595000,495262.2290554713
650000,618860.6468750675
9900000,6937722.08505698
7200000,7325081.212869363
600000,651550.4485083868
5900000,5956698.725822521
1350000,1339350.568874563
1645000,1758861.541842992
1000000,1045264.5644215759
825000,777547.3834387293
1610000,1700470.921883916
8500000,6661143.177270927
5750000,5839983.431509452
3900000,3925143.375040648
3350000,3035888.7446946106
350000,354646.2009567871
3800000,2834334.5168463937
2350000,2041612.0370813755
1025000,1070308.7884983947
310000,324681.7403705627
1810000,1655425.7353866734
920000,893434.7014476325
2500000,2443072.5494709625
2340000,2348700.8916082927
1970000,2012882.1065771938
1455000,1444652.7024576352
1710000,1732502.5527829654
2200000,2162195.263387708
3600000,3511792.0260850857
780000,786747.997294917
1380000,1432283.4405424388
4550000,4764198.247761769
2185000,2219073.553494273
1000000,962810.5805702396
835000,828800.2310098776
420000,469416.72432577296
720000,473911.489949236
1950000,1995704.2122594733
370000,351944.2357972299
550000,577940.6148248125
360000,384714.51269650063
450000,448212.21314201085
880000,834379.6992524461
780000,830308.992604544
520000,507785.6445293235
1180000,1210051.4770635734
7000000,7405484.754565333
3150000,3597316.251592019
3500000,3722707.2374763004
2030000,2014313.7764134032
650000,677753.675765968
1100000,1129759.7939966847
1050000,1052773.4694221688
4150000,4260091.89682961
3800000,3748411.5781687796
800000,722781.5723639178
525000,656260.0182083128
1550000,1702355.390000287
670000,822736.5917898879
4450000,4389186.787536139
260000,267306.9311631869
420000,466446.0958888166
1770000,1872924.0737512547
355000,332287.3435464679
750000,1038546.6424992551
5250000,4647998.487870052
4100000,4257603.081666877
1700000,1351790.828913999
1225000,931397.5136091216
780000,780037.8903267103
9500000,8949818.147442745
1950000,1984033.2327245441
9600000,8413279.884959318
1235000,1259230.149885441
675000,702923.1694129631
1550000,966767.4682833536
1265000,1116469.515851357
400000,366221.6664586078
500000,554107.808343905
6750000,7282467.415980181
870000,890164.9412440542
1100000,1132018.0061626895
1555000,1362515.1562008515
980000,1038667.1837918194
940000,955010.5315337756
3900000,3850825.1557718385
4575000,4363090.185206588
6250000,5956698.725822521
6350000,5318742.758363063
7250000,7356380.231990768
5650000,5721032.5182894105
375000,361405.852988519
340000,338165.28384168056
460000,370171.53772252455
390000,220750.7641322883
2550000,2814725.3008954995
560000,564937.839888005
3275000,3208542.998406164
510000,372630.5000898577
290000,283965.3394392703
750000,738577.243396461
2925000,3648395.811694356
13500000,13557742.227011682
2500000,2724828.5765521782
4000000,3810980.7867463757
1100000,1042974.1195071582
3750000,3925797.8782218685
600000,878067.8591240884
3950000,3878549.4928982756
10650000,9701576.277170062
430000,314447.0264949117
2400000,2335042.990494992
330000,265840.88416891894
3750000,3692546.330895228
1400000,1463739.3907947952
305000,294490.3336145079
615000,653066.0286854384
280000,252420.40613936653
1950000,1731733.515767542
2900000,3522667.2381953434
4000000,4271752.299560573
295000,295193.9956901679
755000,821161.9994933999
915000,1026572.8823676885
6500000,7879039.103114699
9850000,8707948.824290238
400000,345953.2253553033
1000000,941573.4082861632
800000,824195.3493149476
820000,803086.768317516
350000,331486.81989468454
1000000,1176422.5461573265
1200000,1680815.3288549124
570000,589491.6072081819
760000,872250.4658508695
870000,861650.439154899
5500000,5537642.806773134
1750000,1723351.4405444458
340000,452761.5123839094
1850000,1972427.3446474895
805000,799047.1087731541
2120000,1912002.5119117699
1095000,1262609.727390712
1050000,999268.4944174662
1420000,1197205.7568698842
3600000,3243658.7440322214
1950000,2107764.583975884
4050000,3878463.6600457807
2100000,1954412.957765983
405000,358649.0846021189
1375000,1433517.1869938476
800000,854254.1378854205
470000,439923.08667870774
390000,406959.57621709706
1750000,1645633.3168193577
570000,570563.5979456203
1100000,1120273.0798802725
1020000,1035205.9676627017
510000,603948.6903123858
450000,455917.38891596993
730000,799457.7152300985
1999000,1962162.3909318652
270000,289673.5741118051
330000,411528.95511349395
955000,1062122.0779211305
1260000,1274363.567832655
3800000,3878420.1236300045
1200000,1148422.1502495077
3700000,3458553.425846713
15500000,14513046.885184882
1075000,1184734.4527278445
2575000,2443072.5494709625
2515000,2535665.4790467573
2240000,3306888.1440547286
7300000,7495850.874582544
365000,343135.61907030066
850000,801222.9483400008
1000000,847536.9194256162
435000,438021.98028106266
630000,708053.3948781441
550000,617332.1342158627
355000,328350.3578605494
400000,524295.6488637204
260000,281543.2140433518
650000,582239.780526081
4750000,4101237.989798536
1070000,1096508.5494131541
19600000,14378435.67405156
1440000,1453500.7118361061
925000,1055458.8773458912
1210000,1148422.1502495077
930000,882391.2179215339
1350000,1486517.091728012
880000,931569.3673896801
3190000,3492464.138369183
310000,251589.14504180933
610000,511435.92122973304
710000,638402.3244698169
950000,954877.6917550096
530000,583826.8590153757
845000,850897.3279741068
720000,787250.6457866486
550000,555921.0491975045
550000,564002.2081477804
790000,803685.4173700595
12554664,944701.1440124214
2855000,2736535.988209683
990000,1024823.4382011449
8400000,8628164.817063326
1570000,1553788.8714777487
1630000,1646651.9336043708
775000,808430.7228130861
920000,906436.0352979441
2390000,2361832.4973140825
570000,561263.4637490129
1300000,1294979.8485099936
950000,913639.4575775618
700000,702077.8287651623
350000,382487.85509177664
690000,684305.2085123458
450000,506678.3416704411
550000,559264.0828763612
470000,612516.0983814884
245000,235922.62367195584
4375000,4372960.313114584
1550000,1872572.345731094
520000,508331.00783834787
1650000,1805125.7051880895
3300000,4181193.841875023
5000000,8801776.847471137
3600000,4267230.4839971755
1730000,1639761.0288902638
2350000,2351394.477921517
3850000,3522667.2381953434
1000000,1066769.5724302435
4000000,3522667.2381953434
6100000,5767787.611315235
3750000,4028545.2385041653
1340000,1582523.7486325896
6200000,5982782.358922396
2440000,2186645.667875267
5950000,5924268.60745142
775000,830102.858007566
1700000,1859210.8431991409
1450000,1529821.0937053533
650000,706301.5558888614
815000,816264.893982585
780000,839433.6691201074
560000,494030.80354610673
450000,499168.63929381693
680000,605773.4635927096
825000,846710.2692807346
485000,532360.3047782828
1550000,1616222.1966188634
1050000,1024823.9344853171
1870000,1866046.2447188308
1950000,2005709.5042485006
9500000,5187969.676491271
2650000,2703365.842507814
2460000,2337585.6339849923
875000,956775.2015754783
1670000,1653232.3625831485
1820000,1748854.1940763232
2180000,2242829.468099615
890000,901378.3895392988
3150000,3559835.7609690223
870000,852135.5887684517
1340000,1180250.4553710609
660000,723842.1223225503
950000,1002673.5587899436
830000,882130.9872767186
850000,827541.5266092039
620000,549064.8992647688
1600000,1263544.6720846514
1800000,1673439.7188990694
5350000,5489316.710562083
6000000,5730315.378783302
940000,1023727.2900208284
7000000,4378359.524412822
2800000,3092059.5927171297
2550000,2811489.590913331
395000,361038.1412541647
1375000,1161087.4844154357
2300000,2700554.3154809475
5750000,5901535.369780312
695000,696718.4017811659
1600000,1644514.4422611434
1200000,925911.7764331358
510000,524263.5228402201
650000,685994.4130717135
1111111,152051.17993293147
1270000,1330524.8327649701
730000,747662.2216530294
680000,670001.6660641555
1540000,1360815.440374016
380000,426056.73782367626
1500000,1912002.5119117699
2550000,2641519.6949256137
11900000,11242677.882514479
1650000,1325992.849907004
2300000,2191146.5446125106
9200000,8659949.811012607
3700000,3808848.248007149
3100000,2662568.2839016085
5850000,5954481.016624113
6600000,7013132.517195617
1390000,1229263.8845392906
520000,546894.4857574899
830000,715272.162253468
2180000,2183586.77530829
3850000,3860994.8111347323
600000,628829.7827397033
650000,662577.9186044699
2475000,2351394.477921517
370000,356692.5301876583
660000,699304.3317722995
620000,573292.9000535524
455000,444784.28389849863
875000,946702.478369621
1430000,1487615.0198792499
1200000,1269696.6971865534
1295000,1301718.3026166845
1515000,1333591.4810109069
1350000,1197608.01357701
1175000,1166673.6410809292
12500000,13075468.958155058
2990000,2577659.5878330846
1150000,1148422.1502495077
440000,461697.9903099861
3650000,3903311.1534539093
335000,381004.9223584974
5850000,6389518.11508768
1630000,1424043.117975755
2650000,2197272.408599058
820000,952492.8374751246
580000,705495.5032054706
1255000,1252765.044001683
1900000,2323531.8596541714
3650000,3497128.2050453993
1410000,1437352.9007361876
3250000,3532630.931886484
470000,585516.2028986232
480000,455691.96765134134
3750000,3576520.791937572
2630000,2679794.466456838
3495000,2852524.8399256775
4900000,4623480.386325171
12950000,14419005.387822354
450000,465252.9899112091
480000,495371.2549049774
2595000,3624475.004585158
875000,874129.146109471
240000,293960.83910771087
450000,446603.4355623158
7400000,9379597.509653162
2350000,3113507.2177519924
12500000,13854500.677663514
8750000,8958942.713506283
7650000,7398169.745975693
1395000,1315012.6506868114
2250000,2051492.1943831858
1295000,1153457.6414430714
1150000,1287005.2524618986
1095000,1031940.4670506566
2260000,2837046.297840493
3280000,4794771.857370336
440000,481069.88233261
2600000,3752665.6846502083
2700000,3629457.068175292
900000,886801.4568921296
600000,613527.4800337641
2590000,2916881.1667593466
2210000,2259998.669074562
3690000,4062753.0246330374
2970000,4495521.060813364
1480000,1020804.8796670997
700000,725134.1652866628
585000,506901.26377237175
305000,258858.67612587067
2500000,2811370.8315378022
360000,372223.87533609825
4500000,4534035.5539845675
3600000,3638152.6224345737
3400000,5612019.357485059
6700000,5862377.453214918
18500000,13339038.125671579
790000,722229.6959809508
800000,756335.9961032303
3550000,3946166.430343362
3550000,3288940.41394526
2000000,1882481.0641554422
875000,889129.7332222053
1685000,1206273.7310280227
1255000,1235954.1524408911
1140000,1142823.95094816
695000,682280.240950355
3800000,3420814.056429062
6400000,6846299.493103086
320000,340679.77254129347
510000,517246.3361102489
1100000,943909.2724935954
580000,571950.2523051797
750000,817337.8377689255
5850000,4945625.228853538
470000,436545.09918568906
600000,504109.22858259955
900000,897337.360713827
3700000,3647062.84424685
5500000,4932157.209839343
975000,906436.0352979441
720000,679729.3979367894
3200000,3013067.356079577
7700000,7442943.689525283
5700000,5767787.611315235
2500000,2074952.1448690102
330000,315593.44449190365
560000,546550.6076177245
620000,635697.0291506523
6800000,7038966.0768821975
320000,291549.8639476912
800000,758915.8117152981
680000,748270.3631215605
1270000,1230790.846950999
470000,666133.1579016029
439998,449130.6905955867
850000,931569.3673896801
3350000,4938832.87215091
3150000,2525498.2047250797
3850000,6146703.764429573
775000,768540.6930173857
1420000,1225389.625952911
490000,503908.5157911649
3000000,2636982.238683944
2000000,1899980.4943395914
2220000,2167781.4197460567
5750000,5114691.22553125
1450000,1482351.6403637696
7950000,7815712.747732687
4000000,4004727.3121059164
4000000,3895391.336966596
990000,1064303.3960744122
4350000,4215740.325099806
1020000,1025922.2513707305
2895000,2697234.5520096244
1700000,1564945.146163552
5200000,5173699.031298824
910000,991602.3962946146
400000,377372.467178682
1120000,1024037.0831317392
620000,609192.0974993196
260000,282584.4843087771
400000,384256.2813320927
890000,927354.5354565094
550000,455829.40282883187
700000,596196.0252973889
795000,815693.3718393398
780000,722305.6719261404
770000,795611.1297844567
1350000,1265733.4363000111
3500000,3511122.337787276
1900000,2019325.430125474
3675000,3509599.5715304874
1560000,1551233.5021457784
5650000,5169956.821296882
4250000,3997327.177998764
997000,1019925.9882891807
1220000,1309665.0567609614
5700000,5165027.316548888
5450000,5836239.572365729
365000,396559.18177284213
865000,913350.5886039729
660000,627210.3060305716
460000,454090.028256303
750000,620397.7098064893
955000,938976.9594079461
750000,640082.490418597
450000,440386.63325714803
900000,839404.754155683
385000,379381.5824862957
1330000,1375976.1711323687
3550000,3457433.891527992
4550000,3958329.1603835197
3700000,3834876.3636908587
770000,784536.0097705557
525000,638778.5843749621
575000,661821.3029811038
440000,499650.2488527065
490000,488991.0479863116
270000,243426.42734309135
950000,819136.9700399771
410000,411134.8632038759
490000,516031.27554705646
4250000,4135864.5791098056
1090000,1008711.9497339028
3700000,2993968.818656132
900000,1050733.5332114017
2150000,2473593.176032123
420000,417932.1592886735
980000,1031947.1895518933
5650000,5646627.688088467
590000,614066.9175662867
8900000,8506029.666606601
1720000,1722147.7207823524
1420000,1280669.922874232
580000,622457.2895390876
390000,328843.74918264296
1125000,1115600.191097003
720000,689791.086358571
380000,288724.4367323462
780000,736967.3441710836
880000,940484.1334159276
1380000,1153925.4998558478
350000,423435.8113022174
3620000,3658521.583511869
2150000,2091533.3567604923
2870000,2610362.4484608024
910000,966741.9567370876
800000,886578.5895367364
1025000,1055458.8773458912
1980000,1993689.3048176828
3800000,3718420.138514049
740000,833188.1173722476
1070000,1053569.6671473784
950000,1008353.0686703396
440000,450519.04566227103
375000,393469.56791994395
495000,588559.0838095569
2750000,2657891.644711245
770000,780214.051157799
2150000,2287953.6988168936
500000,480103.12852191256
460000,566030.9887710295
660000,733550.5129261453
475000,453222.1308822655
1050000,1160584.6402444693
2640000,2679794.466456838
1770000,1741316.7143802373
1720000,1689551.3809821792
665000,635949.9025341858
1105000,1220465.8131281966
1390000,1453012.6258582876
4500000,4229397.112547604
350000,398290.8852639566
5850000,5721032.5182894105
135000,133387.82727010446
780000,680130.1562561131
360000,329246.56541620137
1275000,1205320.4507126533
1000000,875452.4777238698
940000,950867.9715876263
600000,668910.5083647483
670000,651028.950549964
670000,687888.5773988457
440000,473947.1420011593
270000,244555.91146881302
1910000,2159429.3241299656
1640000,1788065.8263522452
3750000,3435109.137670594
1070000,1199725.4663225755
1095000,1199057.751583524
2050000,2279239.6128848875
710000,702892.9252650415
550000,562819.8674754367
650000,789868.6036642712
700000,721616.1487148168
590000,801111.4797158557
2100000,1849749.6833011948
1000000,1123828.1364309033
7250000,7507839.86312086
2550000,2683214.1822090126
8000000,8050899.538982877
1520000,1443032.8311483914
1670000,1507004.5453594152
3500000,3243658.7440322214
3850000,3567831.3343495615
715000,740336.891879249
1020000,1025460.982953813
785000,818595.880935927
1750000,1693388.148697581
989000,1038667.1837918194
2950000,2840684.58836135
230000,244643.89669504453
2880000,2566081.6054761605
220000,269865.7537481596
560000,545337.0232699863
770000,754001.1399080218
350000,376766.804219295
1850000,1920949.2054436118
1375000,1361635.9769634034
11850000,8986880.962249378
2600000,2721912.0229399493
590000,678374.8727673818
18800000,14341524.87465737
3980000,5620940.9746708395
2350000,1999669.8111487238
850000,886496.5339249116
520000,474301.3500326761
375000,422812.8915114199
275000,289362.5198218644
270000,312659.17655424494
680000,606707.5606179937
1175000,1294977.799497208
700000,646910.4354086261
390000,386630.75732013345
5150000,4595218.705503433
3200000,3001380.677845115
19000000,13742605.57085488
2950000,3166539.5518893194
750000,746610.2162644167
1100000,1178023.726880899
800000,670266.0740864377
595000,683151.8787625504
1760000,1689841.8384828712
3150000,3779734.293161672
1650000,1868805.0578829048
10500000,7213797.478964935
6500000,5922990.110627628
7500000,7166363.91648864
3200000,3563299.206682998
6300000,6538115.431108389
8750000,6639259.064316345
3950000,4127782.534369323
925000,957322.21659924
1645000,1552052.734311339
5350000,5002123.012175823
4250000,3360399.5411067773
5350000,5376461.500917259
1730000,1680313.5265641839
2885000,2610362.4484608024
1150000,1135379.4613449653
1020000,1042354.886052647
390000,399693.9408588743
400000,376128.61277902016
420000,470132.8777787509
1300000,1242577.2620837637
650000,718760.5512275264
1787700,1689551.3809821792
795000,716524.9625692104
1700000,1722147.7207823524
1085000,1238692.6567176743
6200000,7148847.917266846
4250000,4288987.423486722
11500000,6479933.317598387
16500000,15123591.292852111
880000,904417.731038547
1975000,2019325.430125474
515000,501950.33787117014
670000,661174.5982369304
1650000,1737659.4072014964
1710000,1563554.129474453
460000,490757.4210811453
1235000,1203673.8745162897
3700000,3457278.3849521955
5000000,5552471.388185772
4300000,4381070.119367543
5860000,5972074.164881866
1790000,1639761.0288902638
1380000,1293830.3984424034
1365000,1433800.220976425
1575000,1553788.8714777487
1109000,1211725.9191360367
1270000,1306397.287068769
925000,836909.4311308138
470000,452569.99110967823
1570000,1565813.9230196194
375000,371375.9499679256
1490000,1826246.1063054
800000,823249.7369580002
3100000,2884276.9755883464
270000,261814.2592639068
1530000,1634020.7459480683
580000,540258.951153078
3800000,3879085.997488471
1675000,1739455.9661961186
7575000,7495850.874582544
2190000,2393588.088484147
1075000,1019430.4847405043
1110000,1234096.7704987186
1465000,1582156.320428407
960000,1033643.9921216348
2325000,2323531.8596541714
955000,1055458.8773458912
1065000,1007342.001706604
1460000,1497295.7776418303
1225000,1226898.4241081865
1100000,1226898.4241081865
350000,326217.5548101512
700000,772418.4820494684
610000,609874.6658709855
1300000,1104067.549284279
1125000,1203673.8745162897
1250000,1224603.05992759
2550000,2567667.2245693817
1850000,1940964.8896556592
2500000,2784412.5506892004
1850000,2001357.9858077562
2300000,2001595.2442830221
720000,696865.3926486789
900000,862569.6460054314
420000,423076.8609751989
160000,226193.8197012859
650000,602783.4912033776
680000,594098.6288467483
800000,849201.3906615151
680000,563120.5734027888
890000,739755.3224513651
350000,323968.985401843
749000,794045.3295176048
3650000,5161873.460113337
1700000,1658129.616382927
3100000,3056226.922279331
2350000,3177813.258066826
2600000,2626413.6314262394
885000,1026326.9449015289
1220000,1199057.751583524
1200000,1256191.4378349432
1150000,1264185.6360550495
275000,279054.9992423675
900000,812911.8649633849
550000,600374.0048577572
350000,371773.60691648256
980000,980906.7726548223
350000,328146.2727403953
1250000,1276673.9888409055
650000,585578.7550810432
430000,410500.4375723631
1680000,1176469.656345536
1210000,1180599.4841587346
1340000,1249707.486381631
2020000,1993689.3048176828
2150000,2513784.2107898025
350000,445556.3736077676
3880000,3895391.336966596
850000,775882.1545633599
825000,823854.0680807966
220000,183831.35483287222
1200000,1379796.1713560326
850000,756754.598742362
2525000,2563689.99589723
2600000,2927885.1312888786
570000,608250.5143898899
1950000,1954904.3826170838
370000,336463.579411094
1100000,1218147.2276186498
1250000,1125917.7461997145
310000,346236.69310592604
1170000,1099407.1162455457
850000,930109.3046188379
999997,1083781.7367465007
1020000,1145919.452604542
2950000,2861221.6021034867
230000,225306.63071513883
900000,580842.2065839425
7600000,7357122.352500488
4850000,4631222.504414323
5950000,5738476.799141464
6400000,6797749.806511863
3000000,3402405.533649791
1840000,1700802.650037835
1180000,1226898.4241081865
800000,796236.6623141916
725000,789043.5054780741
470000,470937.3124636134
375000,381951.12796424766
500000,537816.6287520125
560000,599049.9016655284
800000,784318.888550398
880000,860037.087737482
4100000,4179412.0053563197
1180000,1121644.6268852446
1825000,1760066.6147735622
330000,331564.77331417095
3380000,3425785.378380564
750000,743309.0654378579
1270000,1243082.491174814
675000,772157.0210297271
1150000,1083468.1807778645
700000,764557.6200149592
2450000,2331354.1375911874
550000,618007.388423901
660000,621654.7895441437
1800000,2078709.4605352045
1850000,2005129.693007992
1750000,1643314.3034418407
1290000,1333731.70489951
2280000,2295630.4414508645
2340000,2419608.4838808035
2550000,2928882.2831930877
710000,647733.6758150008
780000,812447.4674982476
1525000,1487489.6800142555
3450000,3718420.138514049
6200000,5559996.336372177
2850000,1662095.4294590324
675000,766216.7547296039
1050000,1318491.9152705693
1120000,1102189.7880366195
2000000,2005709.5042485006
990000,910878.1283544247
380000,346519.88939496013
2590000,2615782.121890561
775000,807578.4875343622
1350000,1189264.1619920046
910000,870998.4607618897
525000,553236.54381872
1800000,1811618.5114216201
550000,503966.06309929624
250000,242932.3569956048
800000,783872.5918119876
465000,406490.5767877224
400000,374600.90093948843
3490000,3761668.129383528
5150000,5392497.193336512
3700000,3966308.9075368415
1030000,1080820.5395502204
1015000,1024823.4382011449
1115000,1186023.7531700563
395000,439675.49756270094
1225000,1269290.358776943
650000,626927.1482724884
650000,628059.721265107
400000,427704.45190987695
950000,1131803.7524657636
825000,805965.0211438151
635000,589446.0179997423
710000,727147.4829132847
2535000,2467393.6475089975
10900000,7344044.523823888
750000,819927.3041846226
360000,355887.60930416157
1270000,1133384.3516138566
370000,342094.74977119087
675000,606767.6930924299
6000000,5924982.025803124
970000,951565.8144651542
800000,861215.5986465834
275000,293150.880669481
1220000,1072070.6422391678
1480000,1474109.0510295464
2650000,2471390.417059829
3850000,6285053.309552003
8500000,9706030.903494505
1050000,996619.488198473
430000,423890.71079548704
725000,775931.0145694127
420000,285624.95813369774
250000,234290.5150871822
950000,1452960.2662597604
650000,772882.6959586968
600000,543130.791821146
400000,480669.31254202855
520000,504954.1258359146
3350000,2811370.8315378022
4300000,5645300.598553704
4000000,4639277.234971011
380000,394271.96184987365
950000,959379.49483132
380000,418133.98653230234
420000,443308.4907637117
3000000,3452584.7298762356
540000,476696.1409961304
5600000,5246617.155954372
7400000,7398169.745975693
4400000,4271752.299560573
3250000,5612019.357485059
4900000,5308374.390234348
1690000,1876018.1507451606
1460000,1374321.0139331059
680000,706390.18275875
310000,313800.88146200066
470000,404296.2086330735
260000,271058.95447581
690000,695887.4191268834
260000,264062.12960785994
570000,635599.7671411175
350000,356754.1887559848
720000,718913.9014522965
850000,766988.1073040949
5100000,4331945.698154027
720000,614607.6081191294
19500000,14179547.497620374
6200000,7974864.162349296
2400000,2276630.859317893
970000,968101.2834737281
3500000,3201848.722997689
2250000,1975159.9623857036
4300000,4199863.685830364
3400000,2867485.925255544
455000,462701.0384883266
710000,745385.4685902785
400000,462441.40860828466
1050000,1070541.4200290672
530000,523459.839089471
650000,597395.1475611978
450000,418287.43647600344
2090000,1734005.1032866368
1310000,1394423.318500031
415000,432132.6468433893
450000,421138.06138550956
850000,777262.9602456017
900000,800224.6409871071
610000,579495.3988927576
895000,1006218.2643698873
690000,737169.5365165405
3600000,3529850.6667048195
2950000,3528899.9365148437
575000,681537.8337458867
2590000,2453375.1856264765
400000,498321.1436263705
510000,517546.2084937803
525000,484577.61509850866
255000,242943.93769012752
1350000,1912002.5119117699
220000,278766.272529751
2190000,2224868.929532221
1590000,1225355.627626962
2890000,2536096.0452847667
2385000,2376190.168149262
3450000,2900704.8937529363
3050000,3373427.6934039476
1110000,1142274.0584891676
2600000,2770775.6643142323
7900000,7440014.81055125
325000,415618.2727255446
415000,561510.730566759
570000,592249.2188814634
650000,582024.2525332595
600000,612193.9948688238
280000,304519.3954056911
850000,935290.5528869841
580000,614597.5210719241
420000,455388.9824044573
4200000,4267230.4839971755
3750000,3925143.375040648
1800000,1915151.564612986
839000,920238.965854976
2275000,2535665.4790467573
127000,109472.76481566361
1325000,1612330.5035399534
1150000,1089678.4480086165
1980000,1712833.0699554428
1670000,1829012.7898745497
700000,1298148.6141715844
850000,947956.3613405233
1300000,1806386.7694798019
1350000,1295274.6419296828
950000,1020121.1792377699
830000,879041.9812119605
6650000,6739642.331088252
2800000,2686361.502303378
2160000,2196279.1763658915
1230000,1239541.2926223057
2650000,2801117.216072014
990000,1017808.8167572934
400000,427719.1490822042
1250000,1187188.7774376739
350000,349746.73295874824
400000,420343.851828728
900000,886157.914825562
430000,349758.4251716108
765000,822302.2951858261
440000,259731.79818473166
635000,521796.1354827393
1850000,2079925.248368282
7500000,6502036.807187579
6000000,5879638.982191142
6900000,6543201.106265618
345000,322973.75370893104
295000,326445.160653764
530000,691096.2330161359
665000,661769.5314295543
300000,248639.58817919882
1150000,1068153.2978165722
840000,846421.5746219337
850000,853805.1661996174
620000,591211.8668173006
495000,511279.8314113006
310000,319239.36005696096
695000,636614.0233043433
6350000,6739642.331088252
7800000,8338807.103480935
3750000,3569346.970070666
525000,499160.5938324602
800000,718466.069224068
740000,840516.4008308166
400000,444416.6736044032
400000,360188.47351493506
540000,576598.7134530538
790000,742982.9924979751
465000,469613.4601426769
775000,764928.9721280943
450000,399388.2347138846
385000,395526.9452083983
1485000,1481883.233773027
1850000,1628757.8068807235
1500000,2864578.700993667
1100000,1179810.3969730688
670000,725707.6048098482
430000,342568.642756573
620000,649551.8563627856
850000,511161.729940502
395000,391519.8573369302
590000,560678.3204957097
1300000,1337867.0121127865
825000,868931.0059651375
6300000,5071439.2307604905
540000,610728.4704815092
5299000,5179667.345512162
5150000,5268385.749551198
625000,866159.197632759
250000,275519.1429326593
1900000,1859256.7008253816
1055000,1007342.001706604
2500000,2307015.54533165
1060000,1012066.9532464452
755000,844346.0152526731
960000,1034745.3553614645
1770000,1665003.13548424
2455000,2159429.3241299656
965000,1010069.1863641568
2335000,2159429.3241299656
1420000,1425453.4241412473
980000,1073332.7091865432
1625000,1689066.0279468284
230000,223279.84058299364
1250000,1248138.916222897
500000,499936.60752578167
1150000,1186211.9213500887
420000,280973.63945696893
670000,672597.2873535247
390000,408932.3704082729
760000,841026.1647434087
1275000,1058602.652816128
2000000,1954751.0941659573
360000,371919.4457654452
625000,529046.530214778
11000000,5961717.533708037
3300000,3275077.9213987757
2670000,2896057.2591037783
7500000,6569906.672697677
1120000,1182206.1865692176
930000,1011665.7839476496
995000,897396.9384360135
1640000,1758861.541842992
1410000,1202729.7204602044
2850000,2684521.7852283735
650000,626238.8049487342
450000,473364.7133090018
480000,490344.3144525998
590000,566961.2973904018
680000,681596.5414065176
1350000,1203787.0794664836
470000,554709.8187570368
470000,426029.32335145725
335000,399134.35456614336
1150000,817505.1899338245
3000000,3130817.4933942333
5200000,5342635.315838075
8500000,6209888.4558089115
3300000,2894883.1427794066
3900000,3546436.242464272
14700000,14494710.656778347
465000,575244.3727677943
390000,374827.30715092237
575000,585336.9037365264
660000,680526.8052182684
670000,711433.7074848748
470000,487068.0198194771
595000,612888.6718494616
465000,486276.8107356531
520000,503770.67017709045
920000,866915.6139670253
1120000,1234799.593546391
530000,539974.1571403462
290000,292332.5187857355
600000,505434.87826892803
950000,963373.7688477722
75000,83494.88718876163
2910000,3431944.420678144
8700000,5383740.1401561685
4400000,4618172.393581192
650000,693393.3904373901
11400000,10331736.72524892
380000,383447.98461536324
800000,778694.676309341
340000,342102.4393846454
350000,402632.06673176616
1050000,751985.7650451668
765000,790216.8351779814
1400000,1233691.0267365987
900000,918061.4983159053
550000,552199.5031524457
720000,703538.5324382954
400000,441510.45947539085
2000000,2009589.8248625146
1250000,1352476.7028433136
1680000,1714652.3634155018
1100000,1089434.7083239434
345000,379287.04616363137
1550000,1450831.0100505985
3000000,2839903.813488991
1650000,1360028.049965977
350000,313599.5140462981
1950000,2125565.776721568
7550000,7495850.874582544
3550000,3467867.289582403
1280000,1401710.1510477122
1950000,2165982.663308848
860000,1282073.1263323056
910000,815796.5012074873
390000,391590.9058246965
2050000,1928354.5153942867
420000,436970.4810794856
370000,356132.61176183226
1450000,1626464.2144105542
1250000,1288206.977044734
350000,324455.57376027
460000,547981.0369595301
4750000,5165027.316548888
1300000,1299851.424889873
978000,1126028.4871228281
730000,788258.7738971674
1245000,1152784.3976640776
7750000,7398169.745975693
1365000,1407674.998757645
985000,1025672.8782861972
430000,420740.4551882446
385000,396711.9262800667
960000,1088212.2812939638
480000,484415.39922367776
900000,668255.5838614804
1700000,1817160.5400871604
205000,232835.7945491728
970000,1010069.1863641568
550000,435945.98473808105
470000,509134.87458659225
1230000,1454653.9027780644
945000,1055458.8773458912
1445000,1486473.9592342877
1680000,1547098.6418416053
1200000,1113875.928869584
1120000,1263949.605224612
765000,729142.9441717321
600000,521668.46385553054
520000,385272.28884429485
1275000,1010772.7533532165
700000,731655.6587444235
520000,596406.6129137799
780000,762498.3285672975
875000,832098.4399291883
600000,577269.2842068148
605000,590883.9507564037
450000,431626.85310147045
700000,708145.0781046209
3900000,3457278.3849521955
230000,257948.14004122364
5200000,5192109.245285641
10500000,9318161.796584327
6000000,5807763.027851905
800000,888892.3108063013
900000,872560.3894382213
2850000,2721912.0229399493
1055000,1081001.7430717722
500000,542886.8518051809
1000000,554282.8705926641
350000,271624.7936899811
930000,937602.7763027855
520000,503341.3331194589
450000,498242.5266296447
13700000,13238302.75093985
1630000,1644741.7002732342
3300000,2994112.3577849395
3000000,2700551.5093386644
4150000,4179412.0053563197
3050000,3428723.140451518
13600000,14378435.67405156
7650000,9707868.666871816
375000,456270.42690754693
200000,221401.24676035246
635000,599946.7750025577
340000,340367.05314408656
1100000,1062085.8839189578
5800000,5791194.016584556
9700000,8383420.939398269
675000,714465.8234617717
1029000,1009061.3279469863
3400000,3895391.336966596
560000,533302.5696635342
390000,356715.39692463237
590000,533266.5027503333
950000,876344.2645609862
340000,328801.7944734903
67000,74461.93859891403
240000,260833.93573649714
2330000,2351394.477921517
1210000,1228760.9976446657
400000,406209.76305167173
980000,981338.3317092967
490000,508503.6130013207
370000,354240.2454310173
500000,467389.98049837194
4100000,3712977.167233243
2995000,2951078.3852052963
880000,857439.1745672019
730000,765038.1022836624
670000,670296.3049818054
550000,518986.5799094209
1800000,2225199.14809453
1380000,1228760.9976446657
1760000,1808876.3064192238
2040000,1976895.8712361248
2460000,2331354.1375911874
6450000,5835168.550140606
2050000,1892563.0769085994
710000,732895.638555691
2650000,2451545.037756817
1200000,1044142.8714512725
550000,604348.5218164022
570000,620000.2311047699
220000,230209.84786330682
770000,829306.5187432858
450000,341550.96801396256
1395000,1363034.4635179257
950000,835133.8184245297
560000,554171.0095466643
895000,966816.9428522367
1360000,1582156.320428407
995000,1073332.7091865432
5250000,4204330.929813639
1790000,2149569.418721057
1350000,1531901.0399413751
1250000,1153958.0857291156
1550000,1475511.5099374407
1250000,1100675.7060132532
380000,414861.2842574787
850000,866927.3362582745
885000,877076.2743556348
650000,658158.6298612303
360000,330024.28372421
3450000,3175342.37467262
3600000,3629457.068175292
950000,959256.0154231045
5100000,4789882.793762149
1050000,1016742.5625436929
2800000,2721912.0229399493
500000,679186.7888225972
400000,389144.5151765411
1700000,1324436.0079373887
650000,579239.2208266879
740000,690275.9656362047
890000,832285.9257372824
570000,634926.1212753004
2950000,2718879.6434598453
370000,401859.8409025216
465000,454106.4103717242
690000,710549.8515001367
230000,324244.67326112307
2335000,2348700.8916082927
320000,341198.25398452673
565000,563728.167629299
1155000,1259230.149885441
2275000,2223121.6689488073
540000,569934.4499638667
790000,730105.1627143377
700000,769033.7311567825
350000,492989.2912735088
600000,582234.0005230359
700000,736147.6645126602
369000,396329.70802101184
590000,616710.9810983912
630000,631490.0506415854
495000,513700.6943444274
3600000,3865290.517008263
700000,566621.669946228
815000,792975.4176199059
1550000,1605973.2488407057
525000,566160.995555558
3950000,2987202.6742619714
3600000,3620125.594039707
8250000,4936162.361474297
2250000,2405570.202499519
3800000,3503434.9754275666
560000,589012.8316986465
500000,295345.64413069986
1150000,1127918.3813939712
650000,588247.2467266396
600000,456159.87359407323
1199999,1123829.1661762225
520000,467847.7413844176
990000,831018.2170813681
1120000,1040874.7660681952
690000,636091.1076404795
1000050,1053136.252160745
13000000,13841270.438577857
18200000,15001013.966500686
380000,431392.38558465225
875000,933849.7454159566
1050000,1014559.5972606047
600000,589905.77493201
550000,517728.015497566
560000,538434.4682115712
315000,287202.36707413907
450000,428655.6189639808
295000,279951.5079785467
410000,398300.88496215263
930000,849269.742200785
450000,402811.0619062762
3450000,3576520.791937572
14750000,13038821.670355666
390000,374684.4938854952
3195000,3576520.791937572
5295000,5006365.770980505
2200000,2676567.9684021114
1900000,2127767.081358015
315000,295975.2184686216
350000,301074.54843699
410000,379319.13708364655
980000,1031994.5245596624
550000,585592.7263422712
1500000,1375649.6055573856
1990000,1334291.9742650161
620000,721370.4115966666
650000,683719.5893689949
7495000,7507839.86312086
6600000,6506301.495406929
3350000,3682183.4858376044
6250000,6660592.78667115
5295000,5471991.864493413
1600000,1620856.4286564565
9900000,6224209.757715787
2360000,2358953.399289698
2639000,2664130.2672434766
1130000,943942.9604721878
1250000,922715.4338346523
730000,756330.6387420277
400000,363833.7067103021
700000,747829.2700276164
950000,941863.7903824655
950000,998677.9711875407
2300000,2285435.8065636153
900000,881929.4951923367
1180000,1078434.0625791352
2700000,2358135.3532153848
895000,899466.6765977407
2860000,2656166.1260350607
625000,561808.1264102174
2180000,2093853.4603142594
2560000,2351394.477921517
520000,586846.8010292198
2550000,2120878.527119128
1100000,1165625.9151001405
2600000,2796461.2319785696
1550000,1308754.4391279025
3150000,3380019.6345634493
1860000,1852504.4754121685
1300000,1264885.1779603655
3600000,3619880.7111422094
450000,486438.4969593911
720000,653763.1300879394
470000,470719.27707719395
875000,799811.144584521
335000,288695.1209553396
5300000,4055889.7443969026
375000,407837.85518761334
1410000,1366981.527767292
1120000,1242767.117773496
2500000,3631163.520136291
1350000,1574425.3638454038
880000,914133.2997363005
750000,732595.0252373427
780000,877958.3854827676
230000,222886.19879387206
600000,517795.73888284323
680000,694843.2539214029
400000,360637.93040484935
395000,475844.2147038196
840000,740281.8000539773
720000,686943.412908821
530000,579037.8179219944
2150000,2194619.6057304866
964000,957155.5769474593
865000,909708.1902584381
450000,537709.1597649612
5990000,5860804.449463851
2050000,2252707.5744135426
3650000,3576520.791937572
1500000,1173948.2358296663
820000,803170.5654366598
780000,817226.0129020307
530000,592302.7171398066
750000,800003.4613502343
490000,449124.71686883946
600000,612756.3836096178
4900000,5263789.365510986
1750000,1776761.7681687258
475000,594578.1278804224
450000,435063.074937849
1200000,1463632.853469695
650000,613342.8144235405
465000,459568.3955317009
1430000,1486473.9592342877
820000,806764.7346797962
950000,1030970.7918800488
330000,343207.12679898064
1250000,1099461.841661051
5850000,5789277.181980981
460000,466732.4682259696
740000,684367.8267073891
85000,79186.91640066593
580000,618481.1309550876
575000,529703.0515659235
700000,754954.1992207832
1895000,1983967.4023902195
3300000,2718879.6434598453
5925000,5982703.709974002
1550000,1452141.276690871
5875000,5730315.378783302
780000,803100.7193058474
5500000,5210115.320886053
330000,379286.31591945747
460000,476767.5218190813
260000,227636.17992844136
3350000,2676624.263392744
850000,798123.2291176034
390000,440845.97328019486
350000,380769.26980487554
1800000,1302284.706361421
1000000,1084875.1731585835
1000000,795442.0464434794
1300000,1325756.5160187052
845000,732204.751658984
1250000,1297714.676112169
360000,396524.41302985395
395000,497337.70326624176
400000,375687.9775622184
9800000,8413279.884959318
5000000,4666198.560863287
1500000,1441661.7454255698
825000,760734.3371797485
820000,810011.4006565829
2035000,2014313.7764134032
1600000,1690933.9315716987
1080000,1046696.1629233222
1250000,1155534.5937043855
1100000,1086264.3225284542
3350000,2882286.3203578293
7800000,7442943.689525283
580000,533356.4932490081
490000,494819.2684585222
560001,530520.9654972777
850000,893944.5608297521
810000,769374.5021451479
610000,511103.0206514759
600000,550529.6831388718
870000,956612.5833582215
2650000,2600966.4422120866
1100000,1187840.3954363992
870000,889005.0205524969
1570000,1657243.212209569
365000,360517.0982119035
1000000,1052801.3841700684
1000000,1066430.3164271389
780000,853947.0923123336
600000,552844.358078283
700000,734160.2655184875
8080000,6925800.602716946
1085000,1322183.469898665
285000,316176.2747457908
400000,444655.5008161462
650000,610987.3398318867
11000000,889047.147321222
990000,868470.6029627459
1550000,1701422.8605601697
3500000,3451958.8380278205
780000,447533.2935165025
4600000,4121006.289885918
2150000,1258474.023610338
2250000,1951748.50410508
8850000,6678742.024068654
2700000,3263030.833387398
2320000,2475319.0741783143
850000,695015.6052152505
455000,535896.548493425
650000,646951.2926472984
380000,385684.0795050408
1375000,1458915.6703976877
1480000,1646643.725454859
320000,313817.1817933856
400000,383875.6909988736
850000,900595.8193735472
4500000,5000546.368888774
1329998,1305618.1578145677
1150000,1198134.7327351742
2450000,2600326.8229630785
675000,724199.702844921
850000,792486.5443404361
810000,795047.3158846931
6750000,7277997.582052662
725000,856591.1378361165
1200000,1268914.031504505
1050000,1087457.5712324695
1100000,1221369.2768747732
1050000,1112701.398175958
1899000,2047091.6412292875
1790000,1766086.340092962
850000,978489.5951610451
1250000,1239500.6179560465
2600000,2786456.5372190955
1400000,1269658.0899891965
1295000,1273823.956489439
360000,490007.2105234315
600000,554575.8679079436
450000,468951.5637501745
430000,439606.514002559
980000,874793.3046133451
450000,504862.5317508766
460000,456620.37426716683
5350000,4572581.633177721
1725000,1903333.7963700404
930000,1043740.8654631658
745000,771595.5981286957
1780000,2350107.7601438523
925000,1069809.3715133609
1830000,2018940.0393684455
670000,910377.4972598937
850000,994037.4232432372
5150000,5791194.016584556
535000,612634.0700184328
730000,698733.2794985349
3550000,3687810.2368705003
2150000,1916780.4158094444
300000,313137.7673206849
470000,541009.5951341104
395000,394470.0616670129
675000,684196.8514788683
715000,823405.3606928763
490000,796896.8781841676
520000,535296.5949725198
355000,362926.7229859123
1200000,1086651.7749719587
12750000,13026030.530910363
12700000,8826366.498971643
950000,1091936.3467693822
560000,487701.96915644343
420000,324426.94777155475
1050000,1003116.201318358
2000000,1809635.4941490104
385000,355008.17494737403
500000,339857.27235913475
5850000,5461800.228793886
850000,815781.9807857579
700000,768571.5128363159
420000,449641.8537265781
575000,667593.4837927666
310000,386783.0456978777
550000,472400.5777528785
630000,721878.1011231607
1295000,1368761.2594828596
820000,797455.1361764388
1000000,1023727.2900208284
3550000,3607260.744149737
730000,740843.743753787
850000,839665.9607565459
1040000,1325881.724217999
1300000,1216019.9096224867
1350000,1397020.4120943453
800000,606213.0912423346
650000,668122.6523675071
1100000,1012439.7900180885
900000,839814.9580159754
750000,721232.5020700183
790000,944952.5487708916
820000,784492.8346516183
780000,735119.5114623917
975000,882379.7809294598
1400000,1588479.2611972936
600000,628609.4167979402
650000,664386.5144463158
690000,705402.2128588158
350000,445861.0954831343
430000,406324.7313631913
1070000,1316750.457019266
370000,416396.6102188953
430000,434099.3619587528
600000,625722.411112654
330000,312389.71763837297
470000,552606.9894589537
1450000,1542514.6000756281
750000,763262.1676463608
980000,1012436.9068566478
850000,876848.9917472698
400000,441042.48235199833
2000000,1609377.0466873853
280000,301585.86894055875
700000,751704.0447249301
590000,611005.031204618
350000,419457.53194029344
785000,909891.6129736641
695000,777274.5642391213
575000,521842.3717680626
630000,894953.3037234454
1200000,920394.434313112
400000,338612.36299706186
320000,249180.69747487415
380000,384089.47425099206
800000,816874.6573700939
320000,223996.57918048487
1100000,2283509.187289633
455000,459738.9648580256
290000,319255.4099376302
350000,309476.4511026383
3000000,3081772.6262532226
670000,673409.188559158
675000,667507.899537624
3950000,4011771.908662017
950000,1094996.701943037
850000,929512.5091340201
3350000,2873299.4808114087
2950000,1952701.7593415314
400000,426321.5182797521
1500000,1357498.0309424386
3900000,3603522.3999678274
1100000,1194718.8143274868
340000,338732.1813878152
1000000,2697662.686611884
1700000,1806394.513694747
450000,454401.7044956195
700000,615337.2303865897
1950000,1855203.968458084
1030000,1104778.1683378133
3700000,3727508.5048435004
370000,378193.1360668272
14500000,8912606.339987595
4200000,4288987.423486722
550000,486015.0655743235
750000,764876.7202430816
1120000,1088346.7662085306
5200000,5378892.618297124
910000,926835.262673238
2550000,2414418.2200160893
580000,618633.3071895568
3000000,3093699.382844119
875000,931569.3673896801
3600000,3037762.538427701
2425000,2371684.2563949586
930000,882517.3480074161
1800000,1585491.6638244977
550000,623946.6587937956
900000,1073060.6005618204
3150000,2801366.8387032943
340000,357715.8369871754
1000000,1117505.3372316412
850000,843849.8044151712
450000,469685.8737414804
990000,1029843.5750423897
1350000,1292556.3707689855
5900000,4945625.228853538
410000,408482.56009121303
325000,352161.1104650442
1700000,1836697.6759112854
1215000,1261426.0789906438
1215000,1351790.828913999
805000,779678.321327255
485000,455093.77019578265
550000,589178.8365207289
2650000,2918007.430823739
550000,568334.6103077598
800000,747671.8241114303
785000,752332.1165543521
1700000,1203562.1342038463
350000,356486.47596533457
1870000,1614243.2378091016
700000,762493.6119497151
2310000,2356172.2934446963
1250000,971601.199604164
800000,755079.6481722209
450000,372041.4280352701
2680000,2735305.1216227054
730000,641551.1170858525
590000,517370.14330003184
1000000,871708.2785917952
440000,450868.92754399375
550000,617563.7523959454
80000,75157.89442184892
950000,1013978.5287577823
340000,320504.9591090089
6485000,5745738.280272742
850000,814204.1577126533
800000,763734.5752214971
500000,525446.9718934478
1000000,1079947.2241676154
550000,533723.2037573125
1000000,801714.7158489582
610000,598291.984867744
5250000,5142745.807703424
1650000,1352140.1135703868
2100000,1975766.9351397543
1450000,1406760.0084561862
1450000,1318289.3622245803
1700000,1466834.3678367888
990000,984122.0667654847
680000,668096.8189031662
360000,263092.58604009723
750000,763644.9300658522
630000,688913.4175016327
1090000,1089625.0890681827
920000,1073332.7091865432
710000,652255.3392663618
385000,442165.6799955021
380000,389407.7480539023
1575000,1575858.5220772275
450000,470273.4697141726
1725000,1530289.4279141065
930000,897396.9384360135
10500000,8661900.903064862
13000000,5358331.089137216
5300000,5570739.210494015
580000,568123.9965773505
3250000,3494180.861915223
1750000,1667566.1588189472
1100000,1087457.5712324695
1680000,1979923.3667613177
820000,778141.0237269388
3900000,4261312.922184107
2860000,3489785.089918586
3550000,3648395.811694356
2140000,3241354.609787059
6700000,7344044.523823888
6830000,7344044.523823888
5650000,4950113.49619479
3900000,4631096.638691634
7241000,10471600.244963381
6100000,7974864.162349296
4950000,3706066.4606491267
9950000,4942109.144975594
7000000,6516706.653868806
9500000,7091161.376576408
1950000,3115248.74154374
12450000,13742605.57085488
5500000,5346860.5352802435
720000,858489.4291587559
5650000,5474052.803698574
5500000,4359797.688035942
11500000,9334133.684249943
4910000,5621928.47219982
4900000,5358331.089137216
1210000,1249341.3026531113
3700000,4271752.299560573
9000000,7884260.795140832
9500000,10481095.994450271
5200000,8440990.100096937
2860000,3290289.321653817
840000,929729.9574793476
7370000,9286188.805446988
535000,565018.556615856
375000,389952.53979243827
10000000,5704439.040761868
5250000,4439386.969712583
645000,571143.0636669042
2470000,2348700.8916082927
1415000,1517585.643415117
865000,817083.9165658482
830000,726622.8982333279
370000,253569.15300960818
7150000,7081915.258086433
455000,487331.64554809086
1035000,1016076.5746439929
340000,417312.6594003046
320000,313327.9989065534
900000,869476.5026534764
595000,634387.0781292907
1400000,1284166.6190868185
550000,498034.85235156614
2450000,2191661.938343975
1650000,1590623.5666664976
470000,356311.58407849114
3790000,3631163.520136291
1575000,1575253.9806092605
350000,389759.3734426787
1049000,1036270.3186938347
350000,422589.70863178035
420000,429291.0179896263
750000,677650.8534609176
350000,433104.6385678604
1090000,1136150.5152377172
900000,83757.50425379489
1300000,1369660.1747419478
655000,655516.4812649478
900000,807234.3765251866
780000,842220.8667302341
600000,591278.3601632435
410000,315053.2253894933
200000,217172.86904515725
880000,983738.0023723897
875000,826766.1247045503
775000,695400.0730638237
420000,368171.6191658158
680000,742433.1381324393
1900000,2004725.297873162
750000,944729.5642659459
660000,648836.8241862474
370000,410052.9387068824
570000,506824.5570638059
390000,402644.91941239004
810000,792830.4237498047
450000,454013.2312207762
360000,384260.3869372431
1600000,1598407.594875481
485000,430824.7633416704
720000,681693.9579720524
420000,473381.98345092183
620000,809477.2279077524
700000,773058.9472199987
630000,566632.3852620036
6800000,7537143.331134057
900000,772784.3664772528
380000,379869.76749487704
280000,274846.0975540218
2000000,1852430.5613031685
2275000,2138192.2284899675
470000,480957.6697100052
8300000,7116520.659026208
1200000,936871.9281689912
880000,899630.5324030222
4590000,4730833.303688531
1890000,1826743.2337770937
700000,711872.2991910679
1600000,1753742.4203235358
7380000,6595596.3388896985
500000,524325.9546302864
700000,733845.2480598902
430000,431434.02015878615
4350000,4261312.922184107
1120000,1096858.8899155974
390000,334482.13385622844
5900000,5453176.74874625
700000,631059.1556634253
570000,590183.4875287776
355000,390094.0325294533
710000,713908.9904586291
800000,740017.5764382152
390000,570104.1301619407
975000,857631.835953315
620000,577313.2463895672
600000,595612.2522788337
650000,716373.7105264538
575000,636581.4242437967
610000,731424.3583887513
440000,419292.42697504215
1240000,1180606.851296463
1050000,1016923.7320187087
2450000,2550412.8947965377
310000,291286.5978401312
740000,794604.3900977204
560000,494526.40000278666
285000,348220.44344188774
1195000,1008701.8540401664
655000,686856.3957400412
300000,269492.1256003308
835000,746182.4942946482
385000,406148.2424252921
390000,427044.02720893396
2050000,2447478.133869077
590000,701585.8335517219
500000,2094632.1339665751
630000,571352.2278880295
1105000,1066769.5724302435
2315000,2183273.5282971673
680000,657558.4007149898
350000,378542.8060075863
630000,565037.1751969941
800000,738535.4730567135
320000,308519.2584347805
500000,652681.6039165077
1150000,1089974.865926917
330000,313961.81057236495
320000,368741.6415495068
750000,703186.77003116
680000,634630.8667023559
825000,725237.5368686727
990000,1168337.5011244665
680000,584032.008605008
630000,674353.3050719878
450000,411855.8682169599
615000,623395.1907323773
850000,788774.2422567625
500000,528971.2751673638
3600000,3761002.95490822
440000,432287.12423957704
830000,902423.4445182786
430000,403598.1668607558
650000,555583.8826462602
720000,824711.6969536257
2045000,2015179.9202047766
635000,682808.7803256956
350000,319350.6166107545
540000,536129.2415780205
360000,355332.0148273051
325000,321029.31342873705
2900000,3306577.7459787326
5775000,5564692.978691113
340000,374719.1290640539
680000,851298.3899526882
1200000,1160171.9095085321
1500000,1350492.8863797996
860000,934440.2283730125
355000,448525.5041407595
270000,314185.99733600003
2100000,2124847.795069002
1800000,1702997.798701542
720000,716710.1562782588
795000,821941.0699951086
1350000,1250840.4845074732
1825000,1707358.7236186324
1320000,1281996.0970256415
1040000,1117375.2424386106
320000,334643.9769919313
1550000,1296406.496017337
820000,754271.4162584941
510000,508194.69597741513
560000,546337.9853466926
360000,373996.12304476736
350000,349825.22548697895
500000,431506.44920262863
620000,583902.7525248204
640000,577210.1854640109
1745000,1173862.5795588633
1110000,1086368.2191650502
2660000,2691915.8637186005
1690000,1564945.146163552
2210000,2194619.6057304866
500000,528429.9058215589
1150000,1157509.0525636815
360000,325121.53692889493
730000,724336.5007396325
550000,605434.2769743048
350000,284491.3132892871
340000,340797.7369193613
760000,812120.988478057
2450000,2574465.3396558557
335000,350407.5226497613
880000,848345.2607427046
690000,695274.5805145421
455000,488916.4655374747
490000,468184.99197951896
530000,527724.9299335337
460000,396843.34812899726
950000,978178.4540650806
650000,732895.638555691
1690000,1218447.2309988711
950000,997839.4372805206
2500000,2541098.561573919
420000,554500.3597814818
730000,810885.1248207117
730000,780889.9758242181
785000,802023.1449655726
6250000,5721032.5182894105
1200000,1160606.8355643752
1350000,1420071.998709793
1090000,1215722.0222856284
1320000,1393082.3182922408
650000,560137.0167565182
295000,315397.96344825916
885000,841907.7493380896
350000,360484.63086361083
380000,314000.63847819046
1450000,1315819.1671219743
1100000,1213723.6655928222
1350000,1562358.8103524721
675000,648309.3809734065
560000,584135.4112666645
725000,778863.7037598434
530000,534457.9412127541
580000,537479.5422404715
900000,927140.7945915475
980000,857744.6427880103
1200000,1127113.4877410263
2000000,1980677.4702280147
1050000,1007681.9597672902
425000,454485.5244367414
5400000,5756714.552841727
1200000,1043045.4462590915
3570000,3261446.746627975
3900000,8682624.124669932
700000,668133.713998915
750000,777972.1422093344
460000,487940.5955727074
750000,761597.1199149778
240000,232089.80801290978
850000,798299.5788306075
850000,884839.7687700926
1000000,1111936.1312606786
2600000,2665487.6227040584
500000,639329.1963490488
860000,932039.8511509526
1150000,1232742.3425911663
10050000,1016098.0960252247
985000,1069678.6074956656
1000000,910629.3214263291
4500000,3937956.5121889547
1550000,1434641.8716754185
3200000,2894883.1427794066
460000,580754.4743027885
1055000,857681.5758575452
650000,515210.665881751
1050000,965491.8428553052
520000,488506.4767151383
1000550,1559865.1887166603
660000,627160.8911698422
680000,775512.9084762064
1850000,1914359.0264126058
6500000,6632638.253386633
530000,529787.053217076
590000,521339.5080952984
3600000,2773672.570112872
2330000,2236501.305324514
1490000,1482351.6403637696
1310000,1348282.5724471433
1270000,1297714.676112169
600000,704403.6969130329
1010000,1388134.3408668032
1050000,1070867.8556615557
2850000,3232082.088567612
310000,277684.1605113626
9700000,8949818.147442745
2450000,2577806.8398709474
650000,595624.6446265455
1400000,1450609.2319480467
495000,497992.41309542354
600000,540827.9075031719
9500000,8065429.701202574
3850000,4086134.750536526
270000,272094.945616658
265000,263840.7393805543
1050000,1015170.4746548451
1200000,1982636.2401378658
550000,487838.25241469446
3820000,3980053.3018910396
850000,879497.5211262597
1110000,1080820.5395502204
1530000,1368389.939243194
1850000,1817291.7561862797
860000,769396.8408091931
1830000,1667566.1588189472
485000,538641.1510888389
740000,776998.4044111887
980000,1073925.583969715
1880000,2558012.745193254
960000,786841.5787096592
1550000,1560429.2072478023
1200000,1315122.9451633524
1120000,1092450.6026804552
320000,311905.8282080852
600000,599422.8798347784
1240000,1165709.7884233878
8500000,9707868.666871816
5900000,7121902.443223117
9000000,8440990.100096937
5250000,5572435.253677156
1000000,974121.7374745691
530000,560115.4582523418
400000,395431.4802132352
885000,847844.9669022358
435000,373620.40539823554
850000,802087.4123477151
2460000,2280726.0964894444
1580000,1785951.2031318226
3700000,3077839.416428007
480000,551613.4677906339
585000,530526.0377390353
1600000,1571574.0863668688
160000,167283.32693899053
700000,703656.3310401256
250000,281604.9691155232
385000,320444.4005444388
820000,761582.1320014521
540000,601712.3982574239
735000,751450.7039337947
1050000,1020874.5072731221
430000,413246.0737983219
320000,273405.1826099502
695000,653523.3188800163
550000,614949.1606374375
520000,480523.4223693847
260000,275486.5210949892
475000,606632.0032813083
660000,778522.3211002643
2125000,2202632.0232039024
580000,612037.8485725543
1355000,1415910.8653363648
770000,699128.7997657325
905000,806288.9023680241
480000,447622.52953830827
680000,722809.2250795051
310000,329383.41992989596
530000,546527.965547912
1980000,2137633.361552608
800000,661128.2787564016
1550000,1616596.789244988
2450000,2627891.311627704
1100000,1157906.7394730363
1100000,1103135.074393679
600000,638076.4789389917
16500000,1582765.6405452804
710000,638397.2631895235
1550000,1433607.3303941216
790000,643281.5807904538
880000,886903.0393181776
1500000,1329210.8114901374
1280000,1340533.911581757
1350000,1324062.5527821563
1350000,1570207.4807970661
1450000,2414673.3161812644
2200000,1650495.7903739838
1600000,1437260.9225575095
700000,739136.5758448532
440000,405548.486175864
445000,383403.54172228096
695000,791641.0146709763
250000,235642.6846882404
725000,731164.3450609349
280000,376766.8148988978
340000,361992.8769236537
1790000,1891886.8033583225
2790000,2659869.5190037703
650000,610267.2837878964
1000000,1925282.1333399788
1000000,685410.4221351561
800000,738973.7354472975
365000,317970.20891149866
470000,453269.63140230573
1250000,1167425.813094003
850000,815639.9544187478
600000,624094.6590393314
750000,649340.2421060905
1220000,1459043.535423793
2900000,2649326.3157670014
1350000,1224095.092331864
425000,431460.81748482736
770000,786579.8366327492
1100000,1085652.34348414
700000,593782.4521500121
1175000,1318491.9152705693
475000,348796.0475217269
880000,774056.9886902688
840000,771061.1978729403
745000,756289.8184630749
890000,950916.9338081449
1150000,930604.2502236345
1180000,500934.82615668926
1320000,1173486.472524959
790000,721399.2388030894
650000,658713.992323685
760000,807726.1251136347
950000,785541.3830958316
1090000,1010819.5699124947
400000,396492.7449898418
10500000,8523076.778356746
750000,607969.0562141222
999000,1315977.7073769763
450000,319759.70598806505
55000,67407.24006882653
1565000,1359346.27036841
700000,725680.6907156259
1055000,1044592.2540464384
3400000,3351193.5318065146
390000,411946.5672292789
800000,818036.50004128
290000,266541.45780151605
1700000,1682389.868475609
2270000,2190068.5422197464
1975000,2014313.7764134032
2230000,2351394.477921517
2250000,2147556.6541405804
1590000,1441146.1679676312
665000,669194.2468966625
8500000,5454015.7100243755
775000,802480.525392162
800000,970320.800056405
640000,593013.8761114614
1600000,1778557.7987308998
1750000,1702140.048456315
765000,690004.9783640387
1250000,1254167.832609087
280000,275438.30766192114
540000,633308.779280699
500000,534231.2034507106
2550000,2617112.905368396
620000,590964.8545414483
500000,424527.1294316627
1200000,1314422.9231937467
1050000,950586.0324138849
490000,548742.6756122671
660000,674892.4334822979
725000,563065.3746483047
980000,931336.1157717069
450000,608463.6295167719
570000,633310.530564367
730000,709793.1746984662
2030000,1880641.0721086476
2400000,2530581.0761355385
675000,644493.5164030758
950000,861173.770986077
570000,537740.5799631883
400000,350019.1401908247
1250000,1078103.49437907
480000,486281.7210868393
550000,438389.8992190317
610000,594844.8029633734
690000,681452.3420274076
260000,273422.6171595962
570000,603399.1577502834
305000,282277.7096611246
540000,574347.453422764
680000,629761.5767788321
650000,655053.2141514932
1450000,1569423.2744454595
2500000,2540652.784016399
270000,2735305.1216227054
1150000,1057133.527873597
1760000,1597273.026465694
850000,675394.6129362996
1200000,1203826.2725201966
1900000,1986116.151711463
380000,447054.91967503616
1175000,922383.2598525725
3200000,2125690.6125475205
850000,859537.7061461641
1050000,1094467.6259672227
370000,526169.8149121267
420000,366214.24538820045
850000,945289.2234539804
320000,276235.08774530503
1315000,1281935.8272312623
5250000,5296522.286330936
485000,509197.8231980451
4750000,4067746.1473436984
2120000,2168664.1583550754
5250000,5570739.210494015
8250000,9051601.75518301
2190000,2183586.77530829
535000,502369.34953525825
1230000,1309665.0567609614
650000,599143.0038580713
1075000,1250099.821365725
2825000,3429085.3365043816
1230000,1182206.1865692176
395000,392301.354391365
330000,326423.24727430416
450000,417811.3476866178
730000,661153.1896594808
1050000,1069972.7275246275
860000,936720.1907671164
985000,846921.7079416587
4280000,4229397.112547604
850000,746599.8292072448
590000,625896.0446808948
6100000,5956698.725822521
4150000,5303148.255621735
2350000,2781010.562633922
1490000,1317183.6835696276
670000,673550.4173485847
500000,557611.486637419
960000,1214890.913763577
750000,746719.2265021561
865000,939348.5934023584
930000,1034633.2011013903
2100000,166525.9655234603
1295000,1201498.816578301
670000,694859.3503446477
360000,371824.78753007593
1200000,1490601.5290271258
360000,384061.5077374489
8700000,8128984.33711357
620000,600972.3124782224
650000,628580.5712838661
1095000,1242767.117773496
550000,431329.8663861978
1245000,1143517.7206465432
1400000,1374191.4391002115
2240000,2254229.0699834353
2250000,2115154.9337944635
940000,973357.8714997713
6450000,6645970.5301628215
2400000,2196908.205887779
850000,829630.0828507682
1700000,1740683.8682609187
3850000,4181193.841875023
610000,657479.3528806716
630000,618775.9261980918
825000,849040.1504906977
475000,405704.46476485924
580000,547504.749527101
350000,358148.73655165103
1350000,1359444.8260782652
1000000,301547.14583395893
1200000,1151612.1090009364
880000,874125.6986987498
720000,701698.2403917277
900000,897673.2668166636
500000,462135.3849944325
700000,673345.1775951405
1080000,782479.6565384946
1300000,1359411.2325811242
350000,349906.5379841584
2599000,2770775.6643142323
2375000,1926142.645068154
495000,502476.8702808315
880000,881515.3708001823
3000000,2875585.650112384
970000,974294.9572139547
3150000,3389532.636276975
550000,555127.2114398184
935000,864491.0700664468
880000,959256.0154231045
1300000,1369043.3170235157
580000,570173.3770690032
320000,310667.60910320317
550000,495291.6357241154
400000,458144.45242425805
1150000,1284178.5351576032
410000,427723.96324047213
580000,579846.8148768626
760000,721104.0533733995
1500000,1171895.1993953746
350000,432023.0952033725
1900000,2125862.5412746277
330000,313513.6644394293
790000,631639.9907453597
1200000,1052364.4980743174
500000,473321.3418996278
1600000,1683591.1773859705
650000,571107.8509023733
250000,221337.71228525348
1300000,1044553.2687584206
850000,970882.916488179
3400000,3542524.8522556596
940000,826092.8582267135
4100000,4014976.7952281865
1200000,1152720.301718398
2100000,1825512.4125112575
1750000,1590136.2252152083
2850000,2384511.7962641316
850000,957361.3623734866
385000,382732.18858409335
65000,64299.39914466186
1575000,1585270.041300873
800000,1093008.1338959474
740000,800087.5260706205
600000,658292.6109540154
2100000,2069396.393867
9000000,6114622.776795466
770000,830061.7492387689
475000,567397.7369008225
700000,618338.054524328
275000,238470.1930884083
900000,1027064.8635778896
900000,831065.1991921383
1100000,1171211.3536542566
710000,701284.6621781791
600000,596955.4431040048
1950000,2759109.071680765
5850000,5869980.943581981
670000,671385.1916536106
5200000,4273322.035877824
3750000,3308548.7696376317
850000,896217.2623200126
770000,727539.2459539548
2000000,2001566.506469073
1765000,1685160.3631716415
2000000,2148043.28928607
1260000,1382155.370500509
1600000,1608758.2744415246
850000,768540.6930173857
4375000,4258256.022248756
4350000,4959681.992288984
1070000,1127212.3552663242
590000,675989.5741108126
610000,663502.3294968122
980000,983162.7292805016
470000,556902.476027351
635000,850564.5691186337
1075000,1065471.138046842
900000,802217.4727272029
1100000,933448.1916986267
1070000,1002219.8450106498
800000,826775.4271199786
685000,583049.5223703255
1050000,928430.2991967279
10000000,14019217.712748894
16000000,13592116.24615394
12000000,8335256.222465039
1000000,885124.6657639199
5400000,3080093.38366737
2060000,2295245.6980459597
1750000,1582156.320428407
1080000,999491.3432421723
320000,351653.30444688257
740000,720183.4949496554
510000,522101.5673475317
390000,492842.1367444732
930000,945573.398328551
900000,1349393.5178743238
1600000,1837983.230906767
1300000,981716.6550696905
450000,440463.2502851365
380000,412186.23940727767
550000,524038.68946594425
250000,278424.80869596225
735000,670636.4942392543
520000,508629.8838421231
955000,971083.783558651
900000,878572.3764711403
690000,697261.5647927172
650000,667747.5318291952
1000000,896432.4861702614
400000,393191.38457284326
2500000,2896057.2591037783
790000,909880.039465647
550000,590250.3869864845
440000,470054.7238300263
950000,1161728.2318028973
970000,1034183.093288099
1760000,1897151.2395977096
1480000,1571865.2881966727
1750000,1852604.6771356356
1740000,1715551.014027
800000,795482.4303211772
820000,869922.0172485622
620000,539048.1063366814
350000,318068.43456085416
700000,721388.9218164213
2400000,2419563.145147424
625000,430106.8684873899
625000,672746.9696456719
450000,443711.90261385805
700000,598101.58079441
5950000,5668126.119482492
1900000,1741903.0983985714
450000,400308.11151100555
9750000,8413279.884959318
600000,615768.4378895134
970000,779536.4609171951
1205000,1244344.6675226127
1550000,1245340.5725604133
5800000,8939255.697763287
1900000,1640715.5204180542
460000,339890.0008234696
570000,377028.6855193436
510000,418983.0862847893
360000,408661.42755043606
690000,633034.9568499579
750000,785616.1525214968
1360000,1211725.9191360367
1450000,1384908.82330848
470000,449053.04905162234
580000,629184.3781823333
1050000,1156925.3313151973
5700000,8198783.3821357135
805000,790818.234158839
860000,901264.8028999533
535000,569450.0604172373
7000000,14341524.87465737
920000,907264.1307393406
1200000,962734.293164833
570000,589580.3785127068
850000,560915.0379742482
5450000,5580141.209995141
650000,668981.2326110837
2350000,2252545.934021442
650000,705623.9498099631
10500000,4780915.144152854
400000,318359.9327516608
1000000,952475.053196567
1100000,1224463.5710299944
2200000,2362900.753044068
510000,522233.96022354055
1560000,1582156.320428407
490000,441404.492708831
2070000,1980621.3395266763
1660000,1445478.6345950013
11000000,14378435.67405156
5450000,5767787.611315235
5450000,5982782.358922396
3250000,3528227.431114655
3300000,3354919.7618652647
580000,579568.2343390121
700000,703298.8503641834
925000,895634.416301215
380000,422394.12048944284
1550000,1458226.889574508
880000,775709.0175880151
700000,705236.8585681656
440000,408911.0511884277
750000,713845.3837881876
475000,504679.43085885426
950000,925706.1319084872
880000,898454.6339761735
1250000,1138150.8094178615
185000,200602.3330096076
17700000,13803816.771076312
430000,527312.6927116391
800000,788770.4540503023
450000,558631.4113544384
350000,338658.639621335
875000,871741.5322246939
1250000,1106338.7518101372
1100000,1271559.493750214
175000,260312.65822862988
2050000,1810266.5362194052
1350000,1418413.687805869
180000,185705.86021563405
1050000,1119255.6894116986
1500000,1433117.9785166075
3650000,3411720.294971124
220000,221159.6154210061
5950000,5468202.07412108
920000,893952.2389406903
1225000,1055918.9538576687
845000,991625.763074018
760000,827961.1162954653
900000,765892.3394830462
1300000,1455451.3495139952
320000,258702.784287433
1435000,1445135.573462911
450000,422725.25548465224
370000,389798.2935806798
750000,648772.0296754988
2230000,2247091.9265671507
1400000,1152789.3795188484
1850000,1643570.4631449352
850000,841328.6088562921
2100000,1904424.9962948917
1060000,1005888.8098836321
3350000,3510777.5491747516
350000,310324.21663854143
570000,520840.68269611936
720000,665467.1832615223
640000,631882.0905756159
480000,367780.0480033093
850000,767570.8279521068
385000,428001.2548614866
5875000,5952701.531591573
865000,909215.3016029596
650000,694908.9030673332
730000,652495.8758840602
700000,660188.9709106102
790000,752234.8971333351
275000,267549.57255898236
480000,453978.3864740821
1280000,1336093.3048994883
2300000,2514790.3452864806
1550000,1555433.90254161
690000,713629.842972616
1150000,1106986.7046739613
800000,846207.6707783258
1240000,1227431.923611179
1390000,1486517.091728012
2250000,2228225.935379352
19500000,13836991.333201706
970000,988291.518978049
480000,449597.127757865
700000,634857.1815816597
700000,588764.7720365461
600000,591611.0352436643
325000,300069.9955125672
3850000,4888663.122889009
985000,1027649.2521082007
495000,463524.64603788586
1070000,1009311.271806579
685000,682320.6555317456
675000,759410.6851760707
540000,535396.533497452
970000,1064086.4354297465
500000,483353.35890258057
280000,325266.93101255974
2560000,2603879.368951353
2350000,2239449.035755823
680000,596237.5043810271
460000,583190.3032625613
650000,648922.2776981142
900000,1032200.198411029
1450000,1379942.9202588499
320000,307706.30110973347
245000,261959.55567646178
720000,762982.0073693303
1030000,1015007.6157237886
720000,728178.59659789
370000,379819.1848265671
495000,512865.1068395199
270000,298294.5543356124
400000,310714.989679059
600000,563172.2479963327
650000,688978.2171989597
780000,825275.5878892079
670000,639301.4979392096
700000,671136.3204120497
730000,738528.2324177546
560000,608263.3218694468
310000,324884.14749280567
1000000,990510.546001163
1200000,1182494.716559946
620000,751107.9463316104
1730000,1805266.5571107692
950000,1157247.1032972215
750000,821756.7451099362
1270000,1255265.4374826953
400000,399572.0959755294
3200000,3609872.7427717866
578000,607171.5667619528
730000,834059.2512041025
580000,590169.6271398395
360000,414243.48092626146
455000,433486.06571139663
3399998,3522479.4594459697
850000,755676.0984352316
450000,470621.7705921331
1025000,1295438.4834316927
1330000,1333203.3916365157
1100000,1110337.4612127438
1050000,1261437.569546828
3550000,3004414.292768378
560000,503108.5506986236
1880000,1638955.610371839
1650000,1866194.6612595767
5300000,5421843.696658232
220000,227385.90250742566
1600000,1478514.643668792
450000,418689.6555630268
450000,568721.3107949141
550000,653571.1546535281
480000,473041.3414286439
850000,825778.346000629
730000,657759.9355422939
1300000,1259799.5691157684
380000,402530.9659743821
3050000,3355412.501982462
2274990,2500228.3007001714
1155000,1295566.697640274
999000,1232136.3167369943
1365000,1218822.3611193183
790000,861734.2007650447
2399990,2292614.8226487697
1150000,1286700.424063783
1925000,1825512.4125112575
1499990,1678449.0924356596
2200000,2116027.4581527044
1039000,1150510.789105807
2550000,2733951.27399823
760000,840516.4008308166
1800000,2067029.8907971876
849900,916760.5069475861
1674900,1670137.6911569356
1429900,1519401.6162056262
930000,991150.6492022354
1550000,1802176.08107961
333333,286828.04359533486
1195000,1301789.3965387766
1119000,1372155.0860239365
250000,267446.5799547103
1900000,2684240.8291043416
820000,844831.4884897929
1300000,1167673.4713549956
620000,613695.0568222291
1450000,1193748.8127097238
2350000,2252960.875741973
620000,667015.1518793233
210000,198525.8331918028
535000,446609.3260337898
580000,543979.2442862983
1475000,1361687.481685352
520000,544356.5781210639
590000,625191.2826304876
6500000,5829443.372486484
900000,813370.3976930112
575000,589687.6323862503
570000,576434.1823253395
1260000,1235818.0141999787
730000,731028.7128176215
2150000,1892435.1094230604
540000,640812.8000726282
825000,685661.8299207527
2200000,2285300.1922174036
795000,690136.8009959838
2150000,2390594.759289266
15700000,6342438.562262881
1380000,1359445.895115705
790000,777765.9309169233
1605000,1700470.921883916
2170000,2197540.3691484514
370000,543204.4744022033
540000,599601.3668913881
395000,591848.9256614721
320000,288638.85390801076
1200000,1538395.3585607854
600000,634379.1182870221
1900000,1614444.9671485524
480000,505946.1265721606
560000,576338.0073245
300000,282536.591638558
1300000,1337898.3300285265
320000,326283.21833069174
1150000,1048700.8584836652
575000,576684.7380593561
380000,340095.9153632783
175000,238854.68235556173
725000,730075.1902442195
450000,468870.57979392225
2000000,2001833.7674855352
1000000,986428.1608129166
2400000,2125637.839600822
1100000,888272.3734051307
1550000,1319691.812217011
730000,719374.9000844349
1500050,1514457.4140656202
260000,264337.83722317376
750000,802876.9339373861
1100000,1127765.2659062461
1002000,1257594.7017504782
2900000,2700371.59615615
300000,319006.43292636116
820000,869754.1215555241
385000,361829.4780915777
330000,351118.33273464476
2900000,2534833.042140368
400000,435950.62224409764
930000,947495.8078448855
940000,955477.2164563286
540000,535383.2915015204
1400000,1547886.323757544
2500000,2782970.5875780894
2599000,2544467.910514647
5800000,5826683.1826983215
660000,590387.4417493046
2920000,2569299.2305905875
1040000,1112420.733990057
1355000,1301718.3026166845
775000,725375.2791743708
1465000,1280304.1600218345
14750000,14749608.16377887
1000000,937841.1090942837
1255000,1141249.0739218753
590000,516612.23288952874
5950000,5857096.209628001
4100000,4122528.215691378
3600000,3408577.7642352213
2690000,3205162.020409355
560000,582548.6535973017
1380000,1554418.150942623
1400000,1355736.188727465
965000,1042837.552294772
835000,797991.130106311
460000,474871.4985890378
1550000,1540117.4714589966
840000,796595.0311906958
4600000,3985934.242052419
1040000,1037620.1340930767
1230000,1255872.0795620491
1215000,1294356.826554385
1430000,1216537.3418940522
1010000,1020001.7672428852
1420000,1206776.8982984205
600000,601056.084599285
870000,813742.630339889
4000000,3833363.7179434197
2730000,2553482.0372570693
2700000,2688553.9425777625
750000,673109.8696610266
860000,840704.3872900073
930000,1040879.0803223164
480000,343741.56085149135
900000,781878.9414659572
825000,783907.623528391
720000,688549.6388371811
1385000,1229263.8845392906
800000,714987.6175251562
4280000,6146703.764429573
2030000,2019697.442497084
495000,653138.5488648657
1450000,1514034.9889704648
600000,546534.4231778347
810000,836960.2977085131
620000,590348.3906348533
4850000,4871529.528062176
470000,468232.8412067364
600000,617577.4534715957
879000,1053208.573585011
700000,698766.5512685697
760000,720310.8956081127
575000,526719.3381306109
3150000,3128278.2168094493
520000,553666.0168509783
12000000,4426072.8320952365
600000,607848.0754238962
1240000,1148713.8271583032
520000,503401.52408635215
760000,728496.7397786049
2350000,2205059.001035738
670000,668409.9942623193
190000,184984.79476895326
370000,402948.58612707484
515000,521935.13696346997
410000,394599.9027502047
450000,433833.5952570663
790000,837552.2477818861
330000,301834.5222818305
820000,865924.3967505564
1500000,1493561.6813929968
1550000,1722551.6092976315
795000,715197.8626013086
310000,354653.7381713163
1680000,1524191.9465308366
480000,547395.1337444904
1300000,1199333.6116028663
500000,500748.77468232374
2200000,2334533.8030578154
1400000,1237612.22696574
265000,319163.8220473857
10450000,7405840.891272881
1475000,1376199.1808566917
2800000,2675428.3485172414
720000,673798.7313855594
3900000,3960441.1959394766
430000,559106.0114208426
120000,157664.01876128
775000,797309.8835384856
550000,512006.2523118368
2575000,2718879.6434598453
3990000,3326277.9651484685
720000,627150.0635297027
1270000,1209937.4813326104
530000,486302.20585746877
1250000,1108551.3863975226
980000,1166327.6324803417
525000,485647.7584401348
2335000,2630930.0802019504
330000,378952.22730659903
750000,733616.3796185288
225000,223704.23224713485
780000,791268.8921636832
3150000,3047564.7026318316
15800000,14730300.4356418
20000000,14051007.41739605
480000,453141.0724696838
4100000,3895391.336966596
730000,717456.5486908377
5825000,5839983.431509452
1280000,1582523.7486325896
4750000,4802693.3709849855
630000,695102.5603322802
2050000,1976723.0419092856
810000,823690.3575378405
1130000,1221653.9675372306
745000,782468.6418612365
1240000,1195726.9824131774
965000,902638.8418857243
550000,526279.5394747079
1265000,1267815.8051135896
6150000,5922990.110627628
610000,594359.9735885856
340000,366459.08562370384
6300000,5767787.611315235
2020000,2190159.9953968828
1250000,1321358.541061242
985000,1025205.5390373836
3350000,2782627.1616375614
2200000,2149013.293282445
5600000,5827075.56179866
1360000,1408433.8758934685
650000,657880.2444578828
6200000,6543201.106265618
730000,770095.1585858227
1600000,1659328.1332794316
15900000,4737458.628124946
480000,443372.87167327706
710000,737223.1662689148
570000,619580.834071298
2200000,2267517.8476395686
1630000,1847970.2747008915
1400000,1283759.3657200078
375000,509203.8093197102
750000,841212.4319645772
2999999,2908160.8776545925
950000,912004.2501291399
450000,546723.4845405265
700000,617866.593239896
850000,931815.8704447286
1300000,1058652.9426089195
530000,564002.3626812565
365000,312983.1700129654
310000,288932.70678651135
660000,688571.5150994238
820000,867020.7960789866
410000,380594.0446465399
3725000,3489785.089918586
750000,677758.6294984618
630000,630680.6303153198
480000,496862.8229741385
2700000,2684240.8291043416
650000,288225.8459636687
960000,946266.0616499936
695000,725134.0167311066
360000,382476.9198159599
820000,794372.4200322704
1200000,1185770.102502157
560000,549926.8831031526
740000,779382.1236882845
1975000,1840599.3965066734
2200000,2165011.1931851413
1805000,1873106.1896039688
400000,295034.47340187454
820000,904882.3609812177
330000,308085.7457464889
3250000,3110503.916822317
83000,67570.01397020461
900000,958796.3945628176
2400000,2284563.3796825125
1425000,1431734.321623727
2600000,2757527.0299752844
1120000,991545.8205580891
1450000,1292653.0565976296
390000,583526.2390533594
620000,545763.8954812697
1600000,1361184.4633364207
1700000,1862110.186708927
1750000,1695482.6024651837
950000,900370.6068457213
650000,582430.5756534447
780000,807561.5009545962
450000,464694.3452043782
980000,1033939.0691598421
1020000,1056909.7095048402
2975000,3528899.9365148437
1235000,1182670.8005969918
400000,451387.00048592023
2165000,2202392.5349868154
3495000,2893260.3481318587
775000,795047.3158846931
3650000,3878065.032278307
500000,473608.28174473665
1000000,931077.5142394301
3890000,3925143.375040648
1380000,1400936.7415285788
775000,746567.1474782365
975000,974368.0907181017
660000,683063.6834039878
1950000,1720901.854190347
1760000,1908635.7634361428
950000,1025863.9694742739
1115000,1227754.548645494
600000,560766.1890764207
3000000,2735422.6062963246
610000,577889.595719502
775000,809582.1549735942
2999000,2735422.6062963246
510000,506515.7188931463
965000,961327.2097015393
570000,487856.4292555416
160000,204307.5056280709
1400000,1228760.9976446657
550000,492683.40049274213
6900000,7182002.7353240745
330000,384234.6447034348
435000,424326.07281158085
829000,810801.4920408063
1000000,940566.2178543555
1280000,1126228.5958750732
2850000,2677414.064651496
1500000,1263226.986872615
1800000,1846569.6256475116
1990000,1976723.0419092856
470000,459320.61065820715
870000,805840.8554556797
350000,313374.5421801827
1420000,1534295.8665331134
850000,979125.5246633424
950000,948962.3681157414
2200000,2197540.3691484514
815000,775045.4854961823
350000,307633.6840703503
1430000,1553275.845935833
855000,847153.0263930474
2585000,2803849.8604827453
580000,653376.4524289246
1870000,2045541.398498202
2000000,2079752.345058049
750000,711708.7092015523
2850000,2534833.042140368
1250000,1155560.8631976664
2180000,2335210.5136767607
480000,340221.7409615988
630000,533711.6949584801
1350000,1344611.6202036927
1400000,1524986.8870986118
520000,653470.922474603
370000,322487.4228881987
490000,530447.4413886216
450000,459959.026821765
1150000,1132535.830162389
450000,436054.9028319801
950000,987763.0754868158
875000,811732.6279770816
320000,326798.69016150467
420000,442159.4297077276
890000,1047943.6846007878
370000,399639.0471507201
780000,764162.6297624301
729000,752535.4893561519
215000,230934.955959397
965000,968886.2967380733
470000,497969.3823753383
740000,675136.1904233514
985000,975065.7302993248
1380000,1298221.7482607088
1995000,2019325.430125474
375000,337937.2097501563
630000,506356.98058461497
350000,310460.3849726775
2100000,2455109.7425881494
2000000,1879492.7926106506
600000,539662.5348232553
385000,389930.2882713002
3800000,5055640.832491336
1130000,1288077.6933280218
3994000,2828011.0662533306
875000,830689.2934443189
385000,340692.413894259
300000,340664.9936608101
1000000,1058999.1765765683
400000,416816.9811651494
2800000,2821671.489756278
250000,264266.5322835656
1800000,1813009.5108162109
280000,277641.4013861099
2100000,2057032.426669265
520000,681204.5256097814
7200000,6543201.106265618
250000,246073.9946018293
695000,724412.0296936869
1125000,1089625.0890681827
425000,370601.15678076673
1790000,1601427.269473817
1470000,1409496.9513939368
780000,591729.7275271099
1450000,1546007.1880721108
725000,724092.6717223935
2130000,1954886.9287949593
930000,857575.3224709071
360000,379660.0925876342
1430000,1417024.736629417
3950000,3522667.2381953434
2675000,2679794.466456838
570000,586478.7227434881
580000,614820.4512663035
1950000,1825866.493578224
1750000,1664293.1500425101
690000,712784.1174588108
320000,404994.4746352126
8100000,7782875.410750312
1100000,935805.9810645598
2120000,2062001.582008651
2100000,2015179.9202047766
1100000,1201105.9881144073
750000,795838.9461157245
1550000,1287005.2524618986
3900000,3435109.137670594
250000,250695.937832741
3780000,3497128.2050453993
3650000,3593566.929198022
800000,851220.852532203
375000,358331.24159290094
260000,267957.23882797494
320000,299188.68040940474
700000,648903.6179355807
785000,794955.3018751272
3550000,3531380.3318059524
690000,682192.2374198863
740000,729876.5482134796
2080000,1898547.8350248318
630000,820488.734477598
1130000,1093110.7878439352
1200000,1179035.8826110084
3550000,3263022.0969449994
710000,691320.2537797203
400000,393037.46536151145
8350000,8076808.981541611
6600000,6447348.427946263
7850000,763350.3030835821
1326875,1328689.1956623304
1595000,1541001.388866783
2099000,2194619.6057304866
570000,584518.9739154815
550000,568973.6980435867
1606000,1699194.9735807534
3740000,3653787.1641714396
680000,672186.8277756717
560000,564125.8480550628
1430000,1403891.425085217
380000,320690.4690196911
650000,856265.2175551871
2200000,1780496.4682488602
450000,454755.16406577284
530000,511275.30898698815
415000,358927.00050908065
690000,618044.0835494332
640000,683223.3579458637
1650000,1565169.74348956
685000,701842.1857038233
450000,437438.53117351624
2390000,2969555.08380798
560000,778250.2533068683
3000000,2972838.686868743
290000,285074.9884760495
370000,369126.26157279103
625000,571913.3734358624
350000,324126.6425217243
550000,430286.3769015959
830000,825567.0669374472
600000,544523.8334151078
530000,612442.0093527389
680000,697792.801324902
1120000,1183372.3883718632
570000,566643.993689551
230000,231334.0754723696
550000,629476.2237906308
1000000,991109.8199926319
630000,716338.1255231986
835000,1017854.5048380713
600000,891779.1899164511
1700000,1621732.358816193
1250000,1022574.6974757178
305000,288965.12614676834
900000,858545.7657033267
4000000,3449782.1131770145
1000000,1122209.5353127627
510000,373297.50743353466
2000000,1855044.5347443372
4000000,4754149.279536101
1100000,1201402.2184479262
2050000,1863004.5243062975
560000,609460.4905793495
415000,423818.9328462403
620000,538078.2704820402
7000000,7549454.666471832
410000,384403.5894052173
2800000,2871433.6127498816
545000,595982.8555380924
950000,927320.1700492548
450000,455443.90565103927
365000,373210.8964178195
575000,546384.3117290136
675000,708538.3204490171
2150000,2068182.4379055093
910000,967511.2173038458
520000,442272.6666103967
535000,565678.2208210685
1120000,1113191.6317924093
1230000,1182670.8005969918
1160000,1212642.4694048301
1500000,1316267.8337400004
1750000,1741834.407750873
1270000,1008701.8540401664
1390000,1379147.8705773032
3150000,2920908.402121062
5950000,5087276.097085599
515000,567700.3900468596
725000,740740.0251791496
590000,550013.8938403394
385000,433663.8819107752
320000,315233.8981409742
625000,624787.5588966782
720000,708978.2768668933
3450000,3359298.9826855874
1385000,1378232.465898722
750000,704328.0593590068
2040000,1991212.007119072
190000,223754.6173998241
8950000,8270323.563100506
420000,378590.4376875416
4000000,8659949.811012607
3500000,8214669.53348815
8750000,5955642.487318311
2750000,3737959.021973762
3750000,3257558.2134231394
630000,627056.5997182304
420000,403863.72223426285
380000,362428.96850822493
2290000,2386184.6735320957
850000,814666.8638253373
2220000,2158850.0872519827
1100000,1016877.9892121924
1285000,1182670.8005969918
1150000,1101188.9565421436
650000,652098.796043639
440000,474146.57901230035
125000,156193.04110430562
520000,502427.4832094894
620000,678741.8217135359
475000,510907.59220309136
290000,321380.54020390724
630000,331191.3996692513
70000,107533.50033191033
790000,802785.0083549819
430000,444923.0478602716
285000,289734.2443838911
625000,640745.341732589
105000,137416.04343346992
2190009,2193904.3016275046
5200000,5058782.120353483
620000,650968.9835089423
1410000,1234346.121388459
765000,821161.9994933999
250000,243795.41930167153
3750000,3536466.75847461
580000,568923.3925780347
1070000,1182485.6485826585
250000,218488.89569821538
1410000,1196251.585201178
650000,657786.145631428
1150000,1236666.0246810303
2000000,1969813.6460395176
270000,231613.07922576266
400000,486923.51435369474
779000,736083.6017031143
800000,815027.9666764601
1395000,1392958.5855167748
2850000,2396519.42217231
1700000,1441572.5770486456
1935000,1822830.2876482764
780000,699130.6843044629
750000,650424.488901968
1550000,1667578.3725552293
2590000,2728935.2905402514
1500000,4000915.0842727665
340000,392547.0560823795
1800000,1835482.2831266127
1680000,1426663.3580467515
1050000,861085.8021984693
550000,493668.6643150218
1295000,1318713.3362889867
890000,879403.8545303426
500000,527493.1982324267
3750000,3474289.683672888
2900000,3488016.178902661
2575000,2090009.6975002
785000,775301.0461518663
460000,442423.5659521225
1260000,1325039.2331093932
2450000,2544844.8753585075
825000,1016036.4600176064
665000,707231.0810770047
760000,733145.1648015666
220000,230558.12732091837
4650000,4288308.251422939
2250000,2183586.77530829
85000,122862.42777717001
220000,262185.6422701902
140000,136526.8461174186
1310000,1315021.1396390363
1850000,1690010.1751825006
320000,321798.42422148684
1320000,1202169.2642278927
175000,292814.5781649961
310000,332145.21164394193
170000,158384.13192158917
2950000,3097749.0969316955
1300000,1092437.083703309
140000,129539.20423786584
250000,216539.73330255089
1320000,1220678.2474370212
295000,324159.78373056435
260000,196843.62568555077
645000,653652.0970538646
950000,1074906.8781910073
650000,639048.7373609834
650000,441171.35358808574
850000,790386.0041349918
1200000,1332360.4053771463
710000,725542.6004267223
1750000,1678199.06031844
500000,496855.43866898475
200000,182613.21830064352
3550000,3839974.053762609
970000,986630.363615218
155000,120392.6809747936
3450000,3795246.0816559326
950000,846589.00719423
185000,209284.98649570497
530000,325648.9677879555
1890000,1605820.9293803636
450000,445815.41598066106
410000,518083.7229995638
650000,651545.8468944179
3300000,2868290.0363191566
2850000,3362536.365973406
1250000,1030764.7219504612
430000,420028.1772204272
280000,388998.9167402592
2950000,2527288.9513438647
480000,550140.4924280865
790000,763198.7024026727
2050000,2150585.038433406
615000,623068.4455914877
950000,917629.9315055915
720000,672711.5391740124
200000,267542.8799113308
950000,924201.3124537783
250000,254637.59707404356
280000,242158.9137745749
1400000,1380282.8917362408
1850000,1958241.487078079
1800000,2237277.866641333
2250000,2346349.1240507797
3300000,3151643.92890008
380000,359322.0776387609
815000,778949.4426351932
2600000,2537482.1974468287
950000,931349.4512722067
1500000,1598252.1374285342
1370000,1431146.6730167111
910000,1028008.1874846315
990000,1142483.5506049665
650000,625656.109709155
700000,667514.9306190613
485000,489567.8974953585
220000,233216.60032067934
160000,164682.0567498741
2300000,2088620.574849562
720000,778065.7227543696
795000,887065.7152761769
670000,533570.1909131414
2900000,3177365.3401159756
490000,550203.0164188906
1850000,1267202.5315552738
2750000,2466881.6717682383
880000,875342.4106770933
650000,692605.0023455694
900000,913660.2684039518
880000,793456.831236631
315000,346553.8075793775
450000,439449.7532856818
2000000,2197389.431274121
1750000,1763518.9180396514
2200000,2166323.350925742
790000,742017.4613578429
650000,667282.5893560168
135000,144027.27041609783
720000,658588.6689835312
4300000,4379361.313235037
775000,986328.0683122084
790000,822065.2461688067
550000,578530.7160143784
540000,514675.146183771
1220000,1076669.991574944
745000,674605.7331708949
1450000,1466017.9424897595
255000,236687.90226204164
1900000,1759687.626473464
730000,759573.9223438903
1160000,1003361.2466622218
580000,585822.1895303285
1040000,998527.0166284068
425000,385550.3318178904
560000,573291.0412476417
4725000,4733328.799024737
1175000,1064109.6061472783
475000,457321.75414029555
2750000,2794937.9861918595
730000,784655.8095938246
650000,390563.52197963785
670000,666425.1767158974
680000,747186.0791943995
3300000,3565974.2132428335
650000,604505.8041602505
1650000,1591836.200653974
1050000,1007159.9002223335
3350000,3145877.4936166946
675000,775874.8190105943
500000,500374.9996771421
420000,328106.5163386654
760000,893469.3786175741
715000,579808.4839931179
320000,312762.40431053063
560000,618832.9505470897
390000,379793.353929836
455000,454866.7570039196
450000,392310.19984965754
690000,689374.1230665242
780000,797309.9690361698
750000,801907.2916927094
690000,710250.9926339199
710000,600024.5812183463
950000,957171.5703595505
460000,417825.2600662338
700000,603696.0731966536
145000,138537.7108758524
150000,139043.38334211565
430000,417571.8916682365
120000,66744.10798408707
725000,728573.3642037386
8900000,8918425.206148546
350000,318223.8146437883
315000,321161.6350103668
460000,448164.4788134903
450000,459780.31750951975
575000,464158.38887920184
850000,948187.1389837082
350000,343653.43117831583
435000,411723.78821425023
5000000,5798910.077327672
2150000,2068135.673701028
4200000,4357146.932971304
1775000,1962492.6262747706
320000,264195.97152525577
1300000,1396321.7612311514
260000,241225.05571965632
3350000,3529429.6535359733
7950000,6798283.517464112
430000,540809.2776992652
210000,151171.04040720096
4750000,4135556.9689420196
1200000,1104623.5452740644
1530000,1498523.2357180875
375000,359059.1849283143
410000,379498.3058816891
980000,1095837.1757229315
1550000,1195783.6021441629
980000,1054785.564267434
2600000,2586660.3997557126
1550000,1015593.1414043998
1600000,1418519.2550085972
2100000,1151327.5763831146
530000,550691.3160957756
1600000,1562270.3635721118
700000,650605.7809591113
1680000,2119268.2677993355
1790000,1969655.6831864228
2950000,3160059.9503560103
275000,237014.50687042615
1630000,1599601.2743044547
1175000,1315155.5762467827
1040000,1080606.2997904394
3350000,3010524.0840217485
900000,873524.4247342617
160000,133646.22744809632
555000,574707.169345767
3490000,3474289.683672888
160000,243822.2337212274
490000,503501.90385263227
670000,580710.1304455448
750000,777530.178434734
325000,317353.1292821989
1550000,1228299.1446281297
2300000,2034294.3235161235
350000,441398.1931731688
2500000,2856479.528263021
5500000,3687045.5045561404
490000,491600.92672731506
1650000,1920170.096006628
105000,134679.49086658415
230000,222197.16315667896
580000,606543.3416535638
1050000,1295337.421985467
620000,811083.677199555
500000,493964.451935474
3150000,2440227.096983618
640000,596963.9519279114
480000,496800.54930295097
650000,624193.7128947888
690000,692669.1006120328
1990000,2054473.828637572
500000,503146.8550111214
270000,265834.14934603387
890000,877690.5462261703
205000,410010.3295111309
70000,69666.70363846423
750000,765802.8104748097
2150000,2574465.3396558557
690000,689073.1640520806
285000,341638.81983693584
560000,547597.5271590211
210000,227647.71532057377
900000,816344.3019576848
750000,658111.7091290759
895000,810081.4373770232
875000,818595.880935927
330000,334340.6771050396
700000,705753.9894170145
600000,596605.2864566208
2220000,2358953.399289698
1980000,2012882.1065771938
645000,924205.3691982524
1765000,1632949.135633878
910000,1030531.5384422616
900000,948523.0886111549
650000,628714.6917638468
1180000,1062899.934342819
400000,404665.23187005793
2850000,2675486.548196348
2500000,2503850.812081546
875000,822546.7161528546
760000,708699.2821382098
1370000,1361735.2858967579
880000,883395.749394031
390000,341065.98178464157
7000000,5521964.714952063
745000,670437.2125248715
2350000,2197272.408599058
1575000,1505468.6655886602
400000,415241.04644152924
900000,787937.6602400603
999999,904895.6111291967
700000,684107.3313621299
250000,196091.19610736746
260000,253903.29657219685
330000,316313.38710622647
780000,746312.7658338079
1050000,1188552.2212571164
48000,68244.41541814586
930000,939034.3702817742
1500000,1495859.4710200594
4100000,3788912.457760382
475000,478255.8574111324
2250000,2240826.452882247
135000,160190.05254017827
3950000,2678374.234713467
450000,436956.7110420485
2200000,2204955.77308908
1980000,1909531.9468406767
695000,660285.9130208549
860000,830110.5829708515
2350000,2233579.2050224342
94000,110287.73041518634
940000,927423.4926731524
940000,871062.5485186934
470000,452478.3522445148
1450000,1423320.7716921116
300000,316886.6067788365
175000,179114.3374702118
200000,208871.16388447795
600000,585614.084145096
1300000,1197474.0906916854
3225000,3094443.245456241
2650000,2710203.7312217713
110000,106480.43659607504
3350000,3323806.3188799936
1050000,975699.4435977602
1100000,874071.7634108405
750000,674889.3080239735
370000,493339.61983484693
500000,516459.0667322326
1550000,1365051.455637018
255000,223153.2530830855
700000,741053.8357869291
1800000,950141.201285827
800000,629453.8317403337
575000,590898.194600274
135000,102547.80998839448
1550000,1419743.2605016383
5250000,3651083.6798377493
1450000,1454702.7674043458
700000,703138.6199572597
2000500,2259945.3197388146
3900000,4377173.793250636
850000,754607.6617260308
950000,803936.5113857226
1775000,1672622.9325272946
830000,755133.7986240552
525000,578875.3747339428
250000,193635.0117069831
770000,842723.151943292
650000,631569.845908893
470000,538752.5438237779
350000,366655.57736071816
9200000,9307072.013826989
3000000,2627221.093102854
950000,1025584.9975198181
290000,364075.9324151803
650000,644168.2154063374
1250000,1399386.274287461
500000,487813.1512260647
320000,319156.599720639
1100000,938166.242477831
1535000,1537554.4145593322
350000,300740.0513892234
565000,704378.2052033822
470000,515329.0249557664
200000,214508.36300295446
580000,552693.3920698332
1100000,1243894.573430054
695000,712838.0572341704
980000,991886.021092054
2490000,2237891.499443128
1065000,1018508.7333564804
780000,791546.6601104495
4350000,3810104.5885051815
6600000,5704439.040761868
750000,671458.7590836146
7300000,7240256.831554716
530000,496282.9027898465
4390000,4481230.43777348
1980000,2172810.3312430903
415000,490145.3000089523
7000000,6613706.4797973335
1185000,1165508.0331280658
700000,732089.2197220445
5400000,4951019.874852749
725000,686687.4490230187
1500000,1535787.9588294907
760000,787688.5484359981
1350000,1359750.6485309245
2200000,2291283.346117593
3700000,3458017.46404959
12800000,11698514.942740256
3350000,3389723.574705796
1570000,1690592.119697868
890000,897777.2410147487
2900000,2986866.2436950305
980000,1202157.49609636
365000,316911.3102866522
2425000,2323510.777947923
1375000,1386040.4848315157
2950000,2963174.494800472
835000,815248.1093181744
2350000,3306888.1440547286
4800000,4611415.957148457
2340000,3429085.3365043816
350000,354224.37035491096
1000000,1011296.4295442635
3300000,3189042.325020231
500000,581177.4377877511
850000,876423.8749260519
570000,557774.2249287021
440000,521656.6529133859
820000,803318.9265663385
900000,825079.9682233215
3500000,2600524.734343144
4050000,3326277.9651484685
6850000,6210533.941687192
8200000,8417597.36777062
680000,698297.2427348016
265000,247972.38738622348
4250000,4243347.828290352
350000,335242.73039527575
830000,720001.2088100791
550000,554553.6134488763
250000,214966.96278077576
2675000,2196367.0497634015
10500000,9149908.126575757
6900000,2839088.7625251706
390000,413165.4610159794
575000,569047.8702837703
1350000,1321734.293319357
230000,183877.81337185824
800000,746827.5059363848
9850000,9472450.088426035
1450000,1634571.691458097
230000,194725.42258776643
650000,655558.3076484067
330000,358911.49708584684
285000,346328.3836140737
995000,1143196.5910697705
450000,434161.6408637282
2100000,2052060.437236917
5250000,4823229.135977225
2300000,2243354.9856006526
900000,824285.2678591624
680000,679545.4505042038
325000,307996.7786013348
1500000,1106460.8420166504
2070000,2018615.4012079497
2300000,1583274.029679013
975000,934370.6193059108
4650000,4567102.655834588
850000,825517.3811978063
770000,795749.572281659
450000,466251.9767839706
1110000,1154975.454177131
990000,948108.659174919
1350000,1362977.162125258
860000,875539.3007748779
500000,508104.0466002158
550000,733357.7272064368
900000,735549.2438297806
725000,712458.9727197468
290000,302540.1106256638
590000,307462.187510475
550000,575075.3868951784
950000,1269529.257387201
75000,78691.959586656
760000,789527.8649496862
225000,223234.60715499194
780000,675550.0568906983
680000,711630.4856748377
500000,446122.72648550884
525000,532820.3321995666
720000,744862.4193457825
790000,783777.4665172886
8500000,6917882.38812104
190000,183476.8009551835
540000,567813.0529004355
450000,574550.5226990909
285000,303558.64004870155
250000,218127.89823595792
960000,997335.8098477933
795000,718649.1162157218
290000,311972.53416668274
518000,584036.6411893072
510000,531898.7338947084
850000,835363.2557365239
900000,945900.5224957545
1850000,1504748.4103928893
900000,1739126.2093925984
445000,384934.66078156565
670000,520475.69902895595
570000,632431.170348497
700000,637088.6637085967
700000,662675.5505682104
330000,282212.7702836595
330000,295728.05273513956
635000,523488.8203100299
360000,416104.2804601344
4150000,4144923.672033521
300000,347056.37841632625
625000,651987.7518227015
550000,534773.9883360578
645000,694193.2940402745
200000,195410.22087753247
590000,594026.0865839984
350000,305323.7720994876
750000,768269.2833944594
485000,544026.114487866
650000,584075.897502107
700000,690841.1604130794
150000,156476.66320600614
888000,1027063.7025796757
3800000,3104787.6327118473
270000,291055.71055014554
1150000,993326.048185241
360000,382555.0288476162
370000,337763.62288163
85000,136733.87605486484
2225000,1988068.471127104
425000,372666.14129181
1200000,1066231.7856967845
850000,901271.347530313
160000,150137.70379329135
5000000,5252926.035418725
1485000,1493221.571833972
480000,485224.56985134067
3900000,2847177.080698304
320000,318349.2643917201
370000,410733.3065099791
1300000,1583126.2434735575
1400000,1214384.5617273883
1980000,1891488.8259184181
900000,894389.7510120571
550000,526498.9160283786
989000,1093424.6520818886
800000,831608.0138119988
650000,681892.409968841
400000,400486.72177043586
255000,297050.2900178653
430000,680059.1222522932
1950000,2113064.690207084
399000,384530.18335084285
610000,603447.2879395613
520000,393911.39760125824
270000,295800.81598547456
270000,256500.24353044495
585000,664075.4342687789
335000,252243.72691803874
215000,265834.7649153287
250000,222258.6211150287
350000,395416.1768262796
255000,191844.10469901466
590000,588675.8862427358
880000,749988.5033121007
450000,516928.11012972123
1900000,1918676.710827484
480000,458693.1578040422
630000,541915.0650219735
250000,248376.16671056734
740000,736347.3527052653
185000,188151.3769172386
1500000,1477457.704387425
190000,186046.5756673935
350000,367092.5721141041
220000,303011.00592388754
570000,486017.7869075906
900000,870285.7328017253
3500000,3684120.485143076
550000,471365.574025294
425000,438076.3724091358
670000,630833.3763388279
245000,232767.23917283386
260000,267484.0174035616
225000,250701.35064198362
1400000,954035.3721525584
650000,659180.3461734043
1700000,1913140.7457072542
820000,832294.184277454
810000,805243.1493639059
585000,530752.6782585128
460000,448716.49580472737
320000,348453.00002600765
350000,252686.253973906
395000,382386.3529999334
620000,578380.2533359771
135000,120390.47120825567
520000,529770.1404504227
520000,637061.3958441268
210000,186489.89541720154
120000,170552.34122501512
770000,772277.1499698937
650000,748278.1877519651
2150000,1717697.7064968038
650000,663225.6258588249
340000,400267.66631141445
155000,166029.46643996311
630000,582332.7600338768
1000000,988163.7545501473
1900000,2005862.9201925208
4800000,3137867.182498811
550000,573929.4334339652
1500000,1205270.2675844566
810000,789712.5090837043
1350000,1359755.8774423879
1150000,1067534.8757024498
638000,689412.1700136507
2100000,2413138.979954079
1390000,1415593.4553395635
970000,933461.7016326713
260000,238829.43755129757
1430000,1670259.2613916204
520000,429987.17299702636
700000,706454.0891003794
530000,437328.4241273869
550000,572143.5209278644
360000,557872.7027669603
530000,569639.3917572985
200000,196702.69012763805
750000,743285.9199808548
250000,269400.9492926468
580000,529859.8714613495
1000000,238420.00634809554
505000,566086.81915375
125000,114964.6748664179
850000,854274.4998126059
745000,698329.705146405
330000,262506.10700669186
475000,544257.3769691311
850000,817073.3201318847
1300000,1292367.7074071243
205000,195577.07714780056
200000,269689.1101626378
550000,496492.54988017393
650000,446275.9372634354
390000,444572.29028114706
160000,171092.810802635
340000,337647.6667015801
350000,351881.63972262404
1050000,1138405.6722608437
870000,809329.6552076271
650000,622915.7910471603
1135000,1182670.8005969918
450000,432971.7250460322
175000,199102.7708914833
1200000,1161431.910126552
1150000,1142898.0215546968
1600000,1434239.718225166
800000,832861.2046235142
925000,1069316.8203623577
220000,227262.20964123734
1200000,1317432.2712798559
420000,605558.3184597789
280000,253732.75298113652
690000,705756.183594291
260000,257071.16569306885
860000,961652.4960942216
845000,973422.0166379915
430000,493323.34224913066
380000,325365.11766548624
240000,207605.1872565851
220000,268702.8633351173
480000,469356.9718976908
360000,446007.9545510249
1100000,1146314.164273566
720000,751872.1813643236
290000,284391.7848119749
600000,630135.6719676182
420000,409871.20240202924
380000,386117.20975224883
700000,792649.9139983066
190000,202939.6315612323
645000,504370.9663666822
370000,404585.23534264474
780000,765006.5242575137
350000,339278.71550925286
430000,409564.30988996493
550000,547732.3360032832
930000,898700.3351503136
190000,372573.76970765943
1765000,1807579.0774318257
850000,888340.5010204584
380000,396102.7358463894
1830000,1768485.6321946345
1390000,1174895.9379388301
1250000,1189296.0699077733
620000,643837.5357208463
2350000,2145323.6305227736
1300000,1058761.3270843725
1250000,1170881.1217178556
2480000,2720425.0530506847
1300000,1254194.7668796675
3000000,1690635.695215059
760000,800272.3451484775
480000,543008.3868042912
480000,552884.0756874379
440000,412835.6592229856
280000,304501.6634479387
430000,438936.39290689904
125000,111777.28413124419
280000,242129.32155777924
550000,499178.3599593016
1000000,1020704.9417226488
225000,223760.6130926957
220000,277244.04900862253
420000,459514.35128220916
1045000,1084134.3582191302
850000,810492.0477466603
370000,420083.5177809189
1200000,1023912.6121001814
1100000,1101183.2657151364
5950000,5835810.40898499
300000,273601.18044311326
340000,352346.76475326
1400000,1221320.405204195
150000,144437.7426963176
450000,381539.0304270024
395000,489965.48036385386
365000,294380.8952898983
550000,466539.8176111554
670000,621713.3144756454
310000,292842.6733536471
900000,1089337.0468799777
260000,260450.37391098923
600000,520311.58734101686
225000,337358.82244499325
552000,521428.5708795907
1290000,1256801.1715304353
370000,402959.81459627335
500000,410538.4220300965
280000,274466.95516130276
540000,524491.0533467014
565000,599813.1483793601
1100000,945028.4766711193
570000,590014.9477743306
725000,612741.263628827
640000,705975.543427885
875000,1002978.591078151
2700000,1306557.7644327367
315000,272667.79858274915
1870000,1466963.7429607364
1875000,1792233.6906079804
800000,790483.0513692428
525000,541433.4511635503
220000,221250.71174129815
165000,147002.8289576585
190000,182114.04954742538
275000,271440.95503180905
220000,307141.1963981863
550000,500077.86425351177
290000,313438.39787550655
1000000,982603.9559410035
950000,861237.6473016805
440000,448713.24202686007
530000,533449.268057294
850000,740189.0664279648
400000,427972.2149892969
865000,836866.2719362313
485000,459082.40107532515
400000,415602.0493059803
800000,796341.9018216551
580000,824073.9042640878
790000,805509.461059271
250000,319662.3515519152
840000,857703.9039944072
650000,742808.2565550378
1300000,1042011.9295481988
1200000,1218364.3122932478
900000,861465.2843926209
1680000,1825843.050336463
920000,862835.361793251
340000,330596.78828280757
850000,771159.6464090677
4400000,3967440.6850396045
720000,737487.739562839
260000,511240.7911544688
4150000,4073282.697836797
3300000,3368680.2613527267
2200000,2480796.015818924
2000000,2054174.4901043465
2660000,2602103.634037631
200000,195027.44822267472
1050000,929275.54531032
315000,356232.7729683274
550000,525111.248569637
1100000,927211.7806863657
1050000,1123568.7741131722
230000,260831.0171043151
570000,585928.823146789
240000,226347.48477195084
1280000,1233333.288234227
930000,931214.1008147523
750000,766195.6555600077
680000,603753.6953068196
1270000,1073295.9358775334
740000,773543.0651420348
485000,432567.2743448952
450000,358492.1934194544
345000,339512.5942442452
800000,871777.734287993
535000,581463.0676232609
95000,79318.00129995217
360000,339623.4944827741
700000,692406.2450755601
460000,542818.0632883522
550000,493892.148973268
4000000,3891018.510508287
310000,300965.2863805325
535000,558957.012701222
850000,880461.0895574187
1540000,1337284.9222006027
410000,395680.577323469
670000,678864.7842157343
3750000,2125663.6463641785
450000,384234.03283516347
650000,595011.3516128756
2900000,2749891.8667589547
730000,901304.0702676154
155000,201831.4459455982
4250000,5517408.594329755
400000,311048.1272848176
620000,594701.5467332914
630000,594014.6008532483
525000,505003.1775729545
750000,538945.9010573933
370000,409765.84214592894
355000,347131.5361990783
365000,345314.8450081431
885000,870784.1926284072
85000,96670.20956122696
449000,776927.1770006442
630000,738656.591968825
630000,525552.8725140629
550000,633873.6047902523
570000,632643.0413442574
510000,535128.6117194627
1300000,1347201.7581231222
210000,200789.36512306266
1790000,1681376.4479488183
400000,383726.74087324215
900000,867096.0749883713
840000,884519.0590024764
1720000,1774772.3929338676
570000,597106.7384670757
730000,769596.0164209403
1180000,1124838.4050562587
550000,618978.5652382551
2400000,2196761.999423039
350000,364323.1944199928
2250000,1976633.1862018113
1550000,1440028.7297261967
1700000,1670430.5362827317
200000,182034.7133269485
590000,600719.5449990608
1420000,1363507.0438831756
730000,809641.2276876038
450000,514682.823891697
740000,817858.6065291204
560000,536652.8211119969
2750000,3156719.076511572
500000,495858.69805795245
3200000,3176808.4406503527
450000,565578.9465324602
6100000,6502907.735235671
1000000,302818.98389646376
1500000,1213825.1006352168
420000,442275.507463244
1700000,1482904.885033455
2000000,1820468.2799144865
340000,345187.4728427857
320000,439640.7886141949
210000,236895.52961405492
400000,402064.0936517545
260000,261025.40906220995
715000,751106.198768411
1820000,1867632.5354317136
625000,690273.9709858779
755000,744458.1821479235
500000,472997.0187761468
1000000,964518.9711661678
780000,759929.5702876879
950000,1058310.2708385582
390000,398361.4305288312
1600000,1569220.9782754644
360000,343501.2341844473
950000,971946.227214982
479999,483798.50492143736
360000,343727.28504740866
245000,237190.5047457106
415000,529358.724843599
770000,760261.5222117468
240000,245952.16473502325
1575000,1605596.5375409676
300000,314362.3083328525
1900000,1920867.4442258242
1200000,1096995.3026860745
200000,813449.6743915523
1400000,1426082.3190883487
55000,57833.79726731736
210000,180288.76138226682
1150000,1056572.1453029013
1000000,1017791.8826560422
1000000,1000056.522375097
4950000,3967181.9520275085
980000,946532.8223578006
1000000,1018713.6316371668
1150000,1017998.9803349167
4450000,4082747.822136634
850000,853081.1163883348
215000,227445.20027943174
450000,531912.6346848216
430000,420865.9961850885
485000,573496.6711870378
315000,315273.92685698724
385000,304767.36905320303
250000,252137.7551776848
2150000,1928837.0920513668
600000,612954.8919196184
570000,550678.7649452712
900000,986091.1486430919
255000,259346.77566319134
580000,719216.9512401997
670000,721536.6291207423
369000,315807.5656631664
250000,277467.62343915604
375000,415768.5531906108
750000,697164.7171139169
500000,499359.40944294905
1235000,1275214.6709389624
1100000,1050814.9230259268
1180000,1121934.9700763028
875000,497370.926180606
1300000,1353282.2663012089
320000,324607.2991973553
2600000,2283305.0018063565
200000,252721.62517760205
4600000,4417551.314619422
2920000,3020356.338457368
65000,142559.40410004632
140000,108817.0828175009
1850000,1610938.8651367074
2200000,2021102.4697007658
4200000,4279101.534781047
1450000,1290343.2819460009
4100000,4789048.627295185
1750000,1612788.3466100653
900000,784640.1212880742
1030000,974289.0813265933
365000,276418.24151043734
200000,204811.5968600402
850000,796262.2972845779
700000,651567.0378178906
270000,259147.93054640724
325000,310819.28369319637
1200000,1205152.6071383667
850000,841645.4298162448
550000,524534.3663546442
1225000,1372084.8626827057
3450000,3768525.898116377
1600000,1211938.8748539258
515000,645551.2308057661
230000,220018.5953407852
700000,823004.4177196568
1200000,1261043.6839301647
390000,464539.7168068081
250000,251767.80245472622
540000,578732.5071412217
1500000,1710472.310238539
400000,396544.6744449879
460000,565109.2085270764
1000000,855036.2313775535
620000,724576.3792473677
450000,407411.2696032443
950000,970180.8597765164
315000,291417.8274779465
330000,286166.91619301384
380000,453228.0620798029
860000,782824.8690819693
800000,694205.0174070032
1100000,1013488.5881801685
325000,412664.12175806676
600000,638580.655541263
480000,432886.7549296696
670000,599109.5467428587
245000,252759.56556546837
650000,669962.46640347
280000,375622.3806796439
285000,292963.75732331676
725000,691542.2567388822
950000,775319.6834547105
600000,605611.3784322158
205000,307143.4004641644
1580000,1467872.0009455306
560000,576774.8254468704
650000,679789.4538793821
300000,495532.71136662987
875000,971354.7170033505
435000,387409.16746999015
550000,650074.3357629039
660000,678832.4074286127
1600000,1577487.0287005773
550000,529841.9299997288
1650000,1456583.7280223393
920000,874879.2168518923
1530000,1585130.5950559822
1700000,1650506.8227311203
1525000,1622907.2414888416
345000,631889.6662957977
1600000,1611627.7398638646
1260000,1336141.1670883081
750000,505058.79653866607
800000,787439.7649108982
190000,236157.34457720217
400000,421408.42759811
420000,592890.7692362969
250000,220022.8739177183
2000000,1989001.185685232
2500000,2259542.672974298
195000,211026.5929946677
585000,526252.3715471257
490000,527463.9045479286
375000,430640.0770211202
1178000,1266160.6478412054
350000,373996.72383615817
750000,770518.5221769222
395000,344869.7635665814
685000,642586.3904235207
1250000,1370148.6929374742
650000,620153.08643392
370000,355310.5280311799
990000,1019077.4856475
500000,458141.04964703927
750000,655190.9763490566
650000,651125.0069352066
825000,833680.322093252
830000,1064370.4623603062
500000,485303.3054430033
2950000,3103562.97469793
770000,752452.6416881556
4500000,3702966.077485572
5500000,5823526.303554192
999999,923043.7441366797
700000,625315.2868262216
380000,422253.41407996474
1625000,1490793.1968138139
650000,598158.4439219136
300000,289684.4988528947
260000,239012.83232414167
5300000,4624546.8271089485
900000,799364.7234047265
1600000,589248.6743217253
620000,687331.2054850325
320000,189335.82091879655
265000,238771.8227191783
460000,459660.27024916484
700000,605064.177193826
390000,382168.05123655556
2050000,2238433.474424986
275000,251640.75672778834
275000,281889.9812985316
600000,584296.1286739568
200000,226327.59974080516
210000,219126.8177226358
820000,874212.8400466887
565000,661884.5297893651
750000,696349.5162142243
2750000,2902015.0502882493
450000,516809.5519271822
250000,248826.73644469923
970000,947214.4680725009
400000,519194.5302071542
790000,679283.4323851746
720000,751290.309922053
480000,567193.1021241159
680000,706948.1079378622
699000,861633.8511709978
90000,117240.50183178787
2100000,1778954.3804258285
2450000,1563513.9957322823
1150000,1274855.313690777
650000,802959.8450956056
1300000,1265713.7462745977
2600000,2328226.4395048176
2650000,3079802.1546276584
660000,652726.2139321488
880000,796146.805888504
7000000,7491567.114564795
8600000,6217551.1555662295
2600000,2684292.6140911523
500000,495682.86117182503
215000,232880.01416633747
210000,211417.166034091
215000,298535.9606514465
600000,622100.4072797146
970000,1013265.6375212969
650000,546377.84823884
1375000,1409864.6171599242
1930000,1859140.2589318089
500000,505198.44634972763
470000,488313.1635066889
2460000,2874640.106202733
365000,374444.06702230836
2200000,1906947.5432933448
1480000,1450028.2247022085
280000,244516.31541856876
520000,430404.35064734874
600000,661156.5510253756
690000,731963.1346637373
1650000,1495502.832041184
1700000,1653670.864744632
700000,706457.6390486711
595000,581362.5085507457
1650000,1728193.815522736
620000,645136.12368789
570000,635656.0496147808
650000,714046.2378433271
410000,368617.78845838376
1100000,1048155.8805017528
1140000,1103829.5321305727
430000,416619.7126823743
1100000,998228.3273289654
600000,653016.1743705977
890000,834402.7639332731
570000,543430.1943927251
690000,684243.8037684989
700000,747619.2732693979
340000,336610.472158985
400000,415381.7994552564
180000,182640.92376389232
550000,539051.6909081442
1250000,1454885.6024178306
880000,984689.4132199553
450000,454056.81555275456
550000,506154.42157544545
850000,602533.2062706403
850000,814700.6925084591
700000,735096.8869206117
600000,603016.5612265526
380000,394210.3236053669
2200000,2164335.166502509
270000,276852.8003010232
475000,561647.7245435804
370000,468448.3707676957
450000,362061.9935784531
340000,365838.550391487
440000,317938.1372580992
290000,291991.305441618
235000,245761.84372695987
430000,381412.76705497986
185000,153919.30364074564
400000,443978.4394281924
550000,432055.23934635497
630000,615792.8112596307
145000,106896.15712893174
850000,769199.3093490651
820000,789898.7840393475
115000,127487.52375067226
125000,133057.95286795901
4080000,4534406.589286039
1850000,1769459.3557813594
4500003,503725.5548221714
560000,603105.2264327393
2000000,1914797.0721566768
1200000,1499752.5693567982
650000,657769.0836082937
490000,429458.0607510834
1100000,1040823.8980201848
575000,440720.41386925575
500000,567814.4391739989
3250000,3451515.276685811
1175000,1240215.3026497548
1850000,1591105.7550433741
550000,492934.640289765
1850000,1930637.7081003387
985000,1051852.4650169848
1350000,1389019.5532435044
930000,948802.7695986959
470000,462979.7632870272
850000,891598.7300477681
450000,508989.64373650734
1100000,986775.5932003465
600000,594545.2254647145
490000,440322.8893867096
450000,510624.6177201931
1250000,1060393.6958062553
775000,756692.16112142
230000,251540.88627651273
820000,853718.7056671191
999998,402402.38200663315
370000,351568.6169620665
2200000,2177775.3814665885
2700000,2792376.4331406257
450000,572587.4670246884
5200000,4441088.244485569
450000,441073.4465999821
210000,698273.7013399368
625000,568583.9965383785
530000,520152.09369656746
1000000,846329.3998129544
240000,232805.564881759
2000000,1857308.0906616268
580000,528965.3998366621
325000,478830.431140655
400000,422323.81257935206
1500000,1808538.9945870428
550000,564342.2707377445
615000,620891.3791348102
1150000,1157948.7372214715
1570000,1524039.0315237143
795000,714729.2153984177
155000,181875.0997837198
1450000,1457514.9646175
650000,658855.9709699305
1670000,1737020.2183699098
580000,604727.403206648
8649999,8393274.514433494
750000,791876.7593701975
1050000,1125773.3808444182
340000,338343.1772969792
270000,321411.00191832945
460000,468787.6410634219
5200000,4322130.88158502
1850000,1687198.0155929038
650000,586298.7220098786
400000,412111.9342550769
570000,592308.8029390058
560000,540182.0209125122
515000,503689.1075590236
655000,595495.6940052373
750000,854554.7068018998
210000,341198.62019213167
185000,222494.67556575415
510000,502239.88723759016
250000,260890.10434663045
300000,281862.3437391757
750000,805737.7463556002
800000,553565.297418951
440000,427163.66636593756
1250000,981863.3554736591
2250000,2075031.2834891572
290000,295347.86231048167
1450000,1424299.4920595249
2200000,1820790.0174680434
1250000,1130240.1045771178
640000,654247.8923888718
1300000,1191925.3540164803
660000,710782.7093187845
1150000,1165543.1630044272
900000,930965.7263520828
2400000,2163436.6848939275
45000,55126.907501164016
550000,526009.0642457393
480000,632192.0524990854
1100000,1136762.8880282359
1000000,880071.0864758579
2400000,2747611.7833126057
750000,718112.8446282004
1750000,1614846.877110655
1450000,1392172.9895145777
5650000,5870025.345133251
2000000,1931744.7936671334
1690000,1713835.5421361597
1000000,911446.159368031
500000,447726.9628710932
490000,447278.6074888084
380000,337726.75180610514
3950000,3923111.715956398
510000,506035.65816387173
410000,409812.61253578163
780000,766610.9090363865
380000,299425.3861733921
250000,185781.34210036756
560000,542931.0091379262
280000,306881.1351902371
770000,766967.8565217708
290000,232054.53778312716
440000,433208.7978425783
560000,535956.1031518794
715000,739758.5796810137
380000,547010.0520926209
1285000,1197457.0042203804
1150000,1185793.3477077296
620000,594889.9686960407
450000,435699.27737414144
1250000,1066964.1232763147
750000,648558.1873839448
650000,718546.4100195221
235000,237190.68459689294
340000,366965.07124600507
1275000,1258835.2134932168
225000,197468.79907408732
1050000,1067570.6655511935
500000,492150.5431545776
250000,300054.15202494327
800000,792021.7067392825
275000,327764.2893732274
2000000,1615697.382098305
70000,124634.57799390348
850000,790066.6732366428
830000,835044.6177434964
555000,572016.151116119
580000,578911.4058597187
220000,269345.7202471899
1080000,1177271.6011785828
250000,257672.30177358454
345000,352004.6986174328
810000,742639.3960856469
1615000,1657974.4003189027
320000,351532.089231098
3250000,3306540.591722138
760000,728677.0000052404
270000,257971.9125912169
6000000,5889398.85610772
500000,573686.1583831337
620000,656267.6439873098
240000,241496.02415775074
495000,463062.0393134936
620000,628038.3920182097
480000,464466.18748529576
370000,397414.6826869236
1250000,1171261.7265932546
460000,438851.9484105234
220000,202963.3976789471
1150000,990116.1243881925
1100000,1134867.5688876987
1350000,1215523.818232605
3250000,2807145.9486256503
780000,812931.9497503871
900000,981669.0565393559
3450000,2305446.703541938
1000000,891289.8353258383
420000,411841.8424758043
680000,628217.164343467
350000,305922.7999477383
1650000,1408168.2772870667
335000,354884.19374715246
350000,272785.6905330368
510000,623697.5680436863
5300000,5200459.769361725
725000,754888.0370828973
550000,674332.8089514145
380000,392900.4103261065
270000,324897.9269729317
1450000,1422568.0888063533
950000,872334.7057151371
1650000,1578758.5557618765
580000,751541.7605584507
450000,365622.1697045358
100000,136479.89840881785
380000,382303.8915478477
585000,639792.9348534002
250000,264220.2333343951
140000,141489.18526181256
660000,748439.5763592698
190000,214736.52043654147
810000,698252.1812738157
470000,420064.507721287
640000,673917.9236784573
1450000,1508738.9072268638
1150000,1138853.2905619857
385000,395820.1100749927
650000,653828.1709236777
1850000,1928822.4059278478
1150000,1383265.821538587
2000000,2082294.929835696
300000,320920.88595609344
795000,646558.7301108395
395000,413888.7384071817
130000,191053.68070844567
170000,199745.92230351345
600000,635875.2152420161
185000,202379.3449964451
750000,747710.0353883869
670000,706868.1876124174
525000,574331.3994071786
1500000,1328903.5163917616
305000,312409.4294392141
1110000,1115934.733054597
450000,455907.6445214469
660000,695638.2501640046
750000,862492.1006327526
1350000,1410830.479967635
1880000,1834349.5390576152
500000,445929.009875113
350000,372122.97132458724
800000,762195.5893126788
790000,766120.0338543815
400000,392400.1847970922
530000,583691.395522137
225000,225750.74241705047
250000,162777.77498986304
3720000,3228723.400832647
550000,498596.1548537183
700000,770470.1743565964
700000,730674.9838963143
295000,312084.55371860013
3330000,2549978.1295197536
245000,237335.9950254728
380000,428004.26312384254
400000,387551.6172862242
410000,442330.95866521454
420000,407397.64790075563
110000,132965.4820260992
670000,631270.4627788428
280000,288666.9763192913
890000,931132.4375064241
89000,134887.5801038243
760000,763082.3254182746
515000,481378.023689831
2600000,2394559.9809650304
925000,798091.7183915435
150000,160170.70739353527
3450000,3954324.8087474057
1150000,1182350.1415407984
1000050,774142.9028663093
580000,637438.030505508
2850000,2804987.388520101
8600000,3630061.8207161804
249000,314186.55902854964
5600000,5933227.774022624
1420000,1350920.6207308415
1750000,1848113.5142221625
520000,467154.6590315171
525000,569381.130787104
1520000,1187774.084687476
650000,681027.2271652822
1150000,966781.3185732863
320000,360491.37187870394
1400000,1310316.8906947859
770000,870609.6299958222
480000,546853.5693519696
550000,532399.8643354955
1000000,767035.4460342774
850000,812648.2976662581
720000,745363.5602743957
1280000,1260036.648883807
600000,752466.9187777737
580000,524458.2692277045
325000,354133.64809938474
1250000,1039687.1754991877
600000,574059.9766488689
325000,345990.21334365837
360000,460764.9440134211
1200000,1177761.3335467805
420000,299052.02957992867
350000,326621.6320935913
420000,364976.74839244864
585000,681077.5686977515
555000,522848.11682126846
650000,656523.3400976496
750000,736098.6409891917
390000,445767.1292287279
650000,696396.7756767077
330000,342282.8967003705
350000,353942.89881821116
1200000,1103563.0878502142
175000,268952.24606664357
1480000,1533605.0623955133
660000,641838.105194757
1450000,1443459.2115677255
415000,375210.4372764671
320000,245407.50824532227
490000,478380.3787624604
385000,352452.71241413604
150000,215501.83844015386
190000,211080.10655998604
455000,528039.1187683478
700000,662740.6684755273
520000,544146.9847036846
325000,312996.70453712903
2400000,2081359.8705673693
1250000,1066844.5419548608
1500000,1141903.6452724838
1600000,1563054.1733838066
600000,581971.392969333
370000,433697.7668753783
1900000,1876205.2478043295
850000,779481.4107610438
640000,635958.9654892454
395000,321072.0518983088
430000,535147.3491175856
2250000,2402639.507504908
220000,281093.53789115016
1000000,982045.7456709878
420000,459208.3700224044
420000,452424.74260344624
330000,352681.7929953289
340000,360235.4313180243
750000,691238.8675096995
320000,324828.9960126149
650000,575147.8800625845
700000,673323.5523322045
800000,766813.8737712146
450000,369698.0591956415
500000,660946.0056411203
360000,300953.416089297
370000,488785.04310601694
400000,397710.6885702473
650000,630025.1989000516
750000,662827.2651511207
735000,785604.046711413
665000,679107.3374139447
3000000,2163609.578084916
2075000,1800040.6750153408
780000,828746.8251072529
610000,601005.1659399433
550000,511283.067672189
620000,617132.7511371872
1600000,1631515.4597459591
2000000,1410616.239545979
2950000,3015510.710680205
200000,208832.2771731701
1800000,1700554.1479572689
1330000,1139435.064064273
270000,279037.90044233267
730000,745593.168822439
770000,810000.0035898596
1480000,1455035.5156774404
330000,404068.3964600804
350000,404200.727583736
460000,475109.073187261
550000,563622.4604256877
450000,364674.1589579685
620000,598749.845000233
250000,240867.82606150577
750000,771080.7082262965
300000,324391.60031235806
250000,244829.17847156414
425000,637534.4710361437
865000,900943.6772441665
500000,744715.2270146745
190000,210776.9572801215
985000,1164383.8291790427
243000,322961.7489725623
1100000,1080124.25507027
700000,679883.2458564073
175000,204796.66154764136
750000,699076.5122100852
400000,291418.09608299844
600000,551897.5065202151
3200000,2783435.232149869
1590000,1655227.5201129506
475000,498232.5863903588
720000,646152.108263753
1250000,1365426.9794142498
680000,619094.8999382394
425000,460872.1001586738
740000,743639.0629604175
460000,496891.0514153807
330000,373489.72949741327
750000,815994.9612457745
2550000,2584138.1950578475
660000,730899.3122809442
1500000,1331203.694754988
300000,300343.59961711685
1250000,1307820.7689615432
900000,839816.0956765537
4300000,4025737.8659817544
1295000,1183330.2151273147
4700000,4467990.360071405
2000000,1874984.9259715464
1290000,1106667.9035114066
4500000,6603298.114291034
1320000,1208569.4658843891
300000,310737.7884473855
1250000,1230755.2675610892
2200000,1858672.2971025794
1100000,1037429.8168284483
570000,565829.3574015023
580000,585891.4525993868
650000,796621.7660742467
1280000,1366180.3950467538
340000,399774.550877272
1350000,1261654.472415148
640000,597634.1350769494
1550000,1072492.1368748248
385000,318505.77364143706
550000,484316.0905784454
550000,598985.9768427477
700000,710157.9453248632
465000,433037.52713223896
2250000,2210547.573697064
470000,481230.5132741125
2450000,2380903.9877985413
230000,243986.5463694739
205000,205203.43463891343
630000,570616.5091091973
280000,308239.709308448
350000,431666.370381257
470000,549743.7661536452
250000,268876.9956474157
419999,437076.74953010347
600000,599948.5485211479
360000,424745.60872383695
630000,614269.7994625211
850000,810903.1728950385
35000,69723.6837232867
495000,528619.1352792021
375000,324809.4984681533
1640000,1335058.0189299888
1215000,1237388.725993374
5500000,5088453.196236456
350000,360384.26879587077
40000,48291.83719697679
2450000,2567791.980986729
1875000,1840599.3965066734
660000,654421.2700815707
240000,283842.95611511264
635000,649027.6170797206
850000,914412.4019512822
580000,533689.5512432018
700000,782746.426241673
630000,750584.9042859669
590000,611802.4321697883
330000,368386.58677117847
1615000,1690541.1918823102
2300000,2406546.7262245007
2680000,2800646.188400248
850000,862071.4460993216
750000,801610.6510580713
540000,628223.7552902163
3100000,3461772.126785783
2350000,2318281.2572977785
255000,233786.89952925572
700000,691593.314001789
210000,219015.55873177855
2400000,2229168.1226008427
330000,292572.4390272599
600000,697232.980143537
975000,891149.0880339834
640000,598374.8025601857
950000,926001.1058867635
1050000,906502.135572138
500000,520718.8941326167
580000,561831.3960277861
550000,498134.3964069945
475000,550450.1922983902
620000,698757.0816501582
670000,655973.5139071827
635000,659132.2540435023
685000,645787.5921689408
365000,351960.974221774
730000,739066.583405221
1100000,970194.3279265995
950000,851648.7743152175
500000,607666.8283789993
530000,456249.9758415225
295000,246059.74043248786
380000,336664.8190780264
1100000,781594.5960825922
210000,154699.32104101504
350000,355688.1340046658
435000,425479.2041419595
340000,533341.5233532209
100000,111254.24262768372
680000,720608.3022493329
380000,385947.6749107291
140000,125123.25413787908
475000,613741.8847453214
375000,375702.8341885375
130000,134264.0016286768
280000,226700.93044334333
230000,352242.25770375493
480000,588767.6798417948
265000,285469.09014683653
550000,532966.2431039077
450000,454362.36629259604
1200000,1271048.4361505702
340000,314129.9410417448
1900000,1655823.6078266036
240000,275127.2569752401
420000,398341.1972962848
420000,419684.69434511685
650000,694118.4496446347
360000,329843.2711670548
560000,477632.6863752017
330000,423719.5498167013
250000,325305.5318445533
360000,379652.0522927407
290000,407958.4308225617
700000,648337.3553196954
290000,248653.77819339835
500000,488831.85330511746
2250000,1918154.0704921442
150000,193558.85091235235
1860000,1660032.2420329999
1450000,1434768.5903067042
455000,390705.6489658843
520000,474603.32866752526
600000,555978.3216218858
4950000,4727624.633453705
370000,375685.10704636876
800000,697846.8447359884
1600000,1639771.0684590766
470000,592460.801480123
1380000,1312253.1221237665
200000,191807.69807090002
220000,211541.72976649163
910000,922592.955885309
930000,906429.2793032853
2050000,2213185.946730586
975000,1126831.5123434071
750000,757146.0098183582
1710000,1610929.9322114887
395000,360236.1617028933
230000,272288.2106975529
310000,245263.2425167863
780000,818184.9149330363
470000,466571.3148153044
1700000,1973889.2852706597
400000,411214.66391176253
570000,607143.9729008799
210000,214542.5159276026
2950000,3299534.9767451673
530000,578338.9810900716
3500000,3249153.5096227885
370000,374143.3308513513
270000,241644.8317795684
530000,507991.9345361447
320000,342360.2565444678
390000,455064.4614125537
1450000,1643701.2081530988
650000,675234.7071043841
1050000,984154.0372405656
450000,422680.52303755446
670000,662489.3914609228
1300000,1207439.7621139332
980000,961619.0176074954
900000,816716.664121495
75000,71843.56522399563
825000,782887.911908599
800000,669226.5266862432
210000,152626.61990743136
850000,863838.2238090544
770000,835213.9087310949
650000,487690.41377202485
215000,202993.93236109984
710000,707476.1482827271
400000,455969.5825712742
1750000,1662995.4367650058
650000,633136.5958060194
350000,406601.9303791761
350000,456306.87232540216
1300000,1052608.2662958826
320000,326049.6372311308
2460000,2465617.780071548
1850000,2404979.598432498
800000,770640.3926704116
2900000,2443278.5928601944
630000,659010.473110247
470000,487687.3158634467
490000,486110.77350630914
810000,742229.00210137
520000,473617.9107548951
500000,518658.30154853384
350000,282224.92377476225
660000,592944.8011650306
290000,360487.42994858685
240000,225470.53148490534
850000,795433.1649024416
2000000,1989765.2370507955
300000,264583.99901440076
1780000,1538695.105683231
295000,293635.4376419413
280000,256638.41927938903
670000,692685.6603540445
570000,559235.4900994647
125000,157274.879251379
510000,518320.12611805723
1410000,1483416.591058567
700000,721982.0489540813
300000,326886.704240921
1000000,941916.7743790613
325000,291290.2011986229
4750000,4237853.123924582
760000,690125.9307587097
500000,371801.10380993696
115000,167367.98991699837
1850000,1799224.097303425
350000,341401.7013559566
625000,632794.018856515
2450000,2685741.2430920163
990000,1037212.5024388717
1450000,1462292.3200686644
700000,676447.2078690528
560000,603938.1880774031
70000,77243.42917883986
750000,809730.8683405038
870000,748962.6440124102
560000,562722.3037027085
450000,424937.32462058065
400000,407406.7384075091
485000,440008.8697427448
600000,596029.2079007991
560000,650612.0726667565
260000,205906.98815413768
630000,581016.4002193717
405000,450711.2349574163
1400000,1383490.233223147
885000,728570.6033749748
260000,253805.19334862716
3300000,1558583.394728418
2700000,2790228.5225943853
2200000,2144739.1005275073
870000,972382.961772919
735000,742021.0298845374
680000,734360.2266706516
180000,245922.64138917744
1650000,1618181.5512319717
1800000,1664755.9689939173
1300000,1370543.887304233
1050000,1039130.064574933
1050000,931214.129439155
160000,254337.04602663076
285000,274729.63260831544
375000,368429.3797092006
1220000,1193525.3419130172
150000,137820.63568929504
1100000,1218104.2473774743
1250000,1285236.7527961477
270000,292000.7148259495
275000,231275.7870993453
170000,231259.29591104426
500000,657930.2338773791
530000,480653.20152486156
400000,359272.71432119486
395000,360495.4379353181
770000,703281.9150137088
438000,468198.9575902979
35000,57418.66161533889
750000,729188.3065319033
520000,453636.4011394845
750000,773987.5846216397
980000,1059620.553327456
600000,529215.1029043916
1150000,1010778.0268912375
1000020,1057772.9426403306
240000,220925.21601939548
250000,228998.21385728402
500000,512202.06357446744
920000,788272.8590193121
580000,623266.3376394322
290000,285318.77573498484
140000,141008.3231114846
870000,732019.6799175218
850000,1090457.1517644897
630000,601551.0993676959
785000,812200.7921596287
750000,885747.9332074963
570000,989894.5546355377
300000,297170.64989949204
240000,269369.52918746567
875000,837567.5728356962
500000,547030.8138963373
220000,221102.90922685186
550000,556322.8728615677
330000,295082.706460441
680000,696211.37959768
400000,517258.97570492484
460000,495539.04831279675
233000,222484.02173509166
55000,84135.81021753584
570000,593586.2557528313
760000,744458.1821479235
335000,329500.77542262
850000,782538.6279801069
230000,208565.87889667918
450000,520873.7447042644
320000,471759.2551410093
250000,298034.2395773486
650000,743820.0990812527
125000,164440.0848129592
600000,646766.7811061523
1450000,1370302.026218898
550000,523020.48989237344
250000,351727.23401081545
1500000,1624426.4705534093
280000,294815.36184906686
660000,675014.1269726438
1100000,1065836.5576120454
475000,662822.0917688702
1800000,1647890.2720074675
750000,758365.0315946395
750000,692476.5269012364
225000,220726.57237834352
450000,451485.47964806855
360000,284842.1126031692
1060000,1027763.180834213
3850000,5077016.59913656
1200000,1066973.3445609412
1220000,1199012.07245936
200000,166975.39876933928
325000,291667.23683576484
1800000,1875443.7671196517
420000,512748.6755247156
1550000,1500130.374118845
1500000,859454.4690846676
755000,773898.7963318322
3000000,4331440.507284621
1050000,1098293.743937205
690000,703246.9012689264
720000,625790.4226514515
520000,509255.4727842247
559000,501156.4067341843
550000,558864.6182213286
800000,643227.1407803374
385000,374082.6096653519
145000,152820.40608598432
800000,875715.4831491468
350000,348355.0836229573
1050000,1007914.314522287
520000,515518.9269824263
650000,658152.2293866702
520000,535403.5156817907
750000,671535.4845530913
570000,602412.395003129
670000,684841.2120912145
700000,729574.4993336402
600000,574745.2895776251
580000,586541.3458058557
950000,826798.3565372343
350000,366375.47750731267
1080000,1148695.0409471816
400000,448255.583145679
750000,687816.6467803929
530000,602973.5547418685
265000,291246.2541857265
850000,590166.1607913723
425000,300166.3946717478
210000,194458.27487488455
230000,229257.9748097953
600000,581554.198924743
2260000,2281764.7668297254
2450000,2306177.2358966134
3490000,3568545.536311949
900000,914073.7937597432
1300000,1195706.3078754377
890000,807638.1293817029
180000,166659.66451105598
1150000,1151930.2564087315
180000,196237.18660999916
550000,550858.578944109
925000,851276.4580059246
607000,612185.7550120231
750000,1064149.0264049475
1450000,1611687.5250464443
790000,831268.1997689678
850000,972187.4296164747
750000,871429.6871162086
950000,975761.3229733289
250000,329554.89669243817
450000,366118.7611381574
1620000,1509964.0218225066
820000,774193.8850185614
350000,413717.50929975923
770000,669186.6228651796
650000,729638.1394055663
530000,558133.0630350102
360000,299480.1038012693
700000,681240.1822684179
430000,467698.6567698727
110000,111097.83382785965
200000,183826.62326617597
785000,740190.6354086215
500000,531512.3374058204
650000,721546.4785201553
550000,588922.5068614606
290000,324243.7194779482
500000,501306.1132120415
1030000,893694.9130795863
265000,243536.37787012578
830000,821712.4211825449
800000,778013.4997194116
200000,244186.70319861258
820000,779151.231031085
735000,793606.826292991
620000,638460.065619657
210000,210598.3627453406
1650000,1313439.0287977026
700000,696742.9429048924
530000,544988.8876466549
400000,340905.22111451905
335000,311596.6113608871
1200000,1076032.6343009889
820000,943744.7391428943
1600000,1857599.293977707
1190000,1118877.6636548932
350000,358867.66741626646
750000,772097.5327922016
550000,847036.6213552221
780000,644580.9054943863
950000,880045.181162105
3300000,2540830.495778959
900000,940338.7891725111
650000,764823.04757252
750000,732659.2843560141
370000,409778.39597656735
980000,973973.716324095
320000,326560.644348222
435000,504565.63796356844
699000,685028.0230446063
230000,238730.61220704473
650000,661636.0077720827
520000,521822.3171828577
300000,467776.22385561856
320000,287169.10806814925
450000,425847.874904644
750000,722973.3498392977
865000,861364.7758652014
800000,1161992.8307169767
260000,310118.63651433535
350000,355999.2133790232
1700000,1711179.0190252538
700000,678474.5740228217
210000,222115.3123557667
180000,215201.07674632352
850000,814990.8568941561
1500000,1478000.5848258731
650000,658677.3702071871
330000,347103.5541378602
500000,627487.5157293589
485000,541053.104044586
800000,845679.334594896
580000,521973.253034104
235000,229800.86683282864
400000,401849.2798936795
450000,545690.1761199329
550000,635706.4885650456
670000,714747.4689582725
220000,277959.06458559184
575000,543321.5802736488
580000,473047.0183112465
1150000,1043014.9454002989
310000,286650.02195915824
1850000,1515243.8256164384
1200000,1047268.4944895551
250000,252026.24488785263
800000,727125.9632843202
1050000,1005403.5241422376
2500000,1843535.8511093878
680000,704576.2640194293
220000,250829.17851973293
1250000,1345213.8186068733
3250000,3640222.100314301
650000,635173.3256041863
390000,422420.797370967
580000,590771.4972178598
1000000,666586.3554701019
290000,327051.931675753
1100000,1020394.0700915856
560000,501912.1327710977
900000,822220.4677156088
700000,602236.1752498959
210000,208333.64712695332
2000000,1914724.241301781
340000,315904.9753656465
250000,231847.1000616076
575000,678340.9545068748
530000,477516.8704138604
800000,727457.2817768906
120000,97908.86246645499
430000,427538.1348781235
625000,639370.1834649545
520000,624802.1427647101
230000,251218.87969192726
230000,207968.89929007032
740000,757484.4420308387
880000,898838.8948705154
450000,537382.1218026777
2300000,1850348.1787849257
770000,823918.6563341412
1750000,1676317.9912343663
1200000,1079611.9590285325
770000,1001043.18670857
1300000,1377251.11480934
850000,859338.8624114685
1325000,1345543.858017375
1450000,1652117.6129988553
1400000,1433235.4789535636
235000,230288.27267976356
575000,522759.0769737546
85000,92363.63213892895
1250000,1285580.0018978142
370000,429919.0719811549
1850000,2028733.1594585257
1400000,1006945.49657329
840000,830838.644789553
850000,939368.9207156327
1200000,1265490.5059348473
450000,411029.06816841336
280000,206557.3820279856
800000,661179.1238518042
740000,677961.4712776993
370000,397930.2904482043
800000,913158.052780579
295000,337672.77402415464
250000,252721.10969901952
115000,200332.34484983067
210000,241464.2039822519
680000,587022.8804176798
535000,526215.8939369489
690000,894221.1594477895
1100000,1132052.5662171636
750000,717917.3459730082
705000,688555.6397034054
499999,480471.51783691347
720000,644150.4692625077
1000000,973293.9196455709
530000,519651.50332256366
1200000,1167081.505264017
790000,809547.8400884923
1000000,942718.7658480791
800000,1170288.2263849052
760000,735440.8946724171
450000,414851.06653460226
530000,504318.47379576165
325000,290947.8581179108
510000,471942.2958789132
350000,277310.57384753146
910000,829723.4288844931
290000,190779.09042359272
780000,627975.2713568857
665000,656512.1546775718
760000,774538.3183268111
1900000,1927568.8925381377
410000,412920.6376987871
930000,885573.1858678418
200000,253552.5444885317
340000,289418.59717982955
1899000,1990694.0333737028
1330000,1136560.3838612738
1220000,1066973.3445609412
270000,231828.0362349476
930000,907544.6765932293
900000,838914.0348162932
1500000,1483780.4429062726
240000,232295.7967678464
685000,711916.0543074781
1250000,1420432.190720685
460000,469293.8721217865
925000,933184.7770583385
580000,652000.1399236897
720000,756826.1442082226
380000,291136.06257596397
530000,528167.6879860886
620000,596539.8123759447
880000,767442.6391594723
490000,473545.79430125834
925000,852987.2108431489
590000,708731.3543290982
98000,161368.71102068416
240000,269510.7496939987
320000,271193.3391456421
770000,587853.8732682063
1680000,1697001.5913240789
2500000,2224144.339374543
600000,549627.0515228838
1200000,1371794.9680557835
2000000,1863758.0160417007
825000,689792.4009991733
750000,528546.3515444093
1340000,1339786.344906065
3470000,3274792.090406855
850000,499477.6358487996
1120000,1202734.27246435
720000,742074.4208341243
620000,611386.7863275402
240000,259714.45878494042
600000,598905.4558005242
550000,543997.368522022
200000,210679.55452705082
470000,464961.5739449593
130000,195790.40231873587
690000,676171.4590176066
875000,854118.3516922181
1250000,1051589.6109431288
295000,316558.5884381804
770000,777092.6730394616
590000,591848.1587308976
510000,452174.3747755784
2250000,2139626.247980591
4050000,4191894.088568105
385000,403882.23895616527
440000,464496.7065870755
210000,301524.0094120338
275000,309455.4159979411
490000,461745.66038767993
1975000,2372090.725277091
450000,407662.33829789626
820000,787398.7634646115
300000,369129.30301319045
425000,394726.6323146297
325000,321601.12917986704
430000,400173.3015321182
670000,756948.251309754
320000,386875.62642108253
1280000,1140495.0412620467
2000000,2406158.6729920814
1020000,1109619.613221966
750000,746340.1522647337
1600000,1462090.8811712156
567890,542104.5652807289
6200000,7349988.335970174
1350000,1383451.3443199296
265000,240526.24890677913
3300000,3084536.493731114
650000,749442.890176025
850000,783950.6782551403
330000,313402.06166127796
225000,222439.24042378084
1600000,1389028.319750932
450000,455940.9435571683
120000,183380.19437578967
360000,374234.24347342254
640000,460475.606454842
2450000,2219847.4720360143
595000,590288.34362789
150000,96878.24918971905
450000,502613.9205701343
140000,163211.18229031982
555000,599357.1047898338
85000,84338.55087697245
350000,369075.7484826613
1000000,876062.6056337106
1280000,1209270.4028172328
680000,682893.4465809718
400000,314529.15887187194
420000,376049.532379813
281000,317815.9683884487
4350000,4212763.238119053
870000,812468.4013008334
2250000,2373009.054348461
2700000,2605200.3920804844
2050000,2067543.5164059666
690000,633707.8655247411
390000,468812.19247020554
270000,297106.21877521585
600000,617507.8956396824
280000,241023.67663229993
750000,733268.9854703108
450000,478656.7802613244
380000,454363.44366072037
900000,802366.5321481924
275000,270294.18417948595
210000,250719.0155004404
670000,717301.9937677777
295000,298458.8786550389
870000,974643.3595168439
250000,276924.9003710182
950000,969114.1998780447
560000,529200.9795163266
610000,684358.5359571178
140000,157337.41954650622
1930000,1888546.3821557001
1550000,1366246.2900590196
470000,487326.33459935704
2600000,2555676.1083770273
700000,710409.7946271467
220000,198941.33573888804
735000,701522.6862087748
630000,766280.1175049632
550000,499688.73475239973
570000,585641.149849511
310000,337963.8245860886
640000,606774.3106864193
950000,980004.2280244586
660000,647901.6970512545
750000,815227.6240981425
320000,368507.934661767
230000,225126.9897806937
870000,844238.0027161817
195000,284736.8683308998
485000,515801.57816488954
800000,795858.9578648966
560000,591472.6958346524
300000,345517.0452981082
385000,310522.030146573
770000,730640.5664243575
7000000,2858356.1655409024
350000,456872.2957747208
1100000,1037771.8263641717
440000,500517.0106690893
220000,228296.79008193148
780000,702496.2228620616
900000,857293.1443703967
650000,627245.0128718263
2225000,2050511.2412304808
400000,336948.5362857788
4000000,3531481.115935813
320000,220510.23594888332
1300000,1025132.5560610063
1500000,1629535.0178654967
650000,656099.4490763019
690000,643004.5274002221
1100000,962540.3686485229
2500000,2715299.583465588
500000,407829.9457333441
520000,669725.8165211513
900000,742000.9450631225
2000000,2021579.356733713
850000,787279.7863383676
600000,583732.5429989317
550000,528483.3459925741
300000,223143.1383274019
315000,345122.57361716876
370000,386106.00655443023
385000,445069.77072498616
175000,283131.8569038567
550000,488164.2861380809
220000,311354.1922192186
800000,793837.1850918354
390000,399931.25677996315
1920000,1982833.3214413382
550000,592038.2512934514
360000,390618.44431904843
530000,474953.20239050756
260000,261572.07022343398
215000,248791.568654252
415000,465775.19950079866
90000,163468.75040264305
770000,806408.8175231534
6100000,5180868.852919664
360000,323074.645126283
650000,683318.9243674607
290000,372001.8866498555
645000,667720.9534681125
200000,320682.2408028308
235000,267529.32653904107
1000000,990101.9826875691
620000,652290.529434258
460000,504197.3498066352
380000,338971.20183777413
265000,270552.00017959764
550000,512369.18775990856
770000,735217.1338677523
380000,404676.89559283876
750000,782091.8431347517
200000,232301.4739073181
460000,495802.59956618457
300000,316636.6088236787
830000,778811.1224973609
90000,107363.85922462775
780000,711880.815015843
220000,180383.54463426568
540000,467403.3004003183
620000,595992.2536334621
700000,638101.0856743963
300000,325848.1686190648
420000,489931.1397707275
920000,969860.0030197056
360000,232475.3922804567
680000,727115.0075748134
350000,367559.98524374637
600000,550417.8990975751
120000,134222.49262036532
235000,270783.4851373103
260000,234963.49929557487
900000,820981.2400908112
1400000,1347686.2367892708
600000,539381.1222700934
1450000,1336489.0066653441
5500000,4073735.9090543534
1200000,1192733.9473015117
1000000,881395.610395666
770000,796392.9505997408
390000,327844.25100732164
4900000,4118293.8587481966
4800000,3730904.3397371015
1100000,959661.508720824
1475000,1416722.7952376783
5650000,3303806.796087969
850000,799710.188558697
850000,836193.1990001969
1450000,1399557.532352403
200000,181853.06801325697
1400000,1439019.1887554314
630000,712198.5907085884
290000,261264.95759429806
210000,268662.71130791534
160000,210928.45454274828
900000,769462.2268151628
370000,552778.4423755553
280000,307763.12384663074
250000,239651.17608851613
882000,774321.4582729858
870000,754768.7963648305
660000,613155.0178463475
930000,972560.4670238661
290000,291634.0139366161
420000,393591.6783700376
290000,297992.85907884786
210000,305850.15889290784
450000,467195.4842339762
4000000,3595253.941261321
900000,873774.8934504504
480000,478843.36795317114
525000,585223.2851436795
390000,649558.6283371937
270000,294866.886874013
2850000,2679505.148032708
620000,613088.0807357297
220000,230262.02329263228
560000,556314.5925020573
220000,297357.9603272822
180000,203255.12705535055
230000,252740.31819296547
3950000,3650415.549504323
920000,923587.602944038
960000,935026.0895556936
403000,448497.4595979889
430000,432457.45781001647
670000,682956.2869055012
440000,396884.20397389785
4300000,4518827.41327368
500000,470224.33862039325
590000,572757.0517910861
340000,359683.29678765626
730000,738724.2819124404
185000,235073.3928111997
450000,468627.0033512806
1400000,1339644.9492238022
230000,259267.70790732422
1090000,1176411.1331432988
550000,485776.621960058
520000,530404.5590646266
800000,767888.8359365289
1650000,1882721.9324357857
800000,892685.2341488616
660000,614967.0752684112
300000,384756.28428133245
3200000,3184119.453936923
350000,345953.64502571046
750000,645601.0617975838
270000,315688.8907021468
540000,524078.903298393
280000,265165.2063867775
335000,352697.63392953837
720000,699112.3704016611
799999,865490.6587312421
270000,234486.99085022637
270000,371865.1593213266
590000,518728.501306009
350000,360526.2366264707
980000,1014476.4207749094
1300000,1174769.8974015466
790000,751671.4086676289
560000,565015.8556511544
220000,156146.06810476093
400000,340224.5404364415
390000,380373.7523980581
575000,668606.3301730873
450000,455905.67763640534
300000,293495.1313954665
550000,536472.1313359697
295000,225481.76290167085
2550000,2395539.4036087915
500000,496643.84547117265
670000,745797.9115808291
330000,299688.57704095606
65000,68944.11478343581
650000,652263.2381754863
470000,483950.5726633812
130000,141794.81356942508
180000,164996.48885755005
200000,239045.06434511844
570000,550737.7382752456
920000,1000655.7617328697
275000,291008.1425650059
690000,671987.7303637225
700000,676554.3377483641
827000,849412.8620335399
260000,244944.60552237456
460000,396427.5942275598
250000,225479.72950902185
1150000,1116588.3720950983
525000,617580.1165113024
570000,683142.8507589769
475000,417597.80817151803
475000,483098.531257103
475000,660445.1793716513
370000,414477.38644833665
730000,860783.1271732644
90000,129015.18136618775
2875000,2957526.3577678194
950000,924414.0909202262
715000,740609.7870227065
790000,691406.4945293952
650000,618925.0979415049
580000,569095.8471630984
600000,708809.6319114949
145000,164446.56906309904
500000,485877.72358919174
620000,662318.374143129
550000,658452.6341958287
320000,280093.23419403896
650000,645193.7519871884
155000,129069.74902225555
230000,259749.30879379297
290000,368130.68066088227
360000,382085.7932681329
550000,517671.33279258356
550000,649929.1018519348
205000,181206.13739529432
600000,558976.1742724718
560000,507928.7031021733
900000,929857.8527984638
700000,628153.6148926059
375000,388454.0909115605
3750000,3872066.81628202
270000,243231.8377171658
3250000,3235833.159648848
745000,755739.6590719691
550000,491868.25880800013
2250000,1815009.1794682264
245000,347752.6392727816
2100000,1006191.6613092987
4250000,8781106.029831061
680000,711307.578093639
220000,183612.9243250148
420000,400876.465294697
210000,232852.42652711214
120000,158463.77396742871
520000,470597.5812879011
450000,573542.3378009296
180000,201288.00388600046
470000,468456.6935310846
280000,258661.43279216543
800000,584107.3674548585
285000,365006.2878561846
320000,296283.8144065081
690000,657949.0579550021
815000,821972.8512020234
750000,744383.0421930527
200000,201796.8961836986
320000,294125.1334637328
1750000,1695935.132608054
125000,122202.98149739367
570000,593901.2483453382
660000,512252.8278966026
750000,645664.2253424634
450000,560302.3973202676
550000,487227.80419703096
600000,578740.508872861
520000,517091.2027510828
445000,483856.8307532894
575000,697652.6927675783
530000,544647.5220985912
380000,361341.74951027555
1200000,1149179.5400926177
1400000,1372111.8689139525
650000,701352.4638430736
1150000,868955.3298804217
570000,768025.801808231
347300,312828.8537713158
200000,301849.2691391156
350000,358309.81752668397
720000,484367.9486489577
445000,445097.528576084
450000,408915.388835014
320000,290420.45029285026
135000,141338.76973795757
800000,908644.6320921435
625000,538664.7442448572
155000,213642.0085501569
475000,442356.4643220198
320000,321251.9774799472
675000,627650.8040920156
265000,237414.6833304958
465000,441737.3421788601
1110000,972618.0167922818
580000,514527.2307657709
545000,444708.7278366888
810000,744997.4642306028
370000,377619.3142275676
350000,292955.77490353625
700000,722403.9440433306
720000,837113.8528617282
760000,753258.0115989011
4800000,3934614.477691828
2600000,2515886.054308067
790000,710978.4762423919
2100000,2289525.243446786
1800000,1748975.7955072362
1490000,1308594.3552157367
750000,628273.6511230484
3350000,3482615.3908797195
840000,963771.9264772731
5400000,4066997.448618535
560000,528477.0755402942
60000,155188.56341320905
185000,194149.42245690263
735000,634440.3449256008
195000,220065.66968199218
495000,441194.27816597733
590000,634718.8640882333
770000,724048.7806057264
180000,292684.87634896534
120000,113590.19783630651
110000,135679.64546284283
1500000,1496291.1162038418
475000,424512.8652462435
1180000,1065718.8185890322
560000,584667.6068653825
600000,595108.1638476341
3720000,3299967.6134340875
1250000,1264314.0819325158
1900000,1986021.2289552256
800000,767234.5073264012
2750000,2417400.7019451936
950000,1197583.6433469437
1900000,1417814.3230777688
300000,295511.6035801488
230000,259765.23150086903
770000,561195.6589787975
600000,594636.0756317605
1250000,1501864.9037953939
250000,277862.5492046809
780000,750363.9400296232
350000,284414.834980368
510000,517441.876553506
670000,666137.4467495767
435000,438536.3512974207
1120000,1160269.4590987489
335000,334873.51035026816
175000,152869.5227669189
800000,824284.102439343
480000,393646.5676199817
550000,577086.5666734708
400000,377285.36782794644
820000,787669.3381203464
1850000,1906543.9406843171
820000,843245.2663352708
290000,314824.4499614767
1150000,1062801.3436087025
680000,757814.0151490982
60000,95940.70110325179
270000,280166.2396895264
5200000,3813115.915434411
790000,804127.2097592085
850000,764172.121072221
560000,566038.8338068605
15000000,14493059.05748082
450000,390611.46272234875
450000,429527.99119911593
220000,238901.95664405075
2850000,2745012.284159178
750000,608621.5506025918
200000,239849.19244112476
1150000,884744.7095644742
3700000,3401264.4721770114
970000,1013002.3187996447
1600000,1550396.6166029128
1250000,1177835.8620500127
1100000,1047578.76725132
240000,252191.9606334442
1350000,1148232.6758643335
750000,787099.0493995768
1220000,1226806.1618143974
17750000,14568046.097941546
1200000,1377637.6464392242
1090000,1094356.7728257577
650000,644895.5314541553
180000,180149.61125054577
230000,224793.9786913041
360000,421733.50518276705
715000,804501.5093650153
1000000,813502.4180052822
540000,579892.0075994169
470000,462928.3758798628
730000,673311.14291621
340000,330483.78500208375
370000,437576.4476062232
550000,567083.2140424476
200000,222378.20368481515
450000,487852.865057197
650000,681237.5945650117
160000,204390.39294931517
850000,786592.1580926095
300000,307955.9784069655
550000,466168.3445471453
370000,440282.2304028911
1850000,1962172.3630231044
200000,287296.57470198156
340000,389020.13299653266
300000,286268.25286562584
450000,478169.7992935781
2050000,2018650.640612236
4500000,3942577.1322036227
50000,3568545.536311949
650000,639429.4154035983
900000,926167.3467717675
1350000,1264235.4254714071
1650000,1591832.2432523537
800000,660140.4287424383
570000,600987.2665576485
430000,445168.1123936684
440000,493216.0970933159
520000,590579.9658221507
525000,517742.35722472385
110000,166673.65335856486
650000,622123.8717715316
2750000,2859365.3556009415
810000,784910.6581310733
735000,716072.7676523459
900000,685333.8149057798
525000,552372.3293809185
650000,617201.0023999326
750000,749037.4195305599
310000,269966.84671660943
2000000,2068721.5536526258
700000,706045.2326681425
850000,730436.3491792722
400000,441723.55281502416
400000,387701.3529388136
340000,304542.17335668305
225000,190644.21085009092
750000,705360.2529550234
950000,1006615.4705270323
1100000,826880.8829596642
140000,143225.6823663504
260000,275370.01521431585
270000,329674.20364301046
1875000,1882532.67794964
1385000,1245000.17146165
895000,806693.9133798669
1250000,947020.5244915015
500000,485975.3710617286
990000,1151924.515745994
310000,279140.4099764145
320000,335185.91841661895
880000,862902.6052261798
175000,243665.59483221074
245000,237104.64298090863
290000,283014.5645002989
1580000,1559986.363294715
1350000,1016836.7569196726
210000,519282.0191655301
4050000,3892123.62020025
425000,473967.9885227916
1450000,1293373.786471162
1620000,1630453.1939861788
440000,395469.7298267849
370000,398569.02272579673
600000,599049.7278137951
520000,525376.7813150026
230000,248902.663728527
975000,971255.1682069453
160000,140895.24842457316
500000,565945.8787212607
360000,360910.2484548944
1100000,1088016.7983376645
2000000,1824723.8444338501
500000,486882.25946036476
1600000,1164064.3501701744
750000,810810.6307588335
260000,293973.20607469196
320000,287072.14855578233
700000,654397.2120021293
1500000,1384655.83368586
1350000,1210926.0218373535
1100000,1140616.5207904675
700000,662500.3377369879
1250000,1236953.7053929996
1150000,1116213.2871775248
540000,446555.44631059363
450000,413905.7387606103
1200000,1065322.8590028742
330000,311526.55683587806
840000,990178.5555914199
785000,754537.269055859
600000,735757.5148262561
880000,830559.5741145967
2300000,2308453.418424291
2799999,2784412.5506892004
700000,2507676.1218276843
485000,411478.94778968237
400000,457110.37701944885
820000,756019.922665734
450000,430020.1013515011
455000,444820.6683479707
780000,769073.0112992042
2300000,2039460.603552724
400000,420527.0888998796
450000,503296.2661351688
3100000,2774331.9578644983
700000,627205.7740769546
1250000,1336899.65785436
4500000,4204480.580953541
1300000,1236493.5262771724
1900000,1893621.948276833
730000,787176.234562686
760000,591533.7737007161
285000,259039.31604200575
205000,215906.86841423268
250000,249555.2488337372
570000,626332.5837358875
900000,927678.4172891688
460000,434650.8163902616
330000,328292.7157986324
590000,545628.5099316549
875000,908268.7601341449
260000,235102.79445189823
1250000,1088634.2878721796
4250000,4332854.127043424
850000,926732.1271080825
570000,573529.757922285
265000,300671.78497173137
670000,575867.4568014254
390000,339651.2572424927
525000,581316.3268382278
430000,516655.35159059503
870000,926581.1883179068
1870000,1799140.2994531617
650000,650305.6049604438
650000,676565.9520301945
950000,738227.4160506794
230000,257522.45788034768
690000,839891.1208963945
380000,358838.0640941942
840000,853688.5011468325
305000,334037.37457412004
375000,403054.91785131214
150000,121556.51700343443
1555000,1481002.559151776
380000,388531.9574575725
820000,883016.7436901485
1590000,1932830.7240915557
300000,295316.6704829085
270000,249819.4446169089
575000,669310.6660869198
1000000,984851.9519892937
440000,284225.3151228882
50000,76686.38550153711
46000,69282.81932825106
790000,751873.0712013699
525000,555799.7897017573
550000,592718.24374532
800000,900125.2719553824
1700000,1415492.6440000087
1080000,1133338.911936
3300000,3440890.636268587
1400000,1565507.9508568863
550000,536585.1347402759
1350000,1214045.7725024172
260000,229878.6528993617
1950000,1967846.0639062417
700000,630488.8489301949
465000,449445.8763615909
450000,449254.2218629154
280000,337435.6302860418
510000,571115.1392470087
175000,216992.97384854406
200000,205758.27004421188
170000,205642.69175377302
1000000,947593.0913182923
1777777,1528065.4799354097
460000,576108.9083138896
300000,279876.5455044681
550000,477666.5554838946
400000,351893.4943443066
700000,673125.5018977004
780000,632624.2000403289
350000,318348.66222352185
600000,501899.5307944611
225000,237140.91985234665
565000,593646.9874638008
490000,579512.5708413228
780000,886172.1616675205
415000,437301.51519936515
1875000,1696052.364704281
200000,198810.25368492224
270000,290175.17120979447
670000,608719.9330499233
600000,523681.1189810313
1800000,1889715.72661521
750000,746929.5752881195
470000,379762.03166282823
350000,319954.53865629394
70000,70815.1006252162
540000,579316.3777218937
270000,314117.8595223319
280000,274983.4963066803
570000,598168.0569277633
435000,442453.05933749833
700000,783780.5900248004
1000000,942459.1819056475
185000,174125.38057438596
900000,923447.6668655252
320000,315508.98690536444
680000,675402.7158671832
150000,187826.10253695256
650000,421534.8576799952
265000,240613.32175482478
700000,769291.3642335032
230000,290404.81509277114
300000,246571.83961222114
7500000,5068756.5913402075
250000,257443.73731728582
1390000,1188404.1991770202
1580000,1477405.3783290023
380000,453680.78610302566
700000,724450.2878232722
780000,846790.1450775355
570000,566859.4976667026
560000,511273.6342292385
420000,335243.73323141766
4300000,4441779.541047152
4200000,4257293.3945075
6650000,5831220.074535513
570000,501312.9859056344
310000,294020.4847993758
860000,900479.8434427254
550000,644973.3980809642
850000,1021394.6347462257
325000,285230.3877470409
520000,552372.3293809185
485000,456289.0736122507
625000,647346.1438939194
390000,377754.95362785354
170000,184913.99882488162
400000,461065.3473012529
600000,650540.4125015627
800000,585809.3697296482
1100000,1244111.388380195
280000,327739.35076273925
830000,817814.8194291411
840000,822063.2941116809
250000,278188.16981265886
340000,321174.50609471137
810000,827995.495282756
1900000,1668520.2212860407
600000,551293.2599082226
1300000,1193079.392604136
220000,232585.52974084974
250000,241341.27773449878
650000,633323.5984141144
270000,256117.75206242112
1100000,1072681.8235586688
1925000,2071030.3205424575
160000,181354.59361549988
510000,553536.429369841
970000,990057.5444599679
580000,576195.135279656
575000,629476.0433613028
470000,404228.2982197007
200000,252432.11014993538
9000000,7912274.71696055
130000,153622.884631472
550000,583704.338883684
85000,82787.86371069436
370000,352301.76596881996
450000,470582.82755487686
9200000,5156948.754502758
610000,583036.2628880164
450000,504568.00059075624
1600000,1397195.5214183433
350000,360886.61815767357
1650000,1687836.2955044382
260000,222140.04084894573
360000,373351.7720867277
2100000,2059872.6186445744
2300000,2755057.642008582
655000,545895.7148658329
225000,333252.24344843306
1900000,1842865.153046656
600000,564366.3046764042
580000,589703.0506728382
390000,454257.31628630694
980000,890809.8551732866
890000,991905.2091184134
230000,233404.4983635749
780000,801341.4364000879
425000,432446.0631115687
510000,458055.0438342053
350000,278553.3625122734
3200000,2246609.7050388716
800000,810467.7943223204
1250000,1178081.1184073032
845000,832805.6199484486
950000,1011454.6250374303
520000,602438.8693189566
450000,443551.0986953352
450000,544202.1081812143
540000,540130.4059083295
270000,306285.90405200236
150000,210792.26425878162
780000,756930.3463411588
2850000,2713631.9560224833
1150000,1006550.7405670085
1540000,1463354.9335864342
400000,452562.8266778491
650000,604010.4376447786
570000,647356.3514324762
980000,1021500.2128226846
3750000,3062558.9868577016
300000,271609.1672080225
680000,698499.1472039575
1000000,1035463.8552908823
450000,445196.4276182591
335000,316601.7264923459
340000,392171.2444203995
160000,143440.83609867605
250000,243451.8115182721
350000,326114.22042905877
170000,233484.8657522805
380000,484834.2561116159
790000,796715.6604728749
695000,688363.0962126495
980000,1082286.7923374875
320000,311894.95209732145
965000,816154.016365858
2000000,1946899.7973334175
190000,227903.21604644388
620000,612553.104305206
130000,138750.85637236125
500000,566861.9057413046
560000,547701.254333589
399999,566814.1449413946
490000,528886.3529823389
2650000,2459811.3726450456
850000,735476.9329760391
680000,671675.7547363031
195000,207817.86589269678
350000,320182.4937668578
500000,513205.2694708462
580000,569825.5035164069
775000,747480.1639980935
145000,176777.02535641106
395000,314335.54158424714
1450000,1486486.2184950886
750000,731359.2593131111
2100000,3171562.1862141895
420000,396418.7507697369
1150000,1233692.527618647
280000,269547.85198622476
570000,453066.8131303746
700000,721701.10135349
230000,270348.10186185146
350000,358362.89443518163
620000,624005.4730832019
2700000,2229241.2637422984
1900000,2000397.5381008286
440000,513542.5971668267
2100000,2170187.812372722
700000,651096.1922111693
970000,1036218.8544332471
250000,304405.1913170183
600000,657293.485975571
300000,322586.18860432605
285000,300296.2814776658
800000,791739.990175229
700000,725714.1590210786
180000,184862.955262692
260000,238591.85618350536
330000,370635.1934553371
455000,497448.1033671933
480000,365664.9133093443
5150000,5167098.693679228
920000,1022462.8934441421
350000,310970.634987281
1270000,1218652.5011225427
900000,911293.8841519795
425000,395485.9347122099
690000,755599.1174768477
650000,600747.8291596073
2350000,2496638.4889014685
850000,659974.9928702326
350000,339810.2237437064
410000,387148.14157701953
1200000,1241171.3401857987
295000,322145.31288660073
720000,726693.4694423311
520000,531297.3564965847
850000,1019641.9031060264
570000,598269.972446003
580000,574590.2412568412
2690000,2607528.29107345
260000,304717.18079558504
335000,319200.3480234796
1550000,1480271.3677148537
230000,235444.08486003865
435000,442984.9172373696
1370000,1263389.3820107107
4200000,498561.92387123965
4000000,4026579.5069518397
325000,343105.05905382824
650000,829771.9926586403
650000,672643.6187347638
500000,626647.8601155722
2750000,2619430.867025193
350000,310426.44325091725
600000,578456.8074012361
630000,727567.8488130603
325000,348240.3948439485
1070000,1098699.6547576566
930000,851439.576896989
730000,785438.6061285399
720000,741793.2518159973
340000,308685.4265285109
470000,365674.22247069195
210000,232660.52451190716
430000,446587.33241556777
350000,301510.349363496
550000,510433.9359182336
200000,207167.80479368893
185000,224040.0332810405
530000,543360.0400309673
690000,613393.4631482218
720000,779968.7250163072
700000,655901.9395732433
160000,187305.9155343877
4550000,5149786.041771017
1020000,980993.3702286266
3400000,2623547.7664065096
230000,247101.32090714911
39000,69619.58201876715
1350000,1377972.1962668477
580000,584576.9113175755
4200000,3412785.7815879695
1050000,1005318.311617562
370000,408946.5016859497
275000,353353.1220328619
620000,560524.6842199351
950000,1020093.1691340443
650000,593121.4790767397
420000,537273.445716107
725000,857316.8807594567
580000,661632.5679757702
400000,445271.49230771075
470000,543060.662826368
770000,741300.2382910185
150000,162648.40373052572
80000,83861.17244291665
950000,873349.7645393094
500000,669136.7762412527
790000,674495.2574258001
730000,648379.6981834772
1850000,1892267.8638269661
580000,518938.83698577585
510000,551947.0340634803
980000,990396.1009844467
2650000,2640087.692180969
525000,472929.8803617732
1200000,1318183.2923552522
2000000,1951690.0387169893
380000,376426.4323647963
620000,605125.7843823849
670000,718609.3226478123
1580000,1449154.0892624152
420000,423228.0935903807
300000,291255.9418010674
2200000,2095252.6557733808
1175000,1141033.8450772366
1500000,1547785.8465031409
550000,546960.1213444364
1490000,1572803.0531803092
320000,296063.5663628233
2700000,2399355.242239689
1150000,991525.2357324043
720000,715838.3646032464
170000,172305.09918232425
750000,596368.7187907976
1000000,890503.3973281336
700000,703079.3910952408
400000,458997.74624792836
720000,766859.9096134446
185000,196862.88500315696
250000,291535.2130928475
625000,837637.7111350731
530000,536414.0366613155
725000,850129.9556159873
690000,648675.4725344364
320000,289030.6067879477
320000,303745.63709503337
285000,294174.1856052202
430000,391352.80901229003
850000,736618.1898050314
380000,377846.0120125717
1300000,1215783.0612136505
400000,377409.98926142877
450000,395338.8949051029
500000,499114.8622071464
2500000,2398444.6648945236
315000,230484.2335749066
550000,520482.1495520524
650000,564747.897033692
700000,724515.1102970742
360000,377623.09061728255
640000,562533.4055284966
365000,466677.2348404986
270000,224524.64135612934
510000,520254.5603370047
300000,326579.4164942615
575000,637069.7327141479
1215000,1177924.957023356
1070000,1033132.4908133345
180000,231295.6255198541
800000,738110.5784282697
420000,525795.5699544741
2000000,1868452.0561887957
450000,422671.04723770544
2500000,2636964.095994358
450000,521241.2253366481
400000,230572.53073058353
3000000,3477604.584465101
730000,727270.7919801552
2150000,1923648.995447325
550000,625083.8661172022
730000,838661.2633501132
2500000,2451001.474024277
245000,278994.5063146667
1750000,1996174.6251711536
300000,320650.5871141751
150000,134589.86494538834
710000,688538.4916000038
275000,295356.00036689034
660000,686457.0734597031
2000000,2070578.9255225572
1590000,1321116.509664644
530000,458572.0495616111
200000,210550.46096390806
280000,311650.1078872174
5750000,4958537.250222108
340000,305285.49546282046
55000,83756.10783125088
380000,319263.72462247114
2600000,2263628.4875084087
420000,432287.8096846148
725000,853167.8375305528
1120000,1192281.9230411632
200000,245309.61726791222
210000,207801.6666642816
735000,612340.3931139263
2250000,2134688.1894665323
1350000,1395691.3613562004
380000,397344.3260814652
660000,616625.0757031264
1300000,1447005.1344262077
230000,211187.6057299146
450000,502994.1922849147
1250000,1046513.8309529908
1750000,1656815.7073466692
1150000,1156615.5399771924
680000,683904.7635563888
410000,450434.83198270155
650000,712482.8883534633
350000,264551.7559183358
550000,552388.3957848347
700000,725833.7282055599
585000,564082.8461819403
130000,96974.77868195332
400000,328026.96820661717
650000,723537.1924733731
680000,659162.517033982
1300000,1359073.9522657464
650000,624751.560401931
350000,239161.641400254
205000,207315.58193848672
1320000,1147982.4275201568
410000,455235.2540213575
560000,551936.2587683913
1050000,888333.7453790174
400000,338041.5496854184
530000,501307.48461173207
600000,591370.8051670472
480000,409034.71289844415
650000,646502.3277084818
1400000,1501260.7588134406
500000,524698.7459447458
495000,438207.60094013705
3750000,4343250.63466456
1480000,1314694.0689271218
115000,128341.18188935543
280000,290499.46172397776
1350000,1143469.3287401253
280000,342737.71751258586
1050000,1012324.3292904434
750000,742139.8661553909
3250000,3050947.6515462995
780000,695817.7226611687
750000,695367.5730892908
260000,197410.74709624037
800000,858375.5084646903
570000,548332.2274477249
660000,635811.9995050476
1050000,1237986.5545133767
380000,487447.0968189339
410000,392833.5023925215
610000,533587.6193008518
900000,762907.8547702947
400000,438615.9663024971
850000,936998.8768873166
1900000,1972468.3987301402
400000,399958.74594027945
925000,966165.0256011591
590000,580490.2480353841
620000,689492.0069398405
2000000,1902263.0928651497
790000,839894.4323792118
225000,212468.8245768551
350000,472258.393072467
2500000,2304480.531178332
730000,700407.5934525023
750000,721723.2859352913
1330000,1177605.0419705953
400000,389349.5602000465
620000,595765.4729509018
520000,527592.1756715103
280000,291703.247848596
1200000,1018186.3351863684
850000,783609.650328106
1050000,928652.2541067217
350000,355644.2988985759
580000,606772.9128550036
370000,368677.62515352754
800000,708384.5010367377
820000,724178.7168045461
3000000,3234084.423516529
375000,402285.2327844338
550000,543162.4725283093
620000,669401.6309596188
690000,660830.2558477658
719999,643196.4869331036
2400000,2389432.147791567
600000,600273.1374069625
390000,388069.20207250107
1250000,1067489.8149977033
490000,458219.17002476234
340000,337513.83624338976
585000,608961.7301903742
575000,524883.8788263144
250000,253106.536519667
80000,76223.17354687641
300000,273284.19455819676
180000,215430.34825135514
535000,566444.9959041309
750000,781493.028829287
530000,511723.99066717894
260000,345477.9467330954
775000,706431.030815662
680000,754370.0057663617
820000,782903.4081349357
285000,294540.9266837432
525000,580027.1382810497
640000,666667.6438610287
600000,581515.267731836
360000,291059.52370679856
1250000,972223.0468312389
390000,438390.55388015613
140000,156490.4523768646
1150000,1083356.4674321464
630000,553970.8369450066
2950000,2136761.463972446
4500000,4390863.160049234
2700000,2768457.6276843087
725000,708495.126174663
770000,725695.8645482702
125000,181288.6771021978
300000,285946.63610463205
600000,543081.8799875092
870000,695132.0985426764
400000,499265.212604829
290000,326267.85570249194
630000,808990.975982271
355000,375709.21443153307
3575000,3890972.9489426333
490000,527380.9772459746
210000,251364.95549346128
70000,70941.89964097651
135000,99310.42976481098
750000,695440.5974400828
1150000,1214529.6594911136
950000,958590.2453167704
125000,146453.99045574095
490000,550146.1623675184
310000,275999.1743380915
270000,300625.5828676211
700000,557479.63924259
250000,264710.36174665764
1250000,1242669.6334687625
495000,532043.7827783648
2750000,2817372.9184312555
255000,265168.8593620073
320000,386769.372712743
245000,283036.5748793336
660000,672197.9830883705
225000,317218.0452860132
575000,589842.8055700549
1100000,1216031.3416042267
810000,886671.9279440285
660000,712738.6878018099
1800000,1741664.7113994407
800000,690055.3730618157
2950000,3619314.4637447903
1350000,1461067.2469657068
270000,242415.07142626494
450000,538488.6422916981
450000,418233.98671453795
370000,330886.8040685951
490000,476431.57870450336
900000,855458.6310692139
160000,157595.80990968816
520000,539466.1626680259
1250000,1292445.1880798691
350000,408239.35178433236
800000,798273.577782238
480000,462536.96863727254
1690000,1771145.5018084266
590000,616265.1850699342
300000,280869.0610497989
380000,443017.7174969414
285000,239638.50652080504
275000,353828.43381501664
1550000,1410061.995099891
230000,267193.2922871743
1050000,1005571.3202901335
540000,545755.996386787
650000,519264.6033786464
1250000,1369246.3158409847
350000,365864.6588054044
680000,676294.4483558678
940000,1178336.5324462773
450000,368892.1636382669
775000,830619.8929096572
995000,931587.5187675514
950000,894889.4083910387
285000,331662.51207540213
620000,568450.7788024723
360000,311471.19804718584
65000,115677.78253107598
65000,53453.10148788692
375000,299653.7769070629
450000,468788.5386815306
600000,651460.4413030996
400000,367340.9133901635
300000,258538.0974694192
6749980,7858397.6657147985
1150000,971197.2203416629
2000000,2062181.9375957106
340000,323644.0298170027
650000,702144.58980705
550000,546457.8200909356
900000,965375.7122342162
900000,829876.5917175739
680000,621218.2848398734
1050000,1381453.0246226494
230000,289325.53024423297
1500000,1576681.4791802003
800000,847959.2277878388
220000,255985.54566102967
290000,265009.35456680047
500000,542610.3917372819
355000,421826.35671723523
260000,283903.40785814833
650000,675088.0995624501
500000,864881.7863848975
642000,665496.8943021841
100000,168405.3701421892
4900000,4220554.095545406
200000,274789.0139824531
5000000,4255397.74416589
2650000,2615480.615779731
1000000,682545.055583711
4500000,4306231.953058788
700000,727448.1575697925
450000,519374.060000562
1400000,1489330.7550875947
470000,486637.39099611394
920000,780353.3254172246
1420000,1375045.6966093653
500000,550271.7399225347
200000,227460.87447294514
65000,52996.86968754539
2550000,2696408.992722487
1250000,1246348.620146288
460000,543359.1595187777
470000,411315.658598296
450000,371877.7212243711
360000,343013.43152564677
1350000,1342994.8064108505
1200000,1002590.0745709788
2250000,2025946.4945959577
3200000,2598745.7145141196
415000,402990.1212191868
295000,295842.96413534175
560000,606597.4830446673
240000,239447.92517155025
125000,112038.98805021391
1350000,1572734.1397033245
4250000,4220579.31318741
4100000,9441324.827445172
245000,255786.7409730325
4000000,3288411.6846621856
547000,547050.8711347937
1350000,1527609.199230114
310000,326152.34156068607
500000,390249.3207076351
300000,351376.8665660508
900000,909294.1510520774
240000,200303.44479898925
660000,603814.9067664352
840000,836963.248379099
2400000,2270018.6230305955
480000,672531.1606390908
3000000,3209052.6055394546
850000,920898.2934789674
12250000,11067502.25124299
680000,631190.133375686
420000,453779.75861377467
2600000,2491767.816387297
950000,1032820.7466777535
400000,488774.9901336302
240000,246688.14774850008
3200000,3235791.3382533537
250000,292259.48628594563
1500000,1557620.4437973222
620000,608377.7632941562
1200000,944032.9468413689
750000,819983.3117432353
810000,920839.7038286903
520000,509228.5824989355
285000,280349.46022826585
700000,739160.6750745637
640000,709336.394916563
400000,909913.1771976652
900000,1114076.116272134
770000,850735.0593772936
1050000,1042814.1299385992
850000,880676.3551512515
400000,1059453.9232227856
950000,1066902.3002660885
225000,245130.37445901823
270000,266455.04846541426
1000000,970331.6809968932
300000,307677.16130399716
155000,90392.97392697683
250000,329533.1004227335
950000,888614.4588674633
720000,734339.4899893824
1100000,1134549.801089832
1500000,1750645.9461736085
120000,160445.32594891978
1350000,1290148.5518625851
120000,149481.7962835721
320000,332007.37448945496
570000,556421.2602067813
1600000,1614405.3748615214
400000,410639.57970216125
2100000,1892778.1080413966
550000,563391.4448244309
1400000,1266607.5070579124
395000,385161.1735250021
2150000,3011683.109466392
3600000,3465204.0404513692
125000,122238.40499393975
230000,231370.6558302185
2000000,2060374.5780021641
135000,162493.66709425027
560000,557736.8180787178
149900,152387.25159707936
90000,138007.1528339102
650000,697767.547211896
700000,730320.6635140335
200000,243058.43607921764
430000,472250.3328256076
85000,83206.15704668932
950000,1003577.3202144154
690000,771185.5559329157
1500000,1782047.1818732067
520000,605294.7394243516
1250000,1264532.9144678372
450000,454884.3460940022
350000,304104.0365610385
1000000,1181388.4562023364
1570000,1541175.7544913802
1100000,981969.5207667025
850000,763724.7752040052
650000,644143.123309195
860000,1042562.724208768
520000,519075.0389012794
255000,245697.94694758198
190000,230120.39695082355
1300000,765011.1554049549
5500000,4700499.829022267
1300000,1200548.998038834
345000,345453.53797136457
580000,603366.7698076091
700000,671239.0744412307
1300000,1169955.7810247974
470000,526025.0833206015
750000,517525.1072392555
600000,644201.7529746278
56000,54822.53221065281
210000,272091.2782792572
3600000,3328268.1917213025
950000,1043550.0252251389
235000,211862.97146098092
450000,412595.261281167
320000,296144.28589597816
89000,165102.56610201
870000,901643.503333427
375000,370267.5778832095
760000,832395.9960057441
3125000,3252855.4967511077
700000,778526.3776689816
325000,328765.82148806116
530000,583754.6612758315
230000,201109.0139642075
1300000,1172484.7269359767
260000,233240.0258483471
600000,655077.7981240189
1650000,1523032.917611091
1499000,1528547.347335701
470000,503853.10592882236
550000,564083.4886996022
600000,650213.2329581048
1200000,1167167.718210912
550000,897861.736624042
900000,921567.5773111688
3700000,2160962.9226364023
500000,539575.3256581587
725000,815434.0446193264
260000,230051.34014775162
190000,327023.95716034033
875000,860418.4283879237
720000,775865.4453767643
1790000,1849136.3077675356
630000,639374.9604290872
100000,137376.8490469476
320000,279943.2943710025
1200000,1308713.3576022375
570000,561508.2273542654
600000,625060.3690133492
1150000,1024917.1388250896
290000,277233.4189318215
400000,442444.4531309672
250000,258298.71615696794
620000,595855.6087801663
300000,383937.5837311663
2600000,2725192.519129297
3900000,3961691.91173251
950000,898003.1399705375
720000,835500.6509053375
300000,330464.415455955
710000,722222.2600633828
235000,315319.205272289
350000,341736.6086508799
610000,640212.7004676227
450000,455060.51672130235
285000,277541.41019357275
630000,640850.4005444827
200000,235589.2315736988
230000,252195.65820933098
1760000,2172773.590551974
220000,241186.45105284144
260000,200898.6260364132
780000,865434.5421796156
150000,144116.98818709725
320000,342697.4390108223
300000,317476.087058004
365000,384359.3474475529
1200000,808887.5999437196
300000,265641.2803772135
290000,287276.4804958255
1000000,1176522.2106448563
565000,625192.2874158656
325000,352676.29907733656
480000,481534.5311044095
630000,611231.0369753914
2850000,3470059.8955443413
285000,411062.9553113078
550000,552865.6134849355
400000,386749.0329874253
1150000,1222508.177317117
145000,123678.60053994035
875000,1003393.5293950482
185000,338423.8478033676
2800000,2368062.3924590745
740000,840422.456204084
350000,382223.3167672359
2800000,2468202.1821370926
375000,375651.3119782828
450000,551801.5271186127
350000,388103.46326134104
1700000,1656946.8365019967
2500000,1303884.2196687348
420000,453585.55570419645
3800000,4150386.321946129
700000,498523.94067960477
1390000,1735603.9618140014
230000,239630.76323373374
1000000,1141857.9839420677
175000,194765.47617934056
230000,208229.3870391417
75000,85075.06734243188
675000,841254.7998195152
615000,678497.0963977808
380000,362518.2264001996
775000,785052.3446232121
600000,536012.5030387889
350000,382103.83330411755
2550000,2378198.18389917
150000,121803.1544837154
415000,427894.90337455337
2650000,2718879.6434598453
465000,488741.9111932591
320000,316746.456588016
3900000,3997129.5319491876
925000,896092.1513587134
215000,345390.03211378213
450000,397001.2739322357
610000,606362.4931771941
255000,285430.6574014991
260000,290649.6409600173
400000,405182.7167989771
670000,626162.7166020898
750000,853433.5437660994
650000,582797.8452095669
275000,251602.95267155423
365000,330518.80273266963
675000,597307.447533951
430000,467627.14581097546
2500000,1817474.8240680983
430000,465412.8072894271
1600000,1973193.4005320438
1400000,1426175.4724101601
110000,122712.45680330627
4000000,3852140.955797838
800000,657584.9333169918
4300000,3799700.35386302
1270000,1311853.39512749
500000,442341.98270435235
720000,724500.4880197025
1100000,1060268.465370245
995000,1217323.585121135
430000,432099.26686972106
1000000,798771.1920393802
520000,529659.4516915029
335000,375011.21338601003
640000,706786.5063768018
540000,520904.4468488689
1100000,1051444.5652352492
775000,788171.6498473
1280000,1238538.0897007687
150000,179801.48843028498
3500000,3495477.641538859
680000,697987.4330591601
4350000,4237373.123906254
550000,595889.0856254059
630000,673972.4532001085
240000,238962.18615432002
690000,691293.2729753399
280000,319299.9273675161
620000,573398.2351703222
650000,597875.6736170269
470000,452402.28635539877
800000,885581.2896331092
500000,802481.0852205313
700000,779100.3738319188
490000,405550.6363440574
2600000,2412719.120706323
1950000,1954817.3924103589
3000000,2648999.9235061514
850000,885220.1896627587
1950000,2008233.4694191206
2700000,3526483.4841581187
2600000,2734197.3926457083
2700000,2736493.9889742886
2200000,2127465.183794737
230000,247517.18086341472
370000,387215.5788798617
550000,553977.005333846
750000,729636.9445978074
530000,504947.8694624624
1420000,1211473.26600486
385000,321742.5435620735
380000,364907.59971787845
315000,262550.51664901164
385000,618106.9740847211
860000,970133.8605173301
1900000,2438343.879726239
300000,251230.35793043088
310000,371521.6347271894
360000,385165.0117458681
580000,563431.9925454211
260000,252205.99538099632
450000,438254.76639612677
230000,279840.60647516086
1850000,1558848.1816807925
655000,656090.6280146365
350000,366963.3416599873
500000,533399.1013135124
220000,258971.65805678835
4000000,3017956.015622703
300000,273075.64105853805
1000000,868599.8544312832
700000,539321.9603067681
440000,389546.8730995302
155000,150842.64135616907
185000,236459.39907058232
400000,426557.8729838358
160000,144810.3309650106
4200000,3688769.7338364054
4100000,4057556.542891187
960000,1192172.4965207796
1290000,1320081.8577035414
400000,396613.55158641486
49000,53392.63540392518
170000,240581.67433711278
300000,304905.1581316483
420000,399693.886283705
1130000,1013508.6996575901
270000,272216.7656772298
550000,575701.3877004079
580000,875588.9623407663
2100000,1990715.3407663747
690000,682632.611224699
150000,139890.199371603
1900000,1805146.3717100616
1100000,1031913.6518937337
500000,571071.6561330869
475000,597734.0884906607
1650000,1436441.18405885
600000,547951.3523514577
350000,452565.80405333394
480000,478738.0922797466
650000,679651.7657115717
500000,483502.04847866186
445000,480773.0723889291
1375000,1179051.3867523689
3400000,3117989.615755374
900000,950789.8184341572
120000,127565.51213858908
300000,300040.12100702827
445000,436420.67400901293
1420000,1528529.10512261
430000,350170.3422024284
1430000,1341461.8440192898
4850000,4727232.229996224
750000,792355.319742477
725000,717517.9889813777
1600000,1105379.6084631085
250000,202582.1909350528
3250000,3432608.1421390055
460000,387931.13062729617
510000,562932.7481782231
400000,324300.7925662454
70000,75976.18916005944
130000,152941.13674106935
350000,315794.86272338976
290000,379224.08227148413
475000,432359.659192254
810000,804285.0288489067
590000,562092.9885578707
5550000,5555995.436260921
3600000,3462016.9215670405
700000,875843.3504806971
610000,597524.2937355433
500000,578063.8954031536
440000,521160.29132483574
780000,793506.7607538659
870000,926746.8246076651
60000,52719.03747190671
250000,251541.35900017503
595000,491119.07118091825
225000,267099.6489020241
750000,715830.3270796016
340000,310988.58210416615
670000,706015.2282513113
540000,610970.3006443406
1600000,1782903.5034999037
300000,332987.0921710164
480000,485443.6376406739
900000,997643.3313860929
145000,201731.56828474713
475000,618174.138786514
749999,879403.7966705213
1350000,1388657.507089211
590000,637432.8818178674
510000,502272.25441951025
330000,298494.77831464604
280000,238111.3665529217
500000,541217.637075569
335000,303411.8658863153
1000000,1106406.6276164546
220000,209044.03680334295
3995000,5079735.316698665
330000,390017.97873493825
400000,466807.0485859521
350000,306996.8165172642
1750000,1818415.8014958606
830000,755905.112319856
265000,275147.61106712715
450000,503017.872310555
525000,650508.2715342244
395000,413275.12418740586
650000,575855.5655861461
280000,300255.5019730948
220000,207853.47406566178
340000,340921.25135826325
200000,245209.7601440427
620000,606619.3075669518
680000,804287.8551745135
1000000,1003813.4844984497
530000,587687.1700277075
580000,651345.0052004603
1600000,1640803.5184412806
175000,181196.52396722278
160000,167109.58974812098
410000,449878.16375995293
1375000,2063122.8253210876
670000,797422.9285185022
550000,614310.9117080466
1850000,2150013.929968785
2800000,3211412.1316986484
2950000,2095636.8718552603
975000,970965.3766643103
790000,879816.3298113246
970000,1071029.5547433335
325000,324005.305261651
1590000,1576901.3929839537
1530000,1597768.2376274324
970000,1309665.0567609614
780000,898834.8000765714
8000000,6347974.569847028
830000,758690.3767574226
7000000,7574538.469875039
1480000,1467952.9741196563
1650000,1825383.1943220438
730000,687643.3908703839
2510000,2601836.604830714
2300000,1965492.2985684208
420000,444217.30956954125
1460000,1340566.9650839162
450000,401422.2133091319
950000,875947.5439774581
1500000,1720145.5813230986
1200000,1598654.0551272195
690000,680368.1350543305
5750000,5675748.733055684
3100000,3354460.8564749076
4350000,4160213.989599198
5450000,5287881.700716685
4300000,3761668.129383528
3350000,3145964.765476463
3100000,2588780.0806837585
5600000,5283609.409490727
5750000,5471991.864493413
4200000,3939283.3088759584
3800000,3838827.589802428
700000,827635.7217663693
1500000,2102021.834515454
1300000,1385495.1722975117
700000,637290.5021914747
430000,276103.6264937926
365000,354392.90156956547
710000,726274.3189863183
750000,817718.5223142112
680000,703050.2176469193
450000,450688.51780472195
520000,522648.45728965086
6250000,6175755.081873476
720000,724308.7190158471
930000,997292.3634959656
3980000,3775601.7405415857
420000,425069.21656272263
370000,349640.44874310616
165000,215118.23294915262
370000,401504.9780428025
135000,194141.65117799098
1375000,1431733.8562348008
370000,404719.1325770908
2200000,1746906.6779682862
4775000,4502332.747873749
