price_egp,oof_pred_egp
490000,466739.885460464
350000,249485.33265683908
980000,915698.2840673628
160000,173508.65224177865
195000,325251.25443989004
250000,283333.1314007475
380000,347108.13431967935
450000,395075.43153233285
515000,585791.4623045394
285000,374373.1541797839
150000,258906.82915925246
200000,205225.40266030235
6900000,7443443.714237883
250000,255959.07920349293
650000,566256.1486706669
250000,208735.9234324758
160000,136501.1242628312
75000,86319.91489262533
230000,251488.4395002321
102000,112420.5936175777
210000,227693.97041148302
230000,206929.1509557256
235000,213807.1427079456
170000,224685.6492277709
105000,140064.26017439098
190000,187007.89058937924
120000,121777.11215145822
350000,289448.87724139116
220000,210378.66417941445
260000,230276.86205820818
240000,295016.7818091985
225000,199352.7799989795
375000,262893.6466265651
295000,264901.9680891131
300000,275623.98283091845
220000,209134.02922178118
270000,308627.2130891713
40000,52723.72783109659
180000,210159.7980773361
260000,247028.2239695446
275000,235028.70280307913
210000,238023.47254189473
440000,359624.71200614003
280000,263186.72880799184
300000,324470.7944239754
250000,264316.3839502627
370000,427364.73518573766
470000,467704.78799191036
130000,109804.60302129242
1085000,1369526.5887194276
1180000,1104700.6543030094
2390000,2288113.710792846
880000,872665.2515845355
275000,258313.43426451387
2400000,1918030.2385359567
235000,293430.0890191922
1200000,991870.1874134516
420000,414645.64367310866
265000,202267.74731126075
1850000,1920676.2517948842
110000,140802.11040365873
1050000,868592.7558931689
630000,739303.2172787543
200000,201450.89647338193
1100000,795350.5062204803
2000000,1915697.2515416308
7300000,6019228.741509287
4950000,4213171.90933753
2980000,2935222.5726339035
1800000,1823348.5736264167
5650000,4398912.138076595
5000000,7707265.711408999
250000,234865.98373948963
1350000,1220476.0012600108
2550000,2569108.2795433686
875000,886229.5941379187
850000,767443.4717688101
4500000,4434891.401629496
3600000,3814256.276537393
2600000,2642039.891467208
1370000,1440349.218395114
1650000,1871825.7103533295
1350000,1276815.2427645987
12000000,11252638.609075235
1200000,1097720.3915809242
4250000,4656805.4564928925
1600000,1634986.807954008
450000,439474.27403229807
2200000,2054734.187221144
620000,685509.9296455628
1890000,1759199.725513768
6750000,7123172.27245671
1450000,1743737.4691404717
350000,264652.68958991795
1490000,1497224.2943439914
400000,472543.3035752123
1645000,1377453.3204076996
1800000,1390838.8984436877
2050000,1894465.0457351627
3400000,3526863.7806773493
1750000,1768571.4022784606
535000,559000.9549797206
880000,965804.5977250974
2350000,2562402.961530736
4250000,5133556.685828693
2000000,2097727.2198061626
680000,673123.0161175726
160000,212933.46968096055
6100000,6305919.903896308
2900000,2671176.1317786966
8200000,7134565.062061574
6100000,6469914.73074294
5950000,5555262.38769441
325000,348212.47269772977
270000,323147.4444352983
170000,217338.75728903752
275000,307274.9502320992
225000,252315.03848307658
105000,157661.46718401677
8050000,6706121.300147485
127000,96950.78001912251
425000,343291.4180732691
480000,571166.753164718
390000,404409.59813799825
650000,535175.9662711609
920000,930675.2109412688
1280000,1123101.9999979597
1400000,1272333.3136510502
470000,520961.1060841982
640000,691821.819321941
550000,583462.3040638556
1240000,1334640.1744098398
375000,371135.40474951593
290000,285464.45725212403
145000,256694.81509431743
395000,433880.78650858474
530000,565407.029523141
275000,249407.13316310017
240000,232168.81339510134
620000,559026.2352673297
430000,449983.2384768639
450000,387299.5826119706
1500000,1573913.994852608
2850000,3378681.1416973462
9000000,7056334.820582323
1950000,1751269.3018513285
60000,58475.7591443155
360000,428824.54604888184
5000000,4596706.409273725
1930000,1896917.9475835657
660000,448294.7855348299
1490000,1499629.542254706
3430000,3421837.5467866207
400000,436021.5881781842
320000,408002.81484122534
305000,300394.962205697
9250000,6855953.46195168
5700000,5082742.42622642
2650000,2589097.802956987
4700000,4673156.284892398
340000,266080.3785807139
2900000,2836060.9913417567
11400000,10128907.49720319
265000,245451.22475183266
315000,278750.9947039953
350000,332659.32832945255
590000,453746.3397323051
375000,411130.4311435357
890000,891984.9551622968
510000,477746.2743906995
138000,158504.70004090964
2000000,2145679.108613813
490000,482643.0143133498
1100000,1132342.7293635053
1100000,943723.3088595297
1050000,1071533.9434051604
170000,134140.00260351776
230000,212088.49790952264
320000,290360.324489955
260000,244217.45587416846
950000,877077.9631335295
250000,238355.54733163342
1580000,1611260.3432216481
1985000,1944093.5506225603
975000,979266.9382936666
80000,127092.22088482148
430000,384852.1514834162
870000,833547.9464980791
250000,252530.52463530292
1300000,1035681.4599241858
150000,193839.8645932153
130000,126016.35993881375
250000,246402.20067260988
125000,149262.1226428789
620000,620998.083256385
3000000,3396956.975237765
140000,182047.16847811313
1150000,1084907.0080768429
160000,199403.31026898808
310000,386223.2999331119
348000,360834.82361660677
720000,638764.1254357315
450000,406540.9660701264
400000,411744.7845260972
3100000,2930223.9536009524
250000,243015.03239225192
460000,472988.7771942968
350000,397029.69170839945
310000,306722.3279356653
160000,149911.34578574199
1850000,1824664.5679082929
1025000,985383.4123902621
610000,642266.2808876475
3000000,2702793.573589243
320000,375825.5726241407
470000,646937.6004358161
225000,242639.62714249492
340000,366144.34446780186
200000,312655.3513413599
7000000,6349274.535422183
2700000,2308078.618006408
4000000,3872317.734371819
280000,248862.9441907479
900000,878829.6085167369
860000,815110.4741652999
230000,233127.39973340908
1650000,1573454.38791909
3700000,3418783.470733315
1650000,1493129.861516668
58000,48080.5653161647
250000,264700.0192520452
200000,150359.1817833163
280000,267885.04054752697
280000,284297.0466077746
360000,200736.08046389066
250000,255166.03559054094
320000,327293.0130627192
1160000,1183026.8165850462
1175000,1342184.6265136362
220000,208978.6243855712
285000,325858.61638074555
675000,724938.1165924734
500000,502125.86009537114
375000,328226.6254027062
250000,280300.76311992184
380000,404277.3046575539
810000,755963.583816895
1690000,1609112.4647064991
1850000,1951598.3942632515
62000,139698.2148759548
260000,308353.2523597725
250000,240090.7057212578
350000,393144.8277503389
2850000,3125159.8296698555
730000,661448.7534793576
2600000,2199601.5086676385
285000,302947.92877575126
230000,243962.39762888866
300000,290403.149215682
2100000,2146215.556296453
120000,133126.32637731906
250000,271539.8044548484
840000,716597.2774155068
280000,345842.49293641705
500000,412723.43198502134
450000,374875.027214448
350000,495771.2495047238
580000,648350.6876633884
1070000,1130868.2996164688
1700000,1687290.0531854704
1000000,846954.5670246335
600000,601526.7298911077
670000,737727.8972581464
1290000,1354651.3926697546
1200000,1340771.8883604342
625000,841084.4322002698
990000,846387.6659123014
3950000,4045336.2975008045
1750000,1789938.5624692081
1650000,1735263.1498485561
1850000,1841962.0493491308
500000,722750.7423843172
1400000,1252112.9203935643
2000000,1891324.8270734416
10800000,9071243.908873336
5600000,5089361.602150083
2250000,2246881.732031859
2750000,3083542.811274984
1900000,1932150.8216664114
355000,351579.19703943195
7100000,4515394.144529776
500000,433089.0272158937
315000,383828.55933091644
240000,191958.7370844239
1175000,973496.6879472461
1260000,1171299.8618677915
480000,423413.1854389249
650000,785274.4051814491
250000,253051.02401749959
310000,336652.4799541231
490000,379323.7409581665
610000,618981.4363090389
330000,339830.952150034
200000,241159.07482802155
375000,345786.4351176525
2000000,2012424.3765634377
250000,168457.1912255866
1200000,1197258.5379527372
120000,145510.57958822657
1140000,1168603.9117210808
2500000,2560424.3060624967
630000,646832.7576749612
160000,187656.71263948292
740000,851784.224263568
800000,776927.8402296412
725000,778143.7887462481
910000,893868.5968328037
280000,394200.85176229215
290000,311968.116721485
85000,111046.13276772528
420000,447731.4182085172
160000,157535.52673260975
385000,349392.84343127673
73000,162081.19069418695
5500000,5343223.0053121885
210000,203653.18316847982
250000,352463.94607284263
300000,325756.4333036598
2500000,2412370.539119336
235000,307738.8615246271
580000,549838.5668753313
310000,303416.4704680803
3600000,3145683.2640036438
3200000,3217543.5501625356
780000,820519.3470040236
650000,608457.2118100133
1310000,1157967.4515630973
2050000,1983713.7958593636
2900000,2672955.8097993457
105000,156970.67473529818
380000,372834.33637812274
1090000,1081188.5335052137
360000,326019.65842246293
850000,865141.9703240978
480000,442483.34413892386
485000,483483.5486071088
260000,332724.9911409329
780000,757416.3803662326
1250000,1214397.6766092002
225000,234824.11936706866
380000,452894.7790743314
8900000,6839648.379795903
1750000,1905958.3648763334
225000,231139.37764193563
650000,796249.5167275945
1850000,1605866.6622049666
140000,160454.46406176905
1730000,1710320.0643769966
485000,578078.2243808898
1750000,1659718.5028845223
465000,450348.41850014235
210000,246766.91379865108
205000,219374.1498721892
350000,366878.3395116694
75000,139196.5884910553
340000,247168.0242734243
694000,758485.6395370681
940000,944471.6331041845
160000,146906.6005066154
1680000,1503744.6122733895
350000,422271.73429292475
930000,995581.4332645253
1150000,1156568.955817511
1980000,1711945.6889049204
340000,334057.8405876737
600000,586174.4063808863
1200000,1171965.328668895
250000,293894.91723444505
1350000,1412382.7855528698
500000,431142.2788112857
1850000,1996817.3836648439
75000,65268.44328431986
1550000,1576406.7807823652
700000,840138.8529595954
1650000,1710648.3758976725
300000,277326.445972436
800000,427590.9858412077
1980000,2119377.847576704
850000,742774.520098559
400000,379898.4842958103
580000,591313.5923476891
995000,1014350.7387377147
850000,570025.1538936911
95000,103984.7911671656
500000,416191.2186192479
3150000,3712979.6536550224
250000,270070.9833209582
1650000,1483849.4688513333
1450000,1742131.411071448
660000,626157.6888292906
200000,311662.6034460594
1250000,1254738.609988315
2050000,2047146.277605353
1200000,1316317.2107843235
930000,938862.8582566563
695000,676152.2186094545
1850000,2279549.8664386594
8550000,8047157.576856796
690000,684001.1386161752
370000,352694.8928050109
950000,745657.3183584181
230000,231095.0238772575
215000,150065.40052689356
590000,597937.7892298955
13000000,7805765.967365261
95000,68492.9830504824
1600000,1880501.303035893
5100000,5165721.61857531
5050000,4988560.263907366
2800000,2022889.1369198794
8750000,11989879.4187989
625000,639509.7738298394
220000,224293.7296492077
795000,760299.7531515905
3000000,6969761.796320469
2100000,1896550.859972345
315000,360968.08501813177
790000,695277.7673990227
1950000,2540116.4095000597
735000,718929.9164594846
420000,456604.7678175041
475000,490880.83883260615
1200000,1324168.6389868315
910000,1010343.0664931097
1075000,1046522.1910397749
1150000,1357621.169726123
2900000,3069759.2085745307
4200000,8348456.150116569
1700000,1671631.095000171
1750000,1821399.1357270053
300000,309254.37009201915
880000,842038.4270223861
180000,218304.3729236541
480000,510728.67377208226
600000,610718.67147134
880000,741975.4238849719
190000,273306.61422461295
395000,398112.1525145964
1850000,2202923.7853436274
450000,374834.6104405529
800000,991497.0585191831
310000,268285.77648209134
590000,630011.7813915347
1200000,1145768.1285939165
1180000,1213966.5013886264
770000,794922.542670185
730000,756763.572905549
1020000,1059190.8936982758
390000,410497.4230963437
2900000,2784384.6988380398
650000,582842.8805254487
2570000,2562568.688062466
230000,235094.87827050328
170000,170966.86690544646
415000,416213.2275667008
2800000,2196095.5670645623
1060000,1009262.4626429669
350000,369320.02053832816
370000,405315.1454234528
520000,546756.4960035885
310000,355410.1255363892
850000,803711.4744237638
700000,816665.7686521702
270000,297869.98100356414
300000,337891.34571561444
320000,296250.92642560456
820000,764923.2823042794
650000,683100.2945853719
745000,723031.5724028843
1600000,2855305.009186808
90000,115823.1231857273
375000,500988.1427402022
415000,330529.11465326557
825000,864750.1653147131
580000,490783.14342350897
1650000,1502337.6842240782
275000,269276.78092367353
590000,587283.4929153753
5300000,4437893.748423882
255000,244405.17873743366
5100000,5561738.427821175
4850000,2656869.6341506024
140000,144959.71361117865
90000,69033.21072560438
2150000,2379153.0934870844
5000000,5338273.574133143
6850000,7383430.300408308
300000,322547.91258333134
830000,946096.0254360732
225000,234284.71031893694
200000,223982.23333790107
170000,105577.11689828552
715000,708894.957680666
4450000,4850816.727753614
399000,227956.6387320623
630000,736543.491793515
1450000,1433346.348731684
4450000,4528267.447806426
920000,911425.8761511073
900000,992698.394464611
360000,343957.8879457634
220000,242168.0297237547
295000,287095.71418505814
12000000,10423711.538513383
13000000,11811118.711050801
3190000,3184452.2487817216
1250000,1267135.460834721
2950000,2926511.480652804
4900000,4326200.107617833
2780000,3332604.2522491314
1950000,1865718.7273822776
750000,784081.6011838667
5500000,5568381.589337194
350000,356821.61109078943
2350000,2227872.257481441
1415000,1261218.848502276
330000,337557.22799380723
1200000,1262036.0009198992
2550000,2828469.5344773303
120000,147593.7702026686
4300000,4315499.850134973
50000,56512.9355359428
1750000,2162192.817068436
550000,537043.4898816455
325000,257520.02994991344
3500000,2913400.672745883
335000,336352.8248155377
2200000,2176201.9003278976
305000,314976.7926606976
95000,73755.22857950239
360000,362033.44181432645
1800000,2092822.4953470957
270000,283942.32533997745
500000,464478.8911964755
300000,273070.6857808896
830000,770948.4237789732
880000,807109.2937865666
970000,956653.9008078667
800000,843531.0758067983
1650000,1627498.7862088159
650000,645617.4483750754
340000,318280.7134217253
350000,332411.9293066388
435000,474525.90277768543
1150000,1195646.505980691
300000,233542.03415787703
240000,373857.50139201735
850000,934167.4007900514
350000,333674.37084649486
930000,958134.7560697037
350000,307564.5708757847
180000,182290.69333495037
2500000,2645724.6945907213
840000,867049.5357683714
520000,510288.7724532473
2000000,1995987.666347204
1700000,1347850.116670542
500000,470783.301283814
820000,824471.0954005219
219000,234113.013872185
185000,223330.17351133472
680000,724379.7840370652
220000,260870.68598268795
3650000,3748711.035374855
790000,779575.1819995485
700000,661732.7138614213
340000,326669.36797788396
90000,140064.14986964446
320000,329288.7006972104
1675000,1827216.6532919032
300000,295203.53484271973
210000,227019.34050905038
235000,272232.0385712479
410000,387226.889960655
1350000,1387607.3993319971
715000,645386.500197022
420000,396947.0128441488
220000,272993.89296932257
665000,642054.6552676316
750000,768906.0075530639
310000,277571.29691604705
450000,451541.79687699716
340000,333302.72076162323
175000,147027.05147991606
420000,345250.90707005945
1150000,1190692.7148961695
875000,881665.462038176
135000,439494.6833830541
700000,733280.37157243
280000,330511.25818900793
1700000,1538714.956583625
180000,218365.64884853468
850000,740799.3844212489
230000,209391.4408513162
960000,998470.0743350732
230000,205350.48949846494
240000,292557.14580925554
1000000,1044121.9697899552
440000,440766.1700930378
250000,278829.6195748579
395000,352871.01821614325
350000,251831.28573964653
125000,136547.4930146643
111111,588500.8411069055
210000,235961.2944910319
1850000,1714586.438834003
260000,275104.1700499191
31000,351568.39440555027
850000,828906.7552125264
110000,130732.9294639318
500000,395863.0175182482
250000,222097.255684765
155000,148855.43796825467
570000,553853.1517542144
230000,227620.8087906141
630000,821744.1017545017
80000,137430.32312276066
1850000,1776945.4888345776
1250000,1225277.9861463385
140000,125559.81243138156
3200000,3003704.5894838055
45000,55845.78757163601
250000,339702.8270806606
5500000,5369866.141720841
5200000,5069531.568475133
3400000,3089661.9670708054
550000,644904.6727811605
920000,949843.6905043368
410000,437212.0414588516
155000,125176.17694603198
675000,717910.3094980943
90000,201263.05320337747
405000,402041.9718636174
188000,205593.72015531786
800000,847742.8162005154
2900000,3028487.371678781
4600000,5211050.38473622
2650000,2895007.083411208
2550000,2482125.1357903504
1200000,1169001.392415074
950000,1141909.4086986526
340000,340453.46738709125
380000,376507.37941111514
295000,320094.923666646
650000,616434.4470569184
2300000,1958704.6183641155
220000,234038.68297710238
145000,186895.52239854593
1500000,1407672.531471736
680000,729162.083126071
1300000,1418643.2118013136
145000,157633.70148623432
340000,310590.38721397944
440000,427918.0439870867
150000,139211.93173917301
180000,260245.9522899682
1200000,915472.6401545253
1075000,1078802.62292593
820000,913706.8391536105
240000,192646.315454805
520000,529887.933485285
690000,531649.8533951836
1875000,1866436.0768885126
280000,330836.87710704294
200000,276912.6356982707
630000,704630.259296563
1190000,1276814.4575230947
345000,335589.3282954018
330000,345741.84253412596
250000,268781.8836877827
250000,271433.121031448
250000,330097.41913794825
150000,140066.95914657033
560000,550735.5260813191
180000,229368.74964217586
850000,1545335.3495683554
220000,250067.1471958315
375000,366759.718899516
735000,722844.5548030889
1350000,1074613.667719868
675000,525149.4433711316
600000,736354.659667141
550000,458767.70678123576
1290000,1347965.1428956178
250000,295327.79996197706
65000,87454.70781991867
290000,315756.7289961755
125000,139860.43195962865
260000,233686.0536183581
1100000,936795.9847063367
2090000,2238203.808718043
65000,49084.17699761253
110000,131524.63912243277
200000,296643.80218829657
310000,267441.37818553863
1250000,1239051.7564824105
380000,589134.4458567839
365000,342763.54056995985
110000,129041.32357291675
1585000,1586502.296132602
225000,203073.77954179503
450000,460452.4981620977
2100000,2132696.00852291
280000,265591.8833004855
500000,525138.3675645018
150000,151221.34147877738
1550000,1462975.1769902206
260000,260626.586736816
725000,776166.0289472163
500000,392391.2301258779
690000,733727.0425080463
450000,354074.5007291285
610000,680886.6719357632
250000,228318.75681374816
1250000,1023764.9150910125
500000,547075.0131945914
85000,126345.27911131576
160000,129882.2128380118
750000,776525.1906681352
360000,283637.3603283494
290000,253985.68065165714
410000,476591.3184097847
345000,326671.3599314015
1850000,1818463.6426330213
590000,653352.5517073986
1150000,1177597.8587822483
285000,298502.63350351626
500000,602041.4564150762
1200000,1164738.5811657032
2750000,2848343.6513363696
3000000,3049356.8698892263
265000,369777.677296664
3350000,3750894.383803896
1075000,1013313.8198376017
1700000,1279314.924829095
265000,250105.92746590727
260000,307484.6071116057
280000,281398.42099968105
740000,714937.0806353389
1280000,1220392.4935108277
2400000,2609217.124364997
275000,272527.07955135324
1550000,1479290.636976949
195000,120825.01614327649
355000,347585.7980123645
200000,270552.08887514
3500000,3349251.1434027706
290000,364204.4863629743
215000,213795.7741281145
2320000,2357651.4428347494
1050000,911832.0424705866
825000,892447.9315215014
630000,644829.4736363878
1175000,1113411.810725016
3500000,2933858.8923474504
1090000,1240054.400260037
2050000,2094481.4920024846
3250000,3212676.4480713485
1980000,1866864.1548049408
760000,798157.2079810173
320000,329405.42508383194
900000,828027.649197315
950000,1013045.0094424248
1150000,1143796.5929077559
785000,753339.3719857674
1200000,1000024.0609088825
850000,823332.1077098398
760000,767130.0048820091
810000,821999.4872183781
1460000,1327375.9762948137
650000,632557.8345914065
390000,507582.62424154935
365000,345235.10181511973
800000,1019403.9155159012
360000,396618.60367437615
870000,910261.6102834113
500000,532840.2649244099
240000,276043.36121591245
1000000,1133161.73237565
430000,544454.0293776431
800000,799045.144529066
5500000,5186276.873865529
550000,583870.592896926
240000,266162.44733443443
152222,111750.82719506994
180000,238082.645596157
170000,232111.66697740063
8850000,6935053.322340025
320000,264953.08604714874
45000,57593.74524263682
195000,194329.94715740575
100000,122232.47672081948
1785000,1783043.0966924345
120000,163481.7091726306
675000,744790.3358538243
2420000,2450208.000589148
1700000,1750122.3438938803
480000,435412.2690868364
380000,407857.7752423908
240000,344155.19424080796
1500000,1740864.0810227531
350000,360157.55342210684
340000,283595.66977673105
1350000,1197421.2928284607
230000,299288.7983202971
3300000,3072071.8308199523
2050000,1952852.3102356438
500000,502499.3083704706
400000,425284.8151631434
250000,302305.23286547634
460000,463631.786705714
210000,203211.20518789868
840000,767346.1905126646
260000,134958.0438388953
275000,300879.89129449823
255000,284929.88249464723
550000,492032.99254914874
10550000,9333836.69278334
2800000,3266646.047945659
270000,267328.1103704091
400000,396806.8925225158
270000,294515.46943791927
160000,106114.30270103949
1650000,1732089.097682459
660000,618966.265120009
530000,534036.6125012476
2060000,1880552.2935676877
1300000,1204098.8098706007
295000,305229.19168111705
210000,229281.8658310794
1180000,1295377.0928112194
130000,111241.7442018645
150000,105183.12423448628
315000,283007.1162108956
400000,317965.1625730127
190000,197119.3960582545
1600000,1547871.8036376047
305000,421777.6256311759
210000,216369.66065391715
4800000,4293011.266613401
315000,297365.8703020079
145000,192021.77422794545
950000,910400.0605185715
250000,254760.94937945288
390000,392679.7779037454
410000,474132.8985666761
430000,423393.3917310641
365000,374863.6606503931
1810000,1876006.6714121774
670000,704725.8732921107
125000,151125.1376244223
820000,853676.552630742
280000,255630.60174627847
300000,290533.1802271032
375000,342582.6630409727
4450000,4443898.283652535
3100000,3460972.620214228
250000,358799.3765293025
4100000,4055862.334744806
350000,290685.8791599621
800000,872213.6694740317
400000,275204.52563651715
185000,201346.4074879818
160000,144788.2648970958
245000,260721.9414427366
760000,758391.4173743878
1950000,1933823.6802789548
375000,137995.96926466163
835000,817041.1946313764
180000,207508.51746789063
5650000,6087396.995109917
200000,208727.06554538925
930000,920096.2009326144
375000,340559.4080517158
245000,231051.41039014215
1265000,1378376.4681705541
250000,215456.19374989672
220000,223427.32973935557
5750000,5903692.721908034
335000,295602.6048655642
170000,153910.399489303
1100000,874957.5294167567
620000,619867.9219540708
590000,601025.0892770747
750000,634422.300260519
300000,280465.5679871225
335000,355473.47006017744
170000,192265.89023316992
700000,747528.3631206449
900000,918309.6826967999
600000,612285.5926986863
2000000,1983055.3409389588
110000,109879.03816499092
2550000,2349085.074973884
945000,884569.7926436217
690000,712086.3508902952
97000,102302.47582090739
6250000,7499976.996555915
300000,299724.37888335896
230000,182025.36526515847
2200000,2163839.8272799305
1380000,1381041.0296422543
510000,461445.0460200518
1350000,1280687.0122929304
3350000,3224612.4856576934
375000,384866.0468374038
6000000,7122293.534223979
615000,582285.3073634696
550000,610200.5957847816
780000,754275.2471145081
190000,234666.54611389796
1450000,1694328.7638340145
980000,999286.4954801945
5150000,5160468.228875154
250000,239817.52366440144
1930000,1776687.827271806
340000,311252.73856074654
3300000,3223545.78583936
85000,100695.81631938415
150000,167089.12830586094
850000,872177.5267937329
220000,243394.56659611053
290000,321495.96453681
430000,450883.9756906229
300000,369304.30562797317
1550000,1283719.0316688833
1550000,1386097.95471664
195000,219973.532533666
290000,252945.51819474137
125000,294236.4901432815
799999,770951.2135409198
735000,751514.0864610362
550000,625468.0501287235
950000,921634.3473406293
470000,472631.83058326755
230000,219765.58393016236
275000,233726.04821975238
200000,202157.715348894
230000,224922.9290715568
635000,558972.4349545464
750000,842337.3408884516
820000,809580.6996027277
130000,146755.34103894825
95000,131795.30498768674
650000,638698.4042068837
510000,498871.3192376159
320000,320401.34301733255
285000,306826.0969350193
2900000,3179400.3682608292
645000,671814.1143054329
1380000,1405673.0089421445
1000000,899780.9502940467
850000,831823.3620543863
300000,328699.5414811192
160000,209830.20236504948
280000,287229.7536674818
300000,314166.4372663728
700000,609832.1228870791
410000,338935.0338384591
390000,362442.54544911144
295000,324312.6686894474
1480000,1538493.6445593396
280000,268958.8419095748
2030000,1876054.0592119065
335000,321571.2070848448
110000,155587.8028401039
740000,784539.558233298
260000,310244.2405287222
152000,175310.02412370374
1800000,1673481.6322273156
2000000,1673972.2272861702
6200000,5593264.644629269
800000,815655.3206036022
270000,310542.1252204934
600000,592345.134236478
580000,534015.7223858606
920000,844632.3449694384
7800000,6094481.727555028
6000000,4219486.336375409
880000,947700.0966158875
165000,189135.37088545502
2650000,3595624.7237279266
220000,255409.76216332344
900000,871714.166210134
50000,53235.666034353315
3200000,3138461.937724541
1100000,1212823.7996532172
740000,771733.6902665775
2250000,1963103.2006494666
450000,468680.92824543023
225000,246050.33286362243
380000,472986.40419097134
290000,259655.6995700618
146000,192695.88361132253
280000,297347.45050172496
2250000,2110686.829404793
1150000,1323542.6474049976
1420000,1692578.1794911483
2550000,2448391.158055838
3700000,3742734.482145177
280000,372870.44247132464
160000,175980.48160854934
6400000,5111113.76554534
450000,332861.7412235074
130000,211892.6876156535
225000,287170.31078193575
170000,110363.96506076257
1300000,1129520.8131247316
1200000,986898.2809323003
140000,192317.22472169928
780000,752232.3115362058
280000,325963.7659393303
1500000,1521831.9167495063
7400000,8269543.830535751
1100000,1108122.5839684883
170000,155607.6259013801
130000,129759.17456087096
280000,307996.80799971457
210000,203018.9125676931
485000,489172.147703945
600000,673848.6062798557
195000,203188.48162659598
1900000,2028343.2201261593
225000,215143.8944506354
8195000,7334850.531360276
380000,420830.07048190705
1150000,1097731.5694919042
180000,237369.00607014124
150000,150417.25989087168
220000,278523.9902663504
460000,467753.11325166706
125000,155802.66171796442
160000,185705.00317910156
70000,85170.64391645524
1335000,1213539.5188049816
160000,159173.58739633195
120000,102150.93762514806
150000,161833.94044849963
2300000,2249222.3053419054
195000,204209.67379911366
1750000,1672356.1932556315
85000,188531.2464697965
375000,392753.1154130673
220000,235485.71139285513
390000,294271.6620276013
3900000,4179243.778960532
230000,218592.38809505812
235000,235922.09859821852
1450000,1666101.478079697
250000,292695.80915898073
2300000,2027932.4535224796
450000,447438.32735141256
55000,57145.44717847111
65000,71150.78191724209
360000,420817.76269465056
180000,296062.70371109387
335000,299293.78814389714
450000,414831.57974854
2200000,2078466.3734745842
85000,88532.44439246347
350000,388155.04847040883
350000,319439.89331099816
7500000,4472041.036847134
200000,199594.04448812426
75000,79203.8314819904
6850000,4560317.355004503
3450000,3619509.980240376
5800000,4830246.79814777
1900000,1717004.9237994943
3000000,3283286.763463878
3600000,3501619.3336237674
820000,786225.3560836461
470000,492886.05659789796
150000,144960.35095505576
1825000,1796013.2073348886
950000,1046234.0139842145
740000,662565.8230799736
550000,499739.5031786722
970000,857463.785081489
470000,499910.6532458849
850000,829292.0490222833
280000,370854.86105034256
245000,280823.76415339636
1600000,1719513.6372078997
260000,222412.35524010245
1350000,1218199.5454246853
1130000,1021020.2298085581
1240000,808573.5522229272
790000,743259.5184306371
540000,568613.8174275423
575000,579643.899020191
1780000,2418680.4499889174
875000,790193.1355281201
850000,721824.5755710856
750000,862597.057443179
70000,65964.33929147758
2100000,1735431.7681473342
1750000,1519520.0635366929
1120000,1150795.0615141927
320000,416174.0790103943
600000,569873.3997998128
980000,925666.3902306943
275000,242359.81183676247
225000,263146.3555299934
460000,450531.9711485309
225000,214776.78040127375
3000000,3339653.847360169
735000,738408.8066269901
385000,379116.23318349145
510000,468901.54132239736
2250000,2156555.9487922485
135000,150900.16670673987
650000,571319.0692415771
450000,305206.5793581425
750000,752101.8654107121
145000,161423.20079795946
210000,207478.84903725388
3100000,2785818.5745799956
1300000,1416153.1294675402
275000,301445.29571452696
850000,700194.294938537
3300000,3368246.333529783
100000,303603.1419269222
2280000,2502436.540957032
1250000,1083429.1289648572
135000,136352.13471981804
1200000,1083658.882761032
440000,418640.5212939198
1600000,1546796.3386083664
2000000,2019635.1173084218
835000,863059.225721939
400000,336020.94075953966
190000,186049.3178969674
750000,795875.2963414837
575000,834752.487728841
880000,807149.864954759
120000,145013.39513810465
920000,900110.7219897367
5900000,6542105.453745639
870000,870742.0459632896
110000,120409.97028130249
2500000,3174771.4713944183
95000,113437.80139571276
1840000,1821548.8910712556
1350000,1335698.4052519083
250000,240564.08085460894
3100000,2923656.580701273
1450000,1109115.9945434337
430000,410201.30828486144
1900000,2154377.0519709247
700000,823440.633108781
1800000,1061677.5685990823
940000,885531.7014518209
250000,206366.86904344946
1850000,1882154.6937658868
480000,500691.1986567996
200000,226651.2626206392
60000,65104.12167659878
800000,806650.45313368
1390000,1630941.923688843
320000,290552.9673428783
730000,467163.4979702123
470000,439398.45930928807
1300000,1286925.5333540577
560000,465167.54765695817
1450000,1370189.8668007446
1300000,1246505.2999674443
85000,58005.57276424556
140000,166138.23608598142
170000,232019.67158985286
130000,151818.86529358837
1100000,1088921.7932492625
390000,403023.13250178
90000,168393.96516056385
505000,530918.6125739375
585000,553602.0486281831
300000,309896.35469038517
380000,357424.6629142728
720000,712340.2997074621
1045000,839774.0514305031
285000,365292.33282568754
640000,624319.8133091861
950000,962832.5928895308
498000,529873.7034473573
845000,795397.8158619147
375000,331612.42010529974
3000000,2645246.197432894
4950000,4842330.096924946
600000,487234.1966533573
400000,429100.06492812635
200000,195071.19076734685
600000,629106.5355311281
110000,134239.73424255056
215000,192915.96739885025
295000,371585.5983233471
320000,362254.3643470213
2480000,2462886.3307192256
320000,268941.4745254418
2200000,1608593.3591588691
100000,77317.62305186571
3500000,3206836.9853087133
880000,781919.6558854037
2750000,1584910.981602829
210000,137455.15228432574
480000,491804.00472192885
230000,182608.97502020284
3000000,3527126.86613755
1600000,1589987.7637480972
193000,252872.8082043987
145000,140776.8009437247
250000,233500.30398053824
265000,241502.61188123006
250000,243094.44904795208
280000,276872.40978502354
3150000,3019000.469352548
190000,168552.1060352452
280000,328372.1165154366
100000,114796.31375575293
90000,121097.71587663832
210000,238214.36752650808
280000,252549.87021048227
1180000,573489.0337856003
320000,306129.87113355665
625000,623061.145425973
970000,978651.2024549226
315000,323607.8821659723
560000,535157.4411538043
325000,299134.0470193437
500000,477330.46935525263
300000,349375.6245428508
160000,144390.6760248294
850000,841435.2637159658
2650000,2669565.154349955
1600000,1307206.4691612727
370000,302351.70507474814
750000,861580.8246695831
120000,146979.71957419754
520000,521077.8000250925
2100000,2314246.6784711555
390000,347285.9658024928
2800000,2616978.548649495
1800000,1497661.717707848
210000,146676.88113248788
150000,157349.83930666407
240000,249417.62179765714
1150000,1040679.7279170905
430000,460418.8959406798
400000,327498.7745005012
130000,115899.76181630309
1150000,968347.9083894748
140000,200631.5535081506
96000,154959.04886036593
1870000,1831526.9456030657
425000,333132.14992684976
980000,895791.0965088813
150000,144831.65052625295
725000,658276.0194933952
1020000,1039731.8990573526
260000,315896.38913776795
540000,535527.4091634522
700000,536527.9489840621
950000,990153.4092869529
3850000,3869724.8248077715
3299000,3481146.367206611
4800000,5121501.240960054
2100000,2006425.177526909
370000,440451.89335540944
1250000,764825.7732256933
750000,701943.1270867902
165000,168761.46038628562
120000,121606.5970596015
150000,157156.60791886714
170000,139578.52522879912
300000,294095.76223053667
435000,381286.03953006625
270000,266255.6448411749
170000,130008.54157647844
185000,227412.707668425
4600000,5139655.321221847
800000,802897.5326849134
530000,567648.3510040604
6100000,6060712.65738025
260000,276342.0410729369
1950000,677636.6658675487
930000,891586.702542304
1350000,1293523.466980543
140000,180076.46562179463
230000,160551.42340944675
305000,250681.45018270775
455000,415585.85734881606
700000,650906.0725919312
150000,150017.66435840313
200000,211334.65531556794
1050000,1079317.6892530809
195000,187501.7184785276
465000,456164.8706645625
470000,600474.001574459
2500000,2413815.056903202
900000,1291009.64029898
350000,360947.60592010245
4400000,4381113.618156252
695000,676440.6105645463
1890000,1689236.7197113698
50000,67174.97681331984
2200000,2307348.051130706
3300000,3154910.0524670393
250000,221387.00918571014
420000,417526.0161210426
1170000,1208290.7760133785
1650000,1230731.2464317633
700000,715634.0015426262
765000,771248.0531763063
5100000,4369705.862646207
2380000,2201168.6467785463
450000,373640.1188231266
2100000,1951128.7448598724
360000,347446.14826023957
110000,126915.48428752905
2290000,2146303.295708418
7390000,8024202.551226174
135000,160633.5718845421
2400000,2268428.0655554887
1780000,1800474.2022197375
350000,203981.278295657
580000,537781.5012481346
710000,786567.1175616112
80000,88303.2051364126
450000,433459.8125024513
270000,323231.7876939587
345000,326020.6265201922
80000,74325.73322510811
850000,913097.3482715777
1450000,1247187.9934694758
150000,270094.2089786481
110000,145331.7235876101
680000,674278.9152148698
490000,493735.11694957496
380000,454733.4582844327
180000,154744.44243749438
1850000,1598164.1678176536
770000,709962.6683877631
280000,285078.0740148113
290000,390523.38405575673
550000,594488.7276315008
1850000,1806964.7425993925
3600000,3507837.6835591034
1370000,1453262.24171432
310000,350448.83000975964
8985000,7539283.519449808
400000,310918.1424015967
160000,183064.26295579845
485000,494268.15991402185
370000,359616.68937543407
550000,520657.2257245879
480000,466672.8789440969
520000,412856.88925094024
275000,276421.83781283273
850000,720342.0007317583
310000,347287.8241197122
50000,53936.90737929772
150000,145359.768454136
370000,496906.7903989401
95000,170562.80023256896
640000,633267.8705456288
140000,137717.24119518988
380000,315135.9075361445
300000,282711.79119321494
270000,267544.1087387195
590000,574435.5548656128
425000,380818.972121888
1650000,1737608.2714626912
950000,854771.9852821447
390000,422831.95124178275
320000,346180.9835077446
350000,279137.2160328174
950000,918892.6753350585
3000000,1942850.4426873229
345000,314103.116739355
365000,342609.1088501234
875000,933852.5996902796
340000,360675.31584313075
535000,542172.1531282081
160000,151845.67440831565
730000,755965.9804054929
3400000,2975730.707159779
260000,245711.32486043
4250000,4077441.4953872706
8700000,6963442.746867646
3150000,3098167.2482983237
14500000,13444422.72611827
290000,295124.14067734435
1500000,1427141.6169306224
1850000,1597177.5172663261
590000,619563.9610987547
2200000,1488122.2491146328
480000,456735.90619138477
200000,178833.10326809195
1400000,1406899.7638408113
1800000,2044036.8579219782
1550000,1680454.8727884803
590000,592956.052981814
400000,430272.15419359086
800000,770142.3683665256
330000,356560.8258661547
900000,994576.7096631305
1550000,1415774.6493004744
140000,181403.90429452193
280000,272534.7557371079
2790000,2640446.94744529
385000,446738.95028255554
120000,139464.93022109725
260000,271831.1804008515
650000,645226.4386868201
3200000,3242114.5668835575
680000,691040.6707834037
250000,241121.09742657028
1890000,2187158.430389327
260000,254579.8839056635
350000,299784.56142058386
245000,216006.71497371318
120000,79554.17952569069
540000,571356.127324304
175000,170880.15322813898
650000,576937.5356295996
395000,429347.4673208736
220000,247593.56267391483
270000,250158.0432428277
1400000,1542716.0940264224
210000,255177.24645506567
140000,162624.1614410823
600000,632473.084676322
690000,747641.9192272172
2300000,3521017.825689035
490000,648266.2325563461
1450000,1636147.1115653783
235000,316739.2274043428
3850000,3807559.847950177
770000,740536.4917738813
45000,101891.05145417029
720000,581684.8118913642
570000,540938.0321595769
3550000,3667475.034536333
350000,382697.7369109691
850000,878745.5313641111
880000,824510.5463953489
800000,778621.4742118138
220000,235073.63009714606
3350000,3553839.6652339883
5350000,3289386.963014155
2780000,3018737.1779093896
900000,869040.5263278781
450000,469514.7850204698
290000,295394.0189951521
1100000,1131365.1786233492
83000,120984.87454423992
350000,294653.2016593527
90000,123415.3660406411
275000,319419.6451941737
890000,901613.5469690395
700000,614922.5176102574
280000,298725.82925538946
2000000,1809046.9144000562
70000,82945.75262694593
220000,220219.2324504131
280000,260730.28100226427
250000,257028.5760239787
650000,693647.1075598489
360000,364894.5689191185
8900000,7220461.997835838
130000,186921.5768107464
250000,260209.6279388273
540000,531162.8094859091
1280000,1187442.246373651
270000,267678.7829241026
285000,290767.7819363606
950000,1037469.3502441122
640000,672643.2687570498
230000,295820.53275444964
1500000,1445670.8941712077
200000,233756.5288940987
870000,849676.4524166895
235000,248962.55275287686
900000,968951.2327518163
320000,352487.01161654684
620000,661811.8685407024
340000,300130.96314437257
900000,775413.5709416973
650000,795279.8952964228
4500000,4043020.0147679723
4500000,5025694.708813167
1400000,1369387.7271033768
9000000,6525171.76980409
240000,241038.19370946236
630000,627668.2237024432
300000,300030.3651309242
560000,550805.2650268181
3850000,3984487.925931689
2350000,2111700.576893863
790000,1046396.8351108178
242000,220982.82948841868
1680000,1402603.7678945595
250000,284626.2884284592
350000,302021.46354176983
930000,1017734.7079525711
495000,532853.1832940103
1695000,1594802.786028768
1250000,1359673.2386886533
1350000,1329893.0400140192
320000,308881.422620332
500000,510746.61604478443
1000000,875646.5312001283
4900000,4382292.14066928
970000,965157.0676252553
180000,264181.361435057
2950000,2946141.0186316613
140000,131150.4050740775
900000,845169.0030872141
3500000,2529777.131443088
650000,604577.961474615
280000,372494.9969942156
375000,344206.37180771073
510000,474111.6323229038
260000,245721.03510855883
310000,287586.8027637863
1450000,1645371.7287996307
1150000,1377902.5093175683
730000,755423.1973823287
5000000,6387622.267065232
140000,131782.3043364031
195000,296169.07928856986
800000,769169.1861387535
114000,118777.92215775372
2650000,2393308.0887284144
4250000,4128704.43235437
2900000,2865753.5162000568
1400000,1332492.7732443796
230000,239869.61836368596
280000,238534.87659575915
95000,111425.88696063521
245000,235992.06234254717
220000,208737.26194906342
110000,100347.18698383783
300000,309040.06833657005
1450000,1541324.0730329012
4985000,5005478.734590639
400000,459200.07569714676
175000,151480.10478985708
600000,393731.93835894886
260000,255841.67585047684
1530000,1577361.0070276156
640000,612264.9088218384
785000,734001.5181394091
1910000,1651135.1352671622
165000,228279.1262543568
300000,313891.2612245563
300000,299555.0761841591
295000,318191.84543293406
800000,780780.5764069811
1200000,1104962.472738156
280000,291650.57274669845
100000,65118.3786884017
11000000,10467265.186738001
3150000,4211782.033526097
1750000,1962624.758645683
460000,482120.1975610483
365000,433991.28679864755
325000,354778.00328127306
1200000,1114384.8596867148
1200000,1086135.9021012306
160000,159887.8840721836
670000,714077.9144781654
6200000,7360045.476079541
325000,301380.91176608094
285000,238853.52135589442
1650000,1637512.331651996
46000,61831.67344012865
158000,200716.33144219394
3500000,3413743.4466607994
600000,623963.7723332397
1780000,1953431.9273653824
200000,213633.6554570067
650000,1030932.4108655984
650000,810960.8783575444
480000,380150.34054797754
1550000,1595920.37119154
1900000,1931080.4012707868
6450000,5116067.391855231
795000,741787.5339930434
980000,1004753.7087389728
5100000,4592480.575885334
155000,132182.17716608115
430000,404255.1333703399
2550000,2972799.798331178
250000,306958.3212539544
890000,876117.5940619374
2450000,2400191.8878763127
215000,240313.9389887448
790000,708244.3561447766
4500000,3840486.573944484
228000,178746.36447915132
4100000,3938144.666267878
4600000,5794051.969722649
640000,664189.6037203809
660000,712861.7637244315
1500000,1624418.3323210943
890000,869234.3953081502
635000,653286.6291668401
110000,149795.9467416153
4650000,5599546.52983547
225000,319122.41915471596
150000,154305.0144891638
2090000,1910755.3120175088
330000,331605.81010018056
740000,755273.4243217442
110000,109427.07504427068
360000,293306.94422257127
770000,668444.4283933038
350000,396459.1107641967
700000,520618.30182341003
950000,895417.4557058566
250000,288753.2140638222
340000,303249.46720979613
1479900,1606635.270898848
1899000,1962524.7738802708
4100000,4122259.3570210338
4600000,5033482.130526166
625000,624268.7231909434
515000,610371.9708830094
130000,208079.53153184388
650000,802086.5536647282
1170000,1252353.2467611074
200000,304879.6989756507
350000,355892.942524084
3500000,3561271.1210921947
370000,366141.55598708143
470000,412718.67804810376
2700000,2398982.330120496
450000,498989.57471628423
430000,472255.2929204926
510000,535213.5985385445
205000,225436.99451999474
1990000,2137117.0062120575
1400000,1385644.795099588
730000,769597.4815340363
125000,112437.43004266584
199000,192764.04426720817
1600000,1556631.8049575768
140000,132402.41549785956
2200000,2250215.7926100288
670000,705400.7741963655
980000,849863.6148466908
535000,568290.0232276669
425000,396213.1935130476
975000,893904.8755868364
1700000,1683637.7257436095
370000,379207.83991936326
300000,311336.889097236
220000,207145.08711635618
215000,261899.3609505035
370000,341033.3779356162
120000,184078.84869384475
190000,218343.64882893863
2800000,3125793.7221814934
1725000,1741933.7414587277
420000,388366.3422599043
330000,305374.8645690356
4800000,4411742.012755222
292000,459467.7390563565
600000,539041.284136781
260000,295056.1930014147
2425000,1997757.0643029371
550000,563218.6434857484
210000,262631.0156757411
175000,178494.0694574916
2590000,2622096.523728427
789000,990885.5477737866
1100000,1085032.067570867
350000,339441.87220467196
140000,119467.90475900267
575000,538195.3469885669
485000,525178.9053713586
1980000,1591499.627839645
1675000,1760312.8371196624
280000,238807.27689538818
570000,613884.1169294165
520000,528854.7869453046
1190000,943349.4937085976
175000,155614.0896304272
490000,451734.3374573809
260000,220333.41424925489
210000,193865.2015036834
650000,706658.8329791452
350000,331616.80399651127
1270000,1229923.9334749868
575000,547091.334995331
500000,461127.73242738546
450000,619075.4174161879
900000,1034522.0657093816
900000,901760.1262912682
960000,959134.1464547587
680000,544608.0606083793
420000,398810.4926844883
55000,43843.26261738482
655000,675291.2190885373
160000,155220.63377082476
265000,325909.9570002526
215000,217632.4974134947
1850000,1741341.7513631675
75000,82873.07463901995
850000,708459.7911516277
700000,675166.4467494261
725000,663332.188204895
1600000,1279623.4119547717
580000,300654.4718548402
380000,341289.0210942178
450000,488348.84153979435
2450000,2502896.4007495167
475000,550258.2639829323
1000000,928428.0625896878
1850000,1719269.2764421604
5000000,4680992.509384441
11000000,4429367.446352295
1150000,1100271.2283601589
3000000,2801491.7376690647
425000,472767.0323764908
640000,645091.5219941459
130000,152052.526919798
315000,384818.6530761051
600000,577094.3293884017
500000,569640.9280757065
1500000,1342794.6866729248
3200000,3289729.391828482
600000,538024.4244191907
2350000,2242637.038962674
1400000,1324130.158612105
120000,135820.7671102685
120000,151953.79851598133
650000,553875.6372000299
165000,128712.38993260148
1650000,1698666.863982934
1100000,1245689.0173620314
4700000,4891520.78279783
225000,204668.13489080628
2380000,2489057.078346884
640000,649032.3851682352
5600000,6807122.769622363
5320000,4787641.4287150875
705000,731363.2053261605
420000,482258.80258973094
165000,182657.41030099767
610000,677255.2207639557
890000,892714.8601215106
950000,891570.3465956094
1930000,1940037.301218635
1250000,1211086.8587207533
725000,692481.7651249092
1290000,1257806.9029132812
2000000,1706603.852249326
4000000,3602533.482604778
1200000,1162697.1552361774
4500000,4436875.028986581
4500000,4621621.117960142
2150000,2080414.378254862
300000,299195.65277145815
1900000,1920658.0254231761
5000000,5731852.08429296
500000,612889.9230179203
525000,539677.0894439678
6500000,4969172.741689113
340000,347644.09375230334
3600000,3954549.638561152
850000,808833.97345624
10500000,9339119.876997046
750000,797595.4862426642
600000,582213.112758022
585000,623926.0416834536
800000,701210.0221951768
250000,328542.68713176216
229000,228194.6933982694
160000,148349.2310856261
1200000,1118762.7059068012
1600000,1517576.5880715915
450000,499992.50463821
405000,401729.1059199526
600000,627530.3658751708
3900000,4077441.4953872706
390000,375008.58915830613
350000,431691.49256811815
310000,281208.73511957
1130000,1153305.60537144
380000,374269.4772465886
1200000,1189398.256843012
230000,177239.0891922493
630000,639597.5249570769
2000000,3208571.852206725
2250000,3281656.8102109134
4900000,4320083.190093221
2000000,2916784.5678297
2550000,4898655.252645867
3900000,4895186.940860084
4600000,5647548.491581936
4450000,5277441.587567262
5300000,2678551.412189109
3600000,5390777.351541884
700000,612237.4096315186
690000,692058.125055581
2250000,2203247.3146279575
2460000,4748748.769520208
1800000,2544142.322090636
2750000,4786088.140138594
4500000,5167837.235563129
4700000,5438677.401294172
2800000,5133117.003942672
3250000,5061919.603960823
4000000,4762790.531987888
2000000,2999358.811043501
4000000,4836854.981144675
6000000,4876157.0337411715
410000,407277.3479447359
3710000,3852563.982693591
2060000,3225180.178148561
2130000,3494372.753192502
4500000,5648772.591417994
330000,344756.58441771654
1250000,1596509.035354385
3870000,4460807.524435555
340000,371865.9350233902
240000,146405.8214415278
1600000,2646805.146991018
490000,594343.0556557463
380000,361497.3600231472
130000,155730.34403323487
410000,521356.90247012815
320000,315227.82068197464
200000,197448.41158932957
340000,309645.5665486341
860000,717774.0507570083
265000,285928.7586012698
360000,403621.6411439348
300000,296315.0583208356
2400000,2458451.9730694084
945000,906177.0544962005
5000000,4398639.504529605
1000000,1056775.6546381635
300000,325652.052909384
7250000,5519666.707895244
220000,275804.1856574397
250000,241172.472078304
960000,832657.9864682168
1660000,1553821.816309864
865000,837078.3114931169
380000,352643.61301189585
1390000,1509234.677380932
500000,460637.9993197692
565000,1013438.6287847318
315000,345477.4238570609
1500000,1456834.66788624
1000000,1050805.938070224
280000,265346.0997296542
870000,780553.2512616782
475000,442291.77408357215
575000,627340.5881973533
500000,553765.2827554307
300000,285481.41037093796
210000,242653.45496050126
2450000,2670900.1040946557
170000,138442.75061750118
1350000,1294011.4512555837
770000,729851.6772055007
950000,1198400.7658452687
4590000,4959634.573539133
470000,463711.975846932
950000,884682.5652729347
307000,313337.44727993594
1150000,1069252.7130296954
1190000,1342878.983782693
2900000,3207932.242119223
120000,74818.35405580651
73000,87306.95474492932
1080000,1086710.5019613877
170000,172145.62541420225
2300000,2480515.7892415635
1350000,1203007.6152740414
980000,924720.3776077988
295000,391986.4516764915
2900000,3092432.885088056
800000,838924.071927021
90000,77846.5102528094
795000,727770.0995961751
450000,598125.0700195392
1900000,1871078.3260555142
570000,602629.1326595491
280000,303155.7054787158
3750000,3393683.0989214084
1300000,1229384.4278047963
465000,436094.104286086
2000000,2055903.9776986144
2250000,2228881.575744931
500000,659060.4581641747
2600000,2536641.577223642
570000,515426.53766404674
870000,876515.8501372811
310000,263592.60789339704
690000,676191.1426843369
2225000,2097724.7276076493
350000,298285.7166468665
4900000,6173152.917715566
2100000,3296535.7856489695
165000,245202.2972585259
550000,565756.8107410374
650000,549386.7334779423
900000,832797.4469893401
475000,506963.6043210783
850000,778871.0362605951
260000,255875.9738682234
2000000,2128290.863993144
70000,142827.4225542246
350000,302937.97816844145
330000,425104.37533613475
2950000,2948034.0453158477
280000,442532.50188648264
850000,821116.262528908
250000,256031.20974966514
615000,590840.3098713177
170000,117813.69351231107
200000,134784.63609577203
210000,207341.74345732236
240000,219907.82833995557
270000,277759.59871113615
285000,239061.4028991639
1100000,1346963.2052933322
3000000,3063435.7497601304
1290000,1211651.0415951747
1860000,1957404.8240901702
615000,600936.6549130366
920000,916697.9070503333
9490000,8771192.509700593
3200000,3240424.3116142973
8750000,8773118.720028982
85000,136268.09637072473
360000,397928.83760216
160000,204894.4367596874
1220000,1037058.1428628983
660000,662043.8062680622
2000000,1948451.3608098768
600000,551661.8553407978
3200000,4507337.283882925
720000,860003.6658601557
350000,388536.64208641445
2000000,2244358.603640773
50000,54497.21116935442
360000,279489.5504270122
310000,296485.1737006333
90000,209825.69052571774
139999,133827.0090404538
310000,380240.8488565302
210000,227457.6895238744
105000,90741.94569391909
760000,854677.8449444844
255000,285808.05398863426
1070000,1169005.4406096756
300000,287114.93255833763
2290000,2117894.7111626863
215000,251792.4239642125
650000,317004.75379466196
330000,288597.4106117106
1200000,2330755.387551363
420000,428088.854427192
155000,233155.7167599532
160000,187717.97937853273
930000,871933.2598638104
980000,937877.2405753919
2050000,2085955.3150514858
1190000,1115485.1230278471
850000,828254.2698243072
275000,252772.5735861489
500000,447835.0714895813
650000,643298.2409495006
240000,300982.1666547801
245000,284153.57831128925
480000,556188.1209558158
550000,540962.3235656165
170000,181462.05201482805
2250000,2363314.774264254
490000,594757.3588124628
550000,628788.2771733725
200000,214430.97256029933
630000,714702.5210723267
265000,264422.02771135926
600000,568893.251991634
118000,181691.13846152523
4575000,4987810.758143253
3700000,3676914.64027871
340000,341376.21822861896
500000,431889.9418258974
260000,269645.7947803481
1200000,827559.9331278115
2250000,2146043.4162317547
3600000,3619029.8470626576
300000,289995.7169271177
890000,911329.4903906367
780000,945733.4729836537
600000,683317.1847845
890000,938737.301835905
720000,776331.5118404899
475000,495847.94991040096
1925000,1824910.7899282277
1350000,1286620.3718981256
4200000,2982963.087604498
370000,387065.30350512144
575000,644747.1224951794
325000,360408.8712093779
300000,312448.10974066093
450000,393060.95438385825
650000,555489.0122331651
150000,188559.05854861872
820000,948429.3355911049
850000,868976.7217326716
600000,522523.5230347601
410000,387436.1729607175
1170000,1225520.7910721835
1500000,1777471.7000054144
125000,158960.50388695666
450000,510274.7158213186
115000,112440.99994963774
265000,244015.2009039256
950000,884926.1610316312
1150000,1169873.9365413212
1420000,1484684.3648957564
280000,227667.4532268426
2180000,2212743.122454077
70000,138084.92816446762
160000,187168.8294934527
2250000,2342583.7388480646
3550000,3710325.1123402785
170000,296254.7293491731
2500000,2480472.309594269
295000,294762.4109193754
350000,294328.0474542606
775000,735060.9845806503
140000,231185.15914258326
310000,250099.09127959443
400000,331970.87129811384
200000,248814.14067557562
580000,726017.4680968558
2650000,3006280.9912175084
530000,525560.6565343656
290000,261026.86714724195
1050000,999359.0498441831
140000,172913.72878523698
490000,574580.6614752188
680000,750710.5326135572
420000,437939.01436049753
580000,583313.3754717987
200000,229525.40290381195
925000,956448.9768303903
2400000,2244732.0836260794
1100000,1021949.5611866948
430000,465707.71704301256
5200000,4568274.741160196
285000,349164.44576987636
1800000,2187609.662418014
1450000,1287786.778160806
520000,495969.29833818
3500000,2625639.0949061937
170000,154003.2710296481
2650000,2200345.9634523764
270000,271001.0799173932
210000,224095.39313747795
1150000,1124285.9390667782
1700000,1975854.1610457834
1100000,1130411.5552648827
300000,322466.2773251253
300000,325417.37767170457
2250000,2151909.742942854
495000,553075.5237121755
230000,211045.84932015013
300000,254319.247794428
650000,793753.0888298932
11000000,12487283.411823975
950000,1043108.8149725215
3500000,3461608.888898959
780000,906436.9539053475
233000,225939.7141577102
170000,220107.01732671732
690000,694706.9403753417
690000,741548.4025013172
125000,93440.8693912062
800000,718524.2168165535
180000,147020.05188527174
5350000,5197516.259613772
6800000,5671268.725077239
320000,308302.8880492246
300000,311513.02110289264
325000,299850.61495454377
300000,307782.4524290825
390000,412478.9588937257
250000,220707.84403135884
1200000,1183768.4172496279
5850000,5856177.639477737
790000,626254.8068073587
480000,453285.33812770207
1600000,1472591.165406556
840000,852454.3973646334
465000,454727.72128972947
485000,464781.99121135764
750000,843044.3081185948
1750000,1954615.1233188913
230000,227204.20464624715
118000,169836.05307779872
830000,377840.1791952391
1280000,1321294.939035437
200000,288930.29916048667
3400000,3172900.335175535
3320000,3414058.382272107
2150000,2012783.2330630687
270000,359018.2384253434
670000,533592.8991308819
1875000,1900280.0791556486
1500000,1316559.5403401265
770000,645930.8171472994
1570000,1509647.2397628196
1400000,1369195.2996039197
400000,424658.8553225896
330000,342052.1315982987
1200000,1595313.2491354262
950000,982283.5618788103
150000,87803.1944889873
260000,147339.62269759263
300000,237254.56298214293
380000,327727.1881892023
3200000,3426955.491178746
360000,389616.48426651594
780000,711272.7087200334
395000,348206.6308596312
2999000,3139495.538029059
500000,552588.7005399766
1800000,1720686.5676428552
300000,328159.0755012436
230000,324278.2275740456
590000,597432.1750153512
910000,924040.0420510644
1950000,1927031.1866959736
1940000,1993583.5671683229
150000,193176.38371969125
900000,982509.2260820905
1620000,1773195.8932950872
725000,864429.8998295562
3950000,3825366.9783765925
550000,612313.4927744123
2300000,2046719.9412602226
1325000,1311676.8374509024
280000,285088.73432910215
2980000,2911399.169975634
1370000,1270283.655919162
1680000,1615334.479002242
700000,671800.9363499299
425000,348818.9569619815
295000,270074.4229581242
250000,263620.94603295333
810000,781221.9752278394
390000,445596.919913208
2200000,1930578.2581374152
800000,714665.0871655849
800000,744300.6860766835
550000,517400.05341624253
225000,214781.14702911433
4800000,4131581.2130135186
265000,230221.49370098874
180000,157234.5101301608
730000,662232.8047024941
1050000,1125854.212455819
530000,535839.1807693142
180000,151538.1790021412
160000,173768.93718169825
250000,307705.5427956219
530000,414255.55403557525
215000,200144.8762630338
630000,613134.1333451621
90000,166163.75775038762
520000,460233.38479418727
2500000,2991282.3515448994
3000000,3031393.776739578
450000,405696.3203054818
220000,261745.54205370301
750000,723561.0122394097
600000,594172.915975608
770000,753734.5273864756
1280000,1365179.2645761087
1150000,1091542.7042978525
1175000,1076203.8887161808
1090000,961386.7891610047
1100000,1065615.9637158199
890000,838953.91387764
760000,770290.7601926819
250000,288051.8802944463
250000,223896.3819462047
800000,733631.2544458304
115000,171367.36853286866
455000,459774.0952022808
480000,479149.6354484048
1300000,1507952.3154988447
485000,525770.9123191993
950000,920788.2649049895
2700000,2329191.8477485897
2425000,3129638.1291322354
360000,355499.7073467816
550000,570113.2380627147
870000,1029554.5578503385
950000,1051284.0723853952
825000,828359.7183655442
1400000,1367497.8038526054
1390000,1290788.1453500162
980000,1042602.6370047047
225000,234659.9756874228
845000,850333.9117422857
850000,792440.526244881
350000,262316.2769180025
140000,161163.2940836701
11900000,10300221.419011116
980000,912616.801500943
555000,587192.8605952404
1910000,1913990.5007125237
250000,224443.71898537778
260000,288986.43699436367
53000,88816.16455320166
235000,217837.2750415774
520000,410262.561600394
2600000,2675421.020302966
2600000,3034139.125663555
1200000,1419098.6199421617
460000,446342.05864943453
225000,311306.869439975
750000,749521.331964889
1075000,928067.0423721017
530000,715907.5341510136
2150000,1566866.296204717
285000,272451.0167843835
255000,359041.8305530035
550000,599468.2507610851
230000,225735.4854835034
770000,658244.5473320197
150000,137709.90520311316
290000,320696.9205761949
360000,407326.48552851717
225000,271462.7256853466
190000,208362.01955345712
490000,524624.246747053
300000,184281.9406880534
2150000,2186104.2349553094
390000,405585.7593439385
580000,631964.2685942281
125000,156419.05076826885
585000,541544.247564415
3650000,3276102.1320421705
245000,247719.00988630007
740000,923856.5138064312
1030000,1128301.2668303486
3575000,3589435.6030503805
3700000,3469454.494749326
245000,249016.231108042
1550000,1201873.8166825038
360000,382604.0186790432
1250000,1093732.6735432744
120000,196552.16253667005
1280000,1306866.318902793
780000,840704.8211246157
1600000,1668980.9339145324
220000,187627.83776504904
1150000,1094654.6629985787
8000000,7716608.319647832
565000,450404.3971806408
1250000,1186916.8866633747
1100000,1463152.8773234368
790000,657576.1319229959
1650000,1578618.7075530642
170000,168099.09321630513
410000,472964.07375864947
400000,376983.3942435452
700000,826537.634751781
70000,851622.1514052579
730000,831613.1386757226
700000,701558.4647501614
170000,189840.08280460763
350000,291402.83003166167
305000,297064.15211657755
175000,211812.0563194549
1250000,1075735.4217441797
200000,249606.7241467824
60000,98438.96616470336
220010,267663.0844164472
435000,415634.1346310951
4250000,3939601.8482099217
430000,401421.66735553724
120000,114290.59658609069
220000,190219.55735638394
1550000,1264919.6439205615
1650000,1684430.4333873396
1850000,1936910.0068266592
500000,1866597.9828253954
1150000,936077.6342952688
720000,711571.1751546782
1600000,1824546.3064884478
2050000,1620506.3899618988
585000,571167.8879916563
292000,254400.92623902886
1120000,1037847.3664626
79000,70777.91170011896
200000,367110.0246961395
1175000,1201995.668477453
1620000,1386010.388941209
250000,222776.15549043272
895000,977180.827349661
7000000,5992466.534438908
700000,662990.6949231817
840000,820106.012376073
590000,657436.5665371631
440000,361807.44030688767
740000,726600.3706188926
550000,319781.58900151635
150000,153269.89975807947
730000,709405.1873955033
1170000,1118074.0473718964
775000,866640.0611248388
245000,269105.91761371715
2400000,2616807.1856064224
900000,802769.7883153674
1325000,1345352.671825508
1100000,893206.8796690657
470000,497399.8907441554
450000,423228.5157038988
3050000,2378133.628819152
260000,249043.88861994873
240000,267403.4199944918
900000,980003.4867479667
220000,189566.30369046045
390000,441985.6481709948
380000,386194.18220833567
2100000,2230990.354276862
65000,113985.97015697982
350000,272787.87741538667
5199000,5438852.5409622025
500000,217068.24375344694
1250000,1585695.1300109834
255000,294182.58504931495
280000,262253.14069213904
1390000,1246270.8055247047
850000,869727.7222686013
65000,54464.72017840579
1800000,1962674.712737372
875000,671979.9221224658
2250000,2178846.172881996
300000,274813.6083520685
210000,202344.21433244308
610000,650976.801308545
775000,789939.1445806598
2950000,3397186.9349183775
520000,546521.8811003395
6500000,5431386.01990251
175000,174397.72882527308
4500000,3099424.313896359
1600000,1589621.9669179574
180000,216045.9261684622
415000,424684.711905216
480000,414976.31709388184
750000,763863.9742921733
970000,978075.0010661698
270000,281900.262243554
250000,331322.53080464544
6750000,5831437.152492819
800000,769546.0220238514
270000,252789.31461583145
2900000,3062969.492978237
220000,253443.16554598464
150000,156862.23894997645
330000,293323.74168805365
560000,532708.4941318743
6900000,6825684.9249558095
160000,143173.7556546257
780000,799198.0045812258
1900000,2263949.380938718
550000,575373.9263730388
190000,198219.43277936106
1270000,1372916.5127191625
3250000,3557375.609445065
250000,242878.43262846803
3500000,1978496.434757905
5950000,3928346.8016243954
900000,846369.9199861937
2350000,2452681.832685394
300000,304954.4333803964
1350000,1334705.1743775292
335000,331186.6599202585
230000,235067.41116197902
1700000,1461871.4921210918
3350000,2849674.0002622665
390000,344403.38468699553
1550000,1738105.5250780084
630000,635813.634737035
3950000,4057805.356765592
2900000,2663016.354368778
620000,648521.9672834966
570000,294304.1632585511
2000000,2149785.782862504
350000,232619.09652540064
1300000,1366794.3650501657
80000,70748.08546664364
3450000,3498235.636473797
120000,132946.02181862062
3600000,3845398.2454054635
230000,261990.95069650104
4100000,3867223.590821273
325000,350765.5464704928
270000,222449.96057293247
790000,730609.4676034789
650000,666568.3606019142
980000,901389.0475846006
6700000,5407539.269783521
1790000,1840529.493068236
930000,880369.5606922909
7900000,5867540.957244284
580000,563979.8922031341
750000,702600.6152570901
820000,751357.5028595665
1050000,879835.3623954451
250000,326628.85986005556
550000,780113.3058552542
250000,260438.2230809743
450000,522042.8107373752
1400000,1067382.311116077
2350000,2797892.7124984507
245000,258153.69234444774
310000,265145.63769036665
4700000,4692507.998055211
1625000,1266846.674957566
3300000,3245242.71968055
3250000,3140088.1955572153
515000,504933.1839884617
2200000,2201334.5260439264
245000,268446.50976354326
1470000,1523861.0847488658
765000,799043.4643401233
2150000,2141253.463922542
890000,960217.3446088204
2470000,1962499.0868501237
200000,163742.30177055177
680000,678870.6162078863
1180000,1241437.902491547
370000,344499.00455665
1200000,1211138.520461299
750000,572352.9524250455
1460000,1381389.040950326
675000,689483.592789334
110000,167650.74880773315
380000,329095.9180752059
6200000,5780809.323406115
290000,239518.23227410263
220000,275862.65417084855
2000000,2188286.9284184803
310000,301217.6558358735
2290000,2397129.576980706
2000000,2020558.519903174
2700000,2885718.7295153737
395000,277257.01081897033
1700000,1506342.0625777831
6150000,6243138.472812464
4450000,4693087.846212455
300000,365020.6236885841
685000,575392.34036593
930000,861612.8448050098
1175000,1144683.0393019386
1075000,922420.4707648352
1275000,1361495.4233822857
980000,1027509.3954031449
1500000,1649002.5613185512
880000,955227.7440854054
1090000,996571.6908349734
3685000,3063469.484029627
470000,482699.2785096762
250000,214485.06040424484
625000,622951.6402697758
2050000,2369602.578227209
2520000,2421400.6280208086
3350000,3315265.6437739427
105000,116458.10105212989
260000,275662.1832698142
950000,1030365.3070918382
1050000,1238982.3017556232
3050000,3117650.7010299885
5600000,5326999.020243181
375000,360313.9526026019
13200000,14328694.817268098
1770000,1566053.9360909807
5700000,6141348.610915774
1750000,1442664.9153899588
6500000,5607568.828645564
2350000,2125646.4095480926
2150000,1938374.6917786547
4750000,4908857.783540993
250000,221412.37016769525
110000,131426.31307050638
1540000,1557589.5684398543
7700000,7604018.418617524
650000,629002.8148940555
1050000,1095344.8409630286
750000,785974.8333567666
1180000,1223337.111147228
3800000,3727062.109843966
240000,268980.2735612666
670000,462358.4717831612
300000,278668.2187836607
200000,195591.5782936115
1200000,938254.4484978715
999999,966809.7668934966
3000000,2421490.5303499266
930000,950799.0740065436
630000,922933.0889612184
450000,477343.99773266906
1800000,1776809.989724826
530000,531331.4854804334
215000,213730.24815562638
770000,726798.2674605201
440000,387526.46790328313
4450000,4905969.5978712775
2600000,3079399.5029444965
580000,611410.4732790488
1090000,1173039.8634750608
3450000,3514233.0762154725
750000,735510.4545527162
1040000,1017320.9335800353
990000,923794.0596148868
420000,356143.40502954304
2975000,3203934.936024498
200000,227248.0688892296
700000,1030114.8796982848
1230000,1111042.8775746366
405000,535526.1848125501
410000,380661.6727828762
1280000,1198348.3820793054
270000,242557.64855643496
565000,509215.52833352255
2250000,2020265.3241784608
2375000,2507504.9204945983
15000000,14116635.187472166
2090000,1981597.486393746
640000,600250.7276376068
545000,623548.9429317344
375000,400419.51680520456
1500000,2038295.5286370425
680000,689226.3658246825
1180000,1207872.6403323452
860000,817256.7240076549
540000,549568.9701644006
250000,239966.59786841416
750000,732961.7038799571
300000,295149.8878048535
275000,191498.46330301967
750000,816284.5104219455
2200000,2775508.4156967024
5600000,5458919.936426874
950000,1025281.9675764616
270000,265539.10495774203
1500000,1886916.352452815
790000,834241.2650170963
775000,858524.4978514435
575000,557978.7147853117
1150000,1083325.6948750156
1500000,2115370.5849853773
3100000,3165596.0601312383
1550000,1512520.8337506808
300000,213225.43149474953
520000,500401.1449465064
3350000,3355367.8026233725
6200000,6081698.9460912915
280000,257572.90628901857
4000000,4192793.840531975
420000,365733.5829386457
2350000,2214309.176990702
360000,345856.1638052542
710000,825493.2430620774
1090000,1504678.9028200342
1500000,2444214.578074883
265000,265696.79373371444
270000,339233.8095220569
365000,409388.37823888235
7000000,5257738.227628525
200000,245721.4766717031
980000,917992.8540227576
380000,345486.1465555453
450000,462140.06347988383
1150000,1743584.0349147078
1750000,1588221.714789901
590000,609655.0219476285
2390000,2558696.141082918
690000,739293.2667689257
4700000,4791042.905180028
14100000,13653528.621824605
5900000,6155950.976400414
900000,777117.2887381595
95000,148394.42240306758
3200000,3212891.7000734876
1200000,920562.2580914903
300000,250761.6652186405
3900000,3930398.7631258685
585000,632362.2005634467
2100000,2234450.7703925767
3950000,4630281.022590106
1250000,1149339.6940030563
1150000,1085978.5570652662
2200000,2203687.4791053156
115000,131086.00567865383
730000,734833.5004377922
650000,662493.66138591
990000,937104.917590738
850000,629231.2885706368
790000,742345.615334767
960000,978239.5501354588
845000,852358.9544965941
1045000,987717.7154009345
1550000,1515613.6606935961
1100000,1270861.4444867058
795000,825932.9141097226
535000,510339.78220396733
1120000,805821.6252086549
1390000,1116653.4691099576
600000,613027.7787613391
740000,807275.291358046
965000,812364.0938176084
890000,803132.4999373225
930000,960859.3659905334
760000,785040.1638401255
940000,1041037.7790885664
7500000,3857985.8566761105
350000,367400.782990594
230000,243775.5488240883
790000,800284.0055740125
1850000,2202041.3403043817
1050000,989237.6302712116
125000,139211.93173917301
670000,644364.0004037011
3550000,3523938.9472801276
1175000,1200775.9140446703
370000,423244.33184452227
1250000,1216773.3573463333
2850000,1881021.0208514866
350000,253393.19776064978
1250000,1306548.1578932917
600000,476559.6967481451
670000,565173.4080912499
275000,297653.81980545766
820000,768806.9456462108
385000,429652.71425627684
110000,209830.68506366998
1200000,1681622.9879553148
450000,330912.9284327581
950000,883366.7781410044
145000,136597.07119113888
240000,252567.4681158285
250000,251454.56622344864
570000,686390.7153861203
1175000,981459.6250413663
155000,147029.9659869345
180000,174191.42997457465
720000,807149.864954759
410000,364950.47560330963
1450000,1294228.6080856735
975000,934236.7372510309
675000,711228.9094818858
680000,655407.9986767004
300000,301397.6408157496
430000,360438.85896596796
255000,329487.0190923829
490000,467101.2477625672
1000000,1688304.4823949214
700000,698348.2846850412
1050000,1066000.1703946586
185000,178832.87414215686
3100000,3171535.3557824655
400000,367543.2561036118
675000,633483.4709441306
2900000,2966896.9557946646
550000,592029.8144836233
1580000,1697126.2260642832
900000,960713.679199459
300000,223675.6755221435
820000,866353.9129234216
235000,233333.9200551414
450000,445692.0823493911
215000,324082.5871495763
110000,131330.64734456455
600000,839466.102543882
75000,77642.59812094693
380000,341220.67469072226
825000,770185.732755785
1160000,931911.4013208156
1335000,1034889.703139716
1025000,1059811.4256569345
2090000,1914297.6579726133
1750000,1639556.2098643517
330000,340998.13775428553
3250000,3502933.9233130366
1650000,1470450.4181422442
635000,683289.2627189441
190000,200850.191922252
1750000,1685045.2464665526
820000,752075.9669710699
230000,225792.26612121705
380000,361291.5841267389
15200000,13511292.73303846
100000,178739.5670322157
420000,378943.0912988913
60000,79305.06941499306
1300000,1435471.3773931174
210000,235454.72435845557
160000,156872.5572199508
530000,507113.191237298
1350000,1775139.301238277
130000,145731.30316194214
445000,457116.45557194937
1550000,1487938.0558686003
140000,147856.84135344462
245000,243336.79799898822
2700000,1963744.4270478387
430000,350345.22558267723
3620000,4020876.204762655
1200000,1246371.2575111398
490000,507444.64897174673
290000,285740.3452523697
570000,637241.6037575989
5500000,5574292.892529332
1800000,1562797.822543292
2850000,3789751.864775556
1870000,1973687.1569413852
270000,284514.52690833434
6300000,5318096.579198821
950000,1023607.0483977714
2900000,1920719.2462896295
4500000,3439356.719632444
580000,612787.9343260108
46000,57736.88440730568
535000,726407.6281324181
695000,646791.3035190245
825000,809214.1310453829
970000,982237.7135507612
400000,407617.86523876176
225000,225404.28037329807
1340000,1358792.177911563
1500000,1369226.439808437
9500000,7998035.263135071
700000,649433.8737112288
2950000,2841969.8252229886
850000,813744.496201451
1550000,1649743.7928260062
1630000,1263486.0095806536
1050000,996088.4806950123
850000,863710.6703594682
390000,391566.21771602216
215000,201995.66004558626
590000,920275.2278752791
1450000,1364947.4150110302
6900000,6407714.159299628
780000,708155.0520207203
1175000,976759.5769563566
470000,505101.1788117087
900000,866972.240345715
750000,764964.329967169
1150000,1207937.804512515
600000,584379.4228498322
2700000,3195262.5359482374
5100000,4736419.950300598
1750000,2000539.6487157892
665000,628683.2927408136
1450000,1511956.9294651975
565000,683208.4849490698
650000,655163.2717318073
620000,618431.1830539105
1270000,1284269.0414825103
2480000,2502975.405268001
1180000,1837764.1887959307
170000,194312.893883793
565000,577923.6210969215
630000,586784.8329581573
250000,243811.35257831786
950000,935135.689496241
275000,293559.35880385153
3420000,3425333.443494553
535000,529814.3220507955
1850000,1845084.638920815
660000,695502.1426877566
4300000,4013692.867919838
450000,633850.3201937542
250000,209439.17357817094
595000,571056.0965725698
1580000,1597533.028365089
6750000,6015300.293787551
300000,326491.1172867869
730000,734586.3469024375
1020000,991313.4274117922
955000,977790.3917250856
325000,377900.1510986034
1450000,1535615.7585555247
7500000,5140393.074358701
2000000,1867280.534198601
3100000,3055630.649505764
770000,690516.776000997
3100000,3244296.136865319
3250000,2944865.9824406547
3875000,4055395.489657952
1850000,1815225.0375123844
230000,291308.1209069025
775000,755729.479932034
145000,134256.79516122892
85000,130550.7936491299
1550000,1575061.8471991222
1700000,1673959.0213992505
3600000,3516705.1560345427
1525000,1726725.355481381
1270000,1427764.3613227939
1250000,1172813.88192406
1100000,1120461.519993155
1250000,1271181.0340951455
2300000,1897285.8464694372
1700000,1506140.1383340957
1150000,1200471.7616536987
960000,1055342.8473958173
2370000,2771942.203336013
160000,122570.08057677044
715000,781425.4052081924
2350000,1949889.0295969143
2750000,2660476.3583379607
2850000,3016991.5261670034
595000,720608.1678189115
3300000,3089009.3921071435
230000,239183.2674420257
1550000,1658495.6997305749
4100000,4073213.2383943046
4750000,4540630.3463302385
2650000,2208186.9148178482
250000,225970.09753017095
1185000,1176882.314475235
1000000,1120435.2697638054
3500000,3076639.0102903824
820000,867530.098215219
865000,845606.9118247605
270000,257665.2484331268
5000000,4525694.939814644
625000,620628.9636522218
795000,719303.006904416
955000,1026202.4982653172
800000,833800.9755033312
285000,277526.2957191346
595000,631344.6234347268
190000,231885.50439586936
560000,501970.23061724525
270000,269337.4977128125
1475000,1171802.818117967
905000,982774.642318277
1000000,1018066.7532041664
1200000,1105372.9756987905
490000,682840.8713347627
3000000,3383547.59187616
620000,635299.9872208968
400000,455141.2485066436
4500000,5316331.509766851
1725000,1813594.0553382703
1850000,1709747.118702646
1450000,1590692.0675336488
780000,749524.3268862065
150000,122868.06375184594
3200000,3339733.678325774
235000,235740.89883876516
400000,444880.25013441534
785000,747127.0026074009
580000,643628.3839385574
640000,701674.6132032165
120000,134540.8722083337
6400000,6263014.568552888
1780000,1851447.4545475726
600000,578744.1168316831
200000,206694.61657243624
1275000,1133649.2905901324
830000,799704.1349771735
260000,271678.665962909
85000,57584.87194047246
250000,219684.79068751834
2850000,2716966.1160915196
790000,666263.7780399761
880000,865141.9703240978
4800000,4659063.98750665
135000,132404.97355178738
480000,344797.79601990385
5400000,5469789.565036538
2900000,3381537.3166408977
6900000,6877516.167710673
2750000,2733145.4937160695
2500000,2139790.191274948
4200000,4027068.320405657
3100000,3310754.076444016
1725000,1533658.0122189347
185000,225698.69014111446
750000,683008.319050873
585000,528501.1149528554
790000,798420.4202016017
700000,804701.3634428133
6200000,4988179.730693829
5200000,5138481.643842281
5500000,5641487.716994345
155000,165220.116365218
280000,288674.2087200133
790000,870445.3883237223
200000,202793.55735400983
1850000,2438323.415338102
920000,943327.6875211563
1050000,1051873.439412279
260000,240732.63005256478
1130000,1154478.2969878227
570000,544244.5400250782
6400000,5151406.771026422
5250000,4678587.738391564
930000,864219.8011208329
270000,174297.94413632396
70000,58245.409500888025
790000,727191.4238280675
1050000,1005281.8085840108
280000,271630.58907903207
1750000,1796498.7170887038
820000,805803.7332314864
1600000,1676641.5968251866
2220000,2071405.3882570746
5800000,5638690.151820542
6100000,6558246.0128314495
4100000,4111576.528677636
220000,268575.1182776639
275000,284901.36349614826
3350000,3927702.8258614764
2585000,2654946.8270584303
1700000,1987306.0481078539
290000,269964.19444237737
4950000,4598148.190999444
4000000,3961981.5526694288
780000,847187.6088154457
240000,259276.10445281473
500000,513215.288509414
320000,455176.6944706045
1260000,1155542.3197454966
260000,246848.0594280332
1790000,1647304.0783187004
880000,880091.2817372576
2790000,3097522.9472782155
8500000,5125225.43308195
2150000,2175603.4875517716
4500000,4508366.110429321
3300000,3138588.6068394454
215000,251072.9206705037
5900000,6516840.117116402
480000,407687.37436364905
2070000,2085622.46950014
900000,912146.1331826246
95000,121568.95548745707
1430000,1247117.4080124984
650000,636423.362638848
1070000,1008046.8766695751
1400000,1526613.3296770423
4000000,3745098.8800224625
750000,771686.4147961152
260000,269852.6983406216
750000,795100.4427710696
280000,273075.664166989
155000,192763.19559108865
720000,1040131.5229968701
220000,196322.93858181883
8500000,7423610.964173264
1050000,1100176.1375910924
3650000,3417345.3352013733
470000,455711.8860063068
1270000,1279953.7679910485
2435000,2120991.4286218677
590000,539940.5080082805
2700000,2809030.7402477465
690000,739979.1443147262
1250000,1616387.690869895
910000,891253.0076649042
1290000,1381058.7142262924
130000,125541.46271118306
140000,138810.42438929982
500000,516563.48609986313
255000,251950.00533490913
690000,714834.992462944
725000,729136.3444187513
135000,99440.18943275031
70000,148410.38823655114
350000,351831.1085195215
195000,148482.04861970962
1100000,868835.9909166002
2100000,2163383.253308622
660000,752371.1203741542
2900000,3014925.200642526
220000,238064.64546596687
145000,122316.6526551267
12200000,10892533.100820089
90000,102919.88047812645
4050000,4178419.375772172
220000,226732.19410621584
145000,131993.93516669673
730000,849516.8208259281
2740000,2689114.059108141
270000,335915.47349879926
280000,255101.22691713172
2770000,2876804.4614465395
130000,126761.55950480685
2200000,1848518.428388392
125000,84112.31250593362
67000,58224.482720063555
250000,220574.74499273722
1150000,1147945.5850187438
200000,251153.95480356057
350000,529554.4409488239
320000,261964.08594938827
1620000,1813937.8597056498
270000,318743.7820181525
1850000,1969576.74540126
170000,136149.14944293638
180000,204870.8738425527
1850000,1892156.2654025601
1320000,1197801.1081055375
250000,318223.7401132292
4190000,4359464.790277955
1900000,1667501.1978026798
950000,886815.7703703605
440000,455264.08530599513
150000,152707.505867085
395000,418814.787957511
135000,151713.41067466015
170000,160840.37603561176
1300000,1239770.7519521457
350000,290156.25506220385
200000,154931.29701430522
870000,859594.4298558854
250000,331363.94445493916
730000,738917.3432502772
1700000,1892211.5741107096
2800000,2620044.952591605
900000,797972.9914359831
950000,1104515.4180216796
990000,974037.3144960382
315000,285250.6232541086
3140000,3234930.640186916
600000,648537.0131489666
555000,507215.5374887683
8850000,6519744.1820937935
230000,220933.7143949502
750000,621092.5845352153
1500000,1775957.9215605361
2420000,2529448.3227023683
625000,532952.2140462742
590000,669981.2512601787
749999,755973.2191984025
240000,260819.99278776263
400000,403680.37615462363
260000,271789.0299906306
390000,425846.4865644055
5850000,5142626.950720683
220000,243269.91780969876
410000,479363.3809012775
120000,209713.36420047603
305000,282895.08535110316
300000,302782.11394318385
4250000,3867618.3364656125
450000,409589.8596153132
1100000,1128571.3745932935
1875000,2149525.6896771537
350000,320088.5263661703
920000,1009740.319277246
1400000,628031.2644044182
1250000,1265878.6873667229
530000,465192.0030196503
510000,562790.7668212766
175000,255989.06055588205
265000,389431.87353199534
5150000,5866429.816084921
470000,400651.3249587959
278000,393500.8758972735
1950000,1927597.2161562424
132000,146966.5713770374
165000,181536.98596018608
1480000,1426370.3299054184
3650000,3481942.5066965027
8250000,8749472.544181708
6800000,6008564.80887851
785000,1095549.9345994862
1400000,1315003.9441265496
520000,464679.2178567832
7250000,4857049.089957916
100000,121405.92020003665
7000000,7225078.145467347
1150000,1124918.332976834
3750000,4216482.938232735
790000,867713.0698363018
485000,502709.84615218046
2200000,1824801.4986791436
720000,669782.0929968645
2815000,2968691.437014457
200000,320796.0509112781
795000,968011.449171395
650000,702750.9511330846
1800000,1837404.953554293
2250000,2189517.5708052935
5500000,4289565.939995312
215000,190172.92542334506
1150000,1082445.4688061571
8600000,6877121.593120993
1300000,1114872.1995443413
105000,110992.8073869866
7800000,7789838.838153792
580000,557055.9088561104
1400000,1275950.3423290122
1580000,1229513.5957890414
850000,868198.2049342161
235000,305398.1330663455
980000,1073675.4001485973
395000,388129.8627151217
780000,765370.3660961549
450000,411373.82521217264
8450000,7820222.825812067
7200000,6250147.668362456
110000,87920.35411432659
470000,475467.2086879267
1220000,1284477.196797167
145000,126479.91892485991
4280000,4936050.698952987
1900000,2017749.592657316
1500000,1428415.2893734681
650000,775318.0225467738
5350000,6410361.326295326
1200000,1163782.5430776395
1975000,1915303.4790833045
760000,798261.9727002876
1180000,1040990.144419788
870000,865309.4099207042
360000,370941.53232354566
1500000,4001435.935455238
770000,693562.0770935422
880000,790514.7390748176
1050000,1002007.1365985163
880000,800552.0613941265
1480000,1498928.4625743213
520000,568482.8859032581
1400000,2902854.0673272605
3250000,3358513.264377047
725000,689495.9630793242
12800000,13006973.222302433
1000000,2266682.824654181
420000,406380.4477338212
4100000,3802770.6708956417
1200000,1190120.4998578273
3100000,2855395.457572155
125000,207455.4256633867
255000,234016.1985990542
3200000,3118474.6177431536
3600000,3328732.698494689
290000,317977.9176424248
250000,274882.0463001697
1945000,1920070.4143009991
2390000,2330433.331158519
1950000,1685089.2383729036
510000,511044.0188075096
185000,259252.70938499598
235000,210503.46610209913
3275000,3376904.922613835
860000,1034794.302706715
690000,711214.639696685
1600000,2160846.6831184733
285000,287354.03351623315
450000,407900.81916107394
1200000,1404225.9758092822
5000000,5434349.31960699
1750000,1745926.7283023614
800000,762882.3843725907
2000000,1795329.759915647
1250000,1024831.9826364352
2850000,2992391.933574863
4950000,5437187.633970573
450000,439415.77213697054
3950000,3548424.882908538
7800000,6868986.993048132
4200000,4612967.583805967
3200000,3475379.938326204
3400000,3387879.1134432633
220000,233806.30820266227
270000,255245.41672370056
1560000,1531879.739630146
950000,947529.6506431238
330000,379706.4264007756
2050000,1987542.0327539553
2850000,2761235.536236742
600000,679132.1356013335
2500000,2394297.6919840737
2100000,2089605.0945661974
385000,431588.0432763915
4250000,4492515.035761131
13800000,14162858.400986949
10500000,11221048.674625522
3200000,3407013.6285026083
610000,670221.3707163027
720000,700805.2874067253
1860000,1771136.9186311353
6500000,6470604.5182685945
700000,1006772.9374199179
490000,605370.9480899131
5200000,6163873.599979708
230000,212754.34543292082
160000,147443.31762176772
850000,588388.2745979506
1400000,1339575.6020817312
270000,261596.2217976885
1550000,972735.3063724727
2450000,2462519.807032225
220000,232559.8711035645
800000,781975.0941222297
6650000,6864690.005813938
160000,177291.79960827116
225000,219051.76011624234
575000,327208.3357978936
880000,535184.4747719866
650000,667250.3270351711
280000,316970.56733379845
95000,128504.61799004274
900000,803920.8284668046
2850000,2835285.0275507458
490000,471175.19817897625
680000,730605.2367183062
1360000,1191293.4664619335
280000,296625.23392433237
800000,887308.9901293286
2480000,2674156.2167867175
4500000,4907891.9992119
265000,257936.3519414258
375000,291998.19236133783
1380000,1141106.0406628714
1400000,1409450.0521386275
385000,374963.988312116
2450000,2713928.5644942294
1000000,937839.824727577
1400000,1414737.9258518282
1250000,1245683.5785499308
470000,499302.8545177916
820000,938256.4889171332
670000,738335.0053569509
2400000,2109570.1850689813
5000000,4890378.864946835
230000,210862.2359400328
250000,252902.0635416809
5200000,2744783.8649940793
120000,123195.35952725017
880000,858431.33036466
445000,400459.55500270467
290000,262285.45980466274
2800000,3032813.958450799
980000,768260.2850927748
220000,272588.6728135526
130000,208843.56675837823
390000,391909.4008611954
650000,574238.1281128824
580000,612660.9912669746
2050000,1725023.9618680684
450000,389699.5235560068
550000,537276.6493195627
75000,71592.41378453412
1680000,1520445.316065879
750000,2700800.663259905
240000,203971.7838897366
380000,242437.85297540628
230000,279552.93183676957
260000,252851.09744116155
88000,128671.2232033914
180000,286144.93463450955
2325000,2209825.7900326443
945000,783385.0768416788
2250000,2077015.6707877244
270000,269454.45191938424
670000,756012.6750173065
2100000,2001727.0096176662
995000,995502.2411291655
1600000,1187256.7641130418
480000,548460.5418561484
1435000,1318185.2265853477
500000,509400.5235833057
2300000,2561040.4566134308
1250000,1253507.231470799
2750000,2429229.7007747097
110000,131774.17150458007
520000,517361.9097277573
275000,322482.4927804464
650000,593538.4490329756
825000,806706.5537554619
3800000,3990472.379225304
465000,354440.7396308717
900000,977615.1487365109
195000,200391.5863462532
2500000,2062055.4969996274
520000,518958.39778392104
1200000,1177450.7930607894
290000,237769.149623011
940000,885750.0095692372
410000,434207.77426981786
400000,373215.5367664874
235000,232683.90405912977
2250000,2594270.022824711
940000,990421.7173532553
280000,233281.4002106395
570000,516519.88906848396
300000,268641.5467293063
6500000,6344257.655078303
580000,552896.0990611919
330000,457261.64996798144
410000,342722.10623702774
130000,148741.39551790504
350000,322446.83203084493
895000,805118.138000256
1120000,1117191.646759075
370000,375072.9191647448
765000,749121.8109884438
355000,349764.63272180053
330000,359396.62988852506
265000,219749.72131553802
218000,321665.0443201174
710000,801395.0845690848
440000,513668.3951692731
1450000,1732296.810885143
180000,258128.65059922583
130000,312294.16329773347
348000,323397.9863426547
250000,194330.77390525956
55000,61745.228072211234
545000,582456.0215345395
2200000,1941509.7555344498
215000,229795.73730916658
3100000,2609240.9353367337
180000,230363.09612149763
3450000,3446943.216577766
580000,612117.1908315093
575000,580155.9932158334
120000,145097.66204797523
1160000,1046658.2657404803
250000,238727.84265096104
2235000,2983270.9814894595
625000,588772.1563125284
1550000,1431210.6336751275
1150000,1176998.4525550583
230000,240170.57309342656
750000,777124.5684013366
520000,508475.4886561487
700000,696276.9759336704
60000,65171.75893208504
200000,226548.27098831962
380000,321132.31827098277
625000,701302.4823720388
350000,596124.5842987683
690000,729378.2032305045
3550000,3443677.790393092
1150000,500223.30717001244
2800000,3048878.8108395264
350000,494413.60385602474
975000,953052.9697168658
3600000,3916045.6137601156
860000,870851.1960555753
65000,77595.86403761734
185000,143601.25011964963
3400000,3472730.287132085
270000,352372.4644680248
475000,433863.4176114996
300000,438798.28036621405
1250000,966344.7229986738
665000,691107.1549106872
880000,873032.071682831
190000,192050.53982649292
450000,447940.0987172666
1490000,1402349.4700790842
850000,803897.6929607575
2850000,2763489.9624257595
2500000,2511743.064465335
3200000,3628303.13200588
940000,984747.8004878169
200000,229559.22328041153
5450000,5121799.552987273
1370000,1240764.2784978694
475000,557949.3018811271
75000,81266.12280106917
750000,100618.86927370304
720000,790846.6950543066
585000,592485.4887902827
40000,82825.58375870019
1750000,1600516.3407048583
1200000,1128399.046400109
700000,646694.0202808757
290000,266145.4283564238
335000,375716.45038972807
15500000,14160590.072770698
1470000,1381214.8382251358
1550000,1945985.4509047458
4850000,4411214.32095057
715000,663824.6994354667
1850000,1591505.324140684
720000,819115.084103295
2950000,2800565.1427544854
290000,260531.47854550704
800000,882744.5264040531
790000,852700.7199422059
6350000,5778051.181175083
210000,272398.08757639065
2100000,2199353.2025611885
10700000,10321108.041850029
570000,618367.0389166219
330000,314465.6450707687
1100000,983986.6297519971
1450000,2032162.496352199
315000,308088.00581847504
3900000,3686490.9114409783
430000,363701.3847168384
320000,384136.705641748
2450000,2345150.2731409115
220000,227115.7969770464
770000,761800.980929265
1160000,1102678.9100798902
490000,477926.24748001515
535000,553464.1337144811
1650000,1530117.1932770223
750000,821326.161307209
160000,139185.24082843473
2380000,2410167.3838258665
2300000,2452773.620856764
1200000,1225772.6125854137
130000,365707.8541698582
400000,367778.1950825346
7100000,7780432.029154535
3650000,3691758.8491798257
770000,761358.4512001425
4100000,3927515.6032072115
2800000,2968883.159962676
1050000,1059042.341254455
280000,233442.66635384157
1750000,1701423.3374111566
1050000,861211.5394293442
2500000,2107902.4687529104
2250000,2085934.5982798408
6950000,5848045.206524831
1200000,1431894.3751792652
110000,132226.55375306346
2100000,2159859.353393123
4400000,3740534.042311964
2850000,2722453.9028477524
200000,264097.8924318656
1600000,1503404.5265935792
2690000,2545865.7781510777
325000,315072.0376895057
1520000,1076853.9645344138
600000,617668.4662668874
640000,715494.9293040946
3050000,2943220.8789432007
7800000,6586298.928421078
4000000,2819301.566923733
850000,909323.918350198
1220000,1027440.3546472727
220000,237187.50605928485
1650000,1630188.8986775763
850000,853400.0199069604
2400000,2845605.6021953747
2290000,2438440.1759396684
1085000,1222220.7643850313
650000,625645.6177955341
220000,266325.93290096184
1800000,1939088.4897274724
375000,613052.6112692732
103000,152408.61260800177
210000,262535.4359039745
7500000,7192022.557192402
1450000,1349559.719382315
3000000,3291418.6832231907
400000,331439.35448433243
1300000,1195104.9797492558
600000,576707.6142185659
3600000,3409381.271412346
550000,565319.3672786788
3550000,3463407.0256935395
5200000,4068568.725053666
3600000,2728782.599054786
250000,231724.40116004922
140000,109244.97459341865
7200000,6676795.731793913
1100000,1262071.754117262
250000,298942.30964959884
1200000,1171884.8897989013
5700000,5706788.041114985
650000,800961.5571821063
4500000,4486508.741389707
715000,723971.0435313373
1950000,1874875.3807235213
420000,336904.7518488901
1350000,1240666.9486175724
1850000,1625609.6342236465
1950000,1908839.0319185907
2300000,1852968.5976723612
3550000,3620328.4483772544
120000,162037.5910983252
265000,238966.87350988603
255000,229586.3810089641
215000,221930.5544425395
180000,133474.3659550808
1750000,1745058.259248375
1300000,1456122.247088805
2050000,2082515.5421576356
2400000,2425866.539854333
3250000,3343136.2806616155
2730000,2832611.6269001826
670000,601204.7801447468
175000,210291.50523149993
575000,647535.8395783057
170000,143409.55172656808
2100000,2042149.8634348738
360000,453951.0849181351
360000,266904.5732134272
280000,298863.54542128905
285000,346383.7281228761
2400000,2823874.3228777414
700000,737731.8897781222
800000,776269.037232796
6400000,5636080.721258859
2150000,1774109.056281425
6250000,5905042.863055603
2150000,2083900.8711268753
2100000,2179892.1953580687
3500000,3513722.773577398
4200000,4032925.017915194
4050000,5198582.718892995
2900000,3065680.1503419527
240000,236936.30103604743
425000,415352.47114910657
1450000,961786.3029021141
1850000,1830823.6353154967
1440000,1458987.9688788299
95000,129597.61054619162
225000,176184.42036909403
1750000,1406944.703462707
200000,258016.4745301275
530000,589112.8915782425
790000,831967.4366561203
865000,883789.5924731684
560000,583184.3732881814
650000,616609.2347887646
790000,842033.5797146447
690000,665441.3337713236
320000,280173.3186299401
1795000,1845546.83402649
2990000,3338827.351926574
55000,44667.90689553631
430000,398627.03644267225
850000,966427.3186560696
175000,199404.63968117404
450000,454804.631654529
2690000,2524124.0548886936
190000,180686.6494266611
650000,710713.0488386349
1020000,1057357.2172698579
220000,210733.89931213664
450000,366952.28444087005
230000,211560.6993447781
410000,357085.0175179663
250000,249304.90699554695
3250000,3046115.663618996
250000,168043.59259406658
350000,242370.21608984852
250000,257233.04300937988
1250000,1134437.2986708507
235000,229595.3848261596
420000,547189.1393169353
1580000,1614069.3799859819
280000,195072.98524284322
170000,128056.33658335204
600000,610266.1118729764
1540000,1646662.8879951388
360000,372763.08949277084
300000,319326.96470657585
140000,150706.8145134111
510000,520296.7423416557
6400000,4960677.595946895
2980000,2913080.088106529
250000,289272.7167426815
250000,243886.50150526423
1370000,1166678.436076135
187000,206456.43294673262
1900000,1818901.4922072997
2670000,2529042.5418204456
2600000,2383562.7121172748
2750000,2418712.5929862033
210000,220141.0193916908
520000,479338.58071767655
350000,333690.7580346162
1300000,1028168.5379512003
550000,457822.7464673906
2800000,391562.8406780241
450000,384774.56697397976
1570000,1730487.5506924086
225000,227968.11330352974
330000,268744.0181466269
175000,176863.41715291282
970000,799505.0038734167
1900000,1812674.2367355647
110000,115950.16072517353
1600000,1220633.1997220053
2750000,2643461.335877706
370000,429941.1400481753
280000,327155.88151957816
155000,103823.7057063847
105000,128450.92246949988
260000,296433.29018427583
875000,1005381.9763931946
2190000,2140560.78126691
295000,293567.8299437225
970000,1055158.4474093707
1800000,1729870.8402943
350000,346331.76194011566
940000,884257.5563276516
2180000,3114070.928165514
195000,148718.96327878383
280000,320349.94436910865
1400000,1270304.341561846
2350000,2074736.6574998545
940000,821903.01320379
3180000,3134499.567717181
3350000,3208158.865250521
385000,366631.92659321206
870000,914182.7527533397
2000000,1861275.8072998994
500000,601689.7778249728
400000,416782.424308778
365000,325822.8129691487
340000,304114.95296310936
235000,337266.56570166885
5100000,4697020.219827275
780000,890856.0016303502
340000,328754.8779881275
850000,805902.3860735205
115000,102023.58997493779
1150000,1131950.3402023348
310000,285737.5947933949
320000,360190.38239876
1400000,1464579.0409789833
870000,959926.2872805393
1400000,1294950.039329161
220000,174148.64301599696
1825000,1812784.2683739488
5400000,5313834.8003240805
130000,83377.89816256303
240000,189841.18202685937
540000,502087.98845354683
650000,593210.5572599137
320000,340848.15271880967
350000,367262.77424913284
600000,739722.3605408239
200000,154656.80349223755
620000,592494.324427801
280000,312556.8967163812
4750000,4644387.8480023565
230000,224850.91155292914
170000,189965.25325152316
850000,810397.6384268003
430000,409800.09766312514
8200000,8074933.741096813
825000,880506.8030241835
100000,61061.036352897
760000,754989.3155227463
530000,520980.88442911115
4200000,4716413.678538183
140000,153234.86953361894
260000,248694.7186152777
350000,356442.93221802457
1825000,1680127.6483818137
1500000,1624237.7073651298
1220000,1172662.9012577224
230000,206911.29029522842
430000,433691.11676722614
7100000,5079631.312439026
320000,324530.49268834654
580000,548589.5021754431
725000,689237.9330204069
640000,763891.0065302957
270000,311060.8946704596
360000,350694.11513308354
460000,455122.84953009
140000,167066.04824304063
3650000,3787623.4447908397
1800000,1716590.7116895523
3050000,3364193.2774869236
210000,186556.83266825127
1650000,1591971.0711258883
1680000,1812968.696584848
280000,342004.6352054216
450000,413901.98411331617
3700000,3077197.043213137
1400000,1353640.0785411624
850000,843727.862910679
570000,524608.7687798175
1700000,1633589.7646606897
850000,837006.8613113107
2650000,2659838.245531148
200000,283419.91957049654
600000,606191.7997649347
2500000,1830837.1057454448
200000,211160.9118664295
120000,153203.0435453484
3700000,3680906.4097968526
2500000,2542193.607407514
800000,812922.7133959392
150000,130743.12692864635
1950000,1996029.6714029016
11250000,11902550.083961857
785000,765654.5468242279
1000000,903364.8234300126
1700000,1675826.4280676274
750000,679876.1324328001
2750000,2954521.4506942504
1395000,1390775.4599797719
130000,123481.43035445093
120000,231105.8197892343
4250000,3481185.449752644
830000,968709.5252544717
190000,224879.3104472343
180000,224011.65876124226
240000,201213.69363616718
930000,954539.3204405914
290000,246915.08311642174
300000,414995.4442191191
780000,708075.3391172214
750000,671404.0754714722
360000,346027.0604458345
545000,547680.677771927
1400000,1150721.3837573957
1950000,1676821.7536115274
1630000,1695041.5161299154
1950000,1741522.605622204
140000,165201.7442508829
250000,252547.2447474604
1200000,1276677.957611309
185000,259608.1953576146
1070000,1097239.3673306576
275000,266537.7192091683
1100000,1210742.6144430323
230000,265267.1368831801
6900000,7567563.226019557
110000,127448.95652745116
250000,207330.78653796675
1800000,1714209.5433186814
550000,530550.7369987031
1300000,1419055.0452342387
285000,243901.83992109407
200000,236610.9436878121
360000,444305.48161566723
3350000,3064389.3644249924
1430000,1424851.6672665034
195000,223226.51709353793
1275000,1241014.5456205425
830000,806749.3569323869
1750000,1749195.4650394362
85000,112835.76037322552
4850000,4532809.362463335
6500000,6203018.681160843
420000,412654.9756441583
380000,473079.8823559605
3500000,3723254.4645701894
570000,490712.8264333489
800000,809288.7626722904
3300000,3126326.9378716494
3750000,3375595.656081239
3050000,2749364.3902574214
165000,162592.65515017047
900000,950924.5506554713
370000,412644.7720427093
700000,773019.1293208324
1910000,1855839.5648687107
1280000,1292721.1293685257
160000,210935.29272681358
620000,612772.2806291882
480000,410156.5435347884
850000,926258.0326204215
2000000,2074702.2492329713
1750000,1772237.9888243761
250000,261174.49087291997
270000,271905.25837744406
190000,236222.18786018578
3650000,3685406.167751828
580000,586243.8150315122
320000,319211.05665663886
3550000,3938905.896035935
925000,820356.6837510115
310000,302880.84825479635
2250000,2019514.2999697463
210000,219062.02005130745
1100000,1118492.7842122226
1750000,2083858.100704007
300000,351602.47454984434
170000,192102.59433827762
1050000,1064656.6317260596
275000,274130.80470851366
1000000,969102.8710208794
110000,133629.28779745943
275000,289437.2052784381
270000,279140.5913579174
3900000,3970728.5657378933
3450000,3284647.228122905
370000,316250.3624166831
3900000,3191659.446088586
1650000,1785563.8579616407
1090000,1002573.6162209854
190000,198996.03442154947
1380000,1141949.069711279
1920000,1769013.9880570723
200000,271661.29640050523
120000,149064.70747516782
585000,579218.6552371396
670000,747483.4016285817
280000,238873.1293865662
370000,371057.63449861057
350000,328021.3111174247
45000,52171.87477306528
90000,115804.42649215314
370000,299429.5391184862
450000,394901.7472390716
485000,387453.80011341884
155000,112837.0474464001
245000,241260.32780331327
250000,202094.07367856888
375000,342327.3911042973
75000,46771.03624863731
160000,134279.01214587185
4400000,3158633.9897335097
550000,508314.4510718366
700000,667384.7411165305
340000,344802.1314659388
240000,210614.76520037674
145000,147029.9659869345
2850000,2612076.336808312
185000,185561.29444708794
3550000,3595534.2700923113
1290000,1256571.130155248
320000,285015.51992094726
235000,237896.38616900143
755000,815305.1074667946
610000,572592.7870135361
190000,168522.82132076466
330000,269932.6837306854
240000,331596.56683378114
180000,166382.1782572857
220000,258423.7394164194
770000,769149.7609109207
7250000,12176125.946784602
150000,167995.4832967624
610000,615054.8835378379
150000,82931.13006349443
2200000,2312639.870070665
1865000,1639112.6194599199
560000,598972.8583972845
1070000,1387853.5072417369
160000,154240.01069825637
300000,285470.86582616967
185000,214805.44952849284
350000,287042.8472979737
460000,389091.44219253527
530000,599397.0561731891
1800000,1807743.2844982075
5550000,5605239.048523212
3450000,3586959.676414918
845000,733336.0177047686
1100000,930404.590700373
890000,906675.6724785866
720000,631185.8221816599
2400000,2142013.4615674596
225000,254251.0845836732
200000,263884.37351180677
200000,263463.03290694056
185000,223245.13456286988
230000,211988.42050787504
250000,227246.07622421707
1100000,935977.5505668833
4099000,4102943.2271435647
370000,360754.01922520774
2900000,3001845.1606480256
255555,307610.28741111374
395000,436217.6672251466
260000,331567.4880601018
640000,760650.3783827196
300000,295141.3270676405
700000,823228.3999677215
785000,779630.4708665784
250000,191213.92447725605
580000,593110.2055475294
740000,743683.1578458124
950000,817313.1980907727
850000,758680.5756779773
420000,385544.1221937879
775000,816429.7882513573
245000,270256.4487370093
80000,132161.81320776462
550000,447088.0673747976
530000,514770.09235240053
120000,149204.4006714393
850000,988520.2979986271
600000,587920.8180517091
400000,347017.262573759
135000,140938.08616628512
2580000,2726676.347441035
550000,519561.2635935697
1500000,1270096.722588012
415000,416624.40254774905
160000,155962.77547180763
250000,196250.96403551477
630000,616615.8957914156
1750000,1947842.3139340007
275000,363213.5985619891
210000,250911.54515222475
1190000,1062377.978642198
2200000,2011259.687641831
5700000,6935040.4463167945
1180000,1139008.6996865328
1950000,1998343.147129051
130000,150848.99858970824
180000,162901.526712039
985000,806292.3562794289
135000,154164.52687980188
345000,349861.77961551654
150000,151560.7651792801
300000,300287.4997619646
1250000,1266891.228481996
4600000,4359280.84988684
3200000,3139330.5991115645
750000,640503.7493616204
150000,134770.6292742558
1890000,1934719.031443077
690000,658332.3533284039
325000,283532.8602797139
1165000,1201848.511209506
460000,542151.080401652
225000,263822.59672991774
1790000,1937165.3197160878
550000,505511.4821258439
4200000,3452437.0365679087
3550000,3899905.808989786
1350000,1087672.8272354428
650000,656340.2494719628
5100000,4563272.120436817
675000,645093.6081291452
135000,123065.53329689051
120000,155856.58215621894
275000,271642.58405269723
240000,226866.2769234159
90000,120582.32473851401
2850000,3186392.339663112
800000,784380.9586759617
495000,568752.0359383579
8500000,5257732.771662926
900000,921488.4296051213
90000,105792.86494085794
9500000,7352219.171545984
770000,871465.6522811612
370000,371255.1649608297
275000,239610.2947624535
95000,127062.03828193682
4800000,4555516.655496527
770000,948739.7011941426
2220000,2013008.1139238207
790000,770943.1949430398
160000,194021.5122756775
3350000,3539288.9888848956
390000,293009.6399190703
2550000,2609439.163130935
240000,268077.3897308952
220000,249587.32169978594
750000,767057.5413722333
600000,711012.5861387746
5150000,4535924.829388546
800000,629590.3392766166
210000,197167.21694402216
1000000,1189311.026644781
950000,987733.7279153059
230000,181834.81954775707
130000,145442.4094210547
290000,275901.05788044236
2900000,3162933.8758820225
1200000,1200356.1808507857
2070000,1879932.926153772
700000,718299.0317030811
3300000,3166216.5080533097
3850000,3816429.4916329
4100000,4057838.9631123324
190000,213566.24748885224
2500000,2921425.6734543387
1350000,1413715.1916930347
690000,722804.0222324653
670000,676049.0355493625
1800000,873765.9002988216
3350000,3173571.41008088
300000,232417.73267546098
4000000,3145416.017529731
450000,406870.7867574751
1400000,1352190.8242620602
280000,270362.423273881
365000,337437.4923392284
165000,178122.5063055706
450000,387668.48202096584
970000,768972.9235013393
110000,119751.9539983129
155000,226013.01215517582
245000,286400.2885606348
1750000,1555964.4645247094
1675000,1788437.4493415437
400000,485365.6061625315
2750000,2808815.5779356477
280000,321733.0872236418
300000,299224.10433833126
1190000,1312236.5014936111
1500000,1485157.0285525871
795000,770697.2604825621
2900000,2788806.426103471
2550000,2562555.3089217967
350000,305746.6922995601
455000,365090.7843359768
280000,259899.57387561857
230000,234295.18898093762
1530000,1634183.1271407797
610000,678095.8495554847
1350000,1234644.3025154094
1380000,1078919.6062015058
420000,427395.11940981715
1800000,1576226.1399029798
300000,231959.15589591977
200000,214141.353814998
375000,352428.1980191339
1990000,1863564.690181628
1750000,1934992.7626803631
3900000,2776811.6309722
320000,336015.86818377976
1300000,997146.3477296236
255000,243248.40873321999
650000,379093.11301190255
5200000,5074842.0509549575
245000,272747.8081652879
160000,218208.2677112799
300000,346640.23944346816
980000,1022672.256209864
290000,313278.77048083546
700000,700917.0803629518
230000,227710.90650010903
90000,197577.91477835694
1290000,1544383.4078881294
270000,227037.51947138077
315000,302532.6163899009
120000,158152.70347641225
580000,602113.5830994606
500000,525508.7332636071
117000,128102.64922815376
140000,154548.84165106717
320000,358923.8276407444
380000,352819.0291322365
480000,448730.53627401637
230000,197862.1809964985
195000,259597.03857630715
210000,208602.90710746314
860000,790055.9875669972
270000,300156.7028851943
155000,179401.90336480044
400000,361662.9801486194
370000,378160.561912287
275000,252768.51997986066
900000,876735.4494141653
125000,164855.8883293756
590000,638569.4097579925
290000,302706.5963747334
170000,142703.94431756574
400000,404894.3466164235
155000,152971.19493149186
1250000,1057788.9045771374
715000,717435.0058822178
280000,276231.6586995953
215000,362495.27902434795
150000,234884.55571754323
590000,686308.068255046
310000,304398.05432484625
280000,267695.20238607825
225000,265965.9480937649
2675000,2818852.502764858
720000,755905.3678016928
1200000,773997.7216939488
2650000,2754532.1468067346
370000,329405.89325442415
175000,189379.28244963006
160000,186050.23263960346
60000,51340.27474256223
370000,368012.0173100553
460000,494435.2703347703
2400000,2535700.8493921454
275000,255372.23113828443
200000,136016.22188418754
2950000,2653746.809197413
6750000,5584475.059164623
5250000,4011162.1449920963
250000,265551.9223071421
330000,328243.2054769714
4250000,4171514.853937528
370000,383851.76429112395
270000,323609.27452944923
645000,662984.9072521538
4250000,4319738.815230004
200000,189343.0399585092
2000000,1944193.3764602756
220000,163204.58063339995
420000,375737.85572055436
235000,223974.28165499453
640000,587576.9063640635
215000,205006.8026358075
9200000,4018650.1744294055
2300000,2265943.0396964457
185000,184240.17845256964
290000,293805.2419332519
133000,177037.2607263341
1100000,1162379.855455629
200000,188848.0194273005
470000,414767.809785307
100000,120046.35558084764
430000,289108.48233721266
250000,380351.7379466287
1650000,1645488.5098990544
250000,188989.77924033534
1775000,1743351.2953969701
1950000,2281239.0053625247
450000,497375.5905908469
485000,413413.7804002845
300000,339101.90899441665
770000,744813.613106228
620000,632340.530733738
550000,648352.1783181354
1250000,1231439.7182263145
680000,700607.8891454466
360000,347010.3350168979
410000,374234.88489458285
1250000,1229107.3021824588
250000,235584.03357713102
2550000,2508115.9561810307
2750000,3146315.551108881
300000,262311.3377270575
550000,544643.2997427131
400000,376931.0626736493
970000,999788.1104454912
85000,97188.83908527336
330000,314339.1320457694
1600000,1700815.8388001493
490000,483212.3859307932
785000,748003.8542882176
310000,288708.91149130126
520000,577719.6717380404
150000,113559.11168752337
250000,262901.3275335078
270000,210062.58349540274
700000,724377.8519256051
155000,153123.56376576063
340000,297954.1278069256
1150000,1100038.4820118598
200000,210045.78264063832
420000,419941.77629168436
300000,302430.4142612148
1160000,1142844.9287097028
800000,842912.5427497025
215000,141824.07353063405
1200000,916743.5282327975
180000,164299.00053094304
2500000,2420604.9322730363
510000,463415.5449479797
1670000,1817222.3381971896
365000,286751.92414781573
4500000,4420781.183357703
250000,242732.02404926144
400000,409662.96539326553
130000,254525.67322276538
130000,286588.8108233294
840000,1154791.0192791224
4950000,4982426.481670038
4250000,3833970.1121981703
430000,401819.5878297993
990000,988959.5479172312
230000,245438.509420287
1650000,1542350.4278394808
4600000,5038778.034844297
1600000,1607175.9668506414
2100000,1836974.3835560002
145000,157192.93796672954
3690000,3741657.4547372065
270000,250916.5779858539
395000,497634.22383224097
1150000,1230041.089279538
2800000,2959138.0773322843
760000,813622.7785504948
1300000,1402952.2891974617
510000,504820.182807214
145000,132974.27261513317
380000,377763.5211083672
375000,473766.7413384711
450000,410052.537405204
270000,296814.39068984234
250000,257588.80531345052
5200000,4765114.164295337
500000,391557.1797001866
560000,571808.6094824079
6100000,5664828.862523385
415000,1008574.5678095473
210000,200050.63489884752
9000000,6216632.112121528
240000,236307.6334698634
370000,329345.1759228373
1100000,1220749.0543988296
360000,323385.31668082916
390000,341405.28003983415
1000000,1003932.9146203366
220000,225364.65519015057
6000000,6216714.368618537
130000,140202.015377775
290000,272004.5111274827
125000,121221.77144099648
175000,195732.0997146623
570000,580677.2163275988
2500000,2323704.31745859
900000,847177.710839514
1825000,1765210.5634955696
6500000,5878428.259107557
360000,415061.4824033393
6300000,7091238.966747517
46500,87448.86157542487
300000,378655.78678765846
3300000,3819839.65938034
1020000,970107.4053157363
1600000,1404726.4420652145
245000,253219.0471023857
40000,73060.7316876148
230000,210799.76579313388
360000,319022.07783887646
1850000,1831025.164796017
1400000,1544593.9172593416
900000,807853.2294495094
340000,305463.2438807061
280000,270338.1410483775
1140000,1159113.161098219
390000,418147.70285159047
350000,332415.10917838535
480000,349306.3174422532
790000,837827.0123083724
320000,299124.2675429663
400000,345736.0134048745
870000,917957.0639808136
260000,243242.9035763753
1300000,1261346.763393364
400000,415646.06252939196
125000,147612.96636794068
115000,149455.19798528307
2450000,2715485.748860355
575000,662855.0838035594
2440000,2487296.2454426424
120000,122515.74154608419
1120000,1012431.0077858162
795000,668271.711490081
4850000,4790537.357629811
2700000,2453042.1533930935
620000,642181.302963025
1200000,1282047.726914247
600000,404012.0584719467
200000,211117.04369369522
190000,232124.3013368968
690000,754096.7315354754
3700000,3424911.630629303
770000,655751.019832884
370000,480621.6253880524
3250000,3112396.5128127635
850000,943440.4593156601
330000,350432.0275356943
69000,115062.29825587537
4850000,4659215.854975644
1100000,1193564.9618670752
190000,208729.55101204154
3550000,3194263.501735226
370000,362428.09742556995
1185000,1011682.8175340673
265000,240106.90130393382
260000,259825.98747806146
75000,114094.12293336003
825000,666719.0215078786
865000,917486.1073940921
3700000,3859967.8942136704
980000,955176.4249166384
155000,224269.9251021743
195000,196143.07342197443
153000,156935.03290061528
1265000,1233518.7308159089
880000,851017.3339369408
1800000,1848322.7412896175
1050000,946344.735030521
925000,910335.4032091065
300000,241751.78854941254
450000,422965.4227675174
650000,696816.4540131894
550000,581248.1360779075
700000,647793.8632631415
295000,336878.54552560154
160000,181879.37167287167
280000,387264.8237129115
400000,483951.3395327753
1375000,1221266.2457482459
340000,344557.9574055541
1600000,1702965.78296101
365000,322065.2426584873
125000,172591.32571682843
410000,467082.13573070685
380000,438602.6551742055
150000,152641.77981466707
150000,115959.04013573511
300000,382893.3779940892
150000,163715.42375076527
250000,322262.9601912799
135000,146019.1827020226
350000,324573.8917411621
260000,280449.5003125199
420000,364857.3387428185
380000,313237.5090545456
400000,403430.0478834634
550000,495493.7322769088
255000,287646.1062831144
470000,451484.4248980299
1790000,1581835.9701288468
2450000,2331835.963233074
190000,179983.00604317087
860000,950649.1836276373
2250000,4617336.358449407
2200000,2281076.525225671
3250000,3233945.122629316
1500000,1211968.5985190829
260000,242018.27903668093
210000,209875.2148898066
130000,132915.2472167323
3800000,3779114.9979467867
345000,364527.7417929243
245000,296423.17962465505
3400000,3361114.1239755526
5000000,5047666.146613899
5500000,5439775.879087877
385000,391908.077173459
300000,292376.08679537737
150000,114132.85114053314
380000,370998.39252378047
245000,234405.1840474336
295000,334175.1211583101
490000,519714.15773611976
620000,623911.6628392574
390000,403290.7729648646
370000,368604.93812452623
1050000,1126933.6424712713
310000,268072.55885073234
980000,982553.6892177664
180000,186632.31740792253
3750000,3800424.5382936164
2570000,2626389.1669620327
1850000,1764210.155539232
190000,236156.48103191736
220000,285329.0716042872
1050000,1090262.465853102
1000000,1297962.1994740053
925000,936583.3148727905
115000,158152.68387318915
2500000,1612421.4376873167
925000,929771.1261767792
220000,227430.25220781539
65000,78078.88073692193
600000,560417.1395302139
680000,663214.9268613176
350000,265598.81193692767
400000,483141.06696939125
150000,141849.67555160273
600000,546236.2926269606
1650000,1261816.752295677
400000,371013.46622150496
240000,225901.05911793667
205000,208684.5818785243
670000,705491.4383780712
500000,430530.5938989805
1500000,1504497.2282394115
555000,450735.02575685724
280000,312044.42564423673
630000,604286.6861087773
1280000,1268433.0937377939
200000,227986.66411911222
175000,251780.09614028723
1985000,1808498.6870821319
580000,641781.4083384997
85000,114718.21702829051
850000,801141.4378240695
690000,679824.4494027572
320000,339323.2352622405
1650000,1672221.0260749124
850000,771146.713508959
1175000,873275.045326111
155000,119435.96005260904
1900000,2032516.821100195
220000,235304.1279544886
450000,380185.863693669
150000,135419.85663888237
2200000,2009077.475539962
210000,234662.35391176963
585000,596168.0404008415
2100000,2278627.315069077
1050000,927118.356058059
340000,436459.1721487802
2550000,2561958.9232621742
965000,953426.4437111618
370000,352876.3050761837
1750000,1750857.6213864235
400000,361870.7424041244
840000,821888.6571212386
685000,708531.0113618382
800000,875061.8605180345
320000,236091.99715144958
1190000,1215508.801675196
1460000,1385905.8481258887
460000,437775.79154157446
275000,268086.50439995545
550000,557919.920027307
1600000,1714935.4496707297
419000,354711.29196054337
979000,1003545.9192407967
450000,443073.6343493648
3875000,3823568.860822154
849000,847023.2645706987
8285000,7745175.555117133
1350000,676276.9054710034
240000,220159.6095653387
90000,127472.37254890813
3450000,3908036.0310345907
150000,120156.00866628582
1780000,1572416.4753173522
5150000,5188554.388240232
780000,875436.9313800317
300000,277410.69689922966
3350000,4894000.143746946
710000,678085.3164736473
305000,332074.61864660657
600000,621299.6446989477
4850000,4689951.662187153
545000,592527.1175137116
2200000,2200474.1860924824
190000,220672.90736290964
1350000,1253675.560219621
13000000,12344077.084652752
13000000,11269819.636811368
1875000,1829532.677475463
1070000,1129968.1812603273
4800000,5174193.525741028
7600000,7776811.847411037
4150000,4027320.1053758315
380000,415632.3851072126
450000,331511.6436854239
2670000,2914908.5795123912
125000,144354.89942677136
520000,563880.6053169528
3600000,3500940.5727149113
130000,123865.08461125448
7000000,7045841.683916669
263000,288088.5062508299
1850000,2112908.8454749836
290000,263282.4353234836
1550000,1571898.687927936
1800000,1656389.1826355113
730000,745812.3763790171
385000,691990.3386093666
460000,436869.93569078343
1550000,1460246.9153675563
690000,700097.1441280965
225000,244237.3903840432
1450000,1440054.8675221966
4950000,5313821.388332281
1050000,1037764.2786635861
325000,361594.0249845072
560000,742537.9576050442
1880000,1925217.3769654944
800000,802800.1368644227
450000,410140.2378216073
425000,431481.7065540658
1500000,1293748.719993837
460000,440234.6903376522
870000,898394.718539318
1570000,1891197.8172495908
145000,107327.44298708808
880000,841308.2189948388
320000,311079.72963068215
2300000,2398953.811213454
1690000,1572620.2549858536
550000,463696.5035574298
1300000,1905997.927021729
850000,767774.252373052
1050000,920473.6493430729
450000,358217.7704888524
750000,717059.4783432515
750000,658299.5753999195
660000,965434.1654944415
1230000,1328784.9701741575
640000,675232.5552919633
4725000,4070968.4728003205
635000,627310.4678957153
2000000,2255670.691552144
1750000,1779582.2322014468
275000,256671.57581573358
280000,303719.42054818006
295000,302223.8379136027
1425000,1307249.039393254
2830000,2797075.904669878
730000,799829.9091759823
380000,325164.4008927195
770000,756350.356266818
1590000,1467175.8037305637
750000,688878.2635272156
2890000,2822245.9188700267
625000,599163.6241388874
565000,550726.5802661931
860000,853549.2925685534
1550000,1369446.7135554268
60000,76548.30950011684
330000,288193.8846731517
950000,846629.3748374968
1500000,1625934.629777871
340000,327904.01168806385
1430000,1335511.9912602245
480000,500260.3068020707
5600000,5178992.947135603
700000,674124.161844967
1350000,1266397.6241117376
200000,179721.45805045855
540000,534794.2707997848
730000,790997.2257362314
275000,312205.45265390124
400000,392743.1769049175
1450000,1339250.7397877101
880000,898851.2569526428
8000000,6889150.322275448
350000,371087.32828018983
560000,503309.93399764923
150000,232351.24258757802
780000,785191.1037039227
190000,219981.41520672763
700000,866480.4991232932
810000,866227.5734031281
2090000,2046301.2155091325
390000,414898.34898499545
775000,908158.5234103855
680000,630410.4968072482
275000,246289.92449649007
240000,325755.6825531309
130000,191014.33552279993
400000,419100.24930728984
3900000,4180236.60513525
700000,720608.1678189115
480000,447328.5704514797
1400000,1188182.1901972725
370000,337153.26674303116
985000,955927.2648922434
275000,283666.8929484732
37000,54726.85053968817
1550000,1216876.928460805
320000,290007.1678686999
7800000,6919875.007722493
600000,603606.5327687891
4900000,4515142.951085002
285000,250232.7438586084
1400000,1457715.912380129
140000,141467.7583331481
168000,194346.49590761986
1640000,1608861.3857413381
160000,142231.31616167357
327000,263197.461292786
155000,147710.75257353912
800000,763872.3472175787
3500000,3749382.228183051
600000,588907.4936389579
1750000,1903094.028645899
2100000,2163718.7195287067
300000,322731.67914224224
265000,258501.61986867464
3800000,3266925.484259453
290000,285053.95116318244
225000,241506.1597853428
6500000,6497623.315308072
549000,556816.0577775077
549000,612916.1800866516
879000,1014710.5339843641
549000,626744.5621031754
439000,585344.5506695963
280000,255162.1674217372
2000000,1494450.4943783344
2750000,2834558.695962909
1850000,2185085.637873297
145000,148956.64582560761
1290000,1221321.2866023472
220000,305288.1069796567
320000,305058.6356678754
100000,76019.66219453786
200000,233780.43031158714
700000,590405.7524749473
850000,890432.5011283292
250000,148374.33731281845
130000,136246.7998639688
260000,283989.1732987163
550000,501650.2221204564
1300000,1298313.6484827509
185000,125983.12634506251
3800000,4268300.042833201
1600000,1693456.008098568
335000,302108.1281314122
540000,538223.728653462
310000,313653.80273294874
240000,482239.94043917116
1600000,1506600.9588182748
525000,513069.8496848906
320000,222613.4148368723
210000,221184.82613363196
10750000,9297635.45254413
350000,431160.5596595486
200000,220373.1143349043
640000,637435.2804628767
640000,615707.988876244
700000,871521.6886363094
145000,178895.89929096468
420000,427084.1446105267
60000,70201.02856164034
295000,266921.20229549194
750000,708246.1261817788
250000,266498.4403164667
110000,124856.65650905375
3900000,3593360.419147304
2100000,2212459.414144296
2500000,2083635.5534136759
220000,209965.27596549797
370000,281966.6740080337
245000,242345.34484101026
8900000,7354669.026758282
1125000,1176266.654937263
1490000,1605817.0173286214
190000,189313.47425418283
13350000,13170121.568911249
240000,190381.4737770772
950000,928557.7761717035
280000,320010.0491400991
1490000,1497630.863371177
320000,334656.02275190124
425000,427196.78838043765
970000,1073686.578521133
285000,268670.7162727714
300000,302760.293901065
1100000,926318.2558924668
780000,752777.9596973631
230000,218154.16722267968
799000,759490.7801727953
5350000,5625855.473993302
1630000,1271094.9622890407
3150000,2688461.981158093
790000,888215.6228611589
1550000,1455710.5456015498
1650000,1993731.1073788921
165000,113035.35285397417
1650000,1361780.6088219583
1530000,1604778.2287323012
4130000,3969808.5105978996
1870000,2000431.307094053
430000,473757.54125192674
6600000,3997399.1107355305
1600000,1657808.2834821525
2100000,2393840.4499379285
240000,280869.24989085883
105000,133991.90127515973
180000,177054.87893828933
195000,200171.01141094256
200000,142403.97055066947
230000,287374.3210742188
280000,308997.5767671084
3050000,2721792.9306676937
1250000,1147645.5937207488
3650000,3137975.374290194
3550000,4059918.6487009833
1550000,1526272.723480029
95000,114506.87655894847
200000,243745.0106060763
200000,245218.974218364
250000,327684.7722160715
2650000,2534533.2430237127
120000,98686.3208879631
300000,272074.7992755498
4250000,3994558.2888465025
245000,218210.86866388322
1380000,1238604.2600820176
600000,525138.0821499005
180000,145964.8218533449
230000,250362.8873150925
1390000,1269156.298445667
1640000,1545577.3283671609
1380000,1106195.728744173
3500000,4442696.789281945
360000,319794.6642204594
210000,220148.13170358443
380000,360559.49646925094
625000,565783.9095717807
1750000,1666228.4702209632
285000,287577.80396093236
300000,326694.13260168897
250000,224381.543183718
125000,142597.2036674581
360000,302347.16722552676
185000,223734.67223065736
2400000,2100982.3177525452
475000,440694.9270575003
400000,342034.5515371224
1550000,1459162.0419483674
1950000,1803132.143843045
1700000,1859519.9105669355
250000,248517.9138274267
225000,232501.5050010262
680000,778973.0702676777
2400000,2572580.319023537
290000,325788.5962640406
3600000,3515175.08729067
200000,192144.19403438875
2300000,1960627.5029459454
660000,589927.7450405768
2700000,2265403.4345556125
4500000,2621803.4475695915
1230000,882306.028177558
500000,439289.00425872207
540000,547835.0866090279
2000000,2034035.9553093917
865000,847713.0624588612
280000,246757.73069979282
290000,313869.0833349411
895000,977855.2540496024
180000,191621.37391551267
400000,373068.1650783088
1030000,973165.4376938635
510000,550163.8180004449
220000,270576.88792008575
330000,309149.53307607136
5000000,6525545.8111355845
2775000,2742654.845626376
7250000,7873891.917633832
1520000,1552540.9723023332
2200000,2448635.1684676665
80000,61939.825315188704
5700000,4462894.02318038
1850000,1535948.614433039
320000,294758.5809512098
3850000,4203725.014177043
260000,263315.9492841609
250000,259348.3038038576
1750000,2100748.9275995744
130000,178595.2932350021
2490000,2778270.122852736
3500000,3806376.848036357
180000,206943.6266851258
9250000,7275424.7243284285
1300000,1281213.4962697441
255000,317709.75610354706
4400000,4132299.362060404
3950000,4071818.7446686607
265000,237265.72457247594
145000,120329.95983065812
2800000,2941360.8555913693
720000,711973.9791224077
665000,656148.9352570499
450000,489057.70489061804
900000,1391425.8761409365
130000,148446.22721874982
8700000,7743236.751081133
2025000,1888677.5639593543
940000,970745.9014015096
2150000,2319083.827237987
710000,660283.3938731933
950000,1154953.6001605801
330000,483236.7371269138
650000,591217.5355911044
4100000,3831235.445834226
1150000,1046373.8588288338
2400000,2801113.836643355
350000,337482.9850667962
985000,928543.086228951
420000,450146.11683121434
6000000,6394978.079743619
2800000,654952.952745097
975000,946878.8245392159
1500000,1725071.9054132842
2200000,2212664.2340300865
630000,565758.9534696293
1350000,1038710.4914172303
1400000,1386226.558327324
2000000,1873528.0895897825
760000,820880.4691020108
800000,830585.7265774313
180000,186895.96970279855
2350000,2426014.711319292
1450000,1372930.4215375176
640000,704496.0456392984
730000,739338.3430351564
590000,560692.1277540582
1250000,1188098.9116747775
210000,612084.0357040116
4500000,5299391.01892514
1200000,1119483.249480572
90000,130700.18424131945
280000,291285.3996364122
580000,451959.0601513077
750000,802546.3437905585
960000,982587.1396957665
2350000,2544299.294770777
1100000,1017624.7800459436
400000,405479.8509428673
2750000,2798084.9310111483
925000,925742.1065915205
320000,335948.7163155293
630000,602360.9135251131
990000,964876.875528413
205000,174448.4926099321
80000,161454.3339975732
395000,445402.31399980915
400000,346515.59037758806
980000,952131.6447508456
650000,692666.3879003102
215000,223504.54728017555
1100000,1047957.8338920091
980000,735664.3027892894
4650000,4560846.104573322
225000,273168.9907733361
650000,587606.1858480659
1500000,1599479.995155585
500000,509993.6541814383
225000,223294.67552740412
1550000,1592414.8577316415
690000,422232.7667741449
700000,599400.1796298454
720000,700274.4319774456
960000,972251.2437009579
400000,484222.12682859553
1100000,1009317.4426579283
300000,316036.96728405583
4600000,3762033.7959701936
276000,281297.92533419415
450000,458328.0746748177
330000,398940.48746397026
275000,215338.09158253417
610000,692773.8990646319
1000000,999223.7677684224
300000,280681.27254151844
100000,214846.55562543983
380000,448906.51226320665
1200000,987936.2780726282
160000,143717.2504224956
225000,259740.3022036588
2350000,2131738.6279113875
320000,287221.24545847095
750000,895510.0070308784
299900,394835.8501200587
58000,57061.61088036253
1750000,1669196.2113296646
120000,121038.85800558879
615000,613718.4476988545
250000,241718.92621149818
200000,226066.047766479
3600000,4047759.0771146417
260000,208129.97641800885
315000,285352.97122683394
250000,312616.30587074044
390000,384415.08540423977
580000,527865.9482935712
275000,294620.66493769473
60000,151092.96919823368
200000,137607.27378852307
430000,452906.0123893004
930000,1117381.143563667
620000,541507.0525271366
275000,309093.44636215945
210000,221118.1477934191
137000,166345.5871510649
340000,368873.18163758493
320000,379891.58604427223
350000,369438.38326669513
830000,735147.7489119419
330000,329655.22221207496
260000,284243.05187095515
1300000,1382323.2392137176
2500000,2512304.4820720125
300000,220303.75878837265
1080000,1064970.170457923
83000,183618.15037801347
735000,742849.4261557941
2000000,1745529.5255422054
620000,521321.95905356033
1550000,1302874.9000559207
63000,64426.97363920261
300000,309706.7065521736
350000,194812.80170403552
75000,222778.4708211858
360000,351236.44621926744
1200000,1076937.5832884638
300000,305007.82538120996
300000,269609.2611824848
780000,777674.7548692044
380000,349520.53684328333
440000,466035.71212126146
2690000,2673637.787030715
250000,256737.5586255257
379999,316247.6267935331
270000,214191.27168339482
3150000,3222520.597760912
820000,770190.7382293877
320000,264600.6398326258
290000,287735.309492787
2620000,2581464.9974087547
1350000,1246916.458607041
450000,289581.47175536305
850000,825992.5671331087
250000,229483.62986095875
620000,631521.305900522
750000,571811.9354950291
1200000,1226814.6421704988
240000,246396.1605232544
6200000,6551633.51469882
3950000,4513172.184004974
330000,327056.53886489803
200000,193096.1694497883
2900000,2894377.9106128355
250000,231207.8870113264
140000,141049.23559671408
3600000,3685388.3184601534
215000,227342.64963589265
2440000,2238674.921285493
610000,633206.82902579
1750000,1883933.6824650594
75000,145990.1287735892
4300000,4589361.830476617
465000,445616.8330134326
1350000,1356271.2348684256
800000,738022.7003747261
420000,609469.2223371095
790000,835106.2556336536
200000,303432.643800046
3950000,5734701.12882713
900000,844706.3517521981
360000,362078.9643309594
1200000,1157517.7977375898
6750000,7844048.8798062615
2850000,3450014.158050948
225000,194504.64403987103
790000,841438.5947124023
160000,133760.99973757524
130000,181372.850237634
330000,297301.71522457857
550000,605778.1594209505
1150000,1118474.7325011976
600000,417407.2861436821
950000,1015784.6176880922
1200000,909622.5782489107
225000,206310.21647399594
1380000,1505172.9420750444
850000,846915.4201296298
1120000,999562.6862348074
1950000,1974926.8200497036
365000,307746.5969323621
675000,657873.1253593551
2500000,2589121.609434047
775000,728822.595111939
580000,631835.1927954498
165000,184656.1362059312
550000,696818.270430473
750000,719916.4402744387
220000,232990.26334007795
650000,679753.3073687025
286000,270167.52776679315
150000,130454.98689404505
100000,122066.43698680258
2450000,1899816.6781672966
450000,458003.18504307367
300000,287147.3712828947
450000,355646.4266356812
78000,80266.07334483361
4500000,4771301.531493607
750000,874730.5446893213
775000,1442887.7520012418
360000,406644.27183903364
550000,596450.5802680111
2500000,2487837.5730894324
1590000,1538132.1131353765
250000,224615.57752853323
835000,767896.4256369245
650000,809049.5154824158
3650000,3336842.275999385
1400000,1290352.1995919857
240000,271993.16152110917
9650000,8995185.946275298
360000,281928.07205497986
275000,217077.83632721385
2750000,2687046.968070862
210000,230012.05162529543
140000,200258.65083084433
920000,926592.1646414967
2000000,1926038.916360629
1150000,941795.3108536863
1050000,963950.1013133535
3750000,4631166.628735646
310000,286502.1174082665
4200000,4111269.0341293192
375000,384935.1446089633
3150000,3049583.033128367
610000,608835.6728926875
1000000,614072.1114409955
950000,889452.2768256285
2750000,3171444.5361669473
200000,252693.50930478185
460000,433683.6775547454
2500000,2704169.784299969
510000,677986.5260256066
1050000,1042614.9055329541
250000,231943.38222411994
5700000,5843986.238532696
200000,239722.10365124026
2250000,2037345.1735376713
940000,962839.8952761003
650000,644850.1438603592
2790000,2314591.0004036534
215000,225232.07849187817
13950000,14067704.411482884
840000,777808.1498534635
5200000,5778445.438649075
420000,371670.64192449796
880000,831868.4188770001
785000,815083.9241700704
730000,690112.6220642503
220000,230565.28874571342
635000,620915.592721164
950000,794358.879392494
275000,244858.41370848176
250000,217229.88385718106
95000,137658.13055952475
1150000,1011496.380291855
1250000,1332823.7159423025
275000,253022.88371183941
2450000,2424943.897626116
1600000,1747339.1289293321
750000,777959.4227042686
410000,360406.98728300177
470000,550053.7981566952
690000,637989.1645530902
550000,606198.5249538226
2900000,3246367.0273089292
1350000,1102617.9873784694
2450000,2752766.131956157
100000,141297.7834814258
180000,165435.63706416168
160000,201191.05186124428
1950000,2022508.4207095408
1100000,1007180.3502356961
3250000,3189492.3981031463
275000,300545.170755721
180000,262603.86024020304
740000,761304.4888418474
230000,256153.3574517714
385000,354251.88702990935
650000,438092.7883615497
450000,423214.78040878626
1850000,1761102.6385260827
180000,226354.8116456093
170000,502093.2204498668
4500000,5289698.705843042
120000,137338.41046753476
250000,227315.3903931787
1550000,1641124.412833934
275000,351951.962626489
6550000,6357546.409191112
210000,197202.5105269087
240000,228918.87912193453
2450000,2651452.413886247
900000,763395.0150651863
3100000,2842621.7735021026
420000,444838.76548394974
4650000,4353116.50157813
190000,241211.61014411127
1500000,1437124.7181048647
8000000,6630475.969718763
335000,384508.4603020096
75000,88756.73619693545
600000,656403.5364284109
400000,396800.0458982978
410000,437303.712248189
240000,273225.69197485887
220000,214080.08849443155
135000,130374.4557066516
145000,116931.11002979253
850000,787758.1548907832
1700000,1944659.632926859
480000,424110.25618851115
395000,371215.6246261024
260000,369701.18442563975
410000,357728.1499418862
1620000,1539111.884384501
530000,514344.80278746044
580000,550631.4589282514
190000,279005.39186826826
210000,258621.83516828337
225000,227987.685772442
1800000,2042574.0771025936
2000000,1996997.7821439882
900000,925374.9887638743
550000,491061.04750047525
3250000,3473850.9747337424
300000,277864.4723306596
5400000,5686301.142546129
3000000,2976834.7635517884
1180000,1884527.6775752367
425000,426964.05754350015
750000,789336.3210026097
979000,1043731.9197775841
115000,146278.12004948864
530000,474310.7623805311
255000,262952.60803709034
1150000,1119591.1862093515
270000,304481.8457507506
4550000,4754502.569079794
215000,227403.6032031419
265000,294483.51388358657
380000,375054.35938255
245000,217459.8788206617
240000,376123.15992940846
475000,483035.225443983
250000,328688.1193731839
3250000,3117555.537847081
685000,831290.6587196417
780000,717577.6101829831
440000,378756.3316567748
150000,127800.59376845043
130000,133008.52928700158
5700000,5650984.6348167695
4400000,4815713.882623637
3950000,5410206.638457946
220000,205662.83289749522
275000,268004.84105931025
1850000,1875865.3365293478
300000,303202.13001894957
210000,214234.70883102002
790000,751933.9264329952
1300000,809764.7225267766
350000,294603.65248734306
360000,274729.63226679765
275000,253027.5397132299
200000,229107.09001140628
1400000,1208691.3242323631
95000,123147.57552217024
2900000,3040963.7108635115
250000,234646.33680830384
340000,279499.66336612456
300000,228523.76835336877
158000,227741.27104201462
1220000,1223191.756631237
2900000,2680639.1342218868
620000,650422.6188784156
255000,270749.0418102156
135000,137470.49389974063
140000,131639.490346801
680000,727642.3872911511
210000,262274.14015246887
820000,719810.9625412867
400000,368407.8243090993
560000,503742.5247815175
2350000,2566498.58466408
2850000,3388220.0742061962
2000000,1734866.3079285729
725000,705736.7689393786
310000,302056.3751539165
265000,284817.10716216173
270000,266326.2222845973
2280000,2323339.8310774816
200000,309692.64288671303
2490000,2908453.0763562643
1150000,1113781.9805573316
90000,81538.91357299325
3250000,3019428.867732559
175000,193005.15876903784
820000,691115.343078286
3570000,3467525.0181136075
290000,288473.96897129144
850000,880100.3836263227
205000,220572.9086684529
450000,376800.2231474091
135000,117268.21105506913
1450000,1380172.7951660897
3200000,3091898.38868123
265000,261503.63227405972
360000,353819.6823734795
2050000,2120021.787143607
805000,811586.9610310365
1280000,1167802.793450322
235000,207342.86317562332
420000,463541.5714237382
2500000,2277613.8992598215
470000,454629.1676892298
120000,66534.91514999975
150000,126771.92232136657
6750000,5706746.386628784
550000,578574.4359152443
7500000,6541238.319104723
3550000,3199537.2483105105
4400000,4108277.03630989
499999,484270.2636630605
350000,290872.632786952
6150000,6572656.460708652
200000,222355.71673831504
780000,765560.4922029488
215000,241656.58780647497
800000,796491.8095293513
560000,623753.4307347124
450000,426387.6054054031
1700000,1587592.174694425
300000,431409.3295047232
300000,309048.657279824
1050000,980644.8345371868
1180000,1087388.241892197
1100000,934717.4834331946
825000,999665.125710359
265000,264092.30800183385
150000,179093.9516273967
270000,274983.9459734531
470000,485914.43039944215
1450000,1609010.3147994236
400000,366868.183453579
630000,636364.1407836166
3650000,3687813.029536738
70000,94192.35958572809
500000,435542.5852875035
750000,769243.4732364069
1400000,1380048.346461472
320000,290496.941211432
1600000,1822211.184005561
170000,194216.53312685786
250000,250735.83510925167
650000,667491.3013494
1700000,1945818.8902791932
240000,225693.43285754175
1050000,1164325.2966543972
285000,271720.25677228894
700000,687436.5006274862
250000,276456.3503914655
2000000,1777843.4437363045
760000,642691.1958431496
260000,270710.4594852663
900000,941237.8944600683
3500000,3785738.601201297
3900000,4124168.942343115
6300000,7006409.810141975
220000,264064.2610131197
200000,379385.87148335745
2350000,2237191.236654
1300000,907456.8087671815
4750000,4724220.334639688
1000000,4885142.289941685
850000,771887.9451017741
3100000,3063469.484029627
1200000,1178562.1615829205
2500000,2536208.7889230866
740000,711478.8929606397
2500000,2239690.2422570875
80000,216705.80884857688
1200000,1179134.849433284
900000,982113.5017539717
880000,914335.5693234319
380000,383971.3096289284
3800000,3778588.3118448257
3250000,2584536.9117275705
2350000,2358648.308669323
2380000,2348510.326876159
1200000,1157750.9560866908
400000,354648.0031531884
650000,674358.4143843795
2800000,2542172.762032541
430000,342215.2859648752
2200000,2729050.4644564516
3380000,5365032.740558381
2000000,2829799.8791275886
550000,341674.31256818457
240000,243579.70810276738
8350000,7045860.143898314
930000,965727.0671460478
780000,707696.3789326401
400000,415992.51292871486
130000,121432.3704993098
1550000,1412691.6613240829
810000,890352.3259561385
470000,452901.65400113416
90000,147896.31559811806
435000,431427.55618032726
300000,233814.94117764273
100000,121799.69598688449
125000,137730.17867989407
535000,544268.0262365318
230000,272318.98590099567
750000,742598.2794209152
1550000,1577155.2101911667
275000,269608.52849787293
170000,239800.22786613123
450000,600401.3465593634
1650000,1741516.834138356
775000,736807.6282273546
125000,144441.30547283814
2300000,2822156.9149422375
250000,254002.04098934366
860000,844621.6487603986
415000,466205.217846478
323000,335813.5387203702
325000,279839.043692917
3000000,292797.9401816749
800000,700275.3132434171
850000,411177.0126774499
180000,147226.19782005352
3150000,3245722.8101789407
1950000,1874926.6869284215
3750000,3603170.5957113435
440000,418498.6582904185
145000,119205.6860464446
1780000,1916281.9474598977
330000,301480.32206194114
690000,771813.5461107325
750000,619847.8456469019
210000,220747.77655582735
270000,223420.07356266418
2200000,2043046.6673046583
150000,192056.75663735977
85000,103312.58763507773
130000,153951.28893294474
375000,389006.12008652557
115000,111011.70428456567
173000,287182.3280572226
1200000,1114546.4073434114
600000,512746.7081878186
320000,316293.99338988255
390000,401836.69718902104
540000,478877.47346812073
310000,374272.5264242999
1650000,1612919.2831780221
220000,221603.76030607623
750000,772305.4077512712
1650000,1646443.7274155298
1900000,1486228.6468891369
940000,889651.1383994108
1495000,1409770.267801363
1180000,1090463.449950895
37000,49185.12865217504
2800000,2907789.424102703
775000,704240.5985480933
290000,255459.38789368363
160000,155405.92228363294
850000,838638.5806910471
1365000,1317174.577055433
3800000,3657159.685261917
400000,382227.28525820107
300000,293326.23954703857
870000,896197.5156892806
2200000,2926726.204755903
155000,119430.61828231995
2190000,2108304.408606623
190000,250299.9147568519
299000,262161.9108275639
315000,338126.1032692952
170000,202930.2683143503
575000,566342.9821869297
1150000,1262170.7193838623
750000,760996.5814854245
830000,907280.336440004
460000,440251.1423220637
220000,266636.2602351032
630000,660350.7353408373
830000,820948.7576219325
275000,384300.1010775033
530000,647368.2619821015
160000,125082.86910725971
1650000,1459430.9755997043
210000,273069.9225698001
230000,227467.93487842416
75000,77587.66980338952
2600000,2470728.6373935523
460000,457198.7231300411
450000,459002.07599163847
278000,247608.77183663173
750000,760311.1535334553
365000,326321.38731208595
620000,586375.0687109277
7150000,7051964.936357625
950000,891330.9699325571
240000,304477.1153029758
600000,605605.9809760769
115000,133872.01129278826
500000,479260.6125816938
800000,862772.4079170485
850000,966073.2099120854
3300000,2981397.7685290896
1950000,1910149.5381467976
600000,871342.2782433615
125000,135146.60045259207
330000,346901.24084750656
590000,557217.5395406946
1100000,1210270.781990167
3750000,3598884.199792609
7000000,7510458.2325872695
2850000,2398594.189046147
2800000,2997915.42752671
545000,531247.1979415396
170000,178761.74849819325
340000,367731.2829760967
450000,450083.8906830594
160000,130047.88179960859
2050000,1916143.709831606
3350000,3894599.162354663
1275000,1393803.1427853648
120000,112534.08449388736
650000,513624.95883709076
1820000,1795173.9877590213
125000,137775.72257573516
360000,448197.8612790063
415000,440061.0786726775
535000,557553.9652766844
1790000,1567013.2510796925
395000,377827.718004831
350000,386568.79567746184
1750000,1747408.979536558
330000,335414.1157175137
60000,70579.91679884611
3150000,2925180.5847241003
2150000,2066171.5853693192
5950000,5628675.911883617
170000,278953.7193743263
1450000,1265115.1906423548
460000,394457.2348576678
3500000,3785143.6908436464
850000,734922.4595937144
2800000,2925053.601383791
725000,722365.2967028103
720000,756021.2361429578
270000,292175.78431602224
1700000,2008886.3539824875
350000,276416.28478832607
175000,277579.033299621
3390000,2170326.726881057
600000,596936.6383075954
475000,534394.9748800065
780000,771974.1030772962
3450000,3404481.7445045323
350000,296353.2081656182
1850000,1894143.5042611402
290000,311207.5459292922
190000,212171.8418945887
5500000,5029024.503925388
275000,292113.0902225472
250000,251563.58735708008
3250000,3570470.009499849
420000,380971.12718625605
8950000,6589108.300637649
2750000,3655379.3463569493
700000,660482.7712130389
3750000,3442332.585987596
420000,396405.24039591296
630000,621874.7951560772
315000,310662.84970075486
230000,264788.0246633831
75000,69098.12709574001
5500000,4091674.389048927
210000,219352.62926276773
1150000,1177800.788299317
285000,311888.0752625836
440000,462139.02714797505
140000,134744.81732405562
1000000,848920.2270630102
155000,105385.76120929823
520000,489155.8878646595
475000,524820.330498256
290000,303262.0871553926
630000,398587.3805604064
240000,240685.9563853499
70000,97132.14604856179
325000,338188.4148210611
790000,807640.1644411715
130000,138829.26496708184
835000,829488.0366982518
400000,342308.0367549497
215000,298893.2684487845
340000,372645.4541538076
70000,99232.20585937155
950000,1055251.2743817514
250000,237460.74301874993
1260000,1046507.8846645429
285000,297784.5041928386
995000,946697.7775674162
5200000,5094604.155575499
460000,429898.9934808612
765000,719425.2924638598
500000,608725.6230520129
1200000,1087652.2303944184
105000,134328.23900243008
250000,209077.47797366075
270000,313570.9640705885
182000,188323.13812561106
270000,231660.8343687304
1400000,1400594.4956078567
1395000,1405678.3414405931
230000,236860.62099620778
225000,274315.01403020974
1700000,1547904.12965129
1935000,1810013.8131227572
2900000,3374762.0953387343
1550000,1596658.650135218
3390000,3496848.139017329
80000,109006.97293707205
1500000,3965517.1517526056
7950000,6357319.100791889
1575000,1633449.0283600304
1800000,1875076.7120073035
550000,473809.27345387905
1400000,1603017.783400374
185000,235784.73806515784
810000,819356.8792833986
1680000,1330111.4627772348
135000,134468.3091204379
1090000,997046.6215348571
1295000,1344130.1160545563
890000,875519.7488238986
240000,253837.5049437074
450000,402456.40227316786
240000,267184.0123170126
720000,730715.3899392445
2575000,2053108.325138435
785000,785118.0312855269
830000,829457.7188428482
175000,195685.3505984046
9850000,9654349.890690967
375000,336832.6602272216
365000,355688.1373730343
630000,687456.4604921992
450000,438137.9959716322
2450000,2537749.368184006
825000,1014756.583769669
395000,405085.8960511361
1050000,1066309.1121466453
580000,536142.4697805514
220000,266158.06966172997
4650000,4312991.860892566
800000,654101.018784978
220000,240918.4180978251
230000,242578.47955881056
135000,113610.59112290104
85000,119135.46747943391
165000,229345.93757179237
220000,257786.31684380566
200000,245627.67155544378
1000000,886446.0222719698
140000,145763.39693104336
335000,387297.1818980439
155000,129416.46988138057
175000,274338.6767637497
160000,175248.08046800515
1750000,1710694.1175150266
310000,370777.4988662105
375000,345340.55828185903
120000,105877.57821127387
2950000,3000438.834302426
170000,166275.4340582951
1300000,1151749.6138767493
210000,198777.0223668455
140000,128095.55341035024
160000,150152.78572983155
4450000,4188942.8585794955
820000,858570.2655914186
250000,229025.74003950928
750000,766239.7619006957
1180000,1185645.3878200024
300000,242604.61650800548
230000,211713.5884839973
245000,234318.00614982477
690000,723833.2109068849
240000,254228.11859135033
1500000,1345989.52619347
600000,640397.6792774559
370000,371119.7003014323
400000,320144.55644293263
100000,113662.24796846604
1700000,1940084.5443657027
55000,58924.26132646111
220000,209297.0666746313
470000,505960.2245506496
70000,64069.11887072433
425000,360252.5365247179
220000,222063.67968153054
130000,189161.23785182307
540000,450992.48926336993
180000,161855.0801474455
155000,134802.3504054485
200000,241047.44452555102
300000,262825.6465937159
200000,197923.67435296875
3100000,2897665.709305196
280000,293915.579635054
100000,71435.19566267416
3550000,4128980.4279374373
1550000,1549712.3627871478
155000,104022.52991397632
3450000,3717282.363052008
950000,810740.4658791807
1850000,1784737.1064168077
460000,460234.52991696965
185000,210121.2565381553
690000,660273.4594054531
1890000,1572730.3169325711
175000,248485.86157772766
240000,228748.98189874555
750000,719298.3790107052
750000,771049.4269021733
170000,177372.42830617767
380000,594074.8638341473
320000,376165.2462838597
410000,272883.774433604
460000,421899.8432809627
2850000,3095936.66895004
335000,348624.14890614175
250000,265411.95669120236
280000,380670.03681996465
98000,120448.60109048075
2950000,2444341.3911651317
1950000,1939667.2204656652
870000,792540.3369761865
250000,256625.2082420202
2050000,2095279.2493083915
2850000,3007004.055709629
340000,325064.4010891696
990000,1065567.8011929102
5300000,5570752.186241643
1650000,1720352.039466019
485000,486952.7876996639
4390000,4281468.473949097
160000,181489.06004830683
220000,237888.07305240293
810000,929622.5684041728
390000,338666.306676655
130000,135709.4343285769
315000,354884.659529663
350000,403858.2829894606
300000,322784.20101803285
880000,834270.5520691411
2190000,1824979.0780910251
150000,138098.16474191987
85000,73357.4582860942
175000,217672.06280423983
800000,792732.3619541174
200000,243625.03115021976
3750000,4559834.308183828
350000,312899.17071097804
570000,613390.5718415856
390000,410128.34881980455
3200000,2909954.393907021
450000,439452.66761054064
880000,779095.8623817825
1200000,1146874.2972269314
265000,260076.2403870035
1750000,1848147.3710273074
2200000,2075989.9338556994
195000,241381.1492659135
1040000,1140413.1476565131
790000,792105.3581691751
340000,316673.9947262647
135000,160855.7656121967
150000,174935.65261679576
220000,241680.62360235112
1670000,1730777.106865033
250000,208433.86438882846
4300000,4176939.206137661
55000,81293.78176684081
250000,271589.19774093473
385000,321047.61732356885
790000,817660.0249357837
60000,59732.806197040045
970000,1334523.6135770027
775000,965891.8990843722
150000,153244.19845005914
540000,525835.4923608854
210000,190083.22992418797
260000,248940.67458194093
850000,859491.537227634
560000,580524.3144554964
270000,242430.06647760182
5500000,5155545.013283849
1100000,1084852.84189781
650000,552451.0034488351
1050000,983105.6105803379
475000,410683.49035004067
1750000,1658005.2031223723
1450000,1397318.176263198
1450000,1650094.8505136543
320000,317529.55659892026
1900000,1861272.598243695
255000,240022.03458500543
200000,247607.5060643193
385000,384521.95048505743
2200000,1865341.4856046406
380000,327181.0293033557
1160000,1019750.4613821388
1040000,1016132.5688697259
850000,954672.7723565495
160000,145683.58579011564
230000,246454.64500014676
4100000,4193547.8373293546
725000,788415.6052636983
900000,951129.2793293276
230000,255300.60572385468
800000,759993.0164651539
370000,415974.07481801143
1175000,1095015.5083828985
175000,204725.00303803902
2900000,3188171.6651825206
475000,480989.6509967509
2350000,2186411.6505237627
1750000,1589649.7423499108
970000,1011952.1077395739
160000,217878.38268142164
2750000,2878620.301617423
950000,867411.2479669915
127000,152243.09578030065
1800000,1942279.7619767787
2700000,2672174.6465985538
400000,395026.01617040834
600000,559375.4417698638
310000,266143.0572113954
1650000,1627777.812503552
480000,494257.40501122654
280000,290852.2268198863
3350000,3295894.8883387796
350000,342585.4571617736
3825000,3816619.2654178455
180000,162811.35340274815
2600000,2554665.942158084
760000,834329.9276534448
175000,218655.60729634692
4200000,5213095.461693589
380000,435447.9638069923
800000,790791.271229424
1925000,1938369.8228606898
800000,861687.0589921905
850000,864656.1064100475
875000,831176.1868802111
3850000,3871329.9760381724
270000,308645.23357382946
250000,250654.8242176461
355000,292267.00918970816
2490000,2355866.7849219553
780000,803711.3111702759
388000,401835.65544947586
240000,244819.38775476805
1195000,1294299.6375323825
700000,728565.626029029
310000,343637.63329043286
2750000,2901371.1746839546
2000000,1975954.5396732187
925000,971805.7419861702
1200000,1109753.4744088002
2000050,2072463.2825412573
2500000,1436620.3196422306
300000,306127.60682842194
150000,148340.3726604928
290000,266427.19073304825
100000,106661.31838891891
190000,132339.97645362216
430000,413988.98160686804
430000,309077.0400893404
285000,329059.9900280612
280000,287711.73326275015
220000,261354.41029399398
170000,137458.78129852796
430000,426840.6573328742
950000,730998.992435684
1170000,1181447.4469125858
365000,341592.1109242811
1100000,1038540.8838575827
165000,197783.09080080176
220000,231638.58050793706
1150000,1185365.1891392034
8900000,9123262.608337494
320000,309572.7600416054
450000,445932.98345142766
6000000,6589408.385360837
500000,544416.9995685149
2000000,1756322.661133474
190000,221646.79284629555
400000,395514.5198064061
340000,340708.84927585156
2150000,2172064.983491087
435000,429000.53215499537
4200000,4225290.147310774
460000,578457.3135776714
1775000,1956212.0211950613
230000,257905.0156993457
745000,779712.0802593968
210000,219065.12046944044
1550000,1588100.818398347
150000,125024.32907317478
75000,134740.8895549063
540000,465531.4811733652
700000,628830.9493088197
700000,727132.2169350344
170000,223530.50781689357
360000,321351.6442969421
520000,436969.6416451981
395000,398183.8857877384
210000,149942.63715828495
4750000,4048738.1498359065
300000,303314.7747743771
150000,141739.64286846822
630000,849984.231578197
6900000,6149639.907287423
210000,238958.16191346268
270000,329636.46803254704
350000,301936.00519411603
5100000,4644670.418264906
220000,244919.83772816183
160000,137742.51319165665
90000,118445.72785871194
330000,309524.4651704411
215000,314972.3125073252
1630000,1647593.4349012123
1175000,1302078.6858354062
1040000,1137831.5835814879
950000,985232.3120017507
215000,264673.7252361144
275000,309837.1349289113
330000,344354.25080625934
275000,246065.1519064689
340000,377309.8659377926
2650000,2696999.343454516
317000,303393.9088973869
320000,297360.00825644686
580000,541333.6957530605
490000,512548.64849309594
350000,343299.1757056562
1900000,1624134.8259641288
555000,572873.6167044448
360000,405499.32578318124
1550000,1307639.664604077
295000,267970.49653973087
4600000,4665741.88916965
187000,203016.870929239
80000,70393.05874422692
420000,382571.2165502744
1100000,1180118.6001601764
2300000,2078484.9028229178
2500000,2745261.059809816
1650000,1952883.7105891926
350000,379598.2431141499
300000,323460.3341359788
210000,286985.5855900282
470000,499470.1542578988
265000,284072.17017287394
370000,415324.4581754714
360000,458596.674885741
400000,363491.708165642
380000,479975.5147834336
105000,127934.09781505051
230000,225965.18357880143
165000,206996.19833955527
670000,694961.7613743305
580000,598175.2617309063
1050000,1217213.7216546382
340000,295867.25800085306
180000,211796.8999448015
250000,294707.9994158608
550000,548918.3058422818
1450000,1355061.126503652
535000,571199.8138208108
1950000,2013826.5760602863
230000,228227.3952383521
1250000,1222616.985248406
170000,209614.9533915664
65000,115635.73708379747
475000,479227.7495753399
230000,243080.76344942336
630000,664194.9350365931
500000,514523.12887319917
260000,246394.83786405623
255000,232244.71891511037
430000,643258.3665638922
4850000,4100556.2362261172
3150000,2432695.875020364
300000,338924.31080242636
160000,139485.05037436113
350000,319147.80391852255
365000,423090.78337176406
1390000,1576972.3501192664
155000,232185.85345489948
690000,695623.8122029061
970000,1284015.6020690047
2050000,2165172.335916805
155000,127920.40597317532
100000,156011.44006638863
230000,208255.12402230437
205000,414068.9713410089
270000,261574.09064933372
70000,69079.6925169843
200000,230206.98960523625
285000,298156.32576417056
235000,260550.11015777054
980000,1101386.1217878005
250000,130940.4087842712
760000,739332.021673122
640000,532034.542358465
305000,299180.89327805967
250000,350812.9968095518
207000,179274.86311510854
750000,826602.8868265608
850000,896569.9824430946
320000,320530.1182953319
165000,137902.73742242536
460000,577140.4705107118
1825000,1938544.7828378482
5400000,5368062.537459278
1200000,1062252.2753842745
895000,836826.9555479053
230000,226316.7662836716
850000,836800.761317809
830000,880145.5514739574
985000,994838.221208673
220000,247268.76219974717
1585000,1569565.968530101
645000,794754.8918476575
285000,288342.6206984483
300000,317531.61184549774
175000,306310.02457460394
205000,233417.84296135468
400000,406353.42826616764
1130000,1248653.333126369
1100000,922940.7893311187
450000,427580.8349360073
320000,264778.8973952111
550000,345399.07315390627
800000,849015.8801318714
380000,372180.2736789629
2400000,2247380.822411142
670000,753818.6073498359
155000,189863.2374903361
390000,348022.5614440557
290000,298353.81752571795
1575000,1507506.0761617536
140000,151979.21136463314
400000,410152.01592481014
650000,699902.0924918333
295000,347033.073696313
250000,220718.48485889475
920000,964882.9735581286
155000,98393.5503246315
260000,249395.41993442902
220000,239569.1238106384
490000,628819.2808340526
450000,400661.1259831597
2450000,2762216.390075024
1850000,1508382.62784254
48000,56684.901594995725
550000,639322.6299980353
270000,534517.7838098119
3300000,3919186.522553821
1500000,1520080.0790595526
700000,688047.9136692606
200000,232114.2375386723
800000,867173.2322073324
93000,62633.22539481262
2500000,2688705.370379582
135000,154296.99558815107
250000,365762.99388721975
270000,264538.5170829465
1980000,1895318.3551427433
155000,168298.0643094107
300000,293602.23632615583
650000,763555.2997491122
210000,231605.42733627767
94000,107348.5403006612
350000,452504.498685218
520000,677575.2028320297
940000,1006724.7641471366
1800000,1616496.1309513522
7800000,7129186.299040716
1520000,1720535.0327976292
400000,437766.71401092253
1450000,1457891.9466190804
250000,243586.41718047345
300000,321157.7913161799
175000,176502.6005541466
185000,117354.9782799509
340000,300408.2650335082
300000,301083.8020112902
200000,212048.34273707584
3225000,3111844.3387322663
310000,368990.15705678577
165000,216826.4802013233
550000,652167.2614569442
110000,113215.39319997106
360000,358023.19371757377
3350000,3252442.87121456
85000,96006.67035616757
340000,285955.47019361646
850000,927350.1608100283
1050000,986726.1038378526
220000,259496.75949868155
1200000,1197608.886573778
740000,762865.2041954754
180000,343296.06885203725
850000,828429.1126480532
270000,258944.45149824477
520000,420892.65904040326
140000,102647.03547831268
255000,217301.43041370308
190000,276505.1799988406
260000,267000.6889504763
400000,392100.16834651085
850000,858319.117333537
145000,126896.06541136124
42000,53416.46010540173
1350000,1543175.681477102
420000,489474.2925668539
250000,218571.3022088097
600000,567022.860513362
430000,472203.98455367633
1480000,1540149.6367880658
300000,350469.3081802097
9200000,10620997.342626633
3000000,2447549.723949922
155000,202183.5927479943
720000,628374.7215206181
290000,355473.0704080013
380000,430029.2980423778
4750000,5131709.566897795
1250000,1325776.2671773923
720000,787230.5581841052
290000,277235.14692136477
300000,283175.8388074961
350000,453516.6414116458
200000,210168.66662813904
290000,286262.9699942184
100000,201868.50827159896
7700000,5749493.818873757
250000,216405.1733453352
1100000,1200528.4437043583
330000,324274.85704466596
435000,567535.0361289138
695000,701332.267550157
450000,447365.85981469124
500000,544165.792897602
800000,841526.3179316082
200000,234257.87893258335
2150000,2030473.1582833375
1375000,1388157.0291008784
1220000,1054030.2010080942
1100000,1064525.8670609405
1450000,1287466.1137072113
350000,417689.88031387114
160000,212635.04991396086
110000,146410.68645735146
920000,838242.9929155331
1770000,1867719.3158770993
610000,601353.597972541
2450000,2284076.6057016556
675000,694829.788936956
850000,972683.8750187446
7400000,7562473.549023429
1980000,2175023.780148471
4425000,4724479.430905012
1070000,997352.2262450412
1185000,1163874.7563260666
7000000,6671446.042454357
5400000,4961639.730976923
5250000,4250544.418988321
210000,193880.66515732993
100000,95145.64166522105
220000,305282.1006538078
2850000,2702923.3145392793
1030000,1072369.1671884686
220000,205982.9183692923
1800000,1895621.1291369898
450000,483256.93643486453
620000,508691.1937315579
3700000,3345421.150883527
2200000,2199838.186586727
740000,758328.0306145961
13000000,12322122.951596737
1050000,937747.84077579
200000,159311.74881421903
1010000,986932.6757756759
310000,224275.7662690651
1125000,1007527.2417093776
3350000,3617151.6359076407
215000,243940.79101686884
142500,148790.04916392773
350000,365389.4828056357
4000000,4052504.8979560207
975000,904347.0211503232
940000,806830.7780202251
930000,879123.1368435731
295000,326673.33225488313
2425000,2457912.7537250747
1750000,1647978.9397571746
265000,301477.5034810268
835000,801627.4453624673
115000,125062.75233508764
470000,495269.3231539462
740000,735520.2720669673
255000,238493.4425323674
230000,271981.0632107255
275000,303788.36054011225
550000,481080.23091671657
242000,317662.3731424347
3300000,3109733.8536608326
2390000,2069083.3540939463
820000,813881.2013625656
3200000,2974937.528078017
450000,369229.90117290145
450000,419029.8330336023
135000,164023.9510401962
160000,144103.06263496916
155000,159229.39966273567
190000,227374.74348514032
850000,841842.8278122668
600000,632620.2447382564
115000,141845.90728128317
320000,367549.35325494286
200000,226893.56587492616
440000,518887.9708488796
235000,271062.5701482487
915000,1011806.5938534638
299000,285706.4449508514
780000,736147.7245076889
220000,195467.2801787481
235000,249947.6242520659
380000,386192.2241608895
6500000,5362540.022409188
1750000,1700461.9252430114
160000,168293.47418574395
1100000,1103713.2909761425
700000,666762.1539371281
39000,56513.388196730746
450000,412853.3728556476
1070000,936512.3216774705
280000,311625.55288839707
6850000,6023776.568441253
8200000,7665168.995200898
160000,183377.16490814835
265000,341355.0517985522
450000,464154.09063067293
350000,333919.5331111836
225000,213041.39215305017
310000,288814.1006258714
750000,755651.3727485252
205000,276710.16814620217
210000,176473.11577101774
350000,414036.0038425187
130000,171838.05184460507
4250000,4394430.972799705
6250000,6769742.147809821
425000,286887.1124501253
290000,288864.2412547943
550000,556851.8545310488
1250000,1447214.8894833887
580000,455768.31612947927
300000,272170.2522279503
1370000,1326532.9097744704
250000,216061.85459771167
570000,589936.8090456888
485000,541930.3722788428
1425000,1426093.270305267
720000,990900.7327866195
290000,311194.0177816168
490000,603478.6750172408
6900000,2867154.456804638
2675000,2203158.6279535196
1350000,1419686.3312872583
1875000,1828005.4410216191
230000,205154.39598131488
450000,498854.4762520197
9850000,9901598.850014992
230000,262946.0350294107
1680000,1618158.995706912
235000,221839.59687435924
180000,226500.75386444424
350000,318016.09741180047
230000,198632.57876621815
275000,336487.3080903008
550000,545229.8599382187
800000,802740.944967669
5250000,4792804.070132295
220000,225425.14849428833
285000,345243.78943470906
1100000,977820.2544555196
6750000,7469175.602559565
575000,608174.590980682
225000,223773.91731559343
335000,344155.00453896
1325000,1306542.5346594728
880000,960675.1352813578
1150000,1193411.9891162203
1450000,1545883.5341347686
265000,287121.34638608806
3480000,3685215.962281922
365000,317773.0096502633
1750000,1983706.4341542982
200000,312950.71592492
3350000,3512123.834396006
125000,158409.7846242203
1450000,1393104.0680812164
160000,138236.21735238642
250000,236493.78898671476
2000000,1847023.5900117056
320000,337109.5228150613
290000,311633.10134089616
315000,272484.089331868
900000,881825.9194868311
810000,805936.1136201498
570000,516110.5994562441
450000,477582.47321808065
380000,378418.80087705364
485000,449924.74853250687
950000,988404.9849795947
1185000,1298948.0212740349
1075000,989919.9741559403
1900000,1895385.5652663042
850000,957655.9931650155
180000,145921.59408304404
280000,290454.18816728046
7545000,6923060.895335827
2790000,2816386.940038924
1890000,1771202.1606124537
935000,831157.4169753303
1900000,1471442.1903508797
290000,286860.4173608453
2550000,2517685.551805988
1500000,1332537.649201398
665000,613194.6212622417
150000,155965.88602395175
220000,195452.74671860677
1550000,1635116.1156374926
1250000,1198640.4345336808
1020000,988998.7803833975
1550000,1630063.931224279
145000,147624.32330384792
1770000,1711170.0046317
1250000,1163645.8452658553
570000,669414.9151821318
280000,283143.6037351851
180000,135081.31679265213
950000,83776.62892482762
1100000,891952.106759283
430000,354321.9681504738
240000,257619.70669890833
540000,590848.3612046101
825000,800816.1371535665
120000,135107.03941180403
4550000,4078398.3083701087
190000,204200.10053660834
975000,1069617.9147189043
570000,514155.3824999381
1950000,1946317.5704548946
135000,182694.0329690511
3700000,3481298.901208975
1230000,1292336.5799833145
250000,224193.40223716156
142550,128312.18420441399
2480000,2482125.1357903504
5250000,5215047.478827007
1500000,1426040.4836377513
590000,406783.53416951065
285000,280078.52216026525
750000,742868.5732680067
225000,232343.3814592169
3250000,2948953.950545539
4500000,4570398.400934447
1350000,1337172.6194637904
8250000,6721287.2133784015
1170000,1029246.925467492
300000,354902.66053551895
400000,354044.1441375976
195000,271993.6601996446
370000,382711.6489465218
130000,103931.29881254205
1400000,1280100.8200542752
160000,117347.30326145262
290000,240198.3593566613
550000,632272.9574901331
250000,242127.2098284751
4350000,3833392.707779744
1880000,1891788.051262882
275000,313979.2956553751
750000,487829.8124233274
2400000,2444878.8721999177
1950000,1879738.25464894
325000,286137.0822452469
1350000,1306263.3157538357
2100000,2229222.9538418367
2900000,2921934.675047069
220000,280428.4118392442
3000000,3069925.4275239385
450000,622986.5815027094
165000,197658.24864580916
1720000,1490435.6688660441
1100000,1036162.437304591
1100000,988179.5876025253
140000,214068.9378618748
250000,240000.34392169552
300000,298261.35262383206
275000,220070.46553055116
675000,690264.5429393043
290000,298727.6599148376
540000,552952.2300128336
1350000,1237571.617592121
350000,412714.61123703525
415000,335434.4080177858
280000,273300.9481542329
83000,93562.29686055276
3350000,3483262.913874343
70000,58418.37395469093
350000,294831.35478096484
4600000,4778181.998262812
1750000,1711319.9552283455
2650000,2850779.2022355935
625000,606513.5218051446
550000,594185.1384320984
2350000,2214794.440134823
3750000,3964850.5822084136
175000,146986.6020773
950000,948191.1926971924
200000,211500.95372031405
3900000,3813873.618027727
130000,148278.15231229595
2100000,1056925.8477613472
870000,848737.0924781918
315000,323958.84578007617
1500000,1733485.3464503817
450000,382272.31236127275
200000,209561.95670408854
280000,407161.2961040015
3100000,3198923.2298063147
2570000,2539663.9770705067
270000,303139.85366081883
5850000,4827412.973628442
3300000,3225015.477411378
400000,403506.3572068265
175000,197773.96901532492
300000,282281.1027114642
1425000,1409733.3520168394
130000,142822.4995531287
280000,320380.24908253876
2950000,3100035.201275692
2750000,2886936.8355858093
750000,748691.8315309943
315000,371730.9448942619
540000,568696.0396697437
175000,232796.07891588917
1130000,950029.168917001
520000,540142.255197082
1745000,1935080.0649176668
5200000,5317177.529693208
3850000,4040818.1125346175
95000,94744.61659820941
400000,288749.33614377
280000,282097.80068828224
650000,696172.7757319987
270000,287102.5887648103
300000,324565.45394881285
420000,403402.66522640875
2750000,2968184.0084322314
2500000,2277687.1241204347
390000,342580.88709090964
155000,201726.29103877302
850000,755947.754316185
2390000,2398183.998321878
425000,119539.6851865432
330000,361367.8058835555
390000,573524.4381318291
1150000,1164253.3347451056
200000,203079.2115357847
135500,116358.32058399598
680000,640296.7052815534
200000,266328.06204307935
230000,224165.21929441762
65000,122865.46490777277
1450000,1195103.5568509565
369999,303253.7528055188
210000,274720.31816339534
625000,880847.2259858932
335000,388666.5391291128
400000,325776.07903869817
33000,49594.58102557772
2500000,2642084.1912260083
1550000,1330431.719871721
150000,160469.04049674125
888000,1001585.6452887086
28000,54249.53646383726
550000,477007.8745003672
265000,276780.82244855363
160000,153463.71413607383
720000,700884.3459160796
1600000,1758159.2996775038
3000000,3178840.9003798626
270000,349273.9410771642
280000,126995.6061779634
5700000,5955346.739553594
85000,152572.85172256042
120000,200659.09886574643
320000,351368.81083965825
2250000,4459496.20982624
100000,212825.49730057846
185000,286862.05117177137
1260000,1277222.5801779816
1300000,1336494.8897398289
1550000,1802016.0350137358
1130000,1091430.9359710244
240000,299315.84890915354
350000,359275.0705655422
150000,133059.21899391958
750000,754675.2477282753
460000,466834.18260075105
190000,234656.7219193144
350000,398368.4213240033
460000,454999.0866417007
350000,314973.0219406451
335000,346115.7124415384
1650000,1476621.417714678
920000,975270.0035553694
3700000,4366079.071467543
580000,588010.8918351501
480000,595327.0548852108
165000,252632.07707782934
1100000,1220572.7690113974
880000,877005.7016336834
220000,231351.6576076826
750000,894726.7151447922
4900000,4800151.01313783
590000,639960.2298434194
750000,745270.7162035601
2100000,2524444.2394844256
1750000,1438030.8945304605
250000,248549.05655583163
3250000,2743550.7892681453
1950000,2069873.1590578847
1200000,1173267.764183973
620000,611949.0435350954
2450000,2373837.041479568
250000,251373.10930315984
275000,311914.36707390076
2850000,3086759.646774774
860000,864107.3535653813
460000,449452.82407778286
190000,229607.54445766544
180000,122154.16700670005
180000,215236.62626475768
3000000,2973370.637137003
2700000,3107733.9501376282
3300000,3126344.0863952227
3050000,3117029.035834145
3500000,3275050.2850487977
240000,242206.38902883878
1950000,1909163.1332028015
150000,141660.32012316826
250000,233238.2780037047
2250000,2380159.1074467003
6250000,6155980.844834156
270000,287379.6071336366
400000,463944.54374716425
1400000,1199466.1190508655
600000,599558.2641678798
230000,226196.38475017715
2800000,3006725.2110110754
1900000,1822777.2896987756
270000,250964.4320032694
550000,398224.314563157
695000,713088.1585562936
1000000,1475576.0182942513
270000,217326.8240630957
3300000,3064471.3774743136
250000,229852.70865688822
180000,208292.32360341444
830000,745496.7135815339
150000,159140.0753137889
2900000,2734207.103989962
7750000,6240030.9117811145
1470000,1390290.1096306213
215000,245504.0516275424
1045000,1005883.6181106028
4300000,4875993.601761667
200000,228751.8417297533
705000,799707.755553393
185000,144135.00309189793
1000000,695439.5766959222
9000000,6963951.28508173
1925000,2133472.701975708
750000,764184.6396697691
250000,220325.79466053646
250000,257184.3121972818
990000,1045387.9280023531
1550000,1526557.9776809718
305000,327674.8836968143
255000,175922.97350788655
345000,353428.409829637
160000,156122.28165831143
1900000,1833787.4484049522
1200000,1187692.2316119475
250000,285275.4387402865
800000,1023634.7010529141
1180000,1207125.5475930683
1175000,1073123.45394523
3300000,3331126.0119083948
3750000,3629793.0154099762
790000,872264.3790427735
2100000,2211668.0597257577
4500000,5744346.033844257
2100000,2174873.309472298
515000,524456.0871177275
4055000,5640270.839061703
1100000,1096596.0940232717
330000,324520.56768340786
7000000,12142905.671867004
900000,895596.5674391085
2700000,2699022.3538061557
2850000,2827931.708175591
1760000,2486674.6014432153
2020000,3182988.936923948
2100000,2872737.843638284
3200000,4764642.489515994
975000,912048.8549255166
1270000,1146122.3668967888
2790000,2766796.081449657
3225000,3312421.6133590494
4350000,4382213.011411113
950000,1091742.1385597675
2390000,2383686.3141736994
3690000,2599049.5258243717
5400000,4223678.86267129
230000,238943.6603065153
2900000,2994069.444869733
2250000,2079974.8107460581
1400000,1245130.9633258367
750000,761548.3227803353
5700000,5587635.615949821
1200000,1013394.0062736935
235000,187794.12919678979
1520000,1438855.2065045487
220000,179242.79036042854
1050000,1009627.1967858473
1000000,1137808.6146609683
250000,249665.47936352208
400000,434986.1774261021
190000,183855.7400343946
150000,191322.41411254375
185000,189821.24010445012
169000,144615.8694335439
220000,288363.9220651135
3100000,3523938.9472801276
300000,335392.7942381237
140000,135264.09533921102
300000,300292.201430106
425000,400617.0070500297
245000,235508.29172345597
260000,251704.20397989813
780000,787468.8545772725
225000,233506.0540558035
550000,458148.8208829337
220000,282090.25233269966
160000,204694.75557098785
260000,260131.19890717487
60000,92046.48048596439
220000,230757.76361165196
400000,399934.8042499424
400000,359653.6065173815
250000,234812.2747999303
135000,165769.34855135175
65000,183650.689892319
250000,266829.6321613129
1375000,1460631.3372587457
630000,614743.0074085108
320000,326170.0594167617
14100000,13380824.083779505
12900000,13070410.703099677
95000,135315.67922653808
380000,438543.2642335202
185000,178154.41500999004
230000,281848.21057860245
220000,224708.72748781607
135000,131316.5081245582
210000,215274.78488428515
120000,147356.99752564976
380000,340985.54098500137
880000,817704.8145805615
240000,237516.12289770818
120000,209970.84785031446
650000,710867.9237204423
180000,189962.08415336374
280000,342238.8707209577
4350000,4411302.694936011
1480000,1406875.412815271
1570000,1699909.2452421782
10400000,9342952.452183433
2650000,2376288.83574538
3700000,3595719.610674789
155000,143789.84046709974
500000,464184.88492033625
155000,163911.840698042
3950000,3793466.354332699
280000,282211.7013056
1580000,1434384.1846815192
850000,751728.1077602756
400000,442015.1257158658
250000,236168.2307303151
1045000,999089.0510890351
630000,625793.7998414482
250000,288857.56758638285
720000,647473.5687158988
1100000,1047327.1798241092
135000,139286.10478491243
640000,623964.5762313245
695000,741461.846089777
585000,546267.2686799581
790000,820569.793985284
495000,465270.78238305746
480000,545805.3353503306
92000,123165.36034656048
270000,309950.2742382333
210000,210373.55111579096
530000,459014.84760151675
890000,868330.3786322239
75000,75485.26138729454
1200000,1080597.1852213873
1550000,1516678.994849491
560000,567322.5098615049
320000,293985.63936295675
85000,118373.32406105819
830000,778590.3197065658
2600000,2603651.6773945475
580000,663193.2827970835
720000,710656.3089119752
580000,541617.7188278917
135000,139683.49994114437
1700000,1755013.1731356627
460000,542426.9786429281
1290000,1178241.3499695014
125000,116142.61407389079
115000,219359.84585207803
760000,734827.5908771007
110000,116738.11909321324
720000,791264.1639772388
2700000,3040358.7667559693
230000,231026.6533323156
135000,186866.17569137205
195000,252211.15622024745
1800000,1751143.7492628028
300000,187688.4586542588
220000,246602.0509606533
2290000,2267137.037392472
330000,283706.8426783874
290000,363384.22121359955
300000,268436.1949830335
250000,215078.39102042254
1350000,1630512.6750934692
1400000,1412588.4834039581
250000,295594.55731433583
290000,299944.5140495149
6900000,4807280.567812684
340000,611337.2352951907
205000,193302.9757858798
590000,603708.2303139355
350000,414239.3397663388
315000,328365.2534615201
325000,350169.5422038068
3500000,3902051.5012155795
385000,403551.1724600445
1350000,1273525.5229154928
130000,94515.42298210022
2350000,2497525.0353940516
1050000,1026707.8020481427
4150000,4426126.184553209
980000,906286.4321729036
970000,994091.1157899564
270000,322425.53649207007
160000,158720.08940676457
450000,374325.62822283217
700000,610702.0691453451
160000,162048.94676501135
340000,341205.3100742709
210000,193306.0763275977
1900000,1945521.7316600925
230000,225416.7785822002
295000,373188.7931856159
1750000,1834769.7070579368
1700000,1673955.2349283178
140000,149166.34429728723
870000,789094.6467207432
790000,721625.0596597098
750000,755726.7454120554
57000,64296.60486502405
1350000,1305171.910451229
355000,399811.14370630425
1695000,1563980.619795426
1150000,1105786.9855125756
340000,318915.86422927206
1500000,1656022.2901865684
775000,755711.9473350792
400000,397092.97306521144
130000,134331.99680407395
1385000,1435910.0476598851
950000,979285.1999882063
360000,366192.8281479896
275000,357524.9889175411
1050000,981622.6735243343
850000,868199.6147426221
910000,859338.9628227124
380000,394686.3818210722
190000,214480.65931235175
800000,838042.1513471515
200000,260854.8510180805
3500000,3406199.68578825
2250000,2139834.7226969902
1680000,1630929.167079978
1300000,1262884.8437964504
490000,509782.5780074967
175000,203483.3407085401
110000,128750.77386966841
70000,80078.09517242128
480000,448354.460146946
1500000,1181714.2734633503
1200000,1191227.6549693993
1800000,1713281.8737533232
4450000,3931208.149326577
1980000,2201804.919639795
50000,64856.48467378352
560000,612156.6056950525
1350000,1421886.6229390816
359999,439820.6351744563
1050000,1051691.476931977
230000,159968.48279072007
125000,134884.65574197075
1500000,1418054.4197062014
150000,216173.65706526532
420000,418281.1260876603
185000,221508.98073375568
260000,288519.6335150267
320000,276749.6211200123
1300000,1319484.6883841313
600000,634869.044685262
2800000,2490954.8775423476
330000,182063.59349507914
370000,374320.04710759845
4550000,5461061.781209235
845000,940970.5544539585
1150000,1227554.0084157647
1320000,1477516.4498863223
240000,211787.60334056648
200000,219735.62376853733
370000,361810.31458144455
220000,266078.8247890459
290000,279207.0116873773
3900000,3993260.0441239537
3800000,4283912.290174326
220000,268736.910567476
235000,166056.61275665933
2480000,2471609.659276375
220000,291135.651201577
125000,135529.76219836227
290000,285979.35220655036
110000,116681.35777370037
550000,503620.5232956448
950000,924345.3274056207
385000,413299.51777672884
680000,655541.8229585009
190000,229940.62662208703
575000,483047.8963067849
190000,201433.57440548795
300000,348493.63166238065
3100000,2884386.6863383735
9200000,9171954.573947206
230000,252527.0946095254
1350000,1254788.0752679952
150000,193884.5274355647
245000,234427.39745996922
330000,242726.32556732756
1850000,1697956.2209431743
900000,974582.0275644916
240000,221991.94189850305
3200000,3230566.2059022053
300000,237681.0474399951
2850000,2721315.6091349707
280000,300208.8785432113
1820000,1698750.6455735876
470000,492462.2665286064
78000,61135.16738006791
700000,744761.7831160465
125000,119521.21109336095
1375000,1382034.688527771
430000,402343.6203473689
780000,731972.2496188193
680000,696056.6457245236
210000,334123.9712496812
195000,204719.2489147995
1200000,1262763.239580239
1500000,1513944.6045840657
1180000,1377352.8213122613
780000,689413.3248577883
630000,481284.04697323934
2180000,2278667.3132114606
1150000,1170625.7934451243
280000,256457.17758664166
1300000,1281641.2845960706
1290000,1352228.8890739363
2650000,2524120.516474448
230000,249400.67348554442
730000,709420.9014977409
155000,150549.2153659624
750000,740363.1336846282
2900000,2798925.5918597244
230000,239135.70017653605
1725000,1492803.3985947212
1250000,1197295.2997592145
2400000,2181054.781300509
1480000,1567878.4405564356
220000,191019.2738922941
5000000,4206374.828703982
4900000,3976189.7782831113
200000,281900.262243554
225000,207568.24276470166
1280000,1212518.3586953946
220000,254602.0467143099
2230000,1821652.4314048567
540000,571191.851236037
150000,113064.43377565178
980000,1027879.7629400144
4000000,3327059.0444324603
1220000,1108539.975174619
220000,231059.76898759868
260000,316992.027287276
215000,306498.13865336863
250000,248402.90860266032
190000,193233.34259229878
150000,138212.19310648885
1850000,2004941.1608633138
280000,262537.7119861111
1600000,1292923.9688880725
375000,370655.5347886264
250000,247648.5018774241
680000,704516.6527664432
1530000,1661328.168125314
1750000,2132710.1837752853
3100000,1887971.806371112
475000,457664.253129906
320000,522264.47838348453
2600000,2787065.264469806
380000,409614.88623141614
1650000,1515705.0238372684
315000,292275.4059613242
300000,276749.09204707737
1225000,1241538.3615928201
1950000,1799941.2285965763
350000,377729.11656209925
4400000,4201378.758836006
7000000,4937912.245331433
3350000,3297040.4071425293
1800000,1999674.3682152424
250000,238006.6277132522
160000,154652.9257157348
1120000,1161578.944522
6500000,6941294.543813332
345000,371713.6047010847
1150000,1129281.065386505
1025000,934198.0328427799
500000,426976.79345025506
335000,355588.15836090216
930000,1024341.7008198993
3980000,3838098.2342812694
920000,1060378.4091906266
2200000,2435133.9628834366
1100000,1114355.7817743828
300000,246133.40005882925
590000,629394.6631982077
4100000,4906008.5306246625
5150000,4708154.305332688
13000000,14108354.303633852
18250000,14729406.718696808
380000,437254.66733512137
6100000,5786121.735146505
14750000,14440163.940106876
875000,857571.0524661347
2850000,3366682.6436970574
750000,1018029.3407619504
370000,358445.83631455153
470000,560745.9078182293
390000,389207.67389042897
600000,614931.0685756461
700000,703398.4640015414
2910000,3235216.722668386
405000,424341.527275159
330000,358979.08036201267
4350000,4574832.443359241
10500000,7029431.621286767
2640000,2703122.7965013664
6500000,5899535.956760192
7750000,7374568.067628562
3450000,3438629.12112038
7300000,7166125.257328376
9900000,6719517.770079882
2360000,2324810.9348249976
2649000,2668188.3844177052
2870000,2665090.1176872216
2560000,2320424.077467393
11400000,9861061.754599206
640000,723729.2725297719
470000,477279.39099619724
595000,631505.8436268457
465000,481310.64471460506
520000,517735.27021166484
920000,869781.5878803183
530000,540668.0154763683
290000,285675.9375701739
600000,521799.8095469731
575000,622469.2795962363
1050000,975174.6905479446
75000,85715.2625623047
5850000,5960709.4736576015
1675000,1585082.831837622
390000,407250.6294280767
3195000,3438629.12112038
5295000,5187545.493051184
2200000,3017113.1796127358
7495000,7374568.067628562
6600000,6528273.828286862
3350000,3676506.2597623346
7550000,6605228.881328057
7600000,6605228.881328057
590000,657600.4148191569
650000,689002.1825396442
800000,796743.2864375226
340000,326855.07865208347
3800000,3444659.495121317
2250000,3017113.1796127358
620000,664461.6160070093
3250000,3499787.2901920495
8250000,4465678.66834454
3600000,3636061.131113489
4100000,4164190.2984061143
1000000,1180066.9170036057
350000,395748.67185267986
2270000,2248304.459045752
400000,403161.7478782091
3500000,3692600.918238324
795000,738303.0815356852
6250000,6598199.047849116
5295000,5573455.86618217
1700000,1645898.944000549
625000,579854.887267257
2180000,2132873.2491682176
520000,569314.2726927248
2550000,2184506.0058333264
1100000,1142030.287944382
5700000,5824679.328364963
2700000,2773162.2157292836
1050000,754205.446975195
900000,892994.0409258299
320000,383779.3874448203
635000,804932.5804561098
500000,621739.5097905307
550000,536989.1926758179
720000,687063.0322141473
400000,432618.9662576305
2000000,2037219.5659437259
3900000,3830951.614395281
4300000,4405790.526895608
5950000,5960709.4736576015
695000,695023.6387529178
385000,400697.3600444488
1410000,1344346.7476198473
1120000,1218331.2132524378
485000,520905.0032921477
3825000,3293614.5803884356
3775000,3723529.751633333
1350000,1568440.5810294973
1450000,1470299.2186060876
1250000,1370157.4440466887
1680000,1625314.1380738583
1100000,1088453.4527466262
345000,366269.2032144041
1550000,1507564.7432905133
3000000,2879069.6186347003
1650000,1349346.1581228655
350000,301420.01544918434
860000,1234587.0800348073
910000,848014.5115211232
885000,884469.8505777487
230000,236016.3269117802
390000,406225.9179466101
610000,613201.9310905687
7950000,6883277.504502964
3900000,3477609.8406463377
3850000,3888042.313348132
880000,945406.7275758514
1430000,1589700.518792926
1950000,2010231.7030406473
2150000,2201683.6574546685
965000,942803.2711932678
890000,951916.3044476681
450000,531645.9596097572
2100000,1959888.6828763972
420000,429474.6073396456
370000,364670.3120445929
570000,569115.4119324735
1450000,1552664.3888695585
1250000,1325917.76712645
350000,297186.3447873017
460000,543043.0715487613
490000,460491.4080799562
2550000,2776756.8245936288
15250000,10182278.40130505
19000000,14899155.771447817
3150000,3476977.153766784
5990000,5848270.708166692
4900000,6264007.364323493
930000,1095133.3267645384
1750000,1749346.8457163572
475000,568543.3064754015
450000,417617.0873008157
1200000,1402786.6594529592
1850000,1858742.0227332737
4750000,5447460.317284355
7500000,6605228.881328057
430000,425513.04992843035
390000,396206.6851348658
950000,905064.3191566603
350000,360088.0110195274
4250000,4293526.887198374
5900000,5899535.956760192
4180000,4223695.023901306
580000,625819.0867890334
330000,343578.8724844156
4200000,4293081.248803956
6200000,5906454.047830559
960000,1032928.9278105141
760000,871279.1662414793
710000,787238.7522384207
480000,479900.13940580847
900000,668852.7856154973
520000,503487.3743568261
1700000,1798092.8405969783
205000,225422.40754373537
970000,1006819.3753548646
550000,429356.1336637627
470000,508324.742354084
2650000,2886222.7503896207
350000,354931.6036110793
4000000,3293614.5803884356
3850000,3519393.572162825
1250000,1166501.0116839765
5850000,5855505.7589507075
3300000,2713403.4466727125
5925000,5940830.590577844
1550000,1509407.5837426102
765000,731475.875535439
600000,503295.55686138134
520000,380146.51265448466
1275000,1110089.0341215127
700000,699717.0019597908
520000,565916.2715283136
800000,801613.8579386831
875000,834512.4663571605
600000,576809.6836457483
1020000,1026188.5305057754
605000,580305.9195251535
470000,566876.7359316614
450000,463635.48436109145
460000,431283.3369655264
700000,715802.5483052062
1085000,1160708.6789311294
2515000,2450097.5535689215
3600000,3470442.8866923265
5875000,5746416.773553572
780000,841045.0072108207
5500000,5414208.318784662
3900000,3429781.3902223445
775000,761613.073628692
230000,219802.1523569968
5200000,5331960.443916985
330000,388686.00498261483
500000,589796.4211798975
2650000,2966810.0317667606
2600000,2758470.372245809
2190000,2209648.889482069
1250000,1295500.7587035068
1410000,1196735.2312944997
2035000,1962093.2752483631
1600000,1786063.0585247949
1960000,1999019.0646579415
1080000,1025302.1301594971
800000,798258.9980024641
350000,215318.33370828867
950000,949541.7119806126
520000,483690.3841795338
450000,507690.6590404949
180000,227208.28324505265
730000,749179.3537957837
375000,439353.83142892405
450000,460691.77064253343
1830000,1768288.6531689898
2250000,2227980.775752636
2400000,2496878.552860835
1250000,1139598.7853507565
1100000,1122546.6195400269
3350000,3260276.831922178
7800000,7166125.257328376
410000,460656.7900837725
3200000,2741084.7500138725
2650000,2573130.651023577
200000,225826.02565092462
635000,615639.9001079861
310000,243346.32084197644
340000,343547.2650480958
1050000,1161836.759049925
560000,531760.9942403925
3700000,3814891.6328869485
875000,966365.6196376246
1100000,1163448.1667200832
870000,879315.351435904
1595000,1579183.0105351498
5300000,4068141.653975913
365000,344951.42673848977
10895000,8250554.707827776
1000000,1093410.4583880636
1000000,1065010.2070715867
590000,527297.523050922
950000,806281.9218128696
1480000,1252003.9561500375
67000,70212.7541031363
240000,247279.4799117514
925000,1044123.9442788096
1700000,1557055.1779399791
1095000,1231976.3186041808
5200000,5043350.811192015
900000,897127.0838034251
5400000,5519655.267634639
3600000,3617642.446064068
400000,421798.6460288268
980000,990875.1300939649
640000,534537.9042951033
770000,752232.4528552737
490000,506503.0582068552
370000,359610.39080690907
500000,452140.6203264254
4100000,3894633.6262073866
2995000,2899146.5336868847
1750000,1658917.2224040926
415000,389701.5668648476
880000,850785.4767791213
1050000,1054302.559562076
8080000,6978541.897878286
780000,831801.4299272358
3000000,2960131.5337641323
715000,759079.9575994312
435000,435778.5384179816
730000,751975.4839938652
695000,644071.309403109
560000,513956.3959181672
1200000,1014729.5283375287
550000,581386.7925596652
770000,715387.8823486296
570000,610852.9718060779
930000,825120.9403639183
220000,229637.35822137608
440000,499284.5295559008
390000,360879.3410502293
770000,802632.2126809933
3000000,3499787.2901920495
1050000,1006210.5272127811
5000000,4111777.602313712
6200000,6765809.933298658
4100000,3993183.005928051
3750000,3767060.730055495
4850000,4537005.109919207
19000000,14030766.865430433
450000,335848.29664617404
1395000,1360185.3098374978
385000,394293.7479035457
950000,858012.8832197952
560000,572820.5807169223
1350000,1569540.241534693
1250000,1202953.5704636073
1550000,1534476.6768431386
1250000,1125078.9428201367
2210000,2235539.5664462415
5850000,5786121.735146505
2750000,2411666.4828748605
6000000,5746416.773553572
4150000,4299126.413727454
990000,880578.341933174
380000,341235.1984662372
380000,394218.5454057132
850000,871661.2251944972
650000,660886.8445680484
360000,327185.3732772754
500000,622751.8183524527
400000,409725.86325920705
1700000,1333110.689082709
650000,595399.5189164932
740000,683804.5533722445
890000,834767.3587945517
1320000,1230871.6411377576
3500000,3438010.614504603
2150000,1848687.5780922892
1550000,1643611.7526488355
1470000,1445398.7491318046
19600000,13600677.795408668
4000000,4245329.86941271
1980000,2001760.882856463
4575000,4289602.044350285
570000,638788.5791400436
2950000,2647718.632330145
2880000,2790219.524239113
370000,390070.71881884267
465000,441964.23033141834
630000,723526.571704962
230000,330700.1539349511
2335000,2331181.3845954756
320000,327089.15521451377
1300000,1083285.6349661772
540000,574335.0391679823
790000,751533.4691571436
700000,764938.2051773685
350000,502366.6004777931
600000,613048.508560711
700000,731439.9782776914
310000,290212.9940397385
1675000,1715249.3655303428
740000,768292.3860549098
2190000,2270763.3685451546
6250000,5899535.956760192
1109000,1279128.3330774314
1330000,1388309.534299492
820000,858480.0781896998
795000,835588.2682740132
1000000,1044123.9442788096
810000,960386.0660146695
369000,379385.7897814054
620000,560682.2414076844
1380000,1278494.6311789586
600000,610915.03076606
630000,630243.7624752658
495000,496925.85313974286
3600000,3983740.464465771
810000,919189.9899456588
700000,550545.3434635561
815000,835137.3636681584
1550000,1554440.1654746612
525000,551794.264180996
560000,563495.75842743
850000,772215.7859108465
500000,342274.37927642424
4150000,4211115.16101481
2660000,2641656.072714013
510000,504080.2101857974
600000,662830.6643247212
1450000,1574966.667569801
980000,1024137.5927689996
475000,461797.35962910316
1150000,1114428.1885963841
370000,323343.39978087455
600000,474224.77556737524
340000,309443.578930371
520000,456150.98396378895
5100000,5043280.446168027
990000,817464.5770620065
1120000,1043375.5660275824
690000,656732.4696494761
1000050,1030043.2348909959
2000000,1925772.9009190088
2590000,3094346.3013036205
3000000,3014429.905101049
1015000,917448.9763068678
1050000,977678.7351825121
600000,612037.3775023245
550000,522328.0302070444
560000,531072.9142163057
315000,281367.6680551218
530000,542585.7625815393
295000,289184.2714676818
140000,97100.48557210916
350000,389005.36125045404
410000,374605.34233476745
1700000,1709260.7763673435
3825000,3787457.987313713
930000,805678.4124906549
690000,656806.8600102518
450000,403784.91360394657
1900000,2161751.6316070887
315000,288116.3653152423
350000,290183.83777381765
410000,347645.6311746366
2750000,2819986.2242704052
8200000,10302885.103711281
3975000,3888042.313348132
980000,982849.8452336845
550000,593855.4388114006
1500000,1313138.3957163095
1990000,1355120.9308959623
620000,682236.6918779546
650000,708091.3657910242
345000,272251.02101290243
1130000,953253.4643982133
1250000,966183.4732470863
730000,731843.6416009162
400000,368527.11713223025
700000,731735.8491470027
950000,953856.7337918264
400000,329942.57687036623
1670000,1621329.315859525
3300000,2948951.973027483
2400000,2343223.8379485975
2345000,2222744.4825376594
1215000,1203953.9414569805
1200000,1194058.5324280588
1390000,1419847.0949421553
950000,1003937.9134245611
2300000,2246997.9161391086
900000,890487.2806987186
1180000,1060931.987944262
4000000,3889969.5515718563
2700000,2259961.642685206
895000,900176.2073740669
1550000,1277998.1089708921
3150000,3398171.6354637444
1300000,1281373.8822182463
350000,318549.2686298241
1700000,1919775.1697704312
1215000,1269369.3693635678
989000,1073809.9601626538
1215000,1278494.6311789586
805000,780973.5476333235
805000,785150.4139549112
1300000,1238575.9643009445
3150000,2614537.239923638
2600000,2819986.2242704052
1550000,1540029.3213905867
430000,477563.90919081593
3600000,3575220.007515121
450000,465396.9535901063
720000,645149.8491794975
875000,844719.2368650126
420000,546902.3150445152
335000,268659.9568658236
3000000,3519393.572162825
750000,700052.5309490478
780000,881302.2748457592
230000,230979.42681406252
600000,497215.7976068363
1365000,1369150.1185272017
730000,760942.1207774039
1490000,1696159.4980284313
350000,340419.89191777294
1870000,1677786.94680351
975000,854764.8214924661
2310000,2160776.9279555767
740000,694614.1784141518
400000,352502.7453708726
395000,444371.3419303955
840000,764506.0141715966
720000,663952.0640532628
580000,580176.6538295697
500000,521810.57997526065
2050000,2307737.545935748
3650000,3247373.039658514
1500000,1237488.1884815563
3700000,3438629.12112038
925000,1056320.7491055883
1000000,1184710.2386848473
1590000,1559405.56255703
440000,441399.2567557982
1400000,1283266.3874955056
885000,819270.7894481294
450000,438158.8145930782
820000,805411.732447145
780000,796485.6611945999
530000,561968.1601834875
770000,845123.4975247037
490000,443544.59914927627
600000,613254.6041188884
375000,396466.74988688
670000,757871.4890123471
650000,587428.3881376722
465000,457328.77799344325
1430000,1460363.7458100421
320000,304605.4554059398
370000,398205.93494558684
1600000,1574616.4670031655
1450000,1595532.4347891707
1120000,1004265.253578341
990000,855788.3516084247
570000,589626.8105232632
710000,718215.7840607519
1050000,928490.2613386555
390000,440075.4040553581
3200000,3184160.177367068
820000,772741.3023983596
960000,949064.5584903369
950000,1091583.5531171912
570000,558057.0820292068
460000,466648.0724395537
950000,970111.2448533126
615000,590954.8679369175
480000,347162.40906898695
600000,656613.6264643702
740000,849986.5636775305
950000,1001319.6978154952
1090000,1286618.133833532
740000,653076.0731483272
85000,78447.64181328328
650000,627884.4195366408
680000,667927.2722837939
580000,601700.6651892285
575000,497192.81933300185
700000,775686.929106704
750000,686329.3388080534
1895000,1983713.7958593636
790000,720625.7321739922
530000,500322.28054777265
3500000,3328215.9720042385
780000,426688.69108761614
6900000,6749324.789170259
4600000,4119137.1906620907
2150000,1339618.465576029
6850000,953678.291015289
2250000,1898613.2377221447
8850000,6937949.830713298
750000,911940.0638100517
2700000,3184108.6851969147
330000,390995.75745962455
1100000,998123.4154059337
460000,479798.05110116187
370000,428634.1983743966
260000,216326.61484795224
850000,852539.8337618622
3350000,2688803.860255879
850000,818588.1651088177
350000,373567.3247632252
1800000,1234386.7430782788
1000000,1101038.0800582238
2320000,2509294.5495380457
675000,701080.2498991152
850000,792125.6891855043
810000,802574.9585582981
795000,719889.8749199172
6750000,7245179.51034892
725000,858657.2794771759
1200000,1216949.751017211
11700000,8415019.292210534
1050000,1108274.7975481043
1100000,1215598.0218442455
1050000,1092372.9046131007
1300000,1318335.603637368
845000,735608.7231326851
360000,407749.10930880345
395000,493079.5759316956
400000,381698.70585625584
9800000,8284920.624041278
360000,338782.2828954431
720000,858179.5450033125
440000,460189.68068034487
1500000,1409958.833242465
825000,706916.0622952728
1899000,1951892.8390993096
1790000,1675123.7061434784
850000,974628.4765033808
1250000,1267083.469677168
1725000,1959920.1826535393
930000,1054795.7616574941
745000,769040.0797130864
3650000,3864458.667032596
1780000,2445143.5176619617
925000,1019276.8598289903
1830000,1997515.9405482893
670000,902453.1827249152
850000,975944.4608337015
16500000,9600349.03440837
7500000,6843159.124492556
820000,829690.7674564088
11000000,8520260.656801354
580000,544159.5190981523
490000,487523.48248365725
560001,559704.8313044421
850000,888087.0596116516
810000,736187.7149894645
610000,491239.3732225814
600000,531624.759010114
870000,933968.4279606497
5150000,5851720.403705186
535000,623928.9207327581
730000,767627.8483853434
3550000,3535744.7969827102
12750000,13125783.745653344
12700000,10584614.610989606
600000,546615.764962302
490000,687152.9524947144
725000,746868.8285336561
385000,364011.64599736256
3550000,3579692.6976903128
285000,338670.971523634
400000,438281.84316970024
650000,620480.4016527426
11000000,947799.4305408046
360000,409698.3655832721
850000,641170.7819908902
455000,522265.95706316514
650000,648382.6926970289
380000,352096.1072644152
1375000,1428340.2079808766
1480000,1584362.8680042427
320000,334480.1355871976
400000,370476.8689895853
850000,899902.4496188253
4500000,4999076.246056245
3750000,3225627.262558268
1380000,1569466.1357638398
1150000,1194481.1246082706
2600000,2793730.889569033
2600000,2456249.146488306
2600000,2780428.928082204
3900000,3570244.165099885
1400000,1304712.7259510115
360000,468812.2675705075
670000,734208.2501379318
600000,566147.6074386091
450000,465998.78322795924
430000,407235.1551415249
980000,868129.1875338848
470000,489441.95993513055
460000,469822.31787418533
5400000,4658508.320934626
300000,320087.1499288119
470000,547070.6954416853
395000,411373.1617908791
675000,671900.3806593806
715000,791777.6945680273
490000,717455.9436698977
520000,543331.8092177979
355000,362972.5158800549
1200000,1160828.284077137
950000,1056925.3232775547
330000,350238.62050545466
560000,494827.8358215948
420000,314784.63086004485
460000,516262.3032671198
900000,884642.2226239677
1050000,1012420.4984804642
2000000,1806097.802006982
985000,983280.5088311585
385000,350927.7414239488
850000,812641.6487803842
5900000,5880295.921315652
500000,337715.9791908893
700000,716964.2776420222
5850000,5461107.759351796
400000,406382.849834444
850000,836340.5071624339
4375000,4381466.196939175
870000,826382.9175847634
700000,744607.9213311976
420000,439360.97674504726
1390000,1225981.1470451248
575000,684605.9230500909
500000,478538.00355092715
310000,355904.90490139707
560000,489051.40018550504
1300000,1294245.3397511079
630000,699885.633271966
2350000,2334731.3473706264
975000,901004.2042259452
730000,710646.7507398751
850000,792777.0182483
1040000,1286602.233731958
1300000,1230236.5611196058
1350000,1451946.177758561
650000,663637.4484999011
1100000,1034016.709539859
900000,870000.9174656571
750000,728131.6150981677
820000,820323.9715658843
780000,781355.043730055
650000,728934.2146225501
975000,915239.7894728542
1400000,1491906.2698904525
600000,614512.0023463435
690000,675712.4682047901
350000,411709.3515220741
430000,402998.8325355169
1070000,1371322.2605373804
370000,419274.4870151765
425000,448470.7379950312
330000,307163.9182964511
470000,556121.3552281668
450000,472723.7703248306
820000,723017.5379474647
340000,390648.76569916005
850000,892308.5948617713
600000,574841.0540773418
400000,417074.16095049214
470000,444254.84802435775
2000000,1535693.9417018467
280000,307972.01105632255
580000,554908.3460178268
700000,755169.2356003445
590000,625663.3648089456
350000,419692.8697978688
785000,885698.2141498139
695000,775717.2259362658
565000,468190.3993841159
320000,365929.19582903135
630000,912959.659300335
1200000,944637.3921290524
400000,324326.4955162894
320000,244373.99360972302
380000,381094.2184663726
800000,786487.9026820293
320000,222382.9291199057
350000,320047.04365630855
1400000,1391244.6944681231
3000000,3022805.1971017737
670000,715112.7618500046
675000,678598.4787918279
3950000,3949175.068252781
480000,506181.1526679765
950000,1128780.1202362578
850000,831454.735944197
3350000,2997242.9879411724
2950000,2198038.9500997667
400000,416109.86309299164
1500000,1397813.1155590452
3900000,3801644.4061313057
1100000,1156099.941486119
5000000,7228215.138964683
340000,328625.91748328885
1700000,1830607.2354730917
1300000,1252294.522167661
450000,449245.45689251804
700000,631700.988521655
1950000,1872656.7045220246
1030000,1104093.4764758912
3700000,3833823.968858618
1500000,1492952.67918587
370000,374404.9126979214
550000,482792.4600917134
750000,743971.2302488603
1120000,1090485.7280101918
5200000,5285452.711675991
6350000,5576399.211309503
910000,881346.3516736998
2550000,2364148.564463034
580000,617208.6793336817
3600000,3299397.637176701
2425000,2339023.844652948
930000,897151.3017569999
1850000,1768517.9661199625
550000,605232.6021768734
600000,674279.5862828199
900000,1141606.8157425707
470000,472380.620594576
1000000,975292.1696562148
1450000,1492008.8060967384
340000,336459.2545922222
1000000,1131497.9905809509
850000,785683.0969742624
450000,468177.4737423007
990000,1072365.0346648002
1350000,1299835.1449903615
5900000,4970920.391098481
865000,862934.6978288186
410000,399145.87325502833
325000,326416.70510688896
1215000,1234877.878863676
485000,443880.90800960624
550000,564216.828000936
550000,565041.8885229989
800000,782892.5998914686
785000,767207.2568309405
1710000,1290544.4114139306
780000,777660.9641145305
720000,758715.6112056512
1250000,1031210.210134327
425000,399904.9412592053
800000,753264.2204995803
450000,411859.6033883154
700000,728856.713743674
2680000,2524028.908894662
600000,562125.7873750502
730000,623668.2149620012
2650000,2705996.101807879
590000,536192.0229209331
1000000,861072.8245344898
850000,796061.0431954161
455000,470117.68156709155
450000,484031.8146687711
440000,453606.51085661264
550000,628161.6184562615
80000,78094.97647730711
950000,992089.7094828107
540000,418711.783780532
345000,338569.07378099207
6485000,5703455.251260845
850000,843463.7002056271
800000,762350.0183584484
3750000,3656285.097325656
500000,563654.9814445483
1000000,1029955.8990390092
1800000,1663689.7540327755
550000,467773.5027786769
610000,590138.7584885535
5250000,5174617.634870373
1650000,1329363.7325203707
2100000,1965280.4930470774
1450000,1354588.910690625
920000,1025280.1552412877
1450000,1360414.1075550525
1700000,1459740.67959501
990000,1009390.8107824028
950000,1035098.2874528462
680000,630324.7206527288
360000,269399.43242843595
750000,787515.103478209
630000,690303.4531871728
1090000,1123782.480062423
920000,1090907.029109642
710000,647236.1525700217
385000,442414.76133857743
4250000,3477609.8406463377
380000,395231.2748207651
450000,479131.80531145283
2330000,2418420.5989637123
1725000,1543175.4679491206
335000,335803.10209436406
1380000,1150545.529588692
3200000,3195194.3084466183
930000,917448.9763068678
10500000,9565802.727797614
12000000,5100329.213597219
5300000,5634011.201007169
580000,574530.8570206313
3250000,3680741.939134557
1750000,1581317.6203264704
1100000,1104611.9937200947
1700000,1621329.315859525
1680000,2083541.4521408984
3495000,2750733.4345202935
820000,764818.0067269531
3900000,4387789.51493724
2860000,3476977.153766784
3550000,3293614.5803884356
4790000,4786654.021924502
2140000,3935162.2167005064
6700000,7686842.156208527
6200000,7548821.71291046
6830000,8151616.123789139
5650000,5250973.494911877
3900000,4939965.743961929
7241000,10983940.36331347
6100000,7576972.841627459
4950000,4536413.399110523
9950000,4706247.549409373
7000000,7900104.470838824
9500000,7715917.230541232
1950000,3157088.3939920035
12450000,14440163.940106876
5500000,5515779.219441151
720000,979105.9582765817
5650000,5492624.4932459
5500000,4687915.27265883
18700000,9557583.395822011
11500000,10479150.128656384
4910000,5450196.6230288055
4900000,5860185.420253812
1210000,1284976.3142441236
3700000,4321372.733556148
9000000,7631991.48197879
9500000,9606245.770515347
5200000,8548303.937738031
2860000,3047703.3613920766
840000,919724.120937216
7370000,9965602.83631148
535000,569160.101919127
400000,384617.33028143866
1525000,1415854.5771103692
10000000,6166132.9246617155
5250000,4358286.815351811
4250000,4387789.51493724
645000,585800.3039931802
2470000,2371872.853261024
865000,875653.8729502595
830000,743901.9319870509
370000,262450.0374646737
7150000,7044894.754411887
490000,460519.41584078805
1035000,1010859.7474136476
550000,583141.0613495561
340000,424423.5544450073
320000,325001.50625558256
900000,879302.5691498328
595000,642312.1382367031
550000,501507.8600113215
2450000,2230154.338788027
1650000,1512113.9175041106
1110000,1105808.1816079924
470000,365222.3733381075
3790000,3723529.751633333
1055000,1022037.900862185
1575000,1561361.7154335612
600000,605847.094409672
350000,374711.9840908212
1049000,1084876.9501074934
350000,432830.8147404724
420000,421581.9546154846
750000,682768.3205921878
720000,814135.5807235044
350000,414670.1094251247
1730000,1581317.6203264704
980000,1009871.0680283102
1075000,1207778.3607590632
950000,1038822.4927959491
1675000,1872403.6694644147
1115000,1257259.7999762974
1590000,1251745.4698175224
1090000,1110588.4126030586
1800000,1762529.677906737
900000,89269.11757364392
1300000,1309194.7167821373
1000000,754530.1365757827
655000,692145.8880146946
900000,843380.0880441606
780000,875463.3762362528
600000,592807.5921291003
400000,397775.08301647345
410000,291601.2098468295
200000,214852.30408770053
880000,986278.1614376567
2275000,2240803.7604609434
875000,807327.2895164007
775000,701799.2046879287
420000,378192.68843963166
1900000,2033036.1728591896
750000,889444.9423433779
8750000,8840607.362884128
660000,651541.2398121456
370000,390417.17559742025
570000,519447.95433592424
390000,400864.49579031375
810000,731241.0483787846
980000,992284.7447261376
485000,413424.86052041117
330000,360784.82963736495
720000,712281.4312238931
420000,451695.12605780846
700000,737923.237501561
630000,574585.6112879784
6800000,8037290.73080919
900000,770351.0975669505
380000,383534.3565284155
280000,288066.4018068526
2000000,1889424.7238935444
2275000,2113248.218579851
470000,466262.0042664297
8300000,6703027.820254603
1200000,903800.9233009632
880000,867881.6080840509
1890000,1821820.743502267
700000,708026.9844779246
1600000,1946368.101323393
510000,507207.66827334254
7380000,6664495.246021613
500000,535148.1353239069
600000,663992.5835623911
265000,277412.5645601737
700000,747717.5709975391
430000,456169.4528849197
4350000,4387789.51493724
390000,326911.5388551502
5900000,4275482.620375388
995000,925527.750176125
920000,979166.3633595371
700000,653768.6633371571
355000,379759.3034706595
800000,784355.447775615
390000,562748.1622363558
620000,583602.5727618615
600000,588531.1039223578
650000,709365.5623702734
575000,645216.9554512664
610000,685614.9872480937
440000,424945.9907755646
1240000,1227158.7888693942
430000,461713.5724014643
3650000,3923177.2903465456
2450000,2594627.481578932
2650000,2983696.8971501403
310000,310788.58829718264
350000,393190.58695853746
740000,784249.0521616073
560000,485453.78703279246
285000,314380.3563003348
9700000,8272990.33149463
1195000,1034056.3357486721
670000,680659.098180405
300000,263849.71532447333
835000,754816.9918522949
385000,400393.50692835497
2050000,2448293.2055640863
590000,673896.0416843988
500000,2188867.2843438894
650000,573103.6839886663
1105000,1069489.8596791367
2315000,2230154.338788027
680000,656935.2297993845
350000,379723.0240559951
465000,483058.38741766324
4050000,3849717.7536560725
630000,574526.9456225549
800000,703893.2355685015
1100000,1118307.2528058416
320000,293278.9966339893
500000,596601.6359171949
1100000,1094809.6061646782
330000,322965.90316688333
320000,368158.1840309035
750000,695265.2454451072
680000,606778.3872897559
825000,723824.1963053733
990000,1216377.0885223935
680000,609810.038060144
705000,796334.208852988
1800000,1980111.6259764822
250000,264174.7221127886
630000,657211.466805568
450000,402187.26530681975
850000,770584.0879083268
3600000,3780812.3520130273
440000,434253.3140633788
830000,928267.2585315992
430000,437318.67843055417
845000,860665.5174994871
650000,520640.3791505602
375000,398889.2418243281
335000,374465.84064251336
720000,843405.4620955532
2045000,2014878.6108767176
550000,571737.9119980055
635000,682627.7702253725
350000,315152.69013350416
540000,540321.3306898008
460000,480142.7151372296
360000,345613.1883322568
760000,732497.1967324726
325000,296181.9145731846
2900000,3231369.172646649
5775000,5484019.512568449
340000,390197.6212434902
680000,886312.4703641754
1200000,1141286.7185004763
1500000,1362729.558982011
860000,955952.1389602153
355000,456604.51058194373
270000,327354.764540362
2100000,2121671.3472921983
1200000,976759.5769563566
720000,737361.3518065327
1350000,1143342.2712454954
1825000,1698533.768413431
1790000,1710829.7146445946
1040000,1173605.4713094304
320000,327206.7706371663
535000,585873.8268334643
1550000,1413596.373452693
820000,736817.814000193
560000,553869.4294167821
5900000,5606247.334507226
360000,364323.45013762324
3500000,3402251.3286495376
350000,352422.7758396244
2220000,2194612.2573504974
2890000,2661522.9533908195
500000,477851.3709863946
640000,599025.1415986534
1745000,1262071.9758192585
1110000,1105199.245112685
1455000,1472617.33884992
1335000,1235522.6287287537
2660000,2664320.554105502
1690000,1562562.9256226767
500000,515243.57487939857
320000,310306.62120315665
1150000,1238508.735770398
1060000,1044431.6479203458
360000,314529.7112075229
730000,746388.999622763
550000,596350.7542861042
350000,286570.6673188339
340000,342085.3804545007
760000,788877.8125797231
2450000,2341096.310063615
720000,718083.2165169369
335000,379198.3924889525
720000,707282.002235213
455000,478199.58570608567
490000,459957.4589138535
530000,536705.4142898842
460000,392285.6849240769
650000,734247.8514591058
1690000,1075551.4595636555
2500000,2481398.6041073687
770000,933112.1628890194
420000,573899.0479260109
730000,768175.5772158013
785000,802574.9585582981
6250000,5824679.328364963
1200000,1157002.0826446735
1350000,1432094.1639736497
1320000,1367563.0089283052
650000,570175.1873921369
295000,312121.74822857993
350000,366545.7816748731
380000,312125.93216241087
1350000,1273788.6367593952
900000,1037437.3032141506
3350000,3271247.915047486
1100000,1241595.7658346007
1350000,1530563.138400923
5450000,5745835.976598221
675000,643417.7679625828
560000,625193.1366525749
3450000,2868853.579307282
725000,731307.9154154627
530000,534996.3544111275
580000,530836.1242872356
900000,896864.5001445883
1050000,838770.7745248972
1200000,1116147.610089117
2000000,2009051.1519369148
250000,284066.2493615164
1050000,980081.4454670132
425000,426373.5437733494
5400000,5506772.158192097
1275000,1171449.8165017753
1200000,1064391.6895261323
3570000,3337726.9012624426
3900000,7255858.689001835
700000,652569.6936376657
750000,763287.7929444445
460000,477589.7779830917
750000,769407.9956318948
240000,235986.57506380364
850000,815699.431295918
850000,857429.3556700585
1000000,1184683.3797430862
2600000,2777387.7838317733
500000,667658.1440903253
860000,917859.0194928448
1150000,1276325.4169526158
985000,1038557.6314960066
1000000,968168.9949427345
4500000,4213358.581601221
1550000,1397249.4914511775
1240000,1013414.9608702312
3200000,3099147.662559379
590000,547671.0913202695
7700000,8312483.930955258
460000,562485.53637445
1075000,884366.6762816441
650000,479211.9388532278
1295000,1198811.2266701306
1050000,932930.5718501934
520000,513105.1924563264
1000550,1554652.4298276377
760000,794138.0608763221
660000,636452.1873843268
680000,810294.0565037412
1850000,1860519.7745323777
6500000,6367290.563113814
530000,512893.97347126517
590000,542196.4955780999
3600000,2871572.337683651
2330000,2360541.7978927256
1490000,1497845.2225420964
1310000,1355905.445281544
1235000,1253905.332694925
1270000,1290985.5905861089
600000,697894.9633319358
2475000,2320424.077467393
2040000,1967987.9447265873
1010000,1473950.2651150464
1950000,2283371.8870837106
3750000,3889993.668034729
1050000,1010639.8131378538
5400000,4019459.201606674
360000,308528.0572596754
2850000,3404566.1560331816
2385000,2334731.3473706264
8500000,6603318.032803885
310000,271657.4203622375
5200000,5219402.190813811
2410000,2167755.6816560864
1120000,1244956.9168403079
9700000,8782524.044035755
2000000,2006100.444351237
2450000,2429548.216705939
750000,643828.4134125075
650000,604518.8888208753
1400000,1499895.359369052
495000,482175.9833721141
600000,534369.4744577113
9500000,8679820.547162263
780000,914360.4868182992
3850000,4196312.662179351
2600000,2641140.175403455
2455000,2156971.49447134
1200000,1248889.7256892545
7500000,6819643.761447402
3300000,3085307.6804933427
3100000,3282693.04313605
6600000,7161608.940065663
3650000,5911768.436775748
2000000,2010231.7030406473
5850000,5879156.488123086
2300000,1870894.9833974915
270000,264289.00177802634
1850000,1936768.0613287224
900000,917333.3427990429
6000000,5954373.71939217
1680000,1608616.3211686485
265000,283532.08330446976
1200000,1860394.3102697555
7650000,7461234.463687862
1050000,920722.6625850789
1500000,1857526.6093126852
550000,488615.07803595864
1850000,2057703.1089838592
2800000,2532042.48939634
945000,1044123.9442788096
3820000,3922503.441314695
3100000,2924400.534091285
850000,855700.9738435835
2500000,2871281.174117422
1445000,1454326.190471482
675000,679883.3995528548
1110000,1076566.482630693
1850000,1962120.882171271
1530000,1327691.6860278607
1850000,1887792.6022579572
860000,764701.0234050368
1830000,1735034.6462548166
485000,541360.7052986166
3800000,3477609.8406463377
910000,880658.5558450088
998000,1070115.026432523
1880000,2658709.897362448
960000,788682.8536332985
1550000,1479559.5543475568
1200000,1216724.0056228878
1120000,1103393.036784757
600000,604465.3713131364
1240000,1180526.3865993237
8500000,8562228.935528532
5900000,6579521.893620304
9000000,7264120.091110259
5250000,5152161.266357829
1100000,990371.0627149206
530000,567822.205213698
500000,488414.1010653185
400000,398562.98941031395
885000,884801.7236682189
435000,374079.7249683924
850000,792204.4896912363
2460000,2272258.002653175
1580000,1774804.6432111887
3700000,3032496.165244113
480000,565004.1798959156
585000,528867.0941910995
1600000,1496884.1814421136
160000,146767.57686504192
700000,682980.0752491798
385000,317705.77979511546
820000,741349.6963785206
540000,525279.1097194025
735000,744779.3544481235
980000,1177115.495071446
1050000,1004742.0420941504
430000,414592.66570718103
3390000,3798737.389713015
320000,239616.35456578693
695000,662790.8635538337
550000,614974.3424065063
245000,231560.5538545187
530000,465062.4772127034
290000,290819.61094727
475000,557766.2378213006
660000,768754.7855032725
2125000,2216486.5357176433
580000,625203.8445372997
1355000,1467753.4428663978
770000,751902.9783822228
905000,819823.7577487199
480000,457142.67362386687
680000,743495.1556253606
310000,336363.09961768676
850000,881311.8143649139
530000,526438.8785960674
925000,968314.0200530234
2200000,2010446.2785705375
800000,637619.6547442948
1550000,1624756.8764465344
2450000,2534828.6723242346
1100000,1133626.263666128
1100000,1143273.4418457092
600000,636982.8358285364
16500000,1569925.7475111738
710000,669118.1585915257
1550000,1473690.9515387479
1000000,1133664.577783647
790000,669854.4908159418
880000,876799.508720871
1500000,1369040.3302777254
1280000,1239344.986594208
1350000,1302760.7676623357
1350000,1683289.8420000027
675000,736373.572851015
1450000,2418531.249205851
2200000,1661390.5803374536
1600000,1363012.5206020589
700000,726002.851150803
440000,407630.12245863845
900000,904274.4388777729
750000,751989.4114690353
2990000,3519393.572162825
445000,372095.4254691977
695000,794419.7991127938
250000,241507.83742304821
370000,383063.2965799749
725000,727355.3687491927
280000,383435.69220982934
325000,346175.87992890656
1790000,1843242.2024413394
2760000,2664320.554105502
650000,587336.764045382
2900000,3414272.558466336
1000000,1975972.7636643187
1000000,687234.4144072132
800000,734652.5438656367
365000,328933.218727999
470000,451801.86798625835
1250000,1117035.587172707
850000,826876.2115596408
600000,613993.5359649105
230000,235959.19472326053
2670000,2679644.1050287015
750000,626477.9037472574
250000,236187.97981179893
1220000,1391720.0328283515
2900000,2669614.590516036
425000,431459.75505420053
770000,752416.8876669955
1100000,1067790.5368506128
700000,598961.4390653039
1670000,1715033.6496630167
1175000,1237488.1884815563
475000,349841.12993361097
1560000,1591919.3139235636
1125000,1201622.236806496
880000,748817.8905483469
840000,761230.6357454138
890000,890481.7432208622
745000,730209.2466995185
2590000,2461037.433253933
890000,949415.3860983566
1790000,1621329.315859525
1150000,881332.307426568
1325000,1257329.4439179457
790000,721937.7875553487
650000,697493.8206867864
760000,807434.6433397094
950000,781529.1606061936
865000,856962.4259083838
5950000,5817254.175917
1090000,1009511.4055918605
400000,379529.22250800504
10500000,7500542.83103331
720000,587446.4252086743
999000,1394356.33018692
450000,328768.2404867553
55000,66769.97445984812
1565000,1388727.3639072992
700000,718797.7018316498
1065000,1027145.2589197269
1210000,1160708.6789311294
435000,469269.2307416724
3400000,3509060.98426809
390000,417875.6063895349
600000,589737.4834052454
800000,777885.7469273892
3050000,3602357.2357422737
1375000,1123309.0438495174
290000,272259.8115201357
1700000,1612770.508043812
3850000,3781993.009976605
2270000,2207852.6134208804
1975000,1999019.0646579415
2230000,2371872.853261024
2250000,2209206.876382514
1590000,1415854.5771103692
665000,647865.898014125
6650000,6765809.933298658
8500000,4554537.798532079
775000,790598.3200515184
800000,854861.5900318088
640000,581246.1444075778
1600000,1673382.5032516455
1750000,1732429.8500672693
1910000,2230154.338788027
765000,796922.4446274319
1640000,1701052.4717506878
1770000,1702556.5335238304
1250000,1293478.3186264976
450000,460554.9602267608
280000,276581.717260919
500000,316792.6733261222
540000,670076.1702718392
500000,511700.43073975336
800000,903250.5811978241
620000,565677.3795568577
500000,448679.9591632326
1200000,1354098.114334266
490000,533133.3008027995
675000,679147.6295206648
725000,565271.8965652256
980000,966626.8302790725
450000,587672.4137967182
310000,297726.02666734374
410000,407335.69739104534
570000,614909.1249715014
520000,613156.0977542099
730000,716586.0403805756
2030000,1915170.3459913176
2400000,2484601.491755255
675000,642684.1858494785
18800000,13660891.520081252
950000,915070.7177978028
2440000,2222744.4825376594
620000,614372.5395094734
570000,529516.6623336517
400000,348374.4295051325
1250000,1094462.9741079852
480000,483413.47002518014
550000,440900.74776376353
1640000,1734163.974152452
1800000,1688304.254646587
630000,580038.7545804488
725000,684569.579790478
659999,800209.1123062376
690000,697048.363561006
260000,290899.1768045076
570000,616869.9928062995
305000,282117.205474287
540000,562881.6252457701
680000,633464.985351191
650000,656244.31678572
1450000,1563626.1415716875
2500000,2520469.7396512064
270000,2687335.8661494697
1150000,1166241.3988193718
550000,477989.5505023328
1760000,1582424.3546436145
850000,679882.7330378492
1200000,1179325.1373111971
1900000,1949770.3374006797
380000,445382.803439323
1175000,919834.0635807368
3200000,2231017.339258421
850000,841874.5880290157
1050000,1038200.6265666025
700000,715046.5287342751
370000,499779.50926856796
420000,342331.5879019224
850000,943753.825273083
320000,274195.6740859437
1125000,1011891.0403947892
1315000,1230833.0189744593
5250000,5301166.222338165
4750000,4173400.321781
2120000,2240571.4380308217
5250000,5539106.125752164
8250000,8558394.628232833
3650000,2830240.9983959966
2250000,2194423.688132976
560000,610888.5790654597
535000,517258.6653990246
840000,754307.7232520768
1230000,1339228.7755407197
650000,615696.6960956091
1140000,1144503.1388067505
1710000,1698863.927829604
6850000,6571575.109713546
1075000,1231378.0632864092
2825000,3372074.0259032925
1230000,1132133.4714433881
395000,381125.60512424796
330000,334558.552358634
450000,430507.6825921458
755000,842907.3142103761
7800000,8164229.615170077
730000,684565.6740873165
1050000,1031534.86239533
6750000,6598199.047849116
860000,916154.2079042022
985000,766938.1660335697
4280000,4317413.642578628
6350000,6571575.109713546
850000,755990.1515502667
590000,618341.7631794723
6100000,5906454.047830559
4150000,5497487.44057794
10900000,7686842.156208527
2350000,3024024.395432747
7400000,7374568.067628562
5350000,6609756.923655895
12500000,14395636.5153716
3800000,3774202.74207261
1490000,1485057.8949568777
670000,662798.016145119
500000,539341.6001749038
6400000,6749845.415540019
960000,1201556.8040536884
750000,756071.6588768144
865000,950134.8224548036
5250000,4242318.889343565
930000,1035807.897667228
1350000,1283813.0884559923
2100000,163532.01263132595
2180000,2218040.7271369323
1295000,1157583.7964477271
5000000,5416165.857426914
670000,701537.3019693175
360000,367431.5379405953
1200000,1387641.3213944319
360000,412360.9671798148
8700000,8485466.268421415
620000,592097.1301379871
650000,667016.9737012674
880000,887646.9445353555
1095000,1223927.615574613
550000,514288.90156106354
1245000,1142244.793180859
1400000,1374327.9167021166
2340000,2369585.6409558174
2240000,2299047.394271463
2250000,2169224.2650699182
940000,945031.4453426742
1420000,1187026.4794565102
6450000,6584374.601949449
2400000,2224959.9131204393
1200000,908334.6125772363
1250000,1154322.771990296
530000,568541.0901293873
850000,827342.3552510096
1700000,1768293.8308688411
3850000,3948519.9744221065
610000,641276.9109669427
630000,582962.4325696791
825000,850970.903615722
475000,446738.6555780126
580000,560762.5059822366
1350000,1288566.3926010388
400000,416461.43046669336
1000000,310333.7776042014
1200000,1157318.4449532481
880000,867367.9330826531
720000,700371.8035413427
900000,952718.5869363787
500000,482111.45031064656
700000,670565.5957295576
1080000,791279.0184298278
1300000,1501486.3030824123
350000,335798.2117800454
2599000,2679374.883191701
1890000,1899914.9022410973
6200000,6481159.058757294
7900000,6823894.278702583
2375000,2004585.1296166931
495000,506272.1185970153
880000,916756.2245070573
3000000,2927574.8071214426
700000,634851.4804159977
320000,312206.8608072721
990000,1049883.4575890223
550000,566879.2534370975
920000,974988.7065029371
890000,1014937.3410117578
1300000,1380694.4434036794
580000,562812.419271478
320000,296686.4499210982
550000,496436.07174593006
400000,484572.67767657025
1150000,1250161.3891387163
410000,395744.2279635556
640000,692061.95807535
580000,578522.2361221617
760000,718089.5990292833
1500000,1172252.6782127572
350000,422672.7614052984
1900000,2138374.9317883374
330000,320231.92666123906
790000,661015.7236698732
1200000,1048853.7814370876
500000,437887.01926937175
500000,487751.9930491166
1600000,1731301.86652437
650000,571177.3666162721
250000,226984.74375381344
1300000,1108246.512892409
850000,932084.6677854111
3400000,3405883.9905366795
940000,830689.6961305825
4100000,4126944.863939318
1200000,1057912.3547718136
2100000,1908638.3559248224
1750000,1575657.2911648222
2850000,2402174.3585771606
330000,340393.54016119987
850000,883768.2035894021
385000,388952.465706172
65000,55327.27025906969
1950000,2087369.9245560814
800000,939700.8569416349
740000,766452.7963057254
600000,646245.956570942
2100000,1872923.2232994903
9000000,6467646.4720762465
770000,818474.6652933409
475000,552564.1370398023
700000,635337.4783200215
275000,236962.41328521573
5150000,5359931.086881507
900000,858655.2050208064
2895000,2723738.9228580524
7650000,9505201.705261638
1100000,1173030.7894470335
1225000,1357816.6805845841
15500000,13698430.956745382
710000,735891.2496112905
1800000,2010706.362608221
5750000,5851720.403705186
1520000,1007554.8328343269
600000,580493.8153742154
1950000,2800226.2259251084
5850000,5571838.775221277
670000,648252.1029479766
5200000,4560570.135665541
3750000,3242310.28934624
850000,911408.5950714784
770000,764817.3160114103
2300000,2214466.474097442
1765000,1692821.1161394496
2000000,2022698.5166069572
1650000,1246327.223741121
1260000,1367903.2743171751
1600000,1636670.4321124312
850000,767398.1553538229
4375000,4233212.470305917
2600000,2571301.8606911204
4350000,5161238.056244764
2200000,2241926.552658086
1070000,1112015.5805920165
590000,645855.2271917169
160000,130907.4011834544
610000,604699.8510559661
980000,988355.9921590873
470000,521035.45383009326
650000,771338.8708117888
3750000,3699443.8019240997
1075000,1038626.6778271289
1590000,1559498.2127338578
900000,807847.7425461566
1070000,1017505.2551875644
800000,791589.9231719904
685000,562632.5382069151
1050000,916862.1230528626
839000,869163.5343540896
10000000,13771096.458401121
16000000,12562309.245526275
5750000,5900056.48046613
12000000,8184893.579345982
1000000,858170.3995540834
5400000,3015183.491187614
2275000,2450097.5535689215
800000,807552.3753093095
2060000,2292977.051133081
1750000,1561908.817596008
1080000,1017780.5905345049
320000,350206.39875958377
600000,567056.0343119313
740000,718120.869879609
510000,524446.3296491499
390000,494181.4464878334
930000,959846.1131502079
900000,1285882.7181389362
900000,761325.3907572892
1600000,1818600.521723733
1300000,993397.0415111538
450000,456203.17774434265
380000,399885.0754137271
550000,526353.2947027965
1190000,1265891.708493088
250000,293711.4087507896
955000,1005303.6021384555
520000,498394.74196357134
650000,623209.5950135938
735000,636288.4747627148
900000,857994.6088450401
690000,692042.7089582825
650000,684122.3966604404
1000000,920909.5723317575
400000,371825.40494372114
2750000,3161001.50503271
790000,827726.484437661
550000,565468.0319616353
440000,476446.40325056197
950000,1167381.171893013
970000,1063175.2806260951
1760000,1846690.0419284918
1480000,1567643.8734285322
1750000,1867235.645498266
960000,1137810.4554564934
1740000,1720298.4546606836
800000,787169.6807732662
820000,831128.9334519457
620000,531143.7455893278
350000,318442.0713606352
700000,739502.072745772
2400000,2260633.006082085
625000,390410.7719685791
625000,638282.2731611502
450000,443240.71557259787
700000,601754.1137684111
5950000,5498474.778084608
1900000,1663444.8967195807
450000,396725.26266943256
3750000,3247373.039658514
9750000,8562228.935528532
12500000,13385582.438510647
2950000,3477609.8406463377
2100000,2021893.3560707623
600000,597562.10165402
970000,771746.3553901697
1205000,1342640.7738313267
1550000,1261456.0737362748
5800000,9340224.785893736
1900000,1652829.3832098052
330000,281848.5272503696
2100000,1986645.5071964508
460000,353505.8028865989
570000,376175.90817310923
510000,404301.55468979746
200000,221520.73652317733
690000,619981.9019687423
325000,405078.33180981636
750000,806403.4817642433
1360000,1121623.6094619462
2550000,2758876.9824224343
1600000,1429119.774396497
470000,470773.74708476523
955000,1022037.900862185
1050000,1152240.4556271741
1030000,1069489.8596791367
5700000,9232153.45763753
1210000,1225845.932285775
805000,790925.5160247986
870000,865916.9997305509
535000,560139.4675311369
7000000,13660891.520081252
920000,925031.4262267823
570000,577744.6051610609
200000,224966.1189359968
850000,552168.6273982942
5450000,5539106.125752164
650000,637708.9150774267
2350000,2115384.2769295713
650000,661848.0103835639
1000000,988509.5762991769
805000,791861.4161986769
1100000,1240764.1608293639
2200000,2248435.2345752683
510000,509498.12431637675
1560000,1550101.4971125103
490000,427436.39775746997
2070000,2006044.430726793
1660000,1431915.4197192553
11000000,15394404.277592896
5450000,5786121.735146505
5450000,5971302.235000786
3250000,3402251.3286495376
650000,664574.4541964362
580000,596191.915350354
700000,686902.7029160016
925000,902183.5035209763
380000,407233.8778276907
1550000,1536593.106795034
880000,816773.1917221886
700000,695992.4320900142
470000,496662.0251686863
440000,434134.45947168145
750000,713220.0235212303
250000,367377.56958668504
475000,491221.6479738017
950000,1009175.4500899678
880000,856651.9700186364
14700000,13805691.9584548
1250000,1144009.7140119565
185000,198568.20806353076
610000,640632.6840687497
17700000,15145335.76134731
430000,522136.22388276795
800000,755124.436946039
450000,544978.0734779139
350000,334563.09179942554
875000,888332.0214076387
1250000,1148500.5138402584
1100000,1253981.255385131
2050000,1839825.8927353267
1350000,1427166.5534994882
180000,192467.7330455428
1050000,1069594.017826529
1500000,1458234.704979968
430000,358921.9978260656
3650000,3535137.319240911
5950000,5777577.587645529
920000,900113.6533311086
1225000,1029372.3759053943
845000,957874.3178891741
900000,863769.2386448523
1300000,1485941.572844955
320000,278735.24883709726
450000,427824.7678804447
370000,383237.6758581505
88888,769750.7119935681
3200000,3439918.586095924
750000,650491.8093727704
2230000,2294068.9038015003
1400000,1126214.910874464
1850000,1634936.7158628395
850000,864993.1587641395
1050000,927617.2536289126
2100000,1870050.9881791142
1060000,996358.6033869385
3350000,3413971.861992441
350000,300287.4997619646
570000,512230.6352667143
720000,665515.6841289478
640000,614258.0564051477
480000,374387.621645745
850000,765267.0565708925
385000,415208.0872292097
5875000,5954373.71939217
865000,864665.2597412965
650000,707002.3086087977
730000,668156.1284923643
700000,675047.8777473425
790000,747974.8955378623
880000,876693.3591467581
490000,468979.58541183657
1750000,1764201.633888172
1280000,1289808.594706931
2300000,2608799.640274142
4350000,4211115.16101481
1550000,1552580.2400800239
690000,706593.6275378336
1150000,1078496.1069350224
3180000,2664891.7358709075
6400000,6765809.933298658
800000,811658.1936712523
305000,283246.8303607195
1570000,1546903.076226826
1240000,1237565.1620509324
2250000,2261427.2245237734
19500000,14585831.169337286
970000,1000045.2375622778
480000,458319.5792864962
700000,634358.178707315
2210000,2248304.459045752
700000,653915.1834747295
620000,579657.0222068365
325000,301045.20980409556
3850000,4396934.441489243
985000,992990.4776052044
495000,475060.77337580355
1070000,1043130.0290966786
685000,663511.5762585748
1410000,1235522.6287287537
675000,736685.5075710488
540000,537322.1681142941
1385000,1438115.089560782
970000,1041857.1752893933
1950000,2070776.8373949619
500000,480529.858249786
280000,329118.7288103787
2560000,2628633.184438611
2350000,2319149.3991689654
4300000,4223695.023901306
680000,611922.463339035
460000,576843.5497088813
1650000,1648470.7302795677
650000,651208.3520079311
315000,306513.812680839
900000,961149.088750728
320000,317359.0860149763
245000,268779.57196103665
720000,757694.2232179759
1030000,977872.9571394766
720000,730401.2906209801
370000,394885.70496973745
495000,548159.3953500651
270000,302102.1414381809
400000,291435.22569436755
600000,576849.0323487814
650000,678507.2467838735
780000,828607.9002003553
670000,657127.4121351729
700000,650651.387555244
730000,738370.6534300003
575000,589080.6006507553
310000,325623.0551991497
1000000,974301.1354060615
1200000,1165905.7324488694
620000,734149.625488665
1730000,1992846.3909602796
950000,1092861.2826325386
750000,822604.5321583407
1270000,1200745.7418166301
350000,303443.7242719534
400000,377837.62173247954
3200000,3533492.938188509
4400000,4321372.733556148
578000,592417.7771320645
730000,781302.9211180138
580000,602903.750626223
360000,430066.4075240382
455000,422508.316616822
3399998,3835179.627571151
600000,509608.614841639
850000,687672.345426818
450000,483168.8946705259
1025000,1272166.1859699346
1330000,1421094.2500751708
1100000,1179710.7647093087
390000,442302.01810180733
1100000,1256137.4577402605
1050000,1195084.9558099878
3550000,2940697.0639733956
560000,523136.30482560047
1880000,1608326.4663339532
1650000,1927694.3178830643
5300000,5586071.617293365
1600000,1503174.6654670148
450000,414218.8300614197
550000,680217.9453252971
480000,464526.5516288151
775000,799989.7485326881
850000,850540.000612448
730000,658227.2212631141
1300000,1305376.1787380408
380000,392105.0519868636
3050000,3260276.831922178
2274990,2513842.6962169963
1155000,1309371.0577359074
1110000,1263254.852730124
1000000,1101847.5509816415
999000,1228569.736343292
1365000,1219008.1088075426
455000,462325.2168762497
790000,862684.7076681892
2399990,2303853.1050695684
1150000,1271814.5565801882
1925000,1896782.0625974066
1499990,1660913.9806533353
2200000,2275438.7899005706
940000,1033975.4251835066
1039000,1217896.1099338674
2550000,2741094.8231287855
760000,799600.0888858197
1800000,2013738.7225465032
849900,949415.3860983566
1674900,1707358.4142838637
930000,996936.6875894982
870000,898978.7695114823
1550000,1704073.42573685
333333,300801.8454556377
450000,369158.1485672456
1195000,1285391.7991135544
1119000,1249286.9994880438
1025000,1035807.897667228
250000,266552.335803574
1900000,2663781.68710285
820000,811309.0210311573
730000,754763.9312985366
1300000,1145693.1131888116
620000,620378.1010534549
5650000,5416165.857426914
1450000,1211795.0045548903
2350000,2243877.434484221
620000,662037.3051686537
640000,563619.9244143666
210000,203744.6163350424
535000,466565.14347739227
580000,538038.4253635028
1475000,1347311.8139599415
520000,571246.8797214192
590000,654928.610986038
6500000,5810913.685394795
5100000,4456383.406308343
19500000,14117063.170287963
950000,762415.3017655726
2700000,2930031.3335260837
575000,605936.4224314695
570000,589070.6001387122
1260000,1245362.0386861856
295000,396832.597862687
730000,749842.4427465707
2150000,1872403.6694644147
560000,649692.4408980483
1050000,1076566.482630693
825000,733776.4626932412
2200000,2335822.5161262467
795000,662661.5949123601
2150000,2368220.619259558
2550000,2819215.1261586794
15700000,6822398.662834815
1380000,1275200.6276743494
790000,755571.7267287752
4850000,5076865.0668194685
750000,712286.5072562485
1605000,1607372.1389918115
2240000,2234951.8978006197
450000,486330.3966234094
370000,471401.45975108794
540000,580632.2671294862
395000,516668.5750778508
500000,527596.4400215481
320000,292673.9891932408
2850000,3451331.503711531
1200000,1569762.2374066256
1900000,1623822.929425458
480000,486973.3570038371
560000,580966.891071619
300000,285179.2149435262
1300000,1356934.5814056692
320000,342772.3330646608
1150000,1139130.022720435
600000,557486.591405877
380000,311804.6358929115
175000,245558.927409776
1170000,1046500.5816982538
725000,745913.3324750449
3450000,3935162.2167005064
450000,456807.11793784285
2000000,1938830.31032327
1000000,1018896.8634158478
2400000,2138730.3486870723
1100000,923403.7066709334
1550000,1287060.0743282265
1500050,1548616.0073847338
550000,533662.1970172164
750000,830529.5493586798
1100000,1080966.1731147473
1002000,1184119.6984822429
2900000,2793230.0898347534
300000,320527.08038556826
820000,878463.2571381945
1650000,1029747.2567870169
4750000,4851715.809741591
2800000,2735804.4673101567
1790000,2099462.932109044
385000,328662.1138025095
330000,346026.65119605744
2900000,2571743.0844822414
400000,448090.79167071363
1065000,1022037.900862185
500000,502861.49878741277
930000,873581.3085516994
940000,932533.8138641284
540000,534003.3023882573
1400000,1542922.2865979755
2500000,2762427.176120318
2550000,2933908.715554761
2599000,2602424.8505938826
1115000,1250014.5594658672
5800000,5971952.294073599
6900000,6843159.124492556
660000,575965.5939746503
2920000,2723738.9228580524
1040000,1133938.9609438253
1355000,1237680.0482267705
775000,730928.2178552953
1465000,1285227.8718614446
14750000,14913909.14759449
1000000,989019.0427340365
1255000,1133540.6002139158
590000,484919.7601495684
5950000,5813418.082914909
4100000,4169004.2018457903
650000,745650.2951682988
3600000,3386129.692117999
2750000,3227998.9595055305
5250000,4510819.7619839525
560000,608990.7439349967
1400000,1379539.7814576593
965000,1072365.0346648002
1155000,1257259.7999762974
835000,807218.1413331771
460000,476391.99762796564
950000,1014937.3410117578
1550000,1588113.0050387757
840000,783298.936698254
4600000,4200312.347380487
1180000,1218743.3027310525
1550000,1640291.5453409655
1040000,1003708.7357048974
1230000,1224638.3166943076
1430000,1353512.2187037682
1010000,994891.6975544856
1420000,1200887.6467592116
600000,598704.0548512804
870000,850889.6512121788
4000000,3947227.021901357
2730000,2568816.2524117376
2700000,2665072.339641215
565000,596757.0505504594
750000,667006.1425639922
550000,565592.8297931298
860000,850193.5391032136
930000,1064146.9130222483
1400000,1077494.0200812183
900000,815799.2651967298
850000,780302.2339906984
720000,685987.1943357006
800000,697212.5066804669
4280000,5543806.187822443
700000,730546.1094121769
700000,703824.1046200605
2030000,2006100.444351237
495000,674780.0028466312
1450000,1476868.972189582
600000,498887.1103238819
815000,818592.511221747
620000,598294.1099060322
4850000,4876950.755702403
470000,473679.7042375476
1670000,1628825.5102623897
600000,642574.2335408081
879000,1008194.9392627046
700000,703386.9055984812
760000,745793.9493148989
575000,510698.12032699486
3150000,3166856.9594908445
10750000,8141216.563714284
520000,557665.0025260637
600000,593072.7116995464
1240000,1133263.057201488
520000,502568.847585083
760000,737614.5936624159
2350000,2081786.3514828247
670000,685545.587220907
190000,186726.978044569
370000,412340.2660750654
515000,526296.6204391519
410000,416179.9682677388
450000,446363.9512259342
790000,793420.8960339616
330000,297779.685788295
1100000,1198227.7836182287
820000,828158.179107196
1500000,1493291.6877127877
1470000,1443414.4708497988
1550000,1662434.231547401
795000,723937.1347686283
310000,355339.0572017242
1680000,1500257.8489421576
480000,525147.2675057347
1300000,1277593.8500067708
500000,505758.7407126843
2200000,2247026.0637072204
1400000,1270426.1299562296
265000,340393.7473631749
10450000,8143065.348514878
1475000,1379960.366603265
2800000,2765683.7115426823
720000,642244.4860536419
3900000,3929860.13929881
6750000,6140787.683996988
2535000,2366592.892354644
430000,571264.5845683144
120000,162865.95080948417
775000,795074.2901417263
1375000,1427444.266551879
550000,527826.8741416908
2575000,2647718.632330145
3990000,3358418.429582348
7250000,7461234.463687862
720000,637947.1424814161
1270000,1190563.1695408039
1600000,1748003.2676602723
530000,499462.563911998
1250000,1086893.157551746
595000,676459.3471049406
980000,1161263.633540203
525000,493891.8264885073
2315000,2547113.4237112408
675000,749160.9460508178
360000,346333.4302344745
750000,725731.7332252056
5400000,5227002.672779099
225000,229193.11024088573
2280000,2294068.9038015003
3950000,3888042.313348132
1270000,1190906.1108807714
780000,749410.4156564724
16000000,14441818.239464896
3150000,2916654.771523925
2250000,2007051.117174826
1080000,1037261.2304343142
20000000,13600677.795408668
3100000,3547512.6618069853
480000,462320.64484253543
4100000,3851418.8880206794
730000,692995.7538042733
740000,815740.4593879231
1330000,1240378.3875340016
5825000,5817254.175917
1280000,1567796.657351188
4750000,4698353.712883679
630000,719628.714947434
2050000,2006469.5398614057
1150000,1178947.043419328
5350000,5120874.010802595
1020000,1006195.6636243141
810000,860714.2701610556
1130000,1250014.5594658672
745000,779172.4198484618
1240000,1207778.3607590632
965000,986871.4687794322
550000,518896.74611024215
2575000,2406665.6872574077
1265000,1244268.5481264747
6150000,5970770.668332861
610000,626338.5470314377
340000,358404.96447504667
6300000,5851720.403705186
2020000,2096405.7936238085
1250000,1340439.0608132414
1100000,997615.0809205441
5800000,5851720.403705186
985000,1015059.9095919396
3350000,3002740.189860898
2200000,2159229.4603838637
2150000,1929776.541853486
5600000,5721595.377845549
1360000,1380286.3443625222
650000,648524.8376681164
730000,759503.6901888002
1600000,1679897.382174449
15900000,4383818.805715378
480000,455499.4795229578
710000,730798.7641820838
570000,649672.1993945257
2200000,2294068.9038015003
1630000,1807967.2866712725
5800000,5970770.668332861
1400000,1329310.744948391
375000,515809.2159658717
750000,821378.8936634703
2999999,2717618.2125780066
950000,916403.4891551019
450000,573353.6123109629
700000,619719.3113615371
850000,943027.4546732026
1610000,1804277.5810164362
1300000,1087155.5368428978
475000,443401.31186718534
530000,585923.2701434314
365000,316940.0555197051
660000,671584.8560817486
820000,816206.5132271898
410000,393954.6935009078
3775000,3476977.153766784
750000,745955.5506517162
630000,610377.6807585303
480000,519046.2892310693
2850000,2707781.698526807
1490000,1504342.6889513964
960000,918496.1622493076
695000,689152.1143993037
360000,383180.8489949757
820000,816785.7024125946
1200000,1148227.3779682685
560000,543860.4101738847
740000,776751.8234313434
1975000,1891792.7709898034
1055000,1038766.401388363
2200000,2087078.7579601272
1805000,1956097.00671665
400000,356766.1925216302
820000,897151.1744602392
330000,325129.4613650696
765000,779172.4198484618
3950000,3875461.5323731005
3250000,2911847.2046646834
900000,970410.4991217441
2400000,2480533.8015971784
2600000,2669835.5083311447
1120000,1018564.6843245807
1450000,1307381.2193223317
620000,546143.5640306876
1600000,1353679.997727237
1700000,1756685.1309889231
1800000,1821878.4776881335
950000,881094.7849095559
650000,568366.8225800912
780000,758968.4052271434
450000,458332.24489389284
600000,632230.5243687759
980000,1067493.1111748167
1020000,1044032.9535778902
2975000,3405572.3342475356
1260000,1218743.3027310525
400000,431879.45348868606
2165000,2201683.6574546685
3495000,2925559.5581778367
775000,802574.9585582981
775000,851645.00539145
895000,941992.056358528
3650000,3705114.9122226136
500000,486249.67051832954
1000000,937312.1198936456
1850000,2079914.8549966784
1380000,1367900.7952926469
1840000,1662916.647361348
775000,727768.1323660699
975000,1001442.0749732489
660000,701721.4930483518
3800000,3937195.2501277765
850000,849480.5848634902
1950000,1834545.0683262954
1760000,1876690.8158842612
1900000,2016541.945213529
950000,1034915.2654356166
600000,551357.0735241998
3000000,2717618.2125780066
610000,578071.9078972803
775000,816622.2642926966
2999000,2812893.2403987846
510000,485265.03688772453
2950000,2661522.9533908195
1760000,1876762.663928679
965000,968180.3078857326
1950000,1904609.0164270205
570000,492058.8929490552
160000,194407.15352203223
1400000,1225981.1470451248
6900000,7344183.5530669
330000,363582.65772948303
435000,426759.6763404768
2200000,2156971.49447134
829000,825352.7896043661
1000000,931754.4098520011
1280000,1150811.5130374043
2850000,2680650.9160442133
1500000,1272133.0741160754
1375000,1342640.7738313267
1800000,1847297.9810941182
1990000,1980905.8814304771
3550000,3923177.2903465456
470000,455507.4675699843
350000,326726.7022376442
1420000,1532586.8771529275
520000,675629.0523033823
3900000,3725693.9019485572
850000,968380.854556902
950000,961725.1567047575
815000,789622.1397562434
350000,305945.06838348904
1430000,1476194.436292691
855000,848289.048506802
2585000,2713403.4466727125
580000,662147.1344136619
1870000,1959070.9314273975
2000000,2047220.2746987275
750000,708388.8046599663
1500000,1454326.190471482
2850000,2571743.0844822414
1250000,1100917.594706971
2180000,2327968.275825855
480000,340578.5570768961
630000,549077.4627690762
1350000,1307688.3348503066
1400000,1493367.591530078
370000,339134.15694687335
490000,517562.7840545892
450000,467472.3778955158
1150000,1144461.5247632458
450000,431457.6431603229
950000,990335.0977486823
350000,353494.67283441
875000,764383.8650891274
420000,444421.3362723951
3600000,3355940.5265750154
3400000,3145923.595622728
890000,1025004.4386966551
370000,397932.1752864344
780000,755657.633752193
595000,568413.774396651
729000,713403.4032990602
215000,229824.3417459687
965000,962780.5490505452
470000,490231.83685442933
740000,702793.6761255438
985000,986815.9811794693
1380000,1225567.903721004
1995000,2007348.3249243172
880000,934840.3123920602
375000,364252.0426351005
630000,489532.3034585059
3800000,3861754.076489856
350000,309850.29421760014
2100000,2572580.319023537
2000000,1874892.7674838759
600000,554983.764046874
385000,372683.17791257234
3800000,4550822.915795919
1130000,1221401.2321880218
3994000,3143700.495701685
875000,832176.7185891409
385000,329249.39960552036
1000000,1118421.6917994467
2800000,2785341.8762526796
1800000,1777364.373017423
280000,280717.4961738778
1810000,1822235.5476234287
1535000,1588526.6899805248
2100000,2060015.6020650521
520000,665299.8885147581
7200000,6584374.601949449
1325000,1568440.5810294973
1570000,1555175.1402123838
250000,236050.66909193707
695000,679883.3995528548
700000,749842.4427465707
1125000,1096759.4888331725
425000,364019.4416974168
1790000,1582874.4474159451
1125000,1239617.2301020043
1470000,1406249.3148759631
1450000,1261456.0737362748
780000,626752.3056615399
1450000,1490318.0062151551
725000,732564.2805078861
2130000,1986645.5071964508
1590000,1591919.3139235636
2950000,2897858.453924834
930000,850858.1644479296
360000,379924.820599447
1430000,1367551.0116765413
3950000,3485517.1036100215
2675000,2670607.163321835
6300000,5902723.795898292
570000,567344.7343993954
580000,597699.4740935504
1750000,1649751.8845748685
690000,698098.8121336517
1150000,1218322.4448191084
320000,404084.82202119526
2875000,2661522.9533908195
2665000,2664320.554105502
1955000,2011536.920643345
8100000,7944863.115141146
1100000,889784.8450631627
2120000,2065848.862562223
2100000,1980905.8814304771
1970000,1967987.9447265873
1100000,1205564.2219864612
1150000,1344384.6669941857
870000,875404.5587654734
765000,676217.7837624932
1550000,1284976.3142441236
750000,776832.4803225138
250000,233684.66795953145
3780000,3720947.90941777
3650000,3623555.3168603997
800000,861151.3188158023
375000,344499.5799400636
260000,261092.97154027305
320000,294804.1510014253
700000,649923.2538698256
785000,830841.2314546988
3550000,3424464.2642300953
690000,681837.9130046945
740000,738596.3831202989
2080000,1808402.8828670494
630000,831756.4277682379
1130000,1110588.4126030586
1200000,1170205.643386619
3450000,3322958.7993643195
930000,917458.4683450767
710000,709266.5838856191
400000,391801.8282224793
8350000,8025502.732322765
6600000,6713311.123433224
560000,716195.4160883501
7850000,787202.4252171816
1326875,1311258.9250108104
1595000,1546347.683731072
2099000,2241926.552658086
570000,575752.0811380071
550000,602832.5419066512
1606000,1811832.52128059
3740000,3664989.2750769546
680000,672582.2416825289
560000,578370.2316573935
1430000,1409337.5735754117
500000,521368.707968482
380000,310503.68723472394
650000,829467.3743299997
2200000,1840057.3020714053
670000,739010.846972428
450000,479654.0776187747
530000,526115.8058696088
415000,377957.1995774246
690000,627308.3718421991
640000,664454.5901786333
1650000,1541579.4365561244
685000,737254.9934052902
450000,451316.78328903054
2470000,2887045.351379597
870000,883011.1003681143
370000,364854.31312583503
625000,580267.6563564892
830000,929969.5044965826
350000,317144.7099917264
550000,409660.70749740506
600000,555714.194678245
530000,586650.9103689298
680000,681721.0383863397
570000,556888.6472228502
550000,596106.7156292512
1980000,1975450.8789569759
1000000,980326.6794642557
630000,716250.8706827352
1700000,1579940.0041985384
1250000,1018098.9361524924
305000,298934.84601304535
900000,845971.0031039699
4000000,3540915.0543866437
1000000,1101833.1504398142
510000,370462.46536182344
2000000,1876648.5739692356
4000000,4945173.394088273
1100000,1234533.3796450081
2050000,1897183.8003190376
560000,623320.8764022589
415000,396523.7852284243
620000,478877.47346812073
410000,392402.4144476073
415000,440460.6589155326
950000,849954.353523113
365000,372041.22632506746
575000,536133.72938956
675000,739103.8359103618
910000,957168.964519981
520000,460098.33036816504
1120000,1163611.645217997
1230000,1201622.236806496
1160000,1207778.3607590632
1500000,1386910.5499827578
1270000,1017714.2521419623
1390000,1435972.2419503925
3700000,3217536.747499246
515000,541556.017353499
590000,506824.4338757856
385000,407006.9632698857
1520000,1367900.7952926469
320000,331884.7267302999
720000,701560.9523489595
1385000,1362576.322369305
750000,739448.1077990925
2040000,2000760.6819642228
8950000,7643293.510048719
420000,373587.1555687014
4000000,8100989.838883635
3500000,8156413.36554732
380000,374315.5483948064
2290000,2399875.029166493
850000,847638.0888605486
1100000,1010859.7474136476
1285000,1207778.3607590632
650000,645889.0499947086
2210000,2371872.853261024
430000,418817.2593725895
625000,668875.268525249
2190009,2207447.0395492637
620000,664744.0119022568
1410000,1278494.6311789586
765000,797024.6689851455
580000,611253.9703117803
1070000,1218108.4121788593
1410000,1270079.841686222
650000,608490.7065090131
2000000,1939651.6060653606
400000,485900.21880028595
779000,756364.317612967
800000,793809.3492595996
2950000,2945190.767854739
780000,737728.4841924122
2590000,2969405.438455078
340000,368445.36379447876
1250000,1186414.9349162406
2260000,2221569.9347637114
1050000,889666.3208571399
550000,496655.41854852944
500000,501153.11380411714
3750000,3582030.64540846
2900000,3356944.1401900304
460000,429772.54061577946
1260000,1360518.4765785115
490000,481752.2028890326
665000,709754.9269502687
980000,983186.2352754268
760000,733978.7594048162
2430000,2181583.484233172
1310000,1293210.8993553135
1850000,1565272.274504928
320000,313536.51126889605
1320000,1262386.0900241288
320000,379684.7154143202
1320000,1229105.3939078317
645000,652841.9517865239
950000,1081714.9000673092
650000,600588.3368150167
650000,432087.7517540166
850000,801063.5373486334
1200000,1305867.4593209147
710000,720887.1127303231
500000,503101.688529203
200000,193114.39267144227
450000,459571.5706592257
410000,492811.3628478143
650000,656322.6910883988
3300000,2761707.9052067897
1250000,1072386.5895834488
430000,404970.6007473926
480000,564044.9078070188
790000,796368.8806520933
615000,629545.8609673709
950000,951264.6040104288
720000,713576.5952799475
950000,933613.5387766392
1400000,1380750.1065207368
1800000,2295344.5568624865
2250000,2380221.585201358
3300000,3124486.7343150917
380000,356130.94228491606
815000,769385.6019879294
2600000,2544550.3010876873
950000,893742.6729798717
1500000,1680889.596449326
1370000,1439349.258628227
910000,1031177.8619627273
1720000,1807877.6458966872
650000,648519.0609511888
700000,636478.7327168913
2300000,2009342.3218070879
795000,835676.8833414235
670000,566690.5038925493
490000,544274.9608153101
650000,711827.0004050413
900000,855071.9864496099
315000,360804.3829060867
2000000,2231647.5120823425
650000,666738.0814028556
1255000,1187593.6145234788
550000,553570.0423571066
2650000,3025647.51060496
745000,694307.6098979136
3200000,3017569.3329569804
490000,493823.93904985103
730000,769372.0284448399
3700000,3953952.398877805
580000,591743.9446589022
425000,354849.84425856004
4725000,4788448.654970549
730000,764568.2245944255
1290000,1405930.9875484991
650000,412970.9020858232
670000,710133.7661941252
680000,727139.5888874602
3300000,3587418.5445126453
675000,771161.7768652256
3050000,3803739.6165356026
500000,500666.2479893089
420000,322161.6480318667
760000,849991.1418311265
460000,446947.731238658
715000,630999.9059446178
455000,435778.6370357578
560000,605129.6085397804
390000,382465.8832992338
455000,448363.0898895424
450000,400161.83758740115
690000,658698.7555362671
750000,769897.2925382616
690000,712710.980891926
710000,587977.8751278778
460000,440285.5410572739
700000,604921.8007155589
145000,146582.78888207217
120000,65231.165910204676
725000,711738.6801433469
8900000,8948307.268457439
350000,330425.45855583495
460000,452630.03964080213
450000,459849.0984655466
575000,443160.38537777954
850000,944581.1277140994
350000,339024.61714184016
320000,277201.1723885282
1300000,1393122.9697186882
430000,545770.6793694675
1200000,1126663.3814021372
1530000,1475021.7794698328
375000,341887.9540632835
410000,373948.487198927
700000,673009.9682793823
980000,1116160.2306165907
1550000,1212431.2260215345
980000,1057833.8436847813
2600000,2608965.2247970933
1550000,1031506.0878379286
1600000,1380576.6199813867
2100000,1224523.3982111437
530000,536589.1200718979
1600000,1591833.9808846794
700000,619270.9389811786
1680000,2210656.462971934
1790000,1614217.6988132214
2950000,3403437.9067033897
3350000,3095591.200215892
900000,877730.4524253694
3490000,3659529.2968552727
1600000,1786492.9460272777
670000,525416.5703650869
750000,780460.4054473313
325000,310729.99403551844
1460000,1281532.0255208572
490000,498951.0809207552
6200000,5410595.463477006
350000,301856.9183582907
1025000,995048.7647512808
2100000,2011745.3841573033
890000,893661.0262176757
620000,788987.8821390821
640000,596648.5435997685
480000,500866.91798284696
550000,516872.5870783265
695000,1068372.234128461
650000,642095.367967979
5500000,507128.21940330596
690000,693074.9689578427
1990000,2110170.1957791806
1520000,1249079.3039170397
500000,463235.76047505625
270000,264520.36244294606
890000,879722.6929353554
2250000,2115223.65626115
1095000,1022037.900862185
750000,751073.9490572995
1195000,1300919.1761367144
1195000,1218743.3027310525
2150000,2445097.3007256314
690000,696299.1617932268
560000,537540.5450068603
210000,215042.19644327852
900000,834022.4741462974
750000,653914.7652485076
875000,848289.048506802
330000,330286.6682644361
700000,689463.1583469806
600000,574648.6516967741
2220000,2371872.853261024
1765000,1574932.269494579
910000,1007466.6281805984
900000,939673.3859334947
650000,602579.4267667528
1180000,1076365.081535263
400000,410362.77886523545
2850000,2712760.2950814106
2500000,2615761.097747915
875000,843292.2101862687
760000,701231.2922466396
1370000,1359398.917501613
880000,895488.9534355004
745000,700664.0800244462
2350000,2214466.474097442
900000,832202.4147042376
999999,911217.3550344687
700000,665598.5122481057
330000,316045.9523117725
780000,756728.5449154425
930000,941870.4280724347
1500000,1581412.6213453915
6000000,5808094.313421549
4100000,3719216.6807038733
2250000,2300480.2477170327
135000,160052.45145470713
450000,420563.9500343211
2200000,2258639.475870296
695000,642604.607523084
860000,832263.3910197953
940000,882759.7915171601
470000,450738.89761399163
600000,580845.2039606187
1300000,1215695.6986525925
2650000,2646421.390041478
1100000,895803.5125773253
1780000,1919775.1697704312
750000,693266.6603357672
370000,484754.7619017514
500000,508619.73170275753
1550000,1371075.3449918951
700000,714749.472200006
1000000,1088059.3566981005
1800000,926387.2180977548
800000,620172.0832315134
575000,602842.7268402991
135000,108175.03651940104
1550000,1497177.2396885187
5250000,3919859.32965403
1450000,1441078.4821855794
700000,714485.3170180098
2000500,2188058.238548974
3900000,4328834.358346506
850000,753325.6044502928
950000,791463.0809731244
830000,771438.6613521028
525000,572769.2089662782
250000,213067.68532909433
770000,841589.960022043
650000,618936.4073164791
470000,519048.73446997505
350000,372925.01385614835
500000,483212.3859307932
320000,355141.88677146967
1100000,993407.2411957015
1535000,1586478.766501354
350000,301723.9341535943
565000,679470.9817937791
470000,491515.0421549201
580000,555648.370344464
2500000,2195784.0552615086
1120000,1108274.7975481043
980000,993244.6762173597
1065000,1016784.8815620057
825000,785150.4139549112
780000,796625.6798845838
11500000,6722512.011193992
4350000,3867188.2100269212
6600000,7707617.723638647
750000,699436.2066721766
5825000,5970770.668332861
950000,939604.8548603968
13600000,14709461.09701672
530000,502559.59677386074
415000,475086.3446197118
700000,695345.9794261443
725000,707362.5824194814
1490000,1512825.4427108937
760000,793777.0022049914
1350000,1314218.3631844565
560000,558393.1748107164
360000,354746.16506363417
1570000,1713557.7806192203
1120000,1049356.7467930873
890000,915687.4806579371
2900000,3047953.0037681437
980000,1166363.570347574
365000,317065.11589261
1375000,1444811.9346941474
2950000,2872855.5276634153
8500000,12614497.308414597
930000,963108.8235179946
2380000,3100610.7687334907
5350000,5284157.238751847
2350000,3180499.5586929643
1810000,1075551.4595636555
4800000,4591397.295206651
2850000,3242310.28934624
350000,356607.11880756915
1000000,1006195.6636243141
500000,575380.2227703966
850000,813214.3929755624
570000,549689.7847998401
965000,1001248.2356128545
820000,815179.9066270728
900000,893562.1437238996
990000,1044431.6479203458
3500000,2522773.0267353724
4050000,3405572.3342475356
8200000,8430976.885059873
680000,691368.5112298992
350000,339682.95726446604
830000,749562.0405355677
10500000,10726544.777571555
390000,403982.6390508824
575000,595126.3116117612
800000,783211.0009731828
1450000,1508691.9937006999
650000,635718.4495463197
330000,338387.8532359632
995000,1118359.2997254776
1290000,1273350.8327505393
450000,445778.18789329997
970000,1075706.8465038578
1135000,1178947.043419328
2100000,2047860.5328529554
5250000,4780925.903305062
1600000,1398147.0973209718
2300000,2257785.0335186273
900000,878598.7567772027
680000,653959.7611357206
325000,330075.3043568592
1500000,999000.5786708432
2070000,2018706.5721554996
2450000,1808056.6132318643
975000,914726.6365437106
985000,1001248.2356128545
885000,906311.1671440303
850000,827116.2079845434
770000,755715.9087867829
450000,467425.9520380072
5125000,4839697.853416814
1110000,1159676.005747861
990000,943248.9479866738
1350000,1333009.5779009229
860000,863971.9640413654
500000,509963.0269355824
550000,729131.9805792174
900000,789367.92401735
725000,698881.3925686206
590000,292664.5682109203
550000,605697.0231098462
950000,1266740.1825817693
1310000,1267446.2410143735
75000,80734.46641252699
965000,960654.3454124143
760000,767361.0172475054
225000,219539.02875895918
8500000,7039966.807975977
3100000,3687752.825977574
780000,676451.0698507231
680000,695797.828925836
500000,469842.59906412207
525000,531931.9848130272
795000,687834.3247371244
5300000,5188661.661974696
3400000,3245559.8224396207
720000,740037.5830256556
4250000,4092453.923603099
3100000,2992186.4126146655
790000,785096.4521088713
8500000,6765027.109639605
5450000,5192264.009485788
2550000,2236330.9784828136
450000,606849.7647705559
1530000,1557510.9051495993
4500000,4745909.304827602
960000,1001153.4587898938
3730000,3939750.204517233
1400000,1409558.5696979836
625000,628305.1546483843
518000,553374.9362757592
510000,527328.8425866131
1500000,1638535.6999012518
850000,813901.1001863192
2855000,2809283.769344931
900000,938692.4876484695
1850000,1511249.5401645792
900000,1706529.2922150153
445000,378088.644404937
7700000,7461234.463687862
5850000,5104526.999173857
670000,519328.47208777856
570000,626643.6781778473
700000,647013.4270203838
700000,655349.7167422988
885000,834697.3163745047
330000,257076.93663603187
330000,299822.6345833988
2650000,2355238.0679004104
635000,532887.2417014843
5250000,4537361.0799269825
360000,389957.5819501569
4150000,4538389.712983715
625000,662300.4582519394
2350000,2464457.087253405
550000,510499.32831493736
645000,680104.1498668919
1180000,1156373.0094489253
590000,592847.6928523595
350000,330038.67465770687
750000,756226.2162450892
650000,580402.263430508
700000,702129.0382057754
2600000,3062387.451181581
3800000,2995954.2436195547
270000,293232.88203483855
1150000,1007968.6864181435
360000,379733.4121478043
370000,319542.9450791042
960000,970091.3606831508
2225000,2108414.2181835896
1490000,1257093.8244956445
425000,381735.6472080344
1125000,1306937.6411839724
1200000,1097711.0530415974
850000,943288.4355083695
160000,137592.8124413575
5000000,4920225.870543495
1485000,1502763.84548552
480000,497289.8470042975
3900000,2686289.6550578345
320000,299566.19299847545
370000,431314.1313099281
1300000,1542056.6988211465
1400000,1352081.6877256976
1980000,1860797.8959816995
900000,895306.2486053293
550000,523882.4222578954
989000,1104794.8206407996
3500000,3194795.2738794116
10750000,9299978.292276485
3600000,3816578.3831905858
3150000,2653303.5002513262
6350000,6720240.065869732
3300000,2792932.06188511
800000,857095.9140739529
650000,674396.3889731541
400000,398717.41311064764
6990000,6722512.011193992
1950000,2153454.740134182
399000,370380.3588563479
610000,598954.1491899594
520000,393310.9926085642
1800000,2069388.9026858287
5200000,5300197.759103356
1110000,1238275.1729234054
1000000,1029134.1947404426
5300000,5320241.1661728425
2800000,2242604.7893127017
4950000,5343938.6259263065
2950000,3424869.3330862834
270000,263468.8149059286
585000,643311.7102559473
335000,246957.23931162542
215000,259819.40354611925
5850000,4970920.391098481
1120000,1105808.1816079924
350000,397217.1206762814
590000,565479.8309948561
880000,769039.8320978568
3400000,5192680.40670053
6700000,5268329.080441118
450000,504392.0240827597
3600000,3696699.6671913606
2150000,2321453.177142358
2500000,2894109.2081520534
2750000,3781993.009976605
3100000,3696699.6671913606
4500000,4687915.27265883
1760000,2746913.1717878846
16500000,14597076.053808767
3280000,4849866.94793832
2370000,3138169.941679694
1900000,1914105.0526121038
2100000,1976795.4192886092
480000,455455.4108422822
3150000,2732049.304793877
11850000,9569813.286198456
9500000,8840239.171105409
630000,550033.414382529
740000,749566.5240057299
1500000,1475703.9004301685
350000,361631.84596440574
570000,506746.32508810813
900000,858460.3939356826
3500000,3543382.288986645
550000,468439.556777819
425000,430479.96660698444
670000,635681.7218192947
245000,228509.6475829418
1400000,952249.8956729015
650000,673464.7635452213
1700000,1900723.816419965
820000,802564.0569885327
810000,813756.4169051131
585000,536160.2107380051
3510000,3067690.893953237
460000,455616.54057063314
1380000,1861411.2677610447
5650000,4095414.655884609
350000,230930.41696190916
395000,378233.0017862468
3850000,3467456.7170743803
620000,592222.8769235732
520000,532303.1975696508
520000,647725.7898157691
5350000,5285962.640748078
880000,979989.0318403367
430000,439005.5503971812
770000,771906.3071286991
2570000,2713403.4466727125
5760000,5970770.668332861
5500000,5599752.372312117
2150000,1670340.123044223
650000,648425.071701297
340000,376065.0299680441
15500000,14015337.603670277
9600000,8840239.171105409
630000,611664.6945142384
1000000,930524.6349751848
1900000,1913997.7055985285
4800000,2998393.359084154
550000,581510.7915854591
1500000,1221978.494602609
810000,725140.4697487374
1350000,1321216.9957065398
1150000,1090001.5671051075
638000,695029.8138896112
2100000,2319718.447484455
1390000,1388524.543884442
970000,883133.4079789455
260000,234048.4750833452
1430000,1569386.144222387
520000,414894.73851556913
750000,717451.1653883042
550000,571796.2249164914
580000,585608.6655180224
360000,535729.793503083
1075000,1032796.5981188967
530000,533268.82157737
210000,200431.6294221907
750000,764216.4130582298
2230000,2207447.0395492637
580000,573362.5496827554
1000000,248238.39211005057
505000,547013.4954381936
910000,901004.2042259452
3700000,3809890.619865115
850000,858046.0157551413
745000,708029.8912259821
330000,256353.42559289292
475000,545477.2705633449
4050000,4231163.736016671
5600000,5349915.692726185
4100000,4268574.327021694
3400000,3847739.773449735
4750000,5571838.775221277
9500000,4717014.314827009
1300000,1194000.0017096598
200000,260084.93300773663
310000,281007.8641437207
1540000,1409450.5596157375
550000,486072.30322299065
1950000,2065848.862562223
2350000,2532678.6018795716
735000,779435.8208287158
650000,493069.8170141404
420000,421624.24823936354
340000,342041.3196295768
350000,363651.99007927557
1050000,1182598.3129814537
870000,810133.3662466968
650000,631571.9362649951
910000,884891.3836353609
785000,792841.8953988639
450000,457693.59836985625
2800000,3206860.2123370203
2380000,2320424.077467393
1200000,1222704.2076520803
1150000,1087194.8033396408
1600000,1353805.12275771
800000,826144.8574708389
925000,1011398.221357443
220000,228788.27788271802
3750000,5268425.114292628
560000,633096.1424636848
1200000,1307384.8052134675
420000,610963.4533429713
690000,702709.5284605921
10800000,10317794.990151657
860000,971483.622651958
845000,926762.6429809314
430000,489714.6345763723
380000,331513.96653720207
5000000,5624043.986244529
480000,454415.5740799847
360000,411434.23148558056
1100000,1140986.7758108308
3600000,3888042.313348132
720000,754624.7889018903
600000,613391.372383421
420000,403886.03948052163
380000,394860.19310509023
700000,782446.0398276045
645000,503165.97099106107
1525000,1368300.3479758468
370000,416575.78347082296
780000,748376.9228553744
350000,328494.9516683016
430000,389502.7810188413
550000,540874.934547602
930000,866946.6097331109
190000,369257.60311223275
1765000,1833581.4927540782
850000,883941.0066267321
380000,365705.0571476725
1830000,1656507.4881774925
1390000,1228595.3076512679
1250000,1186531.503479163
620000,640457.1577558329
2350000,2174825.120144029
1300000,1039939.6703250139
1250000,1196939.623113425
2480000,2772096.4463146864
1300000,1190595.2371632007
3000000,1955090.2423459939
760000,786588.6517627437
480000,520943.2717663111
1950000,1862889.2209028827
480000,536445.6427955833
440000,406627.4020563083
430000,443788.9472387373
1500000,1556384.2481260824
3100000,2835064.931025219
550000,491436.48166227073
1000000,1056630.9394041009
3850000,5802358.834964627
875000,1007449.7070779675
3975000,4199562.487823029
420000,448142.74780748115
1400000,1278589.1978035301
1590000,1545923.383487365
1045000,1066402.3900034009
2650000,2321931.9315466876
850000,837750.9168081522
1390000,1371783.2290949302
370000,422839.20990329224
2750000,3062387.451181581
145000,174113.96923588007
950000,991621.9260849757
3700000,3923177.2903465456
1200000,1055027.25208744
1100000,1127875.4219308908
6200000,5656461.1892291205
4999999,4111777.602313712
340000,345595.41367265326
1400000,1222680.6026689536
1340000,1291335.628542689
5350000,5461107.759351796
450000,376254.4671587594
395000,488121.5137082722
365000,276315.9720832754
2750000,2663781.68710285
1425000,1295500.7587035068
550000,438556.26224453654
670000,623254.4448906282
310000,295132.51260417135
450000,446971.1705029982
900000,1173135.3892794612
260000,253670.31179546082
2260000,2143506.7042261274
1695000,1568440.5810294973
600000,529598.0975107866
2000000,1907830.9069557132
5600000,5065511.620471214
4070000,4102607.19839338
3980000,5912057.24438891
3720000,3375910.5938163223
5750000,5115913.904325855
225000,318148.6525691317
552000,508569.075622209
1290000,1334339.603505207
1250000,1395358.5272366945
1365000,1293478.3186264976
3500000,3247373.039658514
370000,384882.2333682771
1550000,1582874.4474159451
500000,402098.05394858035
1225000,1250338.5027224226
280000,246142.7447441904
540000,516502.63543950155
565000,606350.0041550259
1100000,956145.215360212
1825000,2105557.9170232187
19750000,4970920.391098481
570000,603769.8571872364
725000,618512.60508443
2155000,2241926.552658086
640000,699566.8226434772
875000,964683.1400890375
2700000,1240480.677781182
1625000,1745068.7766755326
2020000,2007348.3249243172
1275000,1237163.2216680609
1380000,2758470.372245809
1025000,1109710.945094737
315000,283407.856275191
1870000,1410133.8790144399
1275000,1266293.5538989378
2100000,2155549.876834414
5000000,5300679.384784593
1850000,1869892.0015749114
830000,804004.592945207
1875000,1835810.8370588673
3000000,3096830.19761209
2700000,2470859.557700034
2270000,1894090.1606261285
3550000,3616827.4098426714
5150000,4337458.417227244
890000,926468.152576133
1725000,2110170.1957791806
630000,629854.0432847263
800000,771044.7014632461
525000,515501.45960804884
1210000,1278589.1978035301
3820000,3743224.593084314
1500000,3534410.815551891
430000,449701.6214019282
220000,226018.4525983512
165000,150945.33248631752
190000,161597.74061535596
1600000,1515623.8620340251
275000,295570.64902669034
220000,309554.4801919362
550000,501306.2110170902
750000,757697.3564406983
290000,306764.6881423501
1000000,952553.3346573944
950000,858677.8050789539
440000,446554.87114322366
530000,519540.762618106
850000,723039.0052554276
400000,414057.410651237
865000,854217.8960537208
1265000,1116583.1397896707
1520000,1391400.920421368
1190000,1168920.19817022
8800000,6336777.40650358
485000,435303.53897276986
400000,376483.78601613705
800000,782310.2416752507
580000,901754.0592599283
790000,832966.3563724456
240000,248906.17068214543
250000,326759.32613380195
840000,802207.1849906108
650000,761639.8406321121
1300000,1104895.7516586785
1200000,1217392.8027590958
900000,868956.8162315871
1680000,1850663.417955305
920000,914523.3588142063
340000,327693.5966822755
850000,798104.8055808564
4400000,4147385.515900489
720000,765621.4861787177
260000,538975.175444532
4150000,4051892.0587528544
3300000,3215502.814641163
2200000,2272501.0711850324
2000000,2127254.6681869472
2660000,2642342.3814285155
200000,196461.6812461392
315000,335502.2805386572
550000,514958.18929151224
3750000,3973701.581261866
3650000,3460139.795777432
1100000,1038888.4699110629
18500000,14108195.136087794
1350000,1419847.0949421553
735000,695273.9402700841
1050000,1171404.7518142175
230000,261043.2030598431
650000,610931.8252946547
650000,573616.9713970342
875000,860438.2321657662
690000,697827.3169144469
960000,964017.0919692045
230000,230316.27767301214
570000,587212.394402098
3885000,3728020.5875453553
5550000,5302733.1031901175
1900000,1988558.1032587197
870000,865555.3146350117
1125000,1144503.1388067505
1280000,1186475.0079552503
975000,1022037.900862185
1700000,1646113.4156634938
930000,925071.7790391549
1510000,1490102.3247026321
1925000,2326408.9269583
1550000,1415854.5771103692
2200000,2209054.568782819
1800000,1640143.1709279446
1450000,1339344.4142871024
1250000,1238624.957579804
1200000,1210114.7920609624
1350000,1362576.322369305
1120000,1207778.3607590632
1840000,1862766.8400385433
775000,802193.9323576448
4800000,3717510.2542959847
1600000,1681784.5556240901
750000,746631.7557237472
6000000,5876619.293968705
680000,606920.569651696
235000,266747.10791153356
3200000,3173704.5351532074
1270000,1083875.0653327592
4100000,3318197.3490760094
740000,764514.3806176218
485000,445682.0554053525
450000,389994.34682275954
345000,329102.35508246714
800000,870421.6273057065
5350000,5523334.22858461
1150000,1310778.2001576722
550000,581620.5710197538
950000,1095504.2774256975
1740000,1854435.3944565458
240000,231615.5890610407
5950000,6617919.761198603
95000,86430.80004043756
485000,553587.6663844968
360000,336224.3629878348
700000,714253.5204618349
460000,536726.8803976343
20000000,12008054.389661508
990000,1017470.727877863
550000,484552.04441550904
845000,748481.2238628664
5100000,5007475.555479024
7200000,6968738.164757091
4000000,3800911.467430551
5650000,5831225.379282993
310000,298380.682496239
1790000,1498531.9336793656
535000,570319.1619380874
850000,897945.0183147254
3950000,3878350.439189241
1130000,1173041.951505269
445000,426509.0845745238
6450000,5884587.62701138
2200000,1905948.7492399556
1265000,1198811.2266701306
9600000,9417240.532317525
670000,734247.8514591058
770000,792125.6891855043
1540000,1332702.6138083409
410000,399638.3040456642
3880000,3923177.2903465456
670000,754842.6104911184
3750000,2266161.564727759
1450000,1478341.0289064217
450000,382343.3169183677
2950000,2880421.5511542694
2650000,2366744.8804459968
1180000,1138887.4676242755
2200000,2200029.607418983
3000000,2764858.0300471173
890000,842283.7335186655
2900000,2771513.996887944
730000,882217.8126423376
155000,185673.83055398584
420000,387078.6004138118
3500000,3834074.112930539
1025000,994891.6975544856
13000000,13245642.830435839
3900000,4257503.370036858
4950000,4922536.046158172
3750000,3295856.0503848386
6900000,7383430.300408308
17700000,12873421.122173514
2750000,2909104.557857951
400000,304208.19838387443
1800000,2003897.7930337545
620000,585595.9091362244
630000,594312.009339305
525000,503718.82399730815
750000,554034.3178487675
370000,407931.5595050636
355000,340006.28541595774
365000,346991.188444976
170000,166832.84444346005
885000,918156.1063074353
85000,118467.56937972417
630000,552669.7673732418
550000,639828.9725811232
570000,631087.0319408161
510000,533242.9096557656
1300000,1325909.5726231951
210000,202941.65592788754
1790000,1785447.6289376107
400000,383297.4864106083
1000000,904724.2448984047
900000,887452.6577862635
840000,862801.7534677027
1720000,1722469.5109059436
570000,605173.1931669947
730000,738564.2326351434
1180000,1169124.0238009722
1100000,1166346.362310806
550000,578073.3763783074
2400000,2193376.710061803
350000,347835.0107875679
2250000,2077316.4078351648
1550000,1494682.975658494
1700000,1661456.7243401
200000,188242.19202862566
590000,592015.707591309
1420000,1331892.1856139014
730000,818697.0847851167
450000,490245.1687456836
740000,802059.9787758798
2750000,3151554.3502715556
500000,490845.98213250184
3200000,3274264.427277719
450000,534613.0050936467
6100000,6517825.2378857415
1000000,304300.4349052434
1500000,1261639.9966770262
420000,438593.1457165372
2000000,1699696.7177262644
340000,325323.08220632677
320000,428491.74833102786
210000,244766.75709074948
400000,415040.6864948905
260000,285512.78891663166
715000,735240.7424304286
1820000,1816726.9430412832
625000,676281.117468382
755000,753868.5391295392
500000,490892.68792572885
1000000,905416.0397161306
950000,1026965.7753981485
390000,365179.91193736467
1600000,1569612.5950069707
360000,326698.39920803
950000,979442.7279899501
479999,564641.3123660724
360000,342236.0055000178
245000,226593.0778794479
415000,548983.2711858769
770000,776724.2273664068
240000,232385.7044171396
1575000,1595042.0762652527
300000,315673.0552343953
1900000,1951930.2254884818
560000,550682.2939448314
1200000,1126686.425341382
200000,807625.4370276275
1400000,1420880.9746337065
55000,57315.6797236275
210000,179709.44089581835
480000,438418.04462007637
1150000,1101993.4598768048
1000000,1008208.1455610931
1000000,996543.8569748136
4950000,3949003.7465381254
980000,960179.793753368
1000000,1098395.217559577
1150000,990226.5373422028
4450000,3815881.8160122056
850000,853009.6926287401
215000,230547.53698826337
450000,518439.739409461
430000,424242.86383428425
485000,572212.9991587186
315000,321352.8818243407
385000,316469.5140864557
250000,248914.5230002626
2150000,1802009.4450130519
600000,603452.8104554262
570000,541943.3292379526
900000,984169.051490313
255000,265720.77927283314
580000,685729.8556910504
670000,713763.0619110903
369000,302972.9875797422
250000,275537.04270553676
375000,422713.99519770086
750000,680633.9193114878
500000,476191.53703704494
1050000,872423.3326666303
1235000,1272646.166631317
1100000,1100071.404194229
1200000,1123221.0889657987
875000,509833.9839299645
1300000,1267436.1579266181
320000,324442.8280382957
2600000,2305137.3519565053
200000,261263.78584628954
4600000,4775901.962708141
2920000,2933961.514097472
65000,120151.47015522521
140000,116670.5152892144
1850000,1623677.4072858288
2200000,1987450.0579670565
4200000,4161784.787375097
4100000,4908614.029455461
1800000,1572772.2777970154
900000,777332.0674474462
1030000,945073.09495873
365000,291373.2828637342
200000,202293.38508702768
850000,880312.3250336173
700000,673067.2115683496
270000,287975.5129303743
325000,305177.9386082747
1200000,1247682.8891447124
850000,829970.9558470951
550000,501801.46898466646
1225000,1310995.304664208
3400000,3743578.733513723
3450000,3856714.0852751667
825000,862080.0277679865
1600000,1273889.3986589299
515000,613412.3363427526
230000,217322.76720601966
700000,837944.7724712174
1200000,1239946.9716181245
390000,466889.5667403902
250000,239934.62044483417
540000,621336.1815875771
1500000,1639681.1449923394
400000,397123.7453854381
460000,540774.3506573492
1000000,816177.6851415286
620000,738484.1029208523
450000,426166.32196650555
950000,934104.6514750571
315000,281545.95829733484
330000,295450.47541720065
380000,442176.421585072
860000,787444.5654696982
800000,703562.3938367357
1100000,1058551.5115745254
325000,398996.2768899581
600000,640441.9213762558
480000,436099.1420906813
235000,237360.83197198834
670000,618684.0120935852
245000,259892.02007643183
650000,641138.797069176
280000,351581.75110330293
285000,300086.3727274776
725000,644125.3277897973
950000,788799.6871299408
600000,578341.4038454336
205000,287367.96815679624
1580000,1501778.483038304
560000,574805.7542660652
650000,681879.2183610626
300000,494985.0266227738
875000,974683.9150671082
435000,422813.1418801448
550000,625580.6786056851
660000,665556.0563951165
1600000,1566058.5475994842
550000,518773.1832261144
1650000,1433750.951709916
920000,926931.014752451
1530000,1589531.5333573027
1580000,1431379.8241646632
1700000,1697596.8851331826
1525000,1515654.315610891
345000,665425.4102363318
1600000,1473840.1501332663
1260000,1325707.4546063642
750000,541205.8468573593
800000,781966.5439632662
190000,220557.9002534394
400000,416056.8406165189
420000,598338.9512998603
250000,214128.73052811305
2000000,2061617.0520820664
2500000,2324728.5215874626
195000,201798.0942157587
585000,523161.5298756458
490000,524466.1070083334
375000,404953.3256764042
1178000,1257064.0015010661
350000,395360.86587605096
750000,770729.3593685424
395000,330951.4568276918
685000,667294.4694544827
1250000,1364206.486318223
650000,604065.058383294
360000,315478.9985734595
370000,349773.8599721752
990000,1048793.5635004297
500000,470122.6188029618
750000,689149.5599322632
650000,645099.504248496
825000,783655.4219584482
830000,1007575.9519092222
500000,510837.4443286633
2950000,3199105.863362233
770000,761802.6240982732
4500000,3722474.087227506
5500000,5902621.416406659
999999,920964.3488971707
700000,646303.3183832903
380000,404979.0456272748
1625000,1548926.151273507
565000,693530.3009472018
650000,592871.5419308591
300000,302328.07652066764
260000,236756.9225980228
5300000,4552509.771955527
900000,867682.4019064255
1600000,537117.2579961426
620000,676013.3011836928
320000,178376.43591537888
265000,244299.83659152198
460000,454174.97009049385
700000,588833.2495772394
390000,384716.8800858095
2050000,2076603.798160454
275000,233705.2614330796
275000,292200.40332518367
600000,599287.2907986732
200000,225904.95660031232
210000,222333.72480516575
820000,883235.1885621868
750000,809253.6786811512
565000,647319.0427690168
750000,706546.9820056197
2750000,2849472.4988585673
450000,517046.1843069835
250000,249285.54161504103
970000,952757.1345317576
400000,515496.7539142622
790000,719841.6400061818
720000,749006.5226523104
480000,580749.6459458153
680000,713036.2235992163
699000,861078.0566031819
1250000,1220870.7570324645
90000,120109.614839275
2100000,1823613.9726100573
2450000,1624473.8573497494
1150000,1319672.683092321
650000,875853.0707624957
1300000,1261235.435067397
2600000,2178750.9522686037
2650000,3227604.576929028
660000,632408.4975807561
880000,819700.5508562837
7000000,8132574.7142639095
8600000,6346076.010205838
2600000,2687303.382089573
500000,481007.92927771213
215000,208936.25371835288
210000,208340.53858625185
215000,275704.9399202226
600000,586920.86204123
970000,974837.1536436572
650000,519326.2413075569
1375000,1397329.7109403128
1930000,1773071.2364582997
500000,511384.63181033486
470000,488057.2275775556
2460000,2839117.522727964
365000,360413.0001659332
2200000,1944093.5506225603
1480000,1496550.9615791403
280000,254175.83567619833
520000,435212.17692714755
670000,722165.1545973356
450000,488029.123275064
600000,652948.8676355077
690000,743653.1460057384
1950000,1744743.6763869324
1650000,1520549.0267691875
1700000,1714513.3067565635
400000,521105.6363319595
700000,709267.2167869922
595000,603808.1127451702
1650000,1801494.9009523499
620000,634775.556136642
570000,601824.1841710663
650000,743540.3878538713
410000,357284.0551347744
1100000,1051619.4879346904
1140000,1102844.3099836288
430000,412193.8502638849
1100000,988795.166976271
600000,596865.1614047788
890000,819141.5738308509
570000,543981.5887078543
690000,687647.3425418026
700000,756369.9132886188
340000,347938.5189972705
400000,446267.7738877962
180000,182911.33534317647
550000,557841.8339826654
1250000,1463660.9609336813
880000,977835.8215078007
550000,358689.28770133015
450000,455931.95553094376
550000,525233.1801332155
850000,600597.0460924503
850000,830124.2392191456
700000,740379.0580873874
600000,597682.8557201453
380000,413036.0005965935
2200000,2262789.193780381
270000,271928.6964275406
475000,542269.7375435781
370000,477843.25231368287
465000,523694.95708496385
450000,356525.01385068306
340000,352870.20991858456
440000,307433.71692554123
290000,292771.51195393765
235000,255702.7190444375
430000,413924.59907751833
185000,156770.8286593697
400000,462136.8738422836
550000,440669.8753554972
630000,615897.269065975
145000,107511.38132551222
850000,733905.887031234
820000,798862.889840715
115000,121351.76226613877
125000,118938.00780149281
4080000,4694920.0304582445
1850000,1935264.9595631505
4500003,515034.31305116933
560000,606227.155803773
2000000,1924573.2032688688
1200000,1483539.4561598569
650000,669379.5262550862
490000,421833.07710055995
1100000,1065515.591900926
575000,437978.7055960914
500000,559913.6530901999
3250000,3415562.811158154
1175000,1156906.583239874
1850000,1654376.43616776
550000,539811.6934137206
1850000,1903420.1441437392
985000,1088706.3810778777
1350000,1407103.0906099626
930000,941100.3801156528
470000,454218.72559682577
850000,839513.2795484717
450000,494641.0600653283
1100000,1012347.6931024878
600000,565759.6393512605
490000,444929.28511871246
450000,505224.6286959447
1250000,1010143.4628274199
775000,747641.3176104343
230000,255927.4008381981
820000,811949.0797015671
999998,423665.1757103751
370000,350880.63324399653
575000,630531.2027913246
2200000,2243400.043553813
2700000,2921773.6666490654
450000,528291.8850639879
5200000,4429977.390466438
450000,430335.94230453746
210000,677019.1414263048
625000,544279.1861691535
530000,473572.6128378362
1000000,851766.0304861537
240000,220103.09281761703
2000000,1842508.1103758505
580000,465879.0318835035
325000,474803.5573300277
400000,428545.35519406834
1500000,1741132.8240454297
550000,542247.2394073693
615000,636855.1911139949
1150000,1154488.23661134
1570000,1534807.1262980215
795000,712621.0661604947
155000,159847.61654769955
425000,506573.50759151555
1450000,1480075.818851256
650000,649596.3558964035
1670000,1677151.019325815
580000,598018.254905074
8649999,8218563.23995956
750000,724209.8687449717
1050000,1086584.6140412132
340000,324711.27726731525
270000,302768.49894477514
460000,488076.6453629145
5200000,4340747.539447746
1850000,1584999.1381518426
650000,611361.7669412824
400000,421352.38087235374
570000,582762.087245768
560000,525880.19718114
515000,516998.62435277336
655000,622136.8810502265
750000,841599.7001953425
210000,305152.96028760984
185000,226300.62977608124
510000,492956.68441387627
250000,262613.5940554745
300000,271675.8437219542
750000,803742.0857135169
800000,563358.3053840711
440000,430862.16148350446
1250000,994442.5295054805
2250000,1899812.8262214619
290000,295803.36472591356
1450000,1411854.903399193
2200000,1894514.2765230522
1250000,1176153.5182126607
640000,654989.513004315
1300000,1198234.2036780848
660000,690777.1236422355
1150000,1192667.947033377
900000,946204.7177256194
2400000,2178492.632533301
45000,54485.29239129916
550000,537480.7954628154
480000,614931.2861234086
1100000,1132172.9779105578
1000000,880965.0702427927
2400000,2745052.2003292316
750000,751732.6715968708
1750000,1671082.2023101968
1450000,1393421.182994356
5650000,5832083.519210636
2000000,2072447.3554508216
1690000,1659317.1686099663
2280000,2321240.8848081813
1000000,907243.9747797141
2340000,2470851.583748
500000,427454.3802277675
490000,438303.07076788414
380000,332668.7647082078
590000,571329.0505102049
3950000,4030022.796115049
510000,516009.8382975001
410000,429789.75220203906
780000,750778.7597659916
380000,307608.05547049595
250000,182727.6634220572
560000,525073.2691721551
280000,341589.243307116
770000,781453.5814759536
450000,555239.3299175587
290000,210431.74776331845
440000,423633.80292793986
560000,530344.3370325885
715000,769541.9334159901
400000,574497.10668552
1285000,1214720.5578689505
1150000,1149975.055438046
620000,599599.8667387029
450000,430772.3317700097
1250000,1091058.0983204544
750000,673665.4297052487
650000,751975.8613270926
235000,231855.2023878658
340000,354615.9553391322
1275000,1260822.3937392328
225000,193485.54664193167
1050000,1027832.043321061
500000,506831.6286032881
250000,308428.72415839136
800000,782925.9832548742
275000,350174.0500380079
2000000,1657046.9385218602
70000,119213.2877264604
850000,777327.3749331658
830000,826289.2872768701
555000,587794.9578670067
580000,586920.9764808516
220000,271898.623187703
1080000,1171515.1980715217
250000,235658.31178249788
345000,324867.3082154683
810000,696537.2787607173
1615000,1678915.2937908755
320000,322488.89778918633
3250000,3274874.126811808
760000,708293.8290983479
270000,214407.960708591
6000000,5756560.653064095
500000,542012.9310233251
620000,634807.1977791542
240000,244934.1532541049
495000,459954.9170366646
620000,620881.2559890202
480000,463953.6747754942
370000,390428.4471991935
1250000,1091819.0336750734
460000,453626.57461969776
330000,426991.8008418033
220000,210586.17165081314
1150000,1038129.859178168
1100000,1169620.3119880694
1350000,1259820.6185831192
3250000,2656795.836098191
780000,803143.0030618235
900000,967688.1651366783
3450000,2561676.7729796884
1000000,902483.834424098
420000,385179.71921798016
680000,625460.4991040729
350000,288298.4873663171
1650000,1395366.3879923245
335000,359257.74719407764
350000,253280.8349428174
570000,626515.0653244857
5300000,4895916.318356043
725000,802045.9207202613
550000,627873.0374870589
380000,377970.91345888993
270000,293507.3386217025
1450000,1421092.1416309346
950000,871399.1150555001
1650000,1629457.205590221
580000,785727.0818319543
450000,364601.12477733096
100000,141733.71864515718
380000,397521.95872150076
585000,619755.876853182
250000,249845.70184129683
140000,147826.54148270536
660000,734234.5480959737
190000,230343.37816371562
810000,697937.2270180427
470000,435917.75164203154
640000,665346.6335934694
1450000,1528097.76618171
1150000,1052951.609764963
385000,408873.9004589388
650000,636951.006140288
1850000,1911778.47652755
1150000,1386544.3966136717
2000000,2052387.8478038625
300000,314072.84692565
795000,659106.5414442222
395000,382829.21142972185
130000,197289.3990860335
170000,192751.01625174322
600000,595792.895207671
185000,181653.94390617378
930000,915406.7580470166
750000,747210.0245892152
650000,566725.459465499
670000,699753.9300972697
525000,548129.0924129217
1500000,1460288.678677005
485000,451480.5951436708
305000,297709.79496125045
1110000,1165614.8523775006
450000,462746.3268525107
660000,663539.4557228666
750000,862559.3750156058
1350000,1398399.4760339733
1880000,1719317.6812684163
500000,434850.526757751
350000,378701.85522705974
800000,760968.302745887
790000,751560.8932155459
400000,382464.61528219725
530000,577715.8657343971
225000,222156.26891803797
2520000,2679398.487232685
250000,157702.8375783843
3720000,3063876.9596157297
550000,528046.0733696676
700000,793664.1558098963
700000,735066.6118117719
295000,305133.94735191396
3330000,2568115.835436144
245000,236222.48977893652
380000,403824.8854354379
400000,369732.60877880204
410000,446413.2737783326
420000,408740.3178835472
110000,135619.39368321287
670000,617111.9097585342
280000,300191.58388028655
890000,920230.404225545
89000,113073.35502317062
760000,769600.150419291
515000,489084.03033679305
2600000,2420175.184793908
925000,802018.4247258182
150000,140744.87730507264
3450000,3836754.995644629
1150000,1218340.5654331492
1000050,782110.0350223357
580000,625715.9344317584
2900000,2976145.7137797023
8600000,3469875.946607238
249000,320311.05003613053
5600000,5762434.761172094
1420000,1335368.5479243963
1750000,1801389.724666866
520000,449275.855003317
525000,531533.2071129801
1520000,1206649.8512556404
650000,681524.1272998785
1150000,991903.826243879
320000,355166.1555258269
1400000,1261296.605123615
770000,824692.5966555664
480000,563239.3128780884
550000,532786.2871762118
1000000,827293.5406171363
850000,793954.5195953824
720000,735952.2166791304
1280000,1195935.2227300087
600000,772301.1346926866
580000,514166.68116416177
325000,348938.44487319986
1250000,1022989.5474558492
600000,559676.7534743139
325000,340698.345489391
360000,453518.2104092815
1200000,1131202.768361237
420000,304034.7356150509
350000,336196.88408334414
420000,361346.77896745654
585000,666608.2308335975
555000,531263.3526886755
650000,653527.3661769882
750000,714080.9374531943
390000,414650.5823854121
650000,685048.7781737901
330000,348243.2204250418
350000,358082.27340506867
1200000,1128191.4645046408
175000,259694.31837350616
1480000,1502122.3402175393
660000,633675.4743272907
1450000,1456316.5588963653
550000,586724.2554166482
415000,375696.1094626215
320000,239808.02716604227
490000,476389.53400055546
385000,352462.9656819549
150000,217030.98506462766
190000,178530.38052590666
455000,510640.51151359035
700000,670516.0545865621
520000,553300.2252031629
325000,309175.8239938161
2400000,2251405.368262127
1250000,1053183.6784804584
1500000,1150186.9594684625
1600000,1490537.9788297021
600000,578756.2703100233
1050000,990271.8222295672
370000,434632.05481488863
1900000,1966246.8473595802
850000,802678.8247786333
640000,634970.2746566361
395000,348837.64029700117
430000,542936.9689365204
490000,491456.0083453202
2250000,2872722.591772859
220000,263168.64612212277
1000000,990991.8565660763
420000,471371.9947947785
420000,428529.6291959544
330000,346347.1699351642
340000,343798.0090070444
750000,696493.4082175249
650000,552164.8120114731
700000,689856.1723705325
800000,804497.6309649524
450000,378009.0157119064
600000,640318.3261478363
360000,351243.88939202164
370000,499134.22104169196
400000,392981.7791673256
650000,635411.8670812843
735000,769441.8929699098
665000,647439.565813881
3000000,1968388.565110986
2075000,2047415.5906760485
780000,794405.1099730796
610000,593346.0350557992
550000,508064.39274712163
620000,616690.2650640075
1600000,1638273.7249730981
2000000,1467702.8557458147
2950000,2793500.622807946
200000,205066.73796152737
1800000,1437654.5719536718
1330000,1142514.294850398
270000,315131.1855750271
730000,745094.0126833075
770000,808241.4334868935
1480000,1528783.2552967907
330000,408992.22329357563
370000,391975.29481719073
460000,463125.1233020627
550000,586649.2665072803
450000,369509.7632192523
620000,561941.9136262201
2150000,2288355.530812641
250000,239189.16534668964
750000,789608.4867921347
300000,334593.6629032535
250000,237196.10781872628
425000,627876.827338864
865000,894257.8915108698
500000,788382.126910517
190000,222626.10931212676
985000,1237380.6414317042
243000,297385.16078821674
1100000,1100264.7355003138
700000,684284.3713272015
175000,195716.4175029292
750000,679322.367084505
400000,298280.16295457754
600000,561855.1587149082
3200000,2872636.2805850306
1590000,1580785.3343652184
475000,495892.4848888699
720000,655282.5307090518
1250000,1362488.5797705126
680000,622979.7294652831
425000,483019.2308830725
740000,743176.8628107395
460000,513407.4057194423
330000,349651.9214565831
750000,722726.5594078758
2550000,2641404.498038887
660000,729360.9917765236
1500000,1509920.0502492269
300000,300638.5818122074
1250000,1318455.6294488593
900000,871760.831536545
4300000,3997102.7824881193
1295000,1215726.4833232092
4700000,4487030.153131276
2000000,1927671.645834004
1290000,1116832.6224132597
4500000,5811020.25604356
1320000,1216685.660233293
300000,325992.0414338072
1250000,1161997.9809619307
2200000,1776426.7219176409
1100000,1044705.8030469128
570000,577859.5905344445
650000,640743.6840910288
650000,767255.1243491059
1280000,1452300.4848122096
340000,401066.14915911644
1350000,1263949.9474529638
640000,587191.9461476898
1550000,1024655.0597561945
385000,315292.79826456285
550000,515934.78318844276
550000,588599.577306515
700000,751725.7568376516
465000,419470.3775822366
2250000,2188076.603803797
470000,457963.12176574295
2450000,2439092.4318825123
230000,241738.84671645152
205000,207398.23695663168
630000,579346.5623980361
280000,323182.4749715172
690000,624490.9320080255
350000,445698.9194322505
470000,543725.1638518246
250000,287022.78040281247
419999,442128.16093261377
600000,577713.6429933894
360000,398877.885912869
630000,610758.2584089035
850000,815004.5920520991
35000,52850.38927262734
495000,524769.1438339726
760000,1008866.4012299709
375000,315443.2357181907
1640000,1075551.4595636555
1215000,1163229.311806182
5500000,4818064.696154356
350000,362308.57629116846
40000,47697.64474467477
2450000,2625701.3866193485
1875000,1891792.7709898034
660000,679167.7642332196
240000,274282.88808077376
635000,618424.9970864078
850000,858440.2181932678
580000,545161.5700231873
700000,771589.0557428872
630000,736587.2542601165
590000,594706.5599696012
1490000,1520072.0596047812
145000,141380.4928575905
330000,377552.5975341276
1615000,1805671.2743736333
2300000,2408539.519971632
2680000,2845114.1367291235
850000,936985.4341296687
4000000,4392055.521631411
750000,801467.3510544344
540000,604571.8779486531
3100000,3124439.054208835
2350000,2308902.875276664
255000,236407.3038111671
700000,692715.2507750401
210000,227303.22034667112
615000,479205.2198838868
2400000,1936842.0308411485
330000,279622.8487178355
600000,594309.6286343534
975000,930267.7738807284
640000,630390.508235252
950000,910387.4505488755
1050000,880003.3655848501
500000,525971.4340186575
580000,558322.2913223836
550000,488825.3929929817
475000,540154.9703832208
140000,140065.02348703815
620000,711809.6810158474
670000,650450.5378974249
635000,636290.6321719092
685000,636553.8423402034
365000,338356.10542487906
730000,737979.4461064151
1100000,967879.72688633
950000,858581.7594423817
500000,596347.4093303137
530000,464248.36811333906
295000,241258.00558785757
380000,328182.96446873277
210000,154231.53800633157
350000,363608.57682174485
435000,406597.34118152724
630000,840606.8383072404
340000,512427.435976457
100000,115699.19924385026
680000,710443.4720058074
380000,379569.32335653156
140000,124284.04369433355
475000,617295.1315230307
375000,371734.3716759569
130000,143425.09178081225
280000,234672.19571767555
230000,358117.5672126624
480000,556045.7502859943
265000,291228.44533774117
550000,507006.36255250336
450000,441177.62218652124
1200000,1210239.2634586548
340000,316898.10614453565
1900000,1636247.0061688179
240000,285382.01332757383
420000,395457.81668740674
420000,428044.2497854216
650000,702197.488273211
360000,335306.097548125
560000,487183.9488359988
330000,423784.3638399869
280000,292921.13803602115
250000,321369.2678487713
360000,382466.98871904047
290000,405245.3052116904
320000,404605.9200812612
700000,687625.901706253
290000,238371.36348659798
500000,520854.4489889946
2250000,1878852.9571048454
150000,200944.79528429668
1860000,1579861.2631901375
1450000,1422260.943749305
455000,396092.47501890705
520000,480247.31316882785
600000,556279.6393508842
4950000,4920117.362638087
370000,359822.61168912094
800000,687647.5971944421
1600000,1619365.8645987567
470000,587625.5516473133
1380000,1326532.1008339946
200000,195247.1326534516
220000,230242.18366092944
910000,951711.3617996677
930000,936153.5765546049
2050000,2293268.023153415
975000,1109502.6831130332
750000,763046.7255364646
1720000,1650724.2490483264
395000,370129.615552942
230000,267431.14070104033
310000,246269.1664115682
780000,839364.4807583777
135000,164273.42339460066
470000,441583.6274575318
1700000,1858228.7411410369
400000,413749.9213024838
570000,580832.830287875
210000,208610.15116598847
2950000,3273700.498737601
530000,584201.2800594901
3500000,3254958.3532896196
370000,368977.62583984947
270000,237500.6454007288
530000,508428.4468729549
320000,334596.81206459954
390000,456933.17373674
1450000,1548472.9566984032
650000,691033.0433014699
1050000,987376.8183530808
450000,418378.31507806963
670000,639041.5103169208
1300000,1213867.8139455453
980000,963503.1504854548
900000,820192.4551797478
75000,70240.85511527614
825000,836325.4200268028
800000,655527.7889518378
580000,598252.9380386795
210000,155874.79664883838
850000,907359.9576070107
770000,815814.2578515722
650000,529241.4314909151
215000,203082.42199402137
710000,695228.6247310118
400000,433242.9054300219
1750000,1591763.073282894
650000,649616.0016514224
350000,394407.8298671817
350000,433874.9556388344
1300000,1054372.3711481078
320000,353400.6869069469
2460000,2466010.9019614253
1850000,2585700.1803468694
800000,738011.5423542191
2900000,2718454.8376648
630000,674997.1663149762
470000,487684.4442206943
490000,490960.53302859893
810000,728679.6725087112
270000,283834.6562259559
520000,513407.6617195861
500000,507157.7089108728
400000,275064.30426943285
660000,589553.5687444629
290000,344098.5908819975
240000,223356.6989470754
850000,830414.744033509
2000000,1951856.9415993877
300000,262061.7770180558
1780000,1488222.5248372734
295000,297782.0521202914
280000,247280.3478689108
570000,564082.0805727296
125000,144999.0746387183
510000,533935.2888587503
1410000,1464313.2901496768
1800000,1818480.6009095423
700000,731184.4811089401
300000,330646.47620149975
1000000,948743.1819930729
325000,295972.3391041634
4750000,4296145.005910193
760000,692479.4754779265
1890000,1859080.7561104577
500000,390982.28583398665
115000,134914.62784088828
1850000,1915798.6768971279
1490000,1544982.1286740243
350000,327347.8996190869
485000,553951.6663795973
625000,627182.1948211296
2500000,2692097.5664187423
990000,1009610.6249218981
1450000,1404935.1195764847
700000,692914.5256026787
560000,628130.376186343
70000,70118.41472322932
750000,815657.4232496899
870000,754782.0545665354
560000,558062.8689059862
450000,422221.3365606961
400000,426862.5997312204
485000,462643.52915121365
600000,598299.176851507
560000,633227.708454755
260000,213314.60922511545
630000,575893.7874032399
405000,439083.8681039407
1400000,1382791.8982430736
885000,743578.8180133199
260000,259895.73178249205
220000,175367.1581035596
3300000,1581599.020235307
2700000,2856741.511476072
2200000,2017444.8035708002
870000,909535.1929590432
735000,731023.4368647927
680000,744462.9716872779
180000,240819.7922174926
1650000,1626275.910778236
1800000,1664790.810879481
1300000,1354293.3545861633
1050000,1028252.6579748504
1050000,950532.8092655448
160000,247216.13185698487
285000,280314.64596979745
375000,352031.8080925683
1220000,1202503.941152417
150000,128137.88856219107
1100000,1229039.495168017
1250000,1333839.1521907914
270000,288419.5342939913
275000,243023.0246500757
170000,246100.58318812982
500000,654868.4482770211
530000,512632.4070412153
400000,345186.936371995
710000,654453.6763383716
395000,346089.82486752456
770000,717286.3576347099
438000,469315.4680799813
35000,63722.70741963564
750000,700085.4000379207
520000,433026.83858409664
750000,770800.4876279836
980000,1060631.3039872835
600000,520062.2510362084
1150000,926493.0468311453
1000020,1052221.1179242013
240000,223958.21717839464
250000,265060.8295295672
500000,506767.1781446138
920000,845346.028276857
580000,613736.3478365216
290000,269868.5898533426
140000,139693.6332275418
870000,774841.1590684344
850000,988471.9335827499
630000,607077.4216448315
785000,826222.0364198674
750000,905986.1816890911
300000,294947.921718318
240000,282617.39471377706
875000,818839.6263592093
500000,550776.8528343096
220000,196322.93858181883
550000,554296.0049563032
330000,292622.26761324756
400000,496851.14036238985
460000,489496.4660840636
380000,426268.35381997726
233000,235524.79033415197
55000,78105.80619149478
570000,602635.4662632947
760000,755646.6362669263
335000,344587.8161461118
850000,800817.8567346531
230000,202550.49980851033
450000,464986.2225374989
650000,732621.1356544741
320000,423580.50377003767
250000,285050.55890689814
125000,167836.13057686377
600000,655250.1033621359
90000,142560.42930536316
1450000,1370020.9829686368
550000,505775.7093030804
250000,320784.16202018165
1500000,1780760.116824424
280000,296493.40542481
660000,705786.0893443318
1100000,1072860.1848890295
475000,836153.5616665883
365000,406334.199714722
1800000,1592912.806583233
750000,745901.4927210377
750000,681585.19783695
225000,220194.37586872847
450000,446115.87122667645
360000,286253.3548749691
1060000,1009561.1613341942
3850000,4802305.7613006
1200000,1196918.2230340242
1220000,1204698.1089039892
200000,165817.4658417233
1800000,1837991.9870204253
420000,498743.80143248686
1550000,1508538.7910342235
1500000,865044.5115449714
755000,775657.2184453844
3000000,4449864.898308419
1050000,1082173.5914988364
690000,755979.7165306027
720000,615984.1398378776
520000,527334.9577998188
565000,495752.41438483854
550000,550578.0937231742
800000,647623.7665309431
385000,368746.4718475359
1100000,1088144.3909351188
145000,157871.17047524595
900000,909749.2931909128
350000,354858.4485051059
1050000,1015437.097553751
520000,503258.4126981712
650000,617302.000909742
520000,536523.0218462432
750000,642356.3234967598
570000,597094.788360222
670000,672619.5086678022
700000,723114.9432675613
600000,598164.5260887702
580000,581579.1537809132
950000,831183.120847674
350000,410588.41844070307
1080000,1185890.5517437125
400000,450404.3814673029
750000,694187.8556304263
530000,600771.5843112081
265000,294569.1151383637
850000,623798.7967724833
425000,275490.91922409064
210000,204917.51050989446
230000,212910.97653230524
600000,581291.9184336606
2260000,2254347.1044680555
2450000,2269003.6993603865
3490000,3496569.650685527
900000,882525.7059886237
1300000,1179199.2992489946
890000,753423.1568598704
180000,166689.1443269288
1150000,1099667.4021020497
180000,194026.83163879008
550000,601425.2070211347
925000,855244.350389134
410000,451272.6896700795
607000,595805.8565548453
750000,1106782.428735215
1450000,1598485.0346838676
790000,793519.567526635
850000,939658.4178540659
750000,887584.6225974289
950000,910441.3971063899
250000,330135.51587129186
450000,374384.56307532854
1620000,1531921.1169768046
820000,778473.6789953045
350000,380466.22612830414
770000,680378.296359608
650000,736860.5267922552
530000,552930.2852796462
360000,305216.74820156296
700000,664386.4233540056
430000,419486.7541114068
110000,118252.12547853866
200000,187187.29696307197
785000,755005.9797194445
500000,486875.0831748683
650000,688964.728931208
550000,576259.031140473
290000,325925.58731036645
500000,515194.2679209096
1030000,890423.7754201286
265000,262567.7151535093
830000,768403.2060440235
800000,777585.8543054478
200000,237155.29891490258
820000,792540.3369761865
745000,807435.6748291414
620000,635280.2313588613
550000,520687.9309740988
210000,207470.32214178218
1650000,1334897.544079854
410000,367606.2582935026
700000,732628.1943724252
530000,530570.7131907314
400000,337540.0060212174
335000,313568.44545140734
1200000,1124593.2429644477
820000,839252.7887487276
1600000,1742072.5679685615
1190000,1147948.7771502126
350000,360107.9515173393
750000,785495.0303756945
550000,862886.3742410982
780000,628888.8442961024
950000,891418.9162641021
3300000,2506015.341612949
900000,936345.1117834089
650000,782322.4634187476
750000,762196.6967194206
370000,410133.8260248446
980000,1001453.6143608643
320000,337507.33046005905
435000,487741.49984792515
699000,685864.7566914612
485000,539175.5646878757
230000,234654.97762430104
650000,666738.524694918
540000,538107.7466397645
300000,481482.45840085146
320000,307142.4466841216
450000,441714.39933009166
750000,714547.173225767
865000,845197.5928876253
800000,1055949.754157197
260000,317342.4133213677
350000,361689.80044113967
1700000,1620604.1849444297
700000,736954.9613302798
210000,208400.98067815395
180000,211763.22209838778
850000,812565.012525558
1500000,1470264.3658835434
650000,651766.9843493421
330000,408063.5521670658
500000,581133.5835023527
485000,511002.14065177046
800000,882233.8852219507
580000,529034.4457775487
235000,228119.50962813784
400000,445419.6817355333
450000,500241.9983372121
550000,627692.8482307042
670000,715894.3630128548
220000,282183.65332431055
575000,515584.75808522716
580000,458993.7141617221
1150000,1088309.616149175
310000,287734.9945741556
1850000,1536029.197139058
1200000,990207.4654336692
250000,236532.31255247406
800000,690573.2521260509
1050000,976883.3557670157
2500000,1793943.9154741091
680000,696416.1610124803
220000,271146.54187103524
1250000,1367725.1238372922
3250000,3934785.303985724
650000,655382.6597511624
390000,424421.1887286024
580000,569368.0228078004
1000000,635467.5756137264
290000,324145.832772605
1100000,939423.5367269864
560000,504550.7450394612
900000,867113.5166903274
700000,605037.8147174303
210000,207746.0612051308
250000,289935.82174212043
340000,303911.0674566721
280000,298419.441629691
250000,233203.80045336662
575000,649081.4829041281
530000,497768.5982383702
800000,760304.6941132051
120000,97367.35666424289
430000,442264.780114095
625000,631201.7392867403
520000,599248.3343503898
230000,253204.04433755475
230000,205232.2287267225
740000,767188.1863970322
880000,883263.9339292573
450000,529898.5812233865
2300000,1815956.081486728
770000,838481.093700251
1750000,1703894.741488424
1200000,1073598.5591885268
770000,952115.1254145289
1300000,1348083.0562717805
850000,858425.6782689716
1325000,1308661.581090946
1450000,1689505.4140275691
1400000,1424474.4189055518
235000,236734.701345927
575000,516729.3917685124
85000,120443.82123792716
1250000,1284195.3411974695
370000,434087.7205499357
1850000,1969074.4203930947
1400000,1073186.8835747743
840000,702139.6650919929
850000,962564.5385552016
1200000,1238132.4626216092
450000,396863.49235440925
280000,203913.0092284882
800000,688635.3666841062
740000,671578.8863006172
370000,413877.5710529951
800000,861820.0553300321
295000,338914.75155835564
250000,255785.63960627964
115000,187078.7473541486
210000,245851.96116219295
680000,587793.2274025228
535000,517032.1394430923
690000,950583.7622791405
1100000,1164915.9422330135
750000,709049.4936770555
705000,686399.0229295354
499999,472624.62467704614
720000,620565.3143607423
1000000,1014408.263305704
530000,513777.41524302197
1200000,1207508.7339560497
790000,732961.7038799571
1000000,952780.2994934866
800000,1153713.5125835822
760000,725388.2466137749
450000,385729.6565293914
530000,481331.55761104927
325000,292910.68766030105
510000,461807.9061873478
350000,288892.1368813732
910000,855591.730840684
290000,200886.65723036183
780000,621699.470860569
665000,651162.8442010668
760000,756195.2076272406
1900000,1880741.1146999977
410000,417684.6237001945
930000,864654.8999148244
200000,262859.538757701
340000,284094.32234343304
1899000,1936283.512696476
1330000,1129522.822740409
1220000,1178085.1051710679
270000,233887.62436672312
930000,940679.9610109493
900000,787853.905720525
1500000,1403385.1603788896
240000,221520.93750619062
685000,706545.9189569305
1250000,1417281.0247638433
460000,494048.554930435
925000,843794.0808058522
580000,697574.9877088827
720000,770851.8466044172
380000,298609.2780993378
530000,510470.90788916
620000,599255.8727618904
880000,849018.9170220734
490000,484681.0454715292
925000,835325.3942449262
590000,569734.801448013
98000,162418.96656760245
210000,249801.28871460134
240000,271806.0005105803
320000,280746.1553996059
770000,574050.4477916933
1680000,1641097.6715841708
2500000,2074473.0690713646
600000,544811.8266125248
1200000,1370879.7273462159
825000,763461.1431022041
750000,523635.0297700373
1340000,1374625.1530903748
3470000,3318443.654212802
850000,499798.7397002147
1120000,1188283.520218754
720000,741830.8694883373
620000,597273.8175966899
240000,272319.4813067478
600000,596419.7340634427
550000,530940.5360282231
200000,202608.13380631604
470000,452822.9780152411
130000,184550.13418197597
690000,692152.6634507079
875000,835502.8912097579
695000,650479.5545326499
1250000,1132295.1008014155
295000,323601.03975787165
770000,753579.5243367223
590000,557683.5247585165
520000,445910.4553365481
2250000,2167672.3348900084
4050000,4214581.490759933
385000,427447.29512944166
440000,461810.33702517627
210000,290104.63544086594
275000,351659.546152159
490000,442245.62250462425
485000,480654.5722163274
1975000,2196052.3886055043
450000,430156.50332531345
820000,761233.5148971523
300000,361286.99625697685
425000,392193.6754085143
325000,337089.75728122285
430000,387305.49335439556
670000,743905.094366631
320000,375414.39665595774
1280000,1107006.0655689405
2000000,2312480.6079150694
1020000,1086507.834530834
750000,644282.5658676195
1600000,1449194.4891896974
567890,552487.087933961
6200000,7520035.125522764
1350000,1309210.311396421
265000,234895.7005426156
3300000,3122102.618866409
650000,769377.3591105447
850000,771961.5512401089
1425000,1450351.443531254
330000,312536.34824998764
225000,223361.83198470107
1600000,1545927.2986646064
450000,469912.6349342727
120000,172157.15827133585
360000,377469.05496565154
640000,487542.3370794429
2450000,2085615.763653238
595000,573977.5504221998
150000,98262.09822405661
450000,496748.6662444443
140000,176063.11014691443
555000,592216.4905331705
85000,70336.64700703922
350000,337041.97895692603
1000000,964041.6912160026
1280000,1349237.6820299034
680000,703772.3958680287
400000,316685.7500928087
420000,378638.99487906665
281000,310509.47176663124
4350000,4798170.138215702
870000,798161.7396680131
2250000,2423744.8052689773
2700000,2755980.828498565
2050000,2047540.3395141223
690000,632898.1685967793
390000,472522.44616062747
270000,287269.1008868585
600000,607115.4310160575
1850000,1752270.679860797
280000,260402.90984290175
750000,729099.5024961501
450000,463200.4835786422
390000,426110.89431704587
900000,822212.0362573358
275000,268450.9056242266
670000,708548.2034167101
295000,285143.94233304454
870000,864219.8196442082
250000,273629.50484821363
950000,962829.1736583686
560000,507364.76119247917
610000,679102.4242224847
140000,158567.25921297978
1930000,1891443.5042817532
1550000,1353326.0473276793
470000,478400.73807044665
2600000,2449631.7408537203
700000,712800.4970420147
220000,205349.0427193936
735000,693938.3436822994
630000,753499.9225129507
550000,493972.0366795718
570000,556768.2438984123
310000,341718.83608984936
640000,600603.2080720555
950000,1012274.7328380725
660000,629798.0946037462
750000,832383.4586351861
320000,351734.08991835854
230000,220978.16316819258
870000,843696.1632195618
195000,282640.30153338495
485000,519388.3263561759
800000,746751.4849208881
560000,625624.226186331
300000,329718.5154089166
385000,302399.92081191036
770000,736060.5904649867
7000000,2732303.1916552684
350000,410448.5888848819
1100000,993154.0951520364
440000,468956.10172427393
220000,226799.71146900972
570000,564835.2216660351
780000,721001.4905679949
900000,856645.0436985883
650000,631612.6302769257
2225000,1998743.7337057272
400000,354540.0075528071
4000000,3493277.356550184
320000,222873.2390489035
1300000,1038983.1139542767
1500000,1593398.1962642865
650000,646682.0855166531
690000,641494.5736837563
1100000,884320.6953028593
2500000,2730637.2915526265
500000,415591.6280868929
520000,696587.5718572123
900000,775864.4206256821
2000000,2076105.999254868
850000,819851.7063444672
600000,594014.0225535118
550000,533318.9717026978
300000,231240.47085430074
315000,350179.71787879034
370000,390812.030092362
385000,452512.88026892365
175000,280305.1453962205
550000,487844.01168702054
220000,306984.03511563415
800000,764371.2605427878
390000,397627.3831734795
1920000,1989463.6279549035
550000,573652.7682097944
360000,392376.7943989097
530000,502963.6763087003
260000,257575.14772511396
215000,248537.75623161168
415000,437579.8612780215
780000,862695.3627569965
90000,157206.15187741583
770000,763097.9283205954
6100000,4811738.54451061
360000,310321.4886955698
650000,663956.3761559217
290000,377020.814962632
645000,679155.6873570635
200000,292033.17607058486
235000,255172.44713452322
1000000,1001382.3039498616
620000,668296.3413130834
460000,504247.2775536081
380000,344627.13373166026
265000,248596.339113245
550000,483418.542970574
770000,736756.5954144945
380000,421622.7647909746
750000,737655.962325174
200000,241634.5927643765
460000,494086.04041369644
300000,316231.0842874272
830000,753549.07770022
90000,113869.31354890011
780000,758348.9176226365
220000,184818.47387937267
540000,438195.7239686041
620000,608885.7645889254
700000,662888.9655970457
300000,338994.9855841653
420000,502150.7788601236
920000,975989.2596210126
360000,241861.331930326
680000,713915.5111521147
350000,364882.1941521483
600000,533944.7014467688
120000,122894.53946566193
235000,238789.22601590038
260000,227169.23369783023
900000,827506.4191294285
1400000,1314735.4875757343
600000,532298.8325028666
1450000,1368385.3042156762
5500000,3847682.8310184986
1200000,1197112.472478293
3000000,3042623.1514800503
1000000,915238.5370075323
770000,756388.9116980912
390000,329707.86955642054
4900000,4614408.837461259
4800000,3868851.816327323
1100000,1001090.0086513116
1475000,1262478.8341797953
5650000,3198742.830287199
850000,813040.8235822901
850000,836338.8385287186
1450000,1335529.656358243
200000,164789.19265661054
415000,410596.2228049856
1400000,1459990.9162592047
630000,700252.6384019386
290000,263432.3453215589
210000,244502.9069806973
160000,209408.78907838336
900000,815087.1130414522
370000,523757.18372399657
280000,296008.56662197603
250000,238097.87140203553
882000,773341.5170184581
410000,436806.96545147995
870000,754857.865880278
660000,661042.2255798674
930000,942647.2409540453
860000,880397.1837304693
290000,297163.2489699778
420000,413514.2873200256
290000,285636.4914397609
210000,298353.5247648393
450000,436463.16954536736
4000000,3508695.8335501645
900000,880666.3417307275
480000,474214.75183731725
525000,584175.3624732252
390000,638932.728532306
270000,270358.40165158507
2850000,2661039.569391524
620000,633058.3227941556
220000,229692.8954291367
560000,563304.8292124515
220000,292324.05947908096
1400000,1362813.2610105455
180000,198485.62736314273
230000,247728.72153707204
3950000,3782350.7048063404
920000,912329.6862264511
960000,952507.4271282033
403000,460613.8155024891
195000,102051.18483294806
430000,448680.9388923915
670000,653770.3861826495
440000,385158.96363015525
4300000,4472279.089373939
500000,431045.4572550692
590000,556192.4023842769
340000,328986.83864459465
730000,730927.7936113332
185000,233157.77432641725
450000,472374.29484762147
1400000,1386773.8143273783
230000,271107.5956373072
1090000,1163481.5390686044
550000,479906.1411817027
520000,509915.509658197
800000,766462.9856767968
1650000,1859467.367026586
800000,950146.2251373552
660000,636696.1270176127
300000,356827.26214616746
3200000,3139677.659679791
350000,339486.1179248123
750000,665611.4058493859
540000,560310.201175926
280000,302701.35913654015
370000,352895.038712484
335000,364391.5570710129
720000,701065.8744505421
1200000,1268882.2932281517
790000,725268.1478601437
799999,939971.3879241969
270000,206532.62699168705
270000,360334.47273991554
590000,496785.39820368227
350000,378429.58031067555
980000,993376.85400818
1300000,1150360.8482289917
790000,740579.533478435
560000,569975.1377229565
220000,154653.51337341714
400000,359060.1292472796
390000,394529.5812538768
575000,663825.6365787958
450000,448148.82821407437
300000,288569.9291409793
550000,525969.6016796519
295000,235510.07820009426
2550000,2494401.810842882
500000,507492.94011258514
670000,742022.7147940245
330000,311365.05901424086
65000,65484.55245829313
650000,659696.1129976516
130000,149480.36102066864
180000,160777.38344694208
200000,236194.80721603616
570000,551892.5990597989
920000,996316.4523191387
275000,278691.4308452008
690000,673694.4032866682
700000,666011.985489372
827000,842804.295261621
260000,238020.8798154734
460000,414825.66953250696
250000,233154.58155194306
1150000,1121118.2671324394
525000,630650.512963577
570000,565938.6462499287
475000,445342.40335560223
475000,465054.3458309454
475000,636205.9431034485
370000,427493.7052262335
730000,853559.3161461087
90000,125439.63916542802
2875000,2992919.5035362723
950000,983823.5384415234
715000,730387.950933411
790000,721677.2154416934
650000,604563.1817750953
580000,573187.3529036664
600000,698730.0495664417
145000,158595.79879025934
500000,516214.69373289956
620000,724767.7346019469
550000,654023.6210059455
320000,291559.0418869405
650000,642236.2828250377
155000,125167.43237811618
230000,226099.37331820308
290000,355063.3705458506
360000,360255.35421148356
550000,512372.00337255734
550000,643864.2293413719
205000,205787.52482130338
600000,566412.0050813601
560000,480546.14851826994
900000,900985.759829656
700000,728254.1970660518
375000,401963.6143075116
3750000,3941931.990669262
270000,251858.52104305665
3250000,3135167.677155358
745000,755641.623539012
550000,487030.6955310465
2250000,1781062.8894018608
245000,341567.3320820743
2100000,1083008.082803306
4250000,9172234.894186264
680000,732447.130229952
220000,180791.7430142469
420000,410725.2841129323
210000,242353.25180744205
120000,156202.31258592807
520000,464975.4987030072
450000,574419.3909426491
180000,206653.19221001898
470000,479183.2289720883
280000,260706.31804994907
800000,578896.3412260286
285000,355836.0886052176
320000,294369.20783355733
690000,657349.2312919428
815000,809840.1921143159
750000,742493.723938544
200000,200110.52858959904
320000,286894.0041431107
1750000,1698850.727802862
125000,117456.77180312766
570000,593224.7009681779
660000,537275.2037755755
750000,645529.7925334873
450000,558308.5685375769
550000,467801.7895552447
600000,565035.8844862878
520000,508690.21946280013
445000,488442.4003780491
575000,580535.1914862356
530000,531827.4270526245
380000,348577.13767344726
1200000,1096969.0875752335
1400000,1393152.71491149
650000,670130.0582769595
1150000,815381.567285004
570000,707996.3210710526
347300,317138.671727915
200000,346776.770069188
350000,348682.4124685884
720000,497874.2662539669
445000,428909.252325517
450000,395385.07191768376
320000,299093.35862201825
1150000,1020369.3963835688
135000,141437.87279627638
800000,877289.1253353602
625000,518299.28935721086
155000,202362.74268710066
475000,457415.750346186
320000,315131.3810991333
675000,628330.5315291451
265000,241446.24595475418
465000,448837.62540871627
1110000,971320.8790133343
580000,518959.28631780006
545000,461864.8735806057
810000,758118.4106953588
370000,367985.1109717698
350000,299246.2471966475
700000,777854.7677048967
720000,826289.709205303
760000,745509.6987079987
4800000,4322276.597823171
2600000,2434942.7281781067
790000,763929.0569324908
2100000,2300647.663762766
1800000,1715498.0406113497
1490000,1354792.9796663653
750000,624391.7544380857
3350000,3561677.196170903
840000,968432.140672901
5400000,4104818.529651507
560000,529894.2446262763
4750000,4595134.577920361
60000,148952.87533271048
185000,205798.30814133145
735000,660101.1096342567
195000,209507.42466201066
495000,441490.18425206334
590000,607564.5978022316
770000,695703.4727890088
180000,304221.014848579
120000,111717.47091554028
110000,131818.95305804038
1500000,1449552.9359548145
475000,411254.16168992035
1180000,1070184.9566470897
560000,587840.1375595805
600000,608132.8621136969
1250000,1239295.7171474947
1900000,1967366.6627513643
800000,726949.9299840631
2750000,2140458.298683959
950000,1198027.3263926664
1900000,1384603.7889220333
300000,284226.10253052943
1250000,1035370.2272031817
230000,266017.89703915495
770000,549230.5238529043
600000,597598.3264848399
1250000,1464604.1864202395
250000,267731.7677597303
780000,782441.9833592689
350000,291381.0385009463
510000,529263.3204181925
670000,645622.7020957167
250000,231463.5539142028
435000,416654.87446844106
1120000,1146598.0294026341
335000,334894.40981254814
175000,153067.48756880334
800000,811488.4476638658
480000,389182.84388294205
550000,533782.5827679099
400000,384834.5577067326
820000,756048.7328120334
1850000,1945248.2683730414
820000,800865.6936115297
290000,306080.3925915343
1150000,1025733.9222625354
680000,743895.3373302905
60000,92875.2653186528
270000,289501.6401268562
5200000,3968206.5323351747
790000,790925.5160247986
850000,800358.0624974779
560000,532340.4654358566
15000000,14961007.56451564
450000,372457.6008987452
450000,439312.5486569479
2850000,2689685.9411860923
750000,634286.3051084075
1150000,949250.7917803031
3700000,3589018.143687146
970000,977146.0405170766
1600000,1563686.4264750106
365000,398278.5011555058
1250000,1183141.668859074
1100000,1094427.5065619298
240000,265154.9756259107
1350000,1179058.2055423146
750000,787993.7393431901
1220000,1227357.1838160446
17750000,13845386.30830787
1200000,1450992.983976182
1090000,1052317.7203899105
650000,690941.4657181578
180000,193412.23864805212
230000,214786.97957754735
360000,380900.62791314756
715000,801833.6422054692
1000000,810476.799462033
540000,589432.3632325275
470000,477101.0892001627
730000,676127.9935225225
340000,327992.20947906555
3700000,3914400.2441414474
370000,438285.8024528592
550000,561495.0599432107
200000,220204.0417451709
450000,518310.4406963233
650000,685511.3823093256
160000,240076.3789107988
850000,724473.449589926
300000,300521.6881936418
550000,480078.8574950836
370000,438405.50530726573
1850000,2042002.8569472516
200000,254283.9215875687
340000,390222.5007636599
300000,284682.4406487611
450000,472287.27718740597
2050000,2043158.5558616798
4500000,3936824.3927735486
50000,3602337.2365649403
650000,640804.638490063
900000,905976.757134194
1350000,1314858.6043106772
1650000,1638029.339193932
800000,672427.6113616378
570000,597414.9154429112
430000,464531.8190205646
440000,482742.05838520464
520000,595021.0279553047
525000,523969.90772205143
110000,146301.62005876534
650000,634780.7731837715
2750000,2890646.216196414
810000,764893.933766548
735000,727868.5483633883
900000,706228.48185752
525000,498308.5623947384
650000,606300.4857643743
750000,754430.2348813963
310000,258927.25815011904
2000000,2179122.234465412
700000,723783.5855112383
850000,739169.145145028
400000,441017.6670111263
400000,363757.843384616
340000,302268.9018650631
225000,202605.4425996993
750000,726436.7762109675
950000,1069436.6522884725
1100000,784363.8611764227
140000,137369.63949956404
400000,298495.4928199077
260000,251566.3933272256
270000,310220.5682616432
1875000,1924549.0272114952
1385000,1225524.2181116757
895000,795398.4614702517
1250000,1026834.6100112341
990000,1108602.971464619
310000,266293.5347101603
320000,322832.94199024694
880000,869578.1828580681
175000,219655.42622987597
245000,223456.6314560876
290000,287554.31592887774
440000,446043.41790017614
1580000,1599856.9140753308
1350000,979493.8836743253
210000,500116.9559169506
4050000,4022338.683050256
425000,452381.1537783651
1620000,1661712.3559087506
440000,412083.64341235737
370000,407524.8559320553
600000,598564.22416135
520000,527906.6326952513
230000,247107.89892697637
975000,961325.5550661939
160000,139381.75103084682
500000,600243.179988308
330000,376902.70085879246
1100000,1045430.9897167473
2000000,1839617.1875930452
500000,484901.3912528781
1600000,1225898.6151563807
750000,818376.5117001445
260000,280450.66618035565
320000,303042.80322086613
700000,625032.212174505
1500000,1440725.9427110166
1350000,1222420.3425625372
1100000,1192929.156327088
700000,781362.7994574828
1250000,1251864.045713925
1150000,1134641.5511636576
540000,452206.6688959986
450000,427586.4087369084
1200000,1093264.0005527711
330000,311340.0145359619
840000,989138.8107265438
785000,759263.4725188446
600000,680180.9400568735
880000,851232.769599382
2300000,2258127.021030965
2799999,2871281.174117422
700000,2609222.137869366
485000,395375.4470201248
400000,462545.9183568168
820000,769263.5336606707
450000,423197.742724096
780000,754537.7033461154
2300000,2092973.9979921952
400000,409083.20575375296
450000,484064.4141283787
3100000,2890742.3768413314
700000,625471.9976247167
1250000,1308259.4178499756
4500000,4205213.831496721
1300000,1202084.2941902278
1900000,1968829.1091013674
730000,785581.8802342761
760000,599428.6863345539
285000,281450.46345997974
205000,216339.09319233338
250000,245129.38830715505
570000,611116.052509331
900000,888077.2461661473
460000,461519.6939621925
330000,319509.68694533274
590000,532075.7673489286
875000,899429.6146026053
260000,232270.53691250164
460000,354978.00330763066
1250000,1106898.7900410725
4250000,4393543.039997527
670000,777192.2707150182
850000,898550.4531821972
570000,566878.7445423343
265000,253367.31463386433
670000,617571.1889617683
390000,348475.4999185916
525000,568770.1638079287
430000,520056.141251711
870000,945285.4097274567
1870000,1830721.623775774
650000,658104.7846587409
650000,639708.8853554194
395000,342464.88150562654
950000,751275.7771829545
230000,277868.61022260186
690000,846516.5349521211
380000,360544.87969364045
840000,832605.8560306667
375000,407506.81544889515
150000,111807.8375306413
1555000,1497883.1624082157
380000,382903.59581937984
550000,573623.695042778
820000,857841.2725863192
1590000,1865937.0460536089
300000,294991.91341071855
270000,243476.31197443538
575000,668575.0729083222
1000000,966859.1718942618
440000,313053.3845217271
50000,86980.06299207581
46000,50897.54108899206
790000,738027.5037003761
525000,565551.8154464732
550000,557784.2312629959
800000,908997.6835244645
1080000,1142838.3189505266
3300000,3430644.6227453495
1400000,1664457.5960028223
550000,531896.6467149196
1350000,1211837.480623054
250000,272929.637649686
260000,220537.05784954916
1950000,1956330.7185361048
700000,665863.0931111593
465000,460404.1165847294
450000,447795.8844816784
280000,332540.441271987
510000,553587.6663844968
175000,198200.6355364364
200000,193326.5549784615
170000,201427.38785642158
1000000,984246.4552774268
1777777,1559310.1515119076
460000,579959.005289893
300000,287176.69421154313
550000,485755.81941629556
400000,330008.64381980593
700000,695439.7846338196
780000,642478.3059500288
350000,309620.77198312734
600000,483661.7906318418
225000,247272.09479077766
565000,620256.3299022787
490000,549787.3403143719
780000,926613.1026810989
415000,441100.0950675594
1875000,1780902.1203855816
200000,202647.21934124292
270000,290499.6942957134
670000,609511.1457615817
600000,548376.8049389897
1800000,2020638.7639860061
750000,744778.5148157029
470000,393068.0910682741
350000,297875.87345058384
70000,73653.40868252928
540000,612292.340908931
270000,314835.62285668054
280000,284454.1050208827
570000,591549.6483541336
435000,426884.3596047568
700000,792495.0184744988
1000000,891216.8508576538
185000,177856.77225509027
900000,895194.5288192425
320000,322375.6275868148
680000,680593.9315673701
150000,196002.10067286584
650000,417267.7698140455
265000,227138.9022770897
700000,757175.438841935
230000,288103.604205072
300000,259314.9306006199
7500000,5036261.9982340215
250000,254003.41865635078
1390000,1245621.373594549
1580000,1489664.098523955
380000,447758.2244212316
700000,729900.355812569
780000,808000.6026208692
570000,558914.4310434514
560000,503754.2170614342
420000,334174.29378059274
4300000,4449864.898308419
4200000,4251349.173358508
6650000,6652360.423021075
570000,445394.47984981793
310000,281474.365951397
860000,891067.2963452687
550000,555892.6174912162
850000,1006560.3763541552
325000,273250.6058235163
520000,498308.5623947384
485000,468564.691032807
625000,631101.2202846574
390000,383346.0616912498
170000,193964.88729267547
400000,459247.14511442115
600000,629278.6899967897
800000,571020.9044266886
1100000,1282934.5262217293
590000,531684.6439105339
450000,377486.2046541684
280000,349639.4903767493
830000,815326.8551200324
840000,809005.6071790763
250000,278843.53023285186
340000,322880.0042198539
810000,821543.4756678484
1900000,1707191.12829869
600000,532196.4962474636
1300000,1174430.7665859144
220000,230805.5430494763
250000,226320.4263367264
650000,625452.1450670649
270000,260200.28870507007
1100000,1109304.6182527344
1925000,1920625.1768386124
160000,189641.8299374419
900000,754384.745359942
510000,552122.5158810148
970000,1032756.236298319
580000,576441.588472099
575000,636446.3022312961
470000,466331.4371852878
200000,241864.1246789521
9000000,8364142.688818711
130000,157915.74872195034
550000,536556.0810376293
85000,86259.63300207825
370000,321943.7867166998
450000,466927.21922272886
9200000,4702798.408483018
610000,593278.8475421221
450000,498555.43016457185
1600000,1570431.502698943
350000,360390.1261526482
1650000,1934283.3014614487
260000,238131.71972744347
360000,356161.8524153175
2100000,2162252.359280865
2300000,2737241.4146098853
655000,617228.9014248835
225000,321765.53666928696
1900000,1847185.3272472094
600000,558287.1775022387
580000,586942.2271388692
390000,451555.99206163257
980000,920576.6780980973
890000,1023441.3462678536
260000,310702.7494670255
230000,235360.36815942425
780000,825924.0787251834
425000,434967.5453150669
510000,499630.5886964462
350000,303758.7028076296
3200000,2336402.8720985907
800000,811382.8072986945
1250000,1159346.4019636486
845000,849440.5138088062
950000,1020280.5027369732
520000,646644.5122723627
450000,457790.17615887476
450000,534922.2968631575
540000,524271.37914126547
270000,307957.8514805546
150000,191390.95295257136
780000,768680.7437311509
2850000,2424979.567295539
1150000,1015038.0335905092
400000,441572.5767475913
650000,613206.3511194984
1515000,1390562.7779072775
570000,669834.375266556
980000,1056630.147363955
3750000,3098023.6119868546
300000,272134.3068466054
680000,670609.3968692474
1000000,1071917.3098707942
450000,429639.363017323
335000,324321.34179385466
340000,384110.1250192326
160000,136052.22026303574
250000,237472.0173930894
350000,324391.9093899382
170000,236787.59786996653
410000,450448.6469052637
790000,810976.1750611628
695000,698845.6262776242
980000,1071965.5179207274
320000,380984.558290129
965000,811149.5321089987
2000000,1951473.008378035
190000,231563.86738346532
620000,624055.8601215055
130000,141043.3755452828
500000,550907.2312669056
560000,550692.4096732376
399999,549157.4903416734
490000,515828.51351670537
2650000,2451877.814350806
850000,735848.0494920532
680000,673311.2238130813
195000,208075.96639099292
350000,325372.9643606288
500000,510975.64943710563
580000,550273.2874123575
775000,754909.995889434
145000,172327.0703750938
395000,325015.718195862
1450000,1482246.2457278995
750000,733722.0716293366
2100000,3034984.4125075643
420000,405348.4813981049
1150000,1232236.9871081724
280000,242711.86335130394
570000,457582.46093539085
700000,767061.3235863767
230000,259231.13329843932
370000,360336.1889166887
620000,582777.1521485047
2700000,2164222.7333299224
1900000,1963213.5094103005
440000,539810.6563382217
2100000,2133190.415755044
700000,645717.0465399716
970000,1018510.4934725524
250000,305170.11271577975
600000,652258.4798024237
300000,322789.7177081042
285000,299210.1944684995
800000,761273.2556378326
700000,720210.114624092
180000,173882.4522659402
260000,254160.27740556668
330000,368857.82544654165
455000,477990.270473494
480000,374358.722882746
5150000,4999051.515776992
920000,981592.5092172311
350000,333501.38813926355
1270000,1229789.6625125518
900000,984176.4798475461
425000,388833.87855054927
690000,775967.0616533959
650000,609775.7026781586
2350000,2347867.588012508
1980000,2262015.2952281856
850000,646069.6640858693
350000,330153.0070778947
410000,416290.2626080283
1200000,1225630.4947865973
295000,329395.3429635356
720000,716907.4307440114
520000,545387.8704850108
850000,1020327.5324434998
570000,632557.1173923492
580000,579953.2547280383
2690000,2784501.594699087
260000,306599.6594720086
335000,300966.86673573527
1550000,1469666.0497472056
230000,235982.2567596576
435000,426400.89011195686
1370000,1229510.9550281984
4000000,3783002.0995400343
325000,322736.73857981415
650000,874897.9497434818
650000,676520.8741593531
230000,198677.5087635949
500000,594956.511782626
2750000,2646123.1703443793
350000,312283.4447402729
600000,561521.2340337439
630000,667547.5975887968
325000,354376.32514544344
1070000,1149461.7567414322
220000,254873.48889822254
930000,869653.8480738413
730000,769923.6720703004
720000,739666.2173988904
340000,309606.92685771023
470000,349365.9856408004
210000,233303.6355567442
430000,448751.36804102466
350000,285008.830683889
550000,503549.38926987356
200000,206779.2456424335
185000,209794.33120033712
530000,542448.5875401292
1175000,1089602.165420194
690000,662244.5320418393
720000,796971.2335681259
700000,671933.638292128
160000,176390.7810930635
4550000,5378955.505370983
1020000,996148.927588847
3400000,2580402.326393562
230000,255404.52226471022
39000,64258.96134880726
1350000,1305406.9624354423
500000,616459.7659187643
580000,591656.012512364
4200000,3415401.5393678127
1050000,992765.7499229272
370000,379501.26497392013
275000,328539.3942479253
620000,570125.0905595836
950000,1054639.7995793808
650000,562902.4433366512
420000,512854.97391085513
725000,851135.1012447014
580000,605443.1732765703
400000,399849.67113888054
470000,539539.6187520283
770000,748369.2498456396
150000,160907.7408682366
80000,75769.28182286261
950000,922038.987257124
790000,671530.5086505875
730000,637295.8270108807
1850000,1871015.724183724
510000,563166.5026856492
980000,1002110.5735521986
2650000,2661839.249004911
525000,477647.00355303957
1200000,1398206.611803001
2000000,1963064.514897252
380000,366755.96948089206
620000,600354.4196556826
670000,717439.0732524664
1580000,1460828.8630753646
420000,427113.56656801986
300000,298870.92773047765
2200000,2097098.1341838497
1500000,1536075.669958169
550000,582665.4661706281
1490000,1629915.831219659
320000,305045.5552957604
2700000,2487211.151583334
1150000,1020486.5184997984
720000,679023.5289972166
170000,172411.57269216626
750000,596341.2141334198
1000000,858968.7956562088
700000,691360.4236551619
400000,430794.18778340507
720000,791112.9768465977
185000,203648.5445367302
250000,300776.9753229507
625000,869530.8087114274
530000,519179.6357637533
725000,848721.4534447175
690000,644613.0994043889
320000,294021.14923640515
320000,281710.1245249749
285000,288944.2227742811
430000,401390.26378839597
850000,732486.3022720953
380000,375705.66171201924
1300000,1246824.95822816
400000,388681.1687205308
450000,411310.75604960904
500000,483692.4504582505
2500000,2363129.6498875585
315000,227599.55452275582
550000,490540.3215366319
650000,572123.3517253093
700000,713727.6528843676
360000,367827.57496641
640000,590808.3355148879
365000,458341.4008088413
270000,213617.92859764252
510000,578916.8612473751
575000,650757.6757606679
1215000,1206644.7652553816
380000,320276.70311168267
1070000,1055212.644718756
180000,224159.107015656
800000,741840.4305189
420000,521990.46079660306
2000000,1884960.3416096838
450000,381505.5977095599
2500000,2780598.4639519625
450000,481961.564592201
400000,240979.85546071696
3000000,3390624.500302422
730000,754834.4096483163
2150000,1888404.9252773828
550000,614694.7501202462
730000,840686.6541703307
2500000,2456176.4396444596
245000,284916.87752420956
1750000,1920558.0507485105
300000,316938.12043481035
150000,144588.32453602145
710000,687636.0607750887
275000,270800.61411197676
660000,674227.6162420104
2000000,2019259.299246871
740000,755263.6550484224
1590000,1368819.232976184
530000,428963.9786511972
200000,205649.21554287913
385000,369344.8037672945
280000,318421.7029301236
5750000,4689300.348388288
340000,331775.79314263974
55000,84521.76417624667
380000,315794.82962761144
2600000,2311495.6201744364
420000,431838.8000653417
725000,880516.4716914607
1120000,1268880.244184139
200000,263236.8926532935
210000,203699.90331843955
735000,589952.3440063596
2250000,2087124.4153050445
1350000,1348586.89331471
380000,387704.6825826231
660000,637532.8901672182
1300000,1446370.2126899534
230000,203421.57361225825
450000,507535.8844312282
1250000,1050722.1208364018
1750000,1676784.9332309468
1150000,1212438.8539221147
680000,674042.3886317009
410000,456968.4035967029
650000,779421.4230693979
540000,466613.1103344345
350000,276771.1770712927
550000,532748.713154504
700000,750570.0724559531
585000,591541.4898849711
130000,102794.41244130583
400000,341728.45113407983
650000,724986.722400474
680000,649960.8739386642
1300000,1341324.925419217
650000,605864.2502639287
350000,245722.5597014246
205000,203420.64913286493
250000,269645.8990661857
1320000,1151880.4086234658
410000,451941.7406902107
560000,559761.8337302515
1050000,916414.4197815397
400000,356694.78661616694
530000,492563.22654558014
600000,591490.121679874
480000,402790.9719562106
650000,659468.291681285
1400000,1513547.5196579695
500000,567019.04348758
495000,443711.3510970589
1480000,1373236.4770336193
115000,125086.92427597044
280000,277670.10130727716
1350000,1087895.9763669164
280000,359993.31302011374
1050000,957627.543421627
750000,702410.7619067943
3250000,2702338.680273469
780000,726082.3134351274
750000,679806.5491410029
260000,190799.91414684366
800000,901348.4087325844
570000,581007.2426467307
660000,627851.1950889982
1050000,1246175.861947021
380000,471001.9260207221
410000,398229.54824701045
610000,522695.7520901123
900000,880684.4774492112
400000,463401.3439380918
850000,919353.8889064793
1900000,2080556.0865972883
400000,382507.6193638561
925000,975351.4071512363
590000,578988.4971302297
620000,732256.5979648493
2000000,1908488.3790650037
465000,469542.65413532045
790000,827009.4967826242
225000,210748.87619960002
480000,510359.6701768652
350000,476922.1830266795
2500000,2321811.3883115123
730000,698925.8013721019
750000,691441.2436089955
1330000,1256265.3493760638
400000,399874.1618482617
520000,513777.41524302197
280000,304121.45614726865
1200000,1002645.8898964479
850000,770571.854390766
1050000,958243.9327480984
350000,350521.22501351417
580000,589503.1990871954
370000,356233.62439089513
800000,703645.7895868793
820000,718427.4224466096
3000000,2865624.32868411
375000,360025.0707625895
550000,501075.7214693086
620000,662267.928709525
690000,659868.7656835968
719999,647900.7180715994
2400000,2461778.2123844256
600000,577032.6041495143
390000,375282.46888621466
1250000,1065066.3518603933
490000,456679.8506863474
340000,332188.5539496313
585000,622192.9358910111
575000,518410.0548022495
250000,256887.11833145798
80000,74312.06984943259
300000,288519.39298996964
180000,200061.7234118522
535000,551614.3847349482
750000,812556.7561417568
530000,469023.32248275535
260000,336655.01284428674
775000,755369.9348888518
680000,728035.1677196214
820000,774007.0557002326
285000,292845.6239519354
525000,599744.5934440274
640000,652179.7343501404
600000,565863.5821989441
360000,301023.8444506517
1250000,1002660.113148874
390000,425551.302418999
140000,152093.52508158344
1150000,1094782.184040278
630000,541339.5688492922
2950000,2232804.2402091646
4500000,4206893.977105115
2700000,2664197.914395576
725000,730815.7795085193
770000,718473.2748879544
125000,177619.95951894057
300000,266961.87584119843
600000,514641.805658337
870000,701864.7511440115
400000,490431.6495984299
290000,326570.5066900717
630000,753134.656364769
355000,395160.21570364805
3575000,3762411.7061977675
490000,517390.6759386848
210000,258945.8927481748
70000,66366.1678675018
190000,229162.94556709676
135000,104640.90241947932
750000,694513.376889929
1150000,1232451.9394620683
950000,971599.8184338609
125000,142996.09050016213
490000,553401.7965887237
310000,268796.1979107672
270000,293907.9523716828
700000,559592.2462801323
250000,255180.03175969227
1250000,1287295.4384557724
495000,526446.7616723763
2750000,2772632.997572563
255000,257237.22079034106
320000,365502.40332447976
245000,290279.09455389506
660000,679532.9385950017
225000,293409.7383074433
575000,613109.7777717243
1100000,1236506.5818269243
810000,890453.91843988
660000,745067.5830069556
1800000,1810188.3879384203
800000,673180.8768783625
2950000,3424739.4363953033
1350000,1407663.3499134416
270000,236994.9252935593
450000,563537.6008671549
450000,420045.22534214467
370000,327280.23891467875
490000,435639.46857352386
900000,847577.5273905036
160000,156544.7312303403
520000,530426.7248672376
1250000,1249668.7936149307
350000,359048.308431167
800000,796579.8547005544
480000,471053.1023150267
1690000,1729204.6915830767
590000,630408.6972673174
300000,293903.5752528
380000,460490.57743110345
285000,236551.19215051038
275000,341540.53279111674
1550000,1420819.896317195
230000,255473.65537620283
1050000,1029900.4918556244
540000,581411.1721003794
650000,507312.9659082957
1250000,1427232.4514917086
350000,363936.7716209348
680000,717824.3802757125
940000,1148959.0429323982
450000,370431.5266841906
775000,790822.7699092499
995000,956355.1352680626
950000,900988.346639828
285000,317092.6437949424
620000,599855.8907078778
360000,330861.7226753851
65000,115543.83041140153
65000,44607.47843092387
375000,318055.73085788696
450000,485133.4898189962
600000,659885.7623354865
400000,392679.4862010613
300000,267290.4248085343
6749980,7724102.317457755
1150000,950854.1580615002
2000000,2057782.2839494694
340000,339902.6435580136
650000,660447.1877677132
450000,414244.6446640025
550000,543623.0575162534
900000,917626.6644857209
900000,814442.2442130578
680000,614037.179707516
1050000,1232708.1525742747
230000,283190.43389742996
1500000,1565777.9995640009
800000,841093.183515595
220000,241860.79629328893
290000,263877.4240902039
500000,529554.7539698922
355000,369309.1532159461
260000,277401.6909761407
650000,652844.1810158071
500000,875740.5439278476
642000,656956.1901144701
100000,152525.06442863468
4900000,4198290.844578513
200000,275667.72471792705
5000000,4694288.967015872
2650000,2569126.4813413136
1000000,701576.210670583
4500000,4262917.144089231
700000,733858.7407592863
450000,512838.7585196202
1400000,1410673.7211594465
470000,485399.1450523118
920000,830719.4828318866
1420000,1349367.5452453115
500000,541637.7546041962
200000,220185.6125793772
65000,46213.46938688514
2550000,2549738.147559292
1250000,1173883.007711968
460000,565792.3822329531
470000,450457.4124857794
450000,347781.5942318045
360000,352243.92883904045
1350000,1409935.1015071534
1200000,875165.3014096671
2250000,2080906.0326751077
3200000,2658545.5916202236
415000,394368.0722224772
295000,299568.82485459466
560000,609462.5952114606
240000,243040.1297125214
125000,117952.62426905167
1350000,1643136.196957457
4250000,4251307.682061901
4100000,8931716.530246278
245000,255180.55137864695
4000000,3475358.7701002364
547000,541139.975789669
1350000,1556259.8740860692
310000,330976.9987645053
500000,409214.09129925404
300000,361538.68960776454
900000,894555.3580067647
240000,212585.7761340075
660000,608841.3286673592
840000,812044.4103560306
2400000,2247996.5230307714
480000,662403.598565882
3000000,3274196.4354814836
850000,875835.7828677268
12250000,11368970.464193907
680000,636092.0133684789
420000,453466.50944690104
2600000,2589310.660724959
950000,1025537.3474232533
400000,475573.9833597632
240000,246688.21194270003
3200000,3237680.2579665734
250000,282568.50538716145
1500000,1537794.4042370187
620000,638897.3823419345
1200000,995710.9242728618
750000,791029.7206584554
810000,849799.5355973901
520000,508819.6831327671
285000,284045.1303388854
700000,708460.8024045285
640000,692170.7373799863
400000,912003.3217136316
900000,1112203.4190497815
770000,806099.4427155606
1050000,990602.4524034595
850000,865146.1745678517
400000,1026634.6418527404
950000,1058382.511423775
225000,240830.1607861381
270000,280076.2112023401
1000000,982845.240493617
300000,306734.4051207358
155000,110163.42710041974
250000,325130.346659515
950000,890918.7355384028
720000,713405.8180404752
1100000,1088145.9688715362
1500000,1725186.4243681724
120000,166248.32017110946
1350000,1265194.7067180562
120000,142753.3124458234
320000,298541.0308968469
570000,552762.6554814805
1600000,1576214.5117138517
400000,416457.957683502
2100000,1961011.9581541477
550000,553242.1891349218
1400000,1224552.4757479983
395000,404381.88758255524
2150000,3017487.2425306523
3600000,3456318.0540680448
125000,130762.39839136752
230000,234986.36657384658
2000000,2104197.8383767563
135000,156354.7379714335
560000,548412.6801684693
149900,149752.7942199255
90000,156813.54416502398
650000,734500.001812548
700000,716286.5460752507
200000,255995.68102354743
430000,482576.0641892145
85000,80027.88827372604
950000,1004348.9197110074
690000,716392.7182371625
520000,592878.7142703496
1250000,1315836.5600029863
350000,286471.0058942713
1000000,1116303.0921060976
1570000,1559351.4302969216
1100000,983059.8653387424
850000,747471.2388985147
650000,629633.9475606479
860000,969526.5822161378
520000,506759.0884400166
255000,233326.98927160772
190000,232361.63833561845
1300000,715124.8960652973
5500000,4797831.413847444
1300000,1171328.5683486648
345000,352072.8550136096
580000,618269.448803485
700000,677440.7905568972
1300000,1146694.9054718765
540000,530754.1307076383
750000,511305.2368702428
600000,645671.5494165437
56000,61630.29682520063
210000,275416.49036509456
3600000,3428341.1658659396
950000,1021983.4617107853
235000,216260.47997057583
450000,402053.32119550457
320000,284137.69498476933
89000,189187.32615899714
870000,979488.3897204072
375000,381332.89755293983
760000,814181.7978312151
3125000,3371202.9092717334
700000,742055.5352999656
550000,634679.4477563681
325000,336561.74138658395
530000,571048.630306783
230000,200527.63385830578
1300000,1083903.4887594439
260000,219627.84956776956
600000,642179.7634367197
1650000,1594657.9390406397
1499000,1555810.3690826443
470000,512285.61539702193
550000,555157.622658644
600000,637729.6785247534
1200000,1109637.9748668906
550000,794628.9982482719
900000,854462.04685354
3700000,2523565.9046803913
500000,542627.5846256975
725000,777137.3316213517
260000,244617.33166608858
190000,326346.1297369582
875000,869577.041428654
720000,775241.7006680417
1790000,1804164.9631494095
630000,636917.7183215502
100000,131928.86873023675
320000,271389.13824415125
1200000,1278585.0639188932
600000,631007.4171652335
1150000,1014274.7454205131
290000,273159.79315006034
400000,443586.5585512328
250000,248948.15314585506
620000,577827.6836965724
300000,358169.12034831627
2600000,2711540.785958434
3900000,3938830.456583225
950000,910625.548766068
720000,825149.1036839775
300000,332022.0214406895
710000,732093.9972227395
235000,335088.59182115155
350000,340751.2853021777
610000,656895.516112917
450000,458278.7841251804
285000,287299.63213661045
630000,626327.1829842799
200000,231862.63530294012
230000,244136.14692522463
1760000,2054323.9528806235
220000,232702.5340171994
260000,186395.1009548751
780000,891607.0911629295
150000,140175.4511421831
320000,370859.40816176415
300000,336584.0583937668
365000,370856.5818610252
1200000,836009.4158225378
300000,264924.36857904843
290000,286894.64820806077
1000000,1202702.252543327
565000,609747.594314723
325000,377503.9127207498
480000,479445.8516645787
630000,606702.8897412646
2850000,3520108.6284926794
285000,369605.8275107188
550000,534959.6701697335
400000,372548.832710957
1150000,1177429.2419308568
145000,130299.84513946321
875000,999099.8333510063
185000,315793.7588622729
2800000,2259438.257616538
740000,838505.2960227161
350000,374488.6215660086
2800000,2492903.7137694582
375000,383097.9715987836
450000,529764.0622169747
350000,383736.5638709126
1700000,1687926.877804146
2500000,1409526.8823371865
420000,445309.8724250925
3800000,4229489.959160511
700000,468001.19951357937
1390000,1800536.983712864
230000,242634.88218945925
1000000,1140667.1939332082
175000,175850.69238514674
230000,212813.5604247798
75000,74335.92484765081
675000,793653.3581834257
615000,635968.0636210281
380000,355491.4690590337
775000,791715.3657374163
600000,520875.0865307839
350000,377489.72455423034
2550000,2314547.767774792
150000,107662.78608600816
415000,435106.92777786404
2650000,2758470.372245809
465000,485861.5591745049
320000,306832.18819533614
3900000,4133258.858620017
925000,924753.7544131423
215000,323895.53873669653
450000,402295.6960065024
610000,605363.5194907712
255000,301930.420827881
260000,291117.8786921995
400000,396192.58660136006
670000,601878.1324161671
750000,846469.0899697357
650000,755008.3828994988
275000,233766.02479450425
365000,309162.5953434801
675000,585327.9023689714
430000,472642.5497091217
2500000,1808061.5974989717
430000,475989.2498183298
1600000,2045414.2131415089
1400000,1492910.8486574811
110000,134279.50767199555
4000000,3749862.980502194
800000,735598.2241762637
1300000,1292986.714491599
4300000,4375634.461872028
1270000,1270367.6037678872
500000,441377.98876695783
720000,691011.4389252949
1100000,986198.2963170588
995000,1173379.0723096489
430000,457146.92779652687
1000000,780494.5081832809
520000,513889.6588430277
335000,361442.30900613905
640000,720273.3206010048
345000,363977.55577682663
540000,517357.17702263314
450000,549044.8983541605
1100000,1092601.8750445573
1000000,933767.2060363464
400000,354131.8435425662
300000,372607.9455074873
750000,743888.9327135467
455000,413604.1555139921
320000,363800.70917111565
690000,581446.5474508574
1780008,1893809.2805974518
320000,292510.69171673764
675000,694657.0332648233
260000,262891.2220063066
6200000,5627004.652612731
180000,122704.89571328976
170000,238006.4315686012
775000,782356.734286544
1280000,1183009.3912471929
150000,180159.7680599728
3500000,3511780.9113478577
680000,668092.51994494
4350000,4308423.791591979
550000,564696.9989029674
630000,647623.1165483475
240000,234742.65222568912
750000,790688.6336190882
690000,696892.2695913771
280000,324561.29578127066
620000,586192.2187889013
650000,613409.4421878062
470000,453479.7174100722
800000,867381.1802798429
700000,762309.2750164885
490000,393780.1714816807
2600000,2426066.0503642107
1950000,1919960.7945630613
3000000,2593021.4015803956
850000,878093.4503994039
1950000,1943977.9684975462
2700000,3525455.1494672834
2600000,2953043.42412148
2700000,2833949.2601176854
2200000,2187948.734535992
230000,235358.66330470014
370000,377597.7197629485
550000,557212.8918789793
750000,748612.7625236161
530000,506497.481900605
1420000,1148239.5151514753
385000,324687.50437009096
380000,338758.43887907366
315000,289786.7985383688
385000,618175.3104092408
860000,954734.0947943771
1900000,2139400.305515364
300000,248732.57574263966
310000,362527.51433820935
360000,354913.4139592914
580000,552899.9994957435
260000,244540.6550557987
450000,443143.59944711096
230000,281618.4777779007
1850000,1541147.7814601383
655000,644839.7085931933
350000,350653.37834367517
500000,512694.21380573104
220000,267300.63952701766
4000000,3099323.3007776234
300000,277497.218506446
735000,738150.4083991522
340000,351837.63287111867
1000000,891711.1049579141
900000,991155.028742611
700000,516662.4222226852
440000,355317.9803344501
2000000,1996089.7139016674
155000,148557.10384647633
185000,230140.04591147922
400000,411867.5340632663
4200000,3622986.4135981365
4100000,4077891.5797574967
960000,1155669.151438292
1290000,1364118.6199829432
400000,385700.73268580716
49000,50934.585489225145
170000,236674.3426081129
300000,308571.4513307744
420000,390723.3786195211
1130000,1032302.9270740962
270000,263868.63217671297
380000,427114.4699034202
550000,586239.5942539448
580000,821704.4984780902
2100000,2027365.7621632884
690000,644110.4427898746
150000,143669.14988130558
1900000,1750466.9396440578
1100000,1000989.8029146594
500000,585584.3017341289
475000,621838.5001592751
1650000,1319582.952203081
600000,531573.897456617
350000,457081.3400861749
480000,471027.6009709282
650000,671743.3039051115
500000,474337.49439603963
445000,496191.179140826
1375000,1185078.4946707098
120000,213173.23833172
3400000,3039083.622867855
900000,1009359.094930596
120000,120126.44363574414
300000,307476.2030464315
445000,444319.5032104123
1420000,1483915.6019971657
430000,348169.86727473384
1430000,1351402.3325358538
4850000,4793434.244385321
750000,835172.5857101537
725000,710729.2603009131
1600000,1003714.9416612652
250000,206294.21277971013
3250000,3485438.5622834773
730000,781703.4582963779
460000,373638.88204415195
510000,519152.736193452
400000,284814.10980573023
220000,252196.0958860532
210000,231135.0466941157
70000,74647.60600393682
480000,448187.4373410324
130000,162030.4398216389
350000,362921.6928303407
1000000,833653.6533858352
290000,361773.18692599767
475000,444488.89123742835
810000,828760.481789974
590000,570455.3851774341
5550000,5422070.252802396
3600000,3513784.7607646547
700000,876767.2375043198
610000,568481.6945419351
500000,567524.3084263145
400000,467299.9052539927
440000,523794.1398123008
780000,838606.4039850911
870000,976858.1738758682
60000,50581.78164422332
250000,245523.01988125363
1280000,1214760.004043162
595000,485626.5774347045
225000,261744.99511540149
750000,696599.6639537537
340000,314436.8713902917
670000,723461.5389519001
390000,403551.1724600445
540000,593940.1935587124
1600000,1694873.0453304616
300000,316320.7705615347
480000,478704.3664442767
900000,1032916.4737654761
145000,201909.35342719237
475000,606998.2603792514
749999,884399.9816211131
1350000,1374460.5749985885
590000,640004.4047301246
510000,509677.3541882732
330000,305862.4117787177
1300000,1285679.9364007683
280000,228609.90830286164
500000,544881.652718699
335000,309257.0138375944
1000000,1138737.5188638375
220000,187848.2117528145
3995000,5349763.455474149
330000,363898.40365521814
400000,458589.40081572375
350000,323567.531622014
1750000,1860771.0549552068
830000,727668.6151355449
265000,277281.13262386515
450000,494293.93724574876
525000,670580.686824865
395000,408112.4132822108
650000,546467.2963435263
280000,284406.35135109193
1600000,2049475.922626064
220000,204735.1864013271
340000,351953.93463538657
200000,234516.17173022358
620000,604051.9683857601
680000,811639.5730459117
1000000,1021495.5612599154
530000,591231.9528249885
580000,633133.4238330675
1600000,1656149.9229228748
175000,139370.7774210211
160000,181523.4457369575
410000,466748.4467279679
850000,916257.003113848
785000,810761.6681090542
1800000,1727620.8851100788
720000,725564.2929864274
2250000,2052378.0942541072
1950000,2297191.5976753826
1450000,1411137.887448866
825000,762485.982209974
500000,564299.4506161733
3800000,3888042.313348132
315000,328298.5053050057
260000,289787.7557528153
1110000,1231429.4906516983
400000,456205.19274594047
345000,316662.41337462555
2500000,2830936.224080711
220000,212886.77579819178
335000,399526.55635643634
450000,456428.7931667712
400000,368066.30389489996
850000,687498.0336089255
730000,745956.49897234
900000,929033.2696250516
550000,552909.2344998324
430000,445244.1249629309
1250000,1169811.7818905308
1000000,1061434.4955893252
270000,257652.0948625656
250000,285645.18880096974
365000,385775.47071738756
620000,652870.7976711271
190000,172250.05420892293
355000,319273.11550859327
2850000,3222059.7742219158
1000000,1358079.7465885803
1490000,1382557.6143236193
400000,275053.40227009193
450000,488092.553158547
255000,321019.4529508052
560000,671050.4354980738
300000,254762.17606394817
730000,759008.8642632979
520000,567137.6090944464
295000,305064.0270308525
1000000,1107065.9460161645
1950001,214528.13329785076
790000,813160.7847591504
1150000,1185152.5588383947
1980000,1712717.4075126373
350000,289955.3193502742
2250000,2136017.232057132
870000,843349.6228967013
250000,259862.1112250708
1800000,1771734.6157206504
1525000,1310758.9711295427
255000,393976.1010524418
670000,712083.1606893209
480000,428575.9805005038
610000,515719.3259596183
620000,602315.0254553513
520000,651668.0483215672
200000,305908.74344007345
1600000,3104337.4151492715
600000,554707.4930427849
200000,189848.51744137966
600000,645996.134108045
600000,809198.8072082758
1100000,1145451.1711382112
1050000,1100525.1906172156
700000,743279.5653711676
975000,1114252.2693716655
415000,428773.34207439964
180000,152152.98696690353
1150000,1160047.6028689372
1375000,1965225.7488037052
190000,252211.15622024745
600000,601236.289170736
335000,331349.48495752335
580000,615562.9808484166
495000,585081.2196977732
950000,966006.5614872066
550000,589976.432536536
1050000,1265532.487683563
1250000,1035598.1997721407
750000,710217.5722946033
390000,472292.3970992094
600000,602428.2053658919
1600000,1831998.683305642
465000,511869.41999636305
1150000,976553.5305385161
250000,297349.7581267492
115000,135895.72736293692
1300000,1209558.8493132258
450000,537893.904791822
370000,346225.09556672873
1300000,1348243.6746589656
235000,257569.68124152953
80000,89324.49984862143
235000,276615.64312464424
1300000,1227001.0608925957
430000,452186.5562452912
3500000,1360957.4444627042
1600000,2391386.2283736933
210000,284353.42846566293
550000,527104.5742028814
310000,327396.6865111959
1115000,836083.9829414381
830000,773207.9617667738
570000,574716.1102973836
1020000,896706.6387279619
210000,196163.2158952692
510000,526356.4289446573
220000,185440.51501079585
1050000,1113061.996802593
265000,218549.119846426
210000,219967.67236352662
475000,494591.19997302303
1450000,1312642.4501496635
700000,673321.0782877597
550000,586917.4557767614
750000,661852.6180447038
160000,152157.7519638914
780000,779082.5004397405
280000,359529.3936993636
550000,622853.3334722862
370000,482979.0934552781
850000,971241.3474064942
695000,653559.3989388818
595000,603199.7629718819
1150000,1089515.3134157548
3600000,3275316.3103456786
1800000,1224550.1316813934
480000,524893.8419504635
550000,501292.8689619151
450000,518552.61433943687
2100000,2913304.1946966816
630000,689557.5734083434
1800000,1634959.7660367074
500000,457980.3064331698
1950000,2255349.075652671
450000,430674.130149863
1600000,1719393.139050768
380000,492048.69703024783
530000,564304.6578031704
185000,232600.65313804697
520000,650366.0103822987
870000,807423.9092466609
720000,701230.3647714109
700000,775566.258905461
1650000,1434947.5214472269
750000,769339.8890146714
660000,810324.1397973604
520000,522964.4451823176
910000,905125.1552848285
750000,784420.0436343065
165000,152157.63361233202
575000,619487.832507714
140000,140283.5250586978
250000,262276.58905285597
420000,584555.2782114431
1250000,1075228.6536715413
640000,793942.4351380222
775000,783402.7999561562
640000,705301.9573636587
400000,408180.1660256166
300000,241169.29334958742
485000,516027.1315528805
620000,593089.4015450754
720000,722659.8251352864
280000,265761.0860970245
710000,751992.263868596
380000,493092.87169781345
270000,300820.9026062334
920000,1248266.338519651
360000,349630.4513025193
360000,361460.8405718033
570000,564568.8816649197
300000,267260.741202546
595000,686946.3238487007
100000,138659.56064687748
700000,588232.7776357476
230000,246401.60031930494
1150000,978657.9326259568
680000,786787.1735861556
480000,511230.8157761065
650000,759767.81126772
450000,544791.7461901018
800000,989553.3697340012
240000,253619.21095640567
1400000,1338736.00509855
360000,379817.62884630944
1800000,1983698.020904148
690000,776196.1735462125
2750000,2930267.242836998
620000,928749.6363733257
350000,423101.6733308645
875000,883023.7640177791
370000,365835.09362836863
420000,530672.0003418883
1175000,1289682.3904370798
480000,529466.3271032685
350000,312478.9322520372
230000,223977.39241083935
800000,779848.0342556805
550000,684737.2935942414
130000,99569.94600336718
4800000,5216737.7695355145
180000,239667.75491554066
280000,305382.54846490716
5000000,5729354.8897616025
750000,883479.6236974323
395000,446266.8533987861
650000,536943.2689261326
220000,278422.9991853184
350000,326400.19871326763
375000,369558.98803136806
230000,256735.10125092597
550000,775739.5615248225
185000,189988.8276054508
430000,559491.4334170767
360000,569992.9661497343
400000,408746.36413879873
700000,557664.1392440019
50000,60295.656114656296
750000,745121.9868076544
670000,779432.4604268983
550000,621115.9081537892
1850000,2207276.295295763
2800000,3247080.187965223
2950000,2108023.7026477437
975000,956058.5446790486
790000,897431.2051485579
970000,1104929.6855016155
325000,325532.4415231222
1590000,1530929.283343902
1530000,1613679.190262851
970000,1357816.6805845841
780000,800397.9644339783
8000000,6945628.972951863
830000,798977.413935166
1535200,1574954.168317615
1110000,1190368.955521469
848400,900483.9066333526
1313000,1388309.534299492
858000,905840.1578737074
777700,768292.3860549098
1358450,1472617.33884992
989800,1334044.9222580222
1368550,1378326.1676925602
7000000,7221996.9107363215
1480000,1536292.4164401754
1650000,1876721.4708327334
730000,718817.1472387315
2510000,2735432.7451792946
1460000,1351434.3893356444
450000,393915.4158880912
420000,479967.76632867235
2300000,2081047.2266511978
1500000,1704731.6772194388
950000,882294.9271651934
690000,654134.4288325824
1200000,1626622.6313960103
5750000,5571914.047107131
3100000,3182202.3202147526
4350000,4260875.835930745
5450000,5317804.692832733
4300000,3745324.5472346433
3100000,2625320.0624276833
3350000,3068393.1542088627
5600000,5285962.640748078
4200000,4057459.444766667
5750000,5453419.488578653
3800000,4265709.640989622
1365000,1256104.2028663869
3950000,3063576.649865024
1150000,516634.76952005026
3000000,3166216.5080533097
1200000,1316440.0091048018
1700000,1598408.5558298752
