price_egp,oof_pred_egp
210000,224998.37090389576
133000,176177.15271721524
100000,141773.0609059845
210000,155567.4235966666
280000,281388.4817584933
1350000,1298477.2037148154
330000,340010.0553800464
280000,328954.9873628344
670000,677797.8356095653
330000,293281.56506441615
190000,217512.5761821894
140000,110680.73815104492
625000,663843.0095815691
380000,299631.61506676115
295000,275185.9552940115
1050000,1203205.4844629327
1020000,983551.6922184086
5400000,5468896.4329580115
5100000,4669834.455944187
5500000,5231912.956305031
7300000,5449538.165379577
400000,354585.90030389855
850000,930645.1032872597
2900000,3101910.833671589
3300000,3125028.412072655
1380000,1163821.4891261058
970000,980683.6995542116
1500000,1436868.0715390795
3350000,3612635.3543854086
470000,439784.2187546177
1200000,1186591.5188068156
3300000,3348134.140338632
1700000,2074682.5516694135
685000,563944.8379902656
9490000,8541562.914688664
835000,872988.0137784153
650000,640738.8085893906
3200000,3231889.558881672
1370000,1382173.5139356127
694000,812748.4270964421
5500000,5478825.88072549
5320000,4664273.882555573
2000000,1982142.3742870237
945000,904654.3858604417
4500000,3885256.0981069524
6200000,5583210.843760064
2650000,2181483.810447782
1500000,1236945.7817780538
640000,651109.1641763342
725000,717692.5867540113
3100000,2687469.758501277
1850000,1808632.4927794102
500000,559547.9412153759
1490000,1502028.023650517
1650000,1193160.5434735073
7390000,7347554.317891584
670000,685100.8043210092
795000,741258.3118969956
535000,518082.54197600874
3500000,3110985.529838474
660000,437524.2784490493
3450000,3557117.9252027734
11000000,3769767.354090529
375000,375579.92539277195
395000,434068.8087181336
240000,222671.19209546543
620000,557481.5024606845
800000,849807.2041790044
3650000,2895316.8529755482
400000,245628.3600036895
160000,135530.63866618852
250000,248104.97805771898
9500000,6164903.615559379
760000,722396.0503629494
1490000,1486636.1420660412
320000,427432.9477919513
375000,153965.81053089083
835000,785102.9940959389
305000,302481.85731051996
2900000,2960834.360924191
265000,250844.66283834542
180000,205967.04856409412
5650000,6005773.885125596
200000,220377.97283361165
4100000,3846508.070242196
930000,936296.9172087151
375000,365769.08818149165
375000,416294.665469346
260000,220172.08243562203
890000,920345.6425169654
1265000,1394435.5842846625
250000,213756.44629845265
490000,492674.6844543761
220000,226908.58280637916
5750000,5944672.389848153
2000000,2111420.1692688814
1985000,2009678.6938298787
4950000,4199940.059698033
1850000,1715111.3358563578
335000,297776.5948186885
250000,300059.36405277165
950000,844683.3321052397
250000,242320.262425772
975000,997097.7996170253
170000,153280.0385700105
1100000,847289.2237394615
620000,602512.7930750063
590000,582207.6592093852
1600000,1454550.404088968
348000,342409.55668204185
750000,704942.0176794528
450000,421808.0647804817
250000,253082.74457176364
350000,392923.7661343375
300000,271713.53399577783
310000,314892.73683233344
335000,358572.8832442905
170000,198657.30139740367
610000,637991.8506997415
690000,521914.5842615043
700000,766556.7252297775
55000,44890.969310914705
900000,922684.4611668469
600000,576041.5677065641
200000,282755.29518345086
240000,270889.30919231026
110000,109281.65174858483
2550000,2294858.492906438
250000,244256.43916016613
5000000,7631726.121876983
960000,904155.0832363396
2900000,2606495.092619974
6100000,6505429.3528806
1580000,1633492.1307350574
2700000,2243567.044722027
690000,704971.1669515162
280000,263731.6818900391
360000,251906.9211916751
97000,94387.8044483588
6500000,7180760.446973756
300000,311046.92230021075
230000,180196.89239182766
285000,355426.5712180607
2200000,2077278.5746374228
1400000,1377481.5915679014
850000,815947.8193275505
120000,179007.25661870334
675000,723476.8852450527
500000,482325.506413148
510000,486116.04559005395
380000,398151.1101958193
1350000,1288030.2965648002
1690000,1601872.9037644952
1290000,1350544.9495446668
365000,392411.4065851932
2850000,2949563.446473881
730000,717960.4851067796
3300000,3146886.8145436584
220000,210797.532254518
6000000,6936919.466403526
615000,605879.1587000787
840000,724381.0675875647
450000,377267.6212874632
550000,607303.1051000908
780000,809540.2666501455
1290000,1451797.21146675
190000,247214.42141336913
5800000,5567023.960354661
2350000,2019435.2465676507
1450000,1699638.8527785481
2000000,1870462.5761865037
10800000,10529623.135203276
1450000,1661963.8381565274
2750000,3027269.736652434
980000,1023330.059715204
1900000,1942096.453547752
5150000,5066714.218154712
250000,250972.57605455743
500000,427369.66622885416
1930000,1853385.048205773
340000,326396.3719922923
2100000,2181416.150411732
850000,951454.9114968828
3300000,3238520.4076446462
150000,164654.97372688923
850000,833065.8449245514
1645000,1388136.1255412668
1260000,1159573.5270574884
220000,234261.49579711747
290000,314980.08758557343
430000,386908.6166413348
300000,378091.8815217123
1550000,1265245.04462119
1200000,1211727.7046757536
690000,729657.6775805206
2500000,2640264.7519857604
630000,644183.37292543
1550000,1292773.0012639575
800000,777851.3664826106
195000,234002.32333706194
910000,954345.8133690254
125000,261456.9329305205
680000,674451.7042061366
5500000,5227350.92591914
799999,735750.579482631
735000,741675.5146423875
210000,185742.48822584542
1800000,1831505.5694881217
1830000,1793356.9406852413
550000,625936.2572397606
950000,916277.5072536229
600000,561248.9351761196
590000,662713.1392607611
1150000,1174668.7543874178
650000,605854.9311048957
470000,517620.735454505
230000,222211.82163888784
2050000,1923889.4498589677
255000,302939.0747134573
280000,246958.01658388186
200000,204893.12863890742
480000,414533.428686656
230000,224536.2882275507
370000,454591.49190291733
1075000,991305.9616045376
1250000,1237479.0347045914
1700000,1257815.6748920004
265000,242298.17320790814
635000,588409.0940424972
750000,840776.399169115
820000,807032.2280643344
650000,819001.9051072334
130000,137803.06095890436
95000,132926.73450846708
140000,162206.65782306582
1730000,1805660.779732164
650000,622819.8910388548
350000,369720.12527006026
510000,484937.43360941584
340000,266388.2898796625
320000,286692.0662100307
285000,315920.4392673565
5500000,5462713.153731035
1930000,1940570.9648548022
1870000,1892712.3419287456
350000,408249.0928975981
2900000,2966690.854013582
930000,1007787.4249443731
645000,677145.7890265024
1380000,1371236.5243205659
1000000,879327.510828456
850000,874290.27330354
300000,333005.3584299332
600000,597779.3825500249
160000,200857.50806312717
280000,304272.3892716024
500000,435174.9918762942
1550000,1511737.8694951278
700000,590094.4891436244
410000,337107.03634951764
390000,354463.6795890177
800000,428767.877140055
2320000,2317223.1127636163
850000,733378.3191627242
168999,170374.42191927318
1050000,939766.1124433298
825000,899036.6803810877
630000,649529.2519426591
1175000,1133999.181725846
295000,333651.5590744991
995000,1018656.9420796852
1480000,1518400.2581463954
280000,270612.5319906083
2030000,1853205.726977028
500000,436904.85377223545
3250000,3238007.427445476
660000,727284.8837260035
5000000,4721548.752189186
3600000,3834218.1279537682
335000,321740.228337335
110000,152109.70765585653
1250000,1178914.5669248868
275000,295496.0352358315
695000,699296.2404860466
650000,620173.9703166059
690000,666527.5322080851
152000,155345.9892830596
1800000,1706306.6098106552
2200000,1971674.4167425968
2000000,1663316.7210953997
800000,772822.3137804909
5100000,5163776.688927357
270000,319406.0929703674
600000,595281.8965045623
795000,799187.1968815584
1160000,1248987.9648515657
2100000,1891709.8324942077
580000,538994.6810910366
920000,871987.3194729658
7800000,5850025.920087363
6000000,4744407.478897649
880000,757341.656039257
600000,628668.3350167307
880000,946544.5551385307
165000,176659.34411682075
395000,402009.19713211217
1250000,1120278.3364500506
8195000,7333120.138877757
630000,591795.4716166804
2650000,3520668.636508496
800000,815837.757373532
220000,248163.13885822886
900000,935571.8655493249
800000,990598.0506231997
50000,57929.34835068033
770000,768726.8700856168
760000,780425.0392776957
3200000,3285377.0527486764
1100000,1207347.491964127
740000,784506.7478015851
2250000,1897480.6799980716
415000,418143.26800952916
450000,499717.4238782404
1060000,1035366.160664546
350000,380519.7042924311
370000,403400.19523650734
270000,294151.55254460796
225000,246460.39678202796
380000,489072.96537044324
290000,265506.26257799024
146000,192610.31742314828
280000,291478.38481671485
2250000,2293992.1396920937
820000,738652.1135498886
1650000,1554704.1256301135
290000,282429.1578832064
1150000,1396434.941450937
1420000,1731966.4624850666
415000,356630.4198786313
590000,597942.9537170152
5300000,4721829.362648364
255000,257895.99260725876
5100000,5481551.8375632735
4850000,2617141.8780564656
225000,231088.12476539015
2550000,2393644.4730062485
710000,619594.734612603
3700000,3904021.7241795417
1450000,1476978.320918708
280000,361239.49763983936
920000,922516.2988581379
900000,916309.5869535303
360000,351045.24438418035
480000,434168.81902479095
220000,232658.36623824062
1500000,1632903.092753403
160000,158761.76336181993
6400000,5378954.118379034
1350000,1146362.4169484167
450000,334024.5530797937
130000,187433.72975065833
2350000,2308695.6517210985
1425000,1281600.0501858713
225000,308703.412611334
550000,550520.6005667952
325000,258046.2868718633
170000,119867.0721931031
2200000,2212067.052705433
370000,509029.5633715642
700000,819177.0014627888
390000,504230.34844274673
500000,461221.49419061106
85000,92391.61645473335
1300000,1116544.2001824677
1650000,1606005.2363743973
1200000,1033914.2691292986
140000,181540.58956783358
780000,750401.6132756104
435000,488921.9706228711
250000,245815.5442403159
300000,242970.74116167874
240000,409859.75059869915
280000,352337.38352873875
1500000,1586265.3908411537
7400000,8134363.62621886
1100000,1085633.3668866863
350000,345784.7744590509
930000,960183.1911764711
180000,154497.44587336425
2500000,2534451.161387381
130000,141115.96666255107
280000,312248.6991851666
210000,198412.72441184067
485000,468006.94786903926
840000,848588.0359260788
600000,700405.2319854076
195000,202522.93474904323
1900000,2253547.680690965
850000,817551.0926285541
530000,538378.0830217459
225000,209871.20110370385
219000,208041.96847345363
185000,219560.80748172497
680000,741847.1723996811
2060000,1850534.7414134995
3650000,3932895.029563523
1300000,1195486.1366000196
790000,759472.7664379666
380000,417019.23791859817
90000,153739.410885727
1675000,1834912.3936848843
235000,276371.6217580775
410000,391416.74386921787
1150000,1137066.1922653913
725000,636778.8446583027
180000,226722.60764887134
750000,791492.7536444193
150000,151953.44398438468
220000,273788.47970348963
460000,474562.00514792226
125000,157671.36748908018
160000,195885.95658391857
135000,438790.8001927716
70000,83029.17953750573
1335000,1169352.2806381327
700000,713709.6816725088
160000,177922.16785450125
120000,106129.16938924624
1700000,1560273.842326493
150000,165637.63744743794
2300000,2257687.570483289
195000,207132.5134516476
1600000,1801911.7174272556
395000,375131.2375087883
350000,249791.24105706718
1750000,1628787.7265659939
1850000,1767299.8535041418
85000,184008.57197327184
375000,410765.80155476934
250000,231393.74455978934
390000,302945.38931434805
3900000,4298676.464232885
270000,373146.30171202304
170000,222161.66378879533
1400000,1527765.609211897
230000,219786.01714831666
275000,314279.5819274049
235000,207300.97639510545
1570000,1684785.74263366
25000,290909.91918844124
1810000,1836553.4232680795
670000,668260.1889404507
2300000,2099533.4964634213
450000,429381.39919459284
55000,45231.204339563425
65000,83335.34526763894
360000,420716.8476694292
180000,287014.55784087424
480000,536687.5257328778
335000,285245.64635304
250000,294446.87229048373
450000,412150.2320775163
470000,523820.3332097494
2200000,1912992.770918781
410000,427298.65613439697
85000,86024.14372939765
350000,373878.0496526905
350000,346691.7932535458
7500000,5063825.505675384
200000,175833.100949745
75000,79149.84251576984
6850000,4771513.697356889
3450000,3682492.3220563745
5800000,4664754.836951037
1900000,1706421.2909759108
2950000,3342780.678840948
3000000,3316270.5377756776
3600000,3347568.384328511
240000,276611.0464165689
820000,799084.447932224
250000,276290.5744001788
470000,486014.5751698643
150000,128875.09062026313
1825000,1850856.5848562124
950000,1313030.1842860244
740000,670963.5631598426
550000,500259.1988422625
970000,870293.9684704314
470000,524903.4224271039
850000,830998.2230511282
280000,356278.1610963806
245000,279100.02583338623
1600000,1840905.4087927868
260000,232168.78042830524
1350000,1249509.527037103
1130000,1025196.290735025
1240000,939033.9785530196
790000,738243.3789205918
540000,583185.7139666976
575000,583679.0505911589
1780000,2324523.357189287
1140000,1051834.4292755746
875000,790663.2128584447
850000,743590.6023268307
750000,816720.5092147815
70000,69013.91597438155
2100000,1677409.9344637464
1750000,1634583.3738372151
1120000,1133634.897686688
600000,585056.8373106209
980000,937464.5588763306
275000,235161.1334914476
225000,260392.2893094722
460000,453207.679246445
225000,199561.04745343592
3000000,3266713.6415201067
735000,741076.0488515106
385000,379639.1014883256
1600000,1736338.5862983502
510000,468477.64925970504
430000,428793.4649279356
2250000,2113017.642831533
3000000,2892763.7889008243
135000,143586.18674314852
650000,581395.8784448814
450000,293374.2080363441
750000,756777.9945915905
610000,609743.9770381523
145000,154874.4639710101
210000,208700.78682641112
1300000,1426381.2864657664
275000,295929.12020468514
850000,695935.5982661699
100000,300604.9746197038
2280000,2551449.0560290115
1250000,1072196.225227795
135000,139678.14584387248
1200000,1064325.702136325
440000,417863.43534724036
1600000,1549310.6563994584
2000000,2012959.690569154
400000,308240.98969663674
190000,174130.96849573526
750000,796006.0746733217
575000,860256.7204094523
880000,776937.3312089548
120000,147744.12114333434
920000,908365.8705296904
5900000,6734861.279661958
870000,863695.8310328247
110000,121112.75605182778
75000,74338.32247144064
2500000,3130443.5633956753
95000,103704.93977899311
1840000,1795998.5185694708
1350000,1324277.9810871452
250000,250947.16644796843
3100000,2808413.0028188014
1450000,1123394.0625959889
430000,412796.332441977
1900000,2142439.527611587
1800000,1099703.4572675992
940000,873316.0707633706
650000,579702.1388552246
620000,600039.9742369044
250000,231631.319919136
1850000,1845401.005111666
485000,516203.23986804456
200000,225039.4073464405
60000,51714.71110848629
800000,803138.8378384248
1410000,1723684.3000968492
335000,373467.7261198719
320000,288054.32991668774
2440000,2438074.138883959
730000,488789.9430247
1300000,1304230.9983962674
600000,484369.86576753954
1450000,1418262.2362712957
1300000,1158053.7567278296
85000,52085.00523684857
140000,160468.07551275296
170000,232240.38911978697
130000,146468.78714199993
1100000,1005509.1900984521
390000,391297.96298034716
90000,178769.46653349826
515000,519259.3403202458
585000,550235.8480578269
300000,299875.42613451194
380000,331896.02730946854
720000,664253.3293642248
1030000,788518.2942523485
285000,351074.80458627746
640000,645445.2253888159
6450000,6756050.001300232
950000,936458.2976428986
498000,531494.0807732441
845000,813746.8605631251
375000,354027.7165375018
3000000,2613997.3438324775
4950000,4947501.7619313
600000,497692.00860409025
415000,445528.0771300057
200000,189984.57700621395
600000,641510.9692190504
110000,123205.75370190546
215000,197638.32201290576
295000,372767.42901540134
320000,336939.5133336878
2480000,2523714.6975576305
960000,1039838.2261771463
320000,276296.55812004395
2200000,1454073.5725754101
100000,78797.01716022687
3500000,3162370.7717380133
880000,811568.9312223729
2750000,1513398.5375788033
210000,138622.11233861293
480000,486898.1962783161
230000,186876.82722568713
3000000,3302306.32633039
1600000,1556820.5726313565
225000,308115.8003790407
193000,246780.80253218187
145000,136863.28321640354
2650000,2762827.6588060097
1600000,1369837.9814271517
370000,313522.29870762787
750000,843648.5981664293
120000,147363.02499500377
520000,500458.84136691777
2100000,2322769.9253537194
390000,305225.38130664616
2800000,2715382.164911256
1800000,1593136.7939625073
210000,170197.29960142376
150000,167412.0866949727
240000,258599.22163147296
1150000,1109573.3886787791
430000,422191.50729608734
400000,325319.051539975
130000,107051.31315488926
1150000,966038.0126794621
140000,221035.92898772843
96000,119727.95181962781
1870000,1880024.7531311198
425000,327817.2351110946
980000,876543.0938294396
150000,144495.28191226185
725000,645856.4373293717
1030000,969978.2984176982
3150000,4214242.9418581575
260000,307425.9465768858
700000,575922.0607761062
950000,1045244.8270363478
3850000,3727954.2009570887
3299000,3410320.8252966297
4800000,4859447.025347301
2100000,2025658.173432316
370000,430662.2758037692
1250000,794958.4417487346
750000,704495.7853150575
165000,168937.54058731336
3200000,3222345.197076136
120000,120454.45412689459
150000,163971.24989925197
170000,150270.59090709928
300000,300113.5242923186
435000,377022.4433462741
270000,264988.6544728677
180000,128940.01112059536
185000,224273.07409711255
4600000,5017663.813429413
800000,794356.2291637289
530000,564979.634706781
6100000,6122601.334704711
850000,722652.6468238245
260000,270213.9624734602
1950000,707263.2774021244
930000,887797.2731684045
1350000,1241981.0689775876
140000,192349.85603816112
230000,159625.12414570962
305000,258395.07793944975
455000,423758.2844802011
700000,677098.8584487207
150000,156793.5630527068
200000,203113.06627067647
1050000,1032855.8072285441
195000,196585.57757163118
465000,459920.2338571196
470000,593425.0735152262
2500000,2379023.783342777
900000,1279391.1460832986
350000,375300.5937231868
4400000,4055066.3675843375
695000,704899.4824783625
1890000,1679928.5840350739
50000,65540.56701695289
2200000,2303619.106029359
3300000,3025563.809862795
250000,220635.9679826805
420000,421643.22420385975
1170000,1225133.2525306328
700000,709573.8560698096
765000,735145.8745964724
5100000,4141797.1848278698
2400000,2278940.4447932537
200000,244267.35161312285
450000,377561.22055497504
2100000,1973404.702742187
360000,350885.18178350496
110000,127706.53017068183
2290000,2136031.4474362363
135000,160123.50383645418
2400000,2192324.3727383423
225000,144410.17501241152
1780000,1840210.6861338483
350000,199683.40398322325
580000,528163.4696625664
710000,785133.3888976594
80000,87214.78552422441
450000,419788.1141954447
270000,320486.73469011515
345000,339514.246437564
80000,78252.91444652593
1450000,1268832.8685549994
150000,261778.7387414405
110000,140770.6347123634
680000,660296.9709489895
490000,506666.5304868994
380000,466700.5081453233
180000,164268.24909331498
1890000,1697418.8036927984
800000,679073.4256298783
1350000,1236261.0116019908
280000,276419.4177519984
290000,390389.8333673217
550000,570680.6263753508
3600000,3514092.543229503
1370000,1430607.8629528868
310000,336914.15495237004
8985000,7888715.230917847
400000,313491.05659431167
160000,170195.77550721943
485000,482824.63558942423
370000,367537.017334441
550000,535139.5903085675
480000,462896.680908723
520000,404929.7880491611
275000,268162.14663460606
850000,707548.1641697367
310000,337070.6646836316
50000,53353.497572837136
150000,137406.7874179967
370000,490640.5210006127
95000,146479.19524556785
640000,607429.947102168
140000,134556.09178640245
380000,324806.23917647987
300000,264562.7473363178
270000,289928.4362617332
590000,571656.008849425
425000,389654.09014381765
1650000,1724650.0866691717
920000,843545.48933273
390000,393009.712580831
320000,341156.21549787105
350000,288242.39071231463
950000,978923.5336560638
3000000,1803055.891367056
375000,348959.32748143165
875000,973211.6061529076
340000,362067.0958489373
535000,546142.8481797719
160000,147588.12707382865
730000,755934.6796906872
3400000,2841903.9809731264
260000,243614.71395469728
4250000,3963674.339905927
8700000,7160483.960788083
3150000,3063608.216890181
14500000,12864346.27101425
250000,251569.22569920606
290000,338198.7127483017
1500000,1329881.4901045358
1850000,1574189.314565359
585000,651459.9586663316
2200000,1281890.7747640875
12000000,10802949.188882997
480000,461670.80253659043
200000,169879.14405283594
1400000,1383648.6172270142
1800000,1969382.3907340115
1550000,1743338.328236302
590000,616950.5649553797
400000,435100.96934720554
800000,778352.6652020221
330000,360731.17367631145
900000,902602.405299433
1600000,1364649.230040711
140000,177917.8009256466
280000,253209.3003645006
2790000,2641401.515767397
385000,423137.93841950316
120000,144268.46979949085
260000,290284.2146514723
650000,604871.5960800828
3200000,3334655.8880804223
680000,687348.6650135573
250000,210415.20046424173
1890000,2208007.2526842724
260000,248021.57862527587
2100000,2125431.5873159976
350000,348556.4266732245
245000,237426.27741221536
120000,84427.54899693673
540000,549606.1008215597
175000,155184.4198528608
650000,590318.3983047776
395000,425340.18762167013
220000,230706.54630538248
270000,261418.34508030018
1450000,1507507.479611776
210000,247141.27483773592
140000,162353.88083935532
825000,841410.2104221717
600000,630180.1519800469
690000,798609.321935968
2300000,3186301.9852999635
490000,654051.1149681897
1450000,1631340.7843521147
235000,272794.7337639063
2050000,2046813.533641476
3850000,3781118.6070934553
770000,719130.2741979315
720000,614913.9937117246
570000,553100.630310664
3550000,3647902.8378754947
350000,364902.778029851
850000,914450.2201468254
415000,419033.4170938485
880000,817913.4638573037
800000,801738.2768381023
220000,233622.02679208553
5350000,3250818.230781227
2780000,2993714.722906709
900000,899213.8500153917
450000,475539.9505401154
290000,282057.43282929785
1100000,1031493.7874719211
83000,108352.71761577063
350000,294536.49746510055
90000,128098.61827069012
275000,317625.5828730682
930000,891596.1109000805
700000,585473.4277169907
102000,111448.64702817502
280000,288597.0844210774
395000,426864.63400954293
2000000,1820049.468112934
95000,90928.57115749862
220000,215673.09814023518
280000,268695.7729928575
250000,270246.2002450532
650000,710078.7949639364
360000,337007.8824289336
8900000,7303510.699619579
130000,192598.07965553456
250000,283462.4942307803
540000,549435.4009235183
1280000,1165880.3508023056
270000,284021.67420532054
285000,267952.285247656
700000,843609.2774934316
950000,970272.1709348125
640000,633594.6020124716
230000,302734.5347305444
1500000,1461444.8485389326
200000,220795.4746435007
150000,152631.53386969861
870000,822849.2676769197
235000,257897.2339733683
900000,959861.0761957307
320000,344595.5416225926
620000,654493.7833690447
340000,302900.41231731855
900000,774953.2345965757
145000,144678.87206009935
650000,795643.9469557893
4500000,3771797.864837766
1400000,1399306.5019361277
240000,236030.88060961504
630000,627827.1251180191
280000,257893.9456200223
300000,316433.4240737948
560000,551774.7010248343
3850000,4021793.1232091123
2000000,2148316.17838586
2350000,2043849.5839552043
790000,1032211.8374446356
242000,234943.43864680576
1680000,1393580.103715522
250000,298522.32877876714
350000,332553.8683339443
930000,991295.8345654908
495000,505837.45894738217
1695000,1604884.7289988622
1250000,1400523.5609782469
1350000,1379582.694497212
320000,303043.9262929512
1000000,849827.7629376188
4900000,4238773.843186378
180000,257784.43295365255
2950000,2902618.4874653425
140000,137911.14004623969
900000,825434.4227351897
3500000,2732411.487943876
680000,636286.2401344609
280000,377801.50938311213
375000,360125.2807005805
510000,458510.96992493124
260000,259109.92571359215
265000,244067.86408232467
310000,299817.4903324909
1450000,1663562.7532484606
1150000,1345813.254845597
730000,748543.1723924336
5000000,6412807.875143855
140000,138873.710319955
195000,271904.5385417562
800000,777137.0992492597
114000,119882.22687016198
2650000,2500932.5595897427
4250000,4200679.409026384
2900000,2930555.730531225
1400000,1404622.5335093737
230000,247791.9198951879
280000,248148.48947461587
95000,122059.3247175604
245000,225088.9347018067
220000,210229.62549739453
110000,92501.59522085763
300000,305348.36628043104
1450000,1564852.441876373
4985000,4855261.082844047
400000,440263.0018895203
175000,147138.2552272311
600000,407288.04911386006
260000,265233.85813193535
1530000,1560742.5063846426
640000,631799.4379583794
785000,748998.968048459
360000,373513.54990034294
1910000,1664448.0458444804
165000,217421.3866037865
300000,307736.10171528097
300000,296990.5762010751
295000,315359.65658983565
800000,750260.7781061835
1200000,1173124.0661572458
280000,292973.76132200914
100000,60852.22433727026
11000000,11060639.076406058
3150000,4193989.6410705796
1750000,1973872.1595684749
460000,500313.85574661585
365000,438984.7677003494
325000,334236.4781833678
1200000,1170329.8714150935
1200000,1093998.7837152947
160000,166409.81276594754
670000,693969.3588348281
6200000,6870314.780391132
325000,302050.71713123197
285000,232522.86060080046
1650000,1608675.435730791
46000,52969.005298111624
4500000,4201024.30238579
3500000,3331261.2988361195
600000,592514.9054603833
1780000,1990918.7020519436
200000,210382.11204337142
650000,1014609.4411861296
650000,785588.5526609648
480000,403618.73348019103
1550000,1642548.6173402658
1900000,1928856.274379987
6450000,5090050.173142753
980000,1015866.081379076
5100000,4340882.796607058
155000,127364.15569020601
2550000,3101950.806632199
250000,340133.3928771138
890000,914121.8276968647
2450000,2434764.4401767952
215000,233418.01573299192
790000,731376.5345770877
228000,179674.3668449914
4100000,3879152.4974410078
4600000,5799558.659376913
660000,721365.5151769223
1500000,1607630.4946067773
890000,868706.6526539112
635000,637952.9596421268
110000,141375.76829718644
4650000,5289991.898954782
225000,291592.775735457
150000,164832.4888307424
590000,553705.9842777224
1650000,1701167.1280846521
4800000,4390262.30793983
1450000,1692450.2031319977
2090000,1936503.4416955472
330000,340395.40633185755
375000,461881.1680968494
740000,743930.5585423271
110000,107318.47603471842
360000,309848.73306501773
770000,707794.8807266001
350000,409639.35162254533
700000,503090.85591611953
950000,904174.3476104434
250000,274186.0283798262
1890000,1714275.8873231101
340000,319496.31063760293
1479900,1601191.2679638818
1899000,1988524.1494154674
4100000,4284403.634839013
4700000,4745178.89900463
625000,590494.0256126832
515000,591796.8529198543
130000,192676.27527079964
650000,799775.9691301909
1170000,1240418.0529274216
200000,298594.3041534446
350000,357008.4083961304
3500000,3725929.070527802
370000,366781.29763145663
470000,431582.55029995966
2700000,2366031.39160674
450000,505803.58262883796
430000,449282.5337896706
510000,538544.8170414394
205000,242428.83184844445
1990000,2262172.6955750114
1400000,1452294.979694576
730000,763248.0719662315
125000,102542.32263545101
199000,192266.90774374935
1600000,1591756.2200056936
140000,136722.28463709183
115000,142564.0206115222
2200000,2433713.4955421486
670000,633005.51984433
4250000,5175315.508554983
980000,883779.2673167669
535000,548966.1852739236
425000,394524.3934218656
975000,838874.7530087653
1700000,1682333.7374712192
370000,343537.2669718021
300000,338427.1130615313
215000,258213.93362935912
370000,368477.2350674483
120000,207723.5893160223
190000,219006.92187404414
2800000,3145870.7056259005
1725000,1749752.1033436672
420000,374300.72754646087
330000,292994.275772843
4800000,4258524.374579248
292000,457490.3628132748
600000,543775.5817695251
260000,282851.49189002166
2425000,2019350.6536868692
550000,558508.7904780715
210000,261966.22493134596
175000,177664.38301560262
2590000,2577562.3134537702
789000,975854.4849927509
1100000,1104313.021799695
350000,325968.4532165807
140000,115925.664989939
575000,539083.000926653
485000,499032.74414648133
1980000,1549647.3995113857
1675000,1707715.2949853512
280000,235516.1551893553
570000,619027.3576569554
520000,517434.8499399113
1190000,1067957.5038021586
175000,145310.79230649798
490000,487432.64634982706
260000,226578.92491873706
210000,201072.5325982518
650000,689474.9334739469
350000,323200.69163830706
1270000,1274172.1320860442
575000,551928.7922756291
500000,453497.2879339873
450000,591650.5663755842
900000,1033695.0831396974
350000,278806.12362535746
900000,919600.946823951
960000,952918.2837810632
680000,550216.1725583919
420000,416933.89694304974
55000,53888.324091676026
655000,712758.2219150214
160000,140161.34595236855
265000,332443.24804515485
215000,209111.2563803606
1850000,1751703.2011570462
75000,83763.28601440103
850000,674958.1948683452
700000,667110.5924611214
725000,638823.8653141794
200000,163676.42069814765
1600000,1314277.147592486
580000,292190.98771122657
380000,313338.8733473241
450000,465177.4830740371
2450000,2604880.931135858
475000,554196.835685
1000000,929884.2520585803
1850000,1775547.8671795344
1600000,1857340.5085935693
5000000,4581175.016270909
1150000,1081861.8184413752
3000000,3025092.6134581775
425000,435123.64448117994
625000,662460.9996217769
315000,382924.1004133792
600000,574467.073435245
420000,466255.85964277404
1500000,1336876.5724002507
600000,572469.3480100053
2350000,2358161.216517616
1450000,1364443.9891986228
410000,385948.7096736316
120000,126112.3956385377
120000,156861.16820521015
650000,611337.0482295284
165000,133326.35572464124
1650000,1675076.7651699309
1100000,1237228.0655382546
4700000,4848650.916645497
225000,204843.42650322802
2380000,2612251.361917336
640000,674215.6142059455
5600000,6184731.781943259
705000,750052.0133412762
420000,465912.72787123616
165000,181426.74812015134
610000,667620.1935829874
890000,922727.9150752268
950000,872204.6331214549
1930000,1941236.9032104863
1250000,1169054.9661237544
1290000,1284183.9365920646
2000000,1716593.6633075252
4000000,3568490.8558441047
3150000,2831545.7193079917
1200000,1182530.9093926093
4500000,4455764.518329915
4500000,4570197.863608185
2150000,2084142.3079160997
300000,304904.8214211747
1900000,1900195.9765737941
5000000,4964818.886079668
500000,603595.2910143596
525000,550912.3380450478
2550000,2502079.250099194
6500000,4683055.2899474865
340000,357367.6495214263
3600000,3829863.849140443
850000,821920.9553648075
10500000,9959056.633287916
750000,800333.5792342642
600000,569236.739838183
490000,478273.5690197305
585000,672167.8506391238
800000,683971.0177234274
250000,333078.17053326376
229000,251979.91926219684
1200000,1094692.5694762943
1600000,1549527.9272651195
450000,449655.72633272357
405000,408133.15628839645
600000,640728.1648834969
3900000,4162194.428714773
390000,350082.59588202584
350000,430662.7461197555
310000,323766.3185303213
1130000,1160920.5887109828
380000,381429.1200298213
230000,161775.24320320218
630000,627472.8713590306
2000000,3154199.386961992
2250000,3380928.160559988
4900000,4475006.266582019
2000000,2627800.5128556294
2550000,5045635.841714167
3900000,4653728.465491897
4600000,5538768.830953477
4450000,5621131.917459128
5300000,2573043.1844193614
3600000,5767237.192147194
700000,639850.4023294658
690000,707421.059606973
2250000,2199230.7296654377
2460000,4746510.701514671
1800000,2931969.649796877
2750000,4747700.213829807
4500000,5172403.29366001
4700000,5202612.962776086
2800000,5106943.066038225
3250000,5034109.151007904
4000000,5523030.364791479
2000000,2765821.930962107
2390000,2338699.453906177
4000000,5167841.848524534
6000000,5111080.8827330535
410000,401897.8192490161
4000000,3709891.5693924916
3710000,3870593.750113185
2060000,3588063.8966249614
2130000,3457948.867213824
4500000,5430750.874281717
330000,337502.23892235616
1250000,1493073.4043193597
3870000,4635811.825098567
340000,377710.2246925549
240000,148442.75615529245
1600000,2635315.1560035413
490000,529341.281652111
380000,366701.6361078023
130000,156032.12578323128
410000,538921.8493389637
320000,324016.68455118104
200000,194488.85024058426
340000,329020.5950336822
860000,753176.9833823396
360000,390832.5166719004
300000,295058.9185656812
2400000,2389065.193203176
5000000,4251595.781847638
1000000,1038545.3210310158
300000,307150.9815474452
7250000,5141052.573456393
220000,246387.89570886482
250000,230022.370215854
960000,833511.293252484
1660000,1552022.4201484749
865000,838575.3466899669
380000,359991.8112037376
1390000,1495885.568614376
500000,453075.7177712306
565000,1045827.536991541
250000,237735.65130221806
315000,331751.10733644076
1500000,1416733.8831032705
1000000,1022197.1760592349
280000,294069.0350413918
870000,782519.5054612424
475000,460717.68969633774
575000,662751.0643557239
500000,594760.2525547543
300000,273230.08210586145
210000,251585.100222308
2450000,2684023.4302755604
170000,142492.85828571164
1350000,1349740.3030704549
770000,735584.8150629111
950000,1198837.140523942
4590000,4773316.732202498
3750000,3518248.1528421827
470000,455007.7948932161
950000,899078.0438423252
307000,312378.48422567337
1150000,1072415.734199363
1190000,1373466.4701298138
2900000,3001564.30312585
120000,72488.87939793342
73000,74468.80070728806
1080000,1097603.6830753593
170000,164291.54187773407
2300000,2521229.0843865173
1350000,1199933.0979475684
980000,944073.8918975003
2900000,3233957.675982994
800000,789364.4002112857
90000,82227.5846680971
795000,732405.4497927539
450000,635166.3888193311
1900000,1894453.7586952168
570000,609926.6475913163
280000,297101.6923589028
445000,487889.2021146441
3750000,3274960.309859665
1300000,1230342.4878958454
465000,462760.79488879093
2000000,2030091.5020449483
2250000,2255049.895620474
500000,666142.2906843239
2600000,2652943.622373914
570000,531412.3902350562
720000,839393.3385836863
870000,903218.069782497
690000,673511.6170182554
2225000,2164327.958300206
350000,304821.8643307307
4900000,5644170.764430335
2100000,3390787.868364359
165000,243351.69230097765
550000,550061.1487665207
900000,825368.8464494763
475000,505942.2894985655
850000,835554.3074415008
260000,256078.42405435565
2000000,2060703.8614299432
70000,149124.13568111602
350000,303489.75729610986
330000,407893.4231952282
2950000,2942858.46321122
280000,477579.08047915273
850000,805156.6526981281
250000,263087.64199500723
615000,605007.1121697017
170000,126563.06634505714
200000,137651.10802061143
210000,217906.72789475016
240000,197034.13515303115
270000,295111.99712576764
285000,250730.092618981
1100000,1337256.8290321322
3000000,2885670.0950819547
1290000,1141256.0110464455
1860000,1956425.8674713178
625000,610682.2257128851
920000,907969.0725222195
5500000,7319918.213773394
265000,247376.39897496256
8750000,8631797.880998757
85000,134111.37394091982
360000,405594.5471631748
160000,224444.14352135287
1220000,1046245.9860586564
660000,650799.0137194442
2000000,1954707.913790093
600000,530315.5181931951
3200000,4342386.85086638
720000,827438.3806745315
370000,406021.71999800747
290000,312499.49472574587
310000,262290.93915848405
1800000,2272307.3918689624
50000,54624.44887132955
360000,286982.26169608417
310000,295899.5724067798
90000,222553.01975333795
139999,131069.99230448478
165000,153654.58446502322
320000,380706.9157221619
210000,227955.28133119107
105000,87420.88736452143
760000,848102.2532207497
255000,269806.4560434669
1070000,1222629.5051447256
300000,281724.75429816724
2290000,2028759.556121389
215000,251048.869068442
650000,337539.4832799102
330000,303192.64843863103
1200000,2232853.582754925
1800000,1457474.7215480944
420000,426608.0236407869
155000,246748.51732105922
160000,183831.20438980317
930000,843231.6104838372
980000,902306.9053860249
2050000,1905266.32938227
1190000,1091837.4794671817
850000,997122.0500017436
250000,229591.33546319942
500000,435186.2057097902
240000,300990.301184235
245000,295438.32902259746
480000,569017.063960564
550000,497092.49320115364
170000,183275.88923758402
2250000,2400012.810590786
490000,617090.2604813011
550000,566511.7955867578
200000,220260.3537070076
630000,750450.1107999639
265000,265571.3149336299
600000,597518.162098936
118000,177807.28172897449
4575000,4802856.567858557
3700000,4232556.191560822
340000,331941.0185547308
500000,434329.85275136057
1200000,812672.2588851548
2250000,2124124.694815727
3600000,3497534.5908530997
300000,330755.7666001254
300000,287493.9125144568
890000,894179.4998219605
790000,958660.9844286138
600000,650520.5518558214
890000,923555.5187453474
720000,762001.6543750806
475000,495589.6579243495
1925000,1826817.2008718876
1350000,1250106.1813160984
210000,257611.52407125873
4350000,3211115.074171394
370000,375767.8990537784
575000,648129.8214349985
325000,348887.00747828593
300000,310714.49059314426
450000,394406.00127537176
650000,539689.6456783973
150000,180133.734109612
820000,946946.0118591002
850000,844332.340793738
140000,181807.78987479763
875000,877301.9421910455
600000,522267.35551416903
410000,390206.39239742246
1170000,1163936.9337000782
1500000,1750111.155749015
125000,160739.81745311146
450000,465702.29010593257
115000,119144.63631622742
265000,230818.8075145902
950000,902293.0565020471
1150000,1144742.7907410457
1420000,1426702.1727721107
280000,237350.35509237024
2180000,2070417.1375003834
2100000,2116796.6575041763
70000,131566.26607931554
160000,172771.67592539752
2250000,2294303.347202039
3550000,3671004.8808548525
170000,289419.6217381374
2500000,2396754.711038947
295000,296691.90351970406
350000,294292.9289512481
775000,777144.5651982293
140000,222303.7381204986
310000,262678.6589716604
400000,353871.9015259575
200000,249786.5908305258
580000,683584.3128130228
2650000,3062820.938038344
530000,492527.94279404805
290000,265550.05958627904
1050000,1014784.1105705223
140000,197918.9457231055
490000,534982.6792511395
680000,736902.2172210852
420000,414195.33140714513
580000,599747.478101561
200000,223751.3498304496
925000,943377.144843599
2400000,2260825.660108005
1100000,1016550.7388294396
430000,482307.43893688783
5200000,4346136.226395083
285000,380016.22996897314
1800000,2186067.8794277874
210000,210516.6030766672
1450000,1249694.6572626142
520000,483638.0412714283
3500000,2558421.930642158
170000,138550.18923002985
270000,274714.63015767076
210000,207571.36272752762
1150000,1144533.2979058144
1100000,1137606.188832217
300000,319904.59015531663
300000,322888.10358596727
2250000,2248344.6318924604
495000,550659.7117774477
230000,202139.0438743811
300000,264801.89481884567
650000,857362.4797144573
11000000,12590879.820939165
950000,1016822.9836040414
3500000,3425695.2181450943
780000,939688.8163266795
233000,242676.15380709126
170000,209565.62802603573
690000,697000.9827373375
690000,736421.468903683
125000,93611.9494102704
170000,198616.71999577826
800000,793598.8302376065
180000,129102.76325512407
5350000,5069843.618047704
6800000,5881701.190878273
320000,331118.30898168654
300000,316260.5288003432
325000,311190.43433614174
300000,288012.68888409133
390000,447347.21624430513
250000,221953.7652698754
1200000,1079644.7430178232
5850000,6020244.135912131
790000,666832.4890817862
480000,425236.56942457973
1600000,1437462.4086760292
840000,880599.967929878
465000,447390.58275557734
485000,460657.73475289764
750000,829175.1788683019
1750000,1991017.0159261595
230000,234143.80575712118
118000,169461.84676917095
850000,371969.86005086714
1280000,1321737.377469839
1600000,1660552.8655740642
200000,261244.65931455052
3400000,3002821.535855127
3320000,3284534.2104438385
2150000,2064394.4109585262
270000,334329.14239752723
670000,558859.8232456226
1875000,1914437.176059122
770000,600154.5645483047
1570000,1459134.441995095
1400000,1340863.7828777586
400000,405767.0743385213
330000,347699.55725919927
1200000,1618683.7731425667
950000,948551.6915016355
150000,94670.84002658175
260000,146231.37596969094
300000,243635.20986570587
380000,328046.47386693454
3200000,3472991.964809352
1490000,1477232.5670210645
360000,397280.12182229443
780000,720151.2345224589
395000,334281.6046462818
2999000,2733666.4991121436
500000,553246.497902009
1800000,1705680.2270044999
300000,332475.96122986183
590000,580174.7839643464
910000,936260.0434046285
1950000,1927543.034322488
1940000,1981246.5634903403
150000,187253.19581513354
370000,332280.0849994101
1970000,1984733.185223154
900000,989714.647876695
1700000,1754111.725122238
725000,890064.8559565713
3950000,3791589.7512757066
550000,616402.414994532
2300000,1954816.2332716475
1325000,1322503.3451639337
280000,286252.8421416508
1370000,1337782.990607253
1680000,1548560.7546503006
700000,660610.8195732563
425000,359049.7741514792
295000,290428.856098219
250000,268002.63056869037
380000,416953.2325527956
810000,765677.4706298355
300000,428375.0244857071
390000,416391.89075254917
2200000,2016742.8249680963
800000,684583.984286457
800000,770180.7830751776
550000,508403.3979364577
225000,213527.8734024764
4800000,4384952.655965364
265000,233926.6756599602
180000,173510.7794034593
730000,591240.466994289
1050000,1180332.669462152
530000,536349.7972038104
180000,150001.60477846043
160000,178541.5389954722
250000,303214.8515540753
530000,432998.21768405096
215000,215261.95265162387
630000,618928.293283967
90000,173677.2940639141
520000,443360.3213508543
2500000,2988780.34463198
3000000,3159801.5769405984
450000,402475.03761594265
220000,269463.4431919416
750000,674125.5253078218
600000,570750.7954346368
770000,750199.5380633405
1280000,1335745.472785798
185000,179243.12552866578
1150000,1153365.8669477834
1175000,1069409.7186890047
1130000,980754.9829915252
1100000,1094452.411240044
890000,862361.2013681288
180000,163329.6670651336
760000,750011.2642084828
250000,254086.20613440743
250000,215197.20572742764
800000,715896.8737925526
115000,199101.0230621344
245000,255085.13847545683
455000,460696.02484604425
480000,481668.9356790623
1300000,1541342.5401136845
485000,514003.12025782303
950000,884582.5898762324
2700000,2267558.1295493324
360000,350768.9168819008
550000,591631.5773549228
870000,1022659.3366698608
950000,1062591.0785346192
825000,886930.3510559597
1400000,1456026.5074734546
1390000,1281626.85105015
980000,1007994.103040162
225000,237248.28519299423
845000,886782.2523800856
190000,182179.2213302617
850000,766903.7414680689
350000,246915.4284232959
140000,158555.35284715457
11900000,9764288.356435778
980000,953252.4201698124
555000,585110.8107883591
1910000,1897259.3517564815
250000,226307.61897370103
260000,293753.1158245548
53000,78332.0256256147
235000,218079.62722102346
235000,219976.34879275615
10550000,9892825.626800317
970000,933563.2176426022
520000,420637.59350269113
2600000,2686940.9996448304
2600000,2950480.4210541165
1200000,1356502.6522217114
460000,453538.3479352161
225000,276624.3088985037
750000,763177.8383041798
1075000,910469.9869690146
530000,715320.7405954826
2150000,1567066.6939888922
285000,260529.56666681456
255000,368738.38717754866
550000,598592.1698804325
230000,256245.95967625882
770000,658874.1982292157
150000,129032.86032826864
290000,389760.31193172245
360000,403672.1592213603
225000,266945.30710641015
190000,222395.22722671347
490000,515712.4093771805
1800000,1758896.514250565
300000,218345.7158677217
2150000,2274214.386669535
390000,415422.66772579745
580000,624459.2457167964
125000,156888.5116191301
585000,548463.8199063514
3650000,3446938.9969377234
245000,253430.3241001815
740000,825563.4102210889
1030000,1136548.3845032945
3575000,3436756.93396941
3700000,3576401.802836059
245000,250853.63145461903
1550000,1229590.767018793
360000,402119.91288269695
1250000,1273138.3488330315
120000,190817.45111142032
1280000,1272665.2316135203
780000,792460.316913912
1600000,1683706.9985506935
220000,178845.72353898583
1150000,1036764.9726800559
8000000,7516840.378217064
565000,469523.0473878933
1250000,1212738.3409541626
1100000,1634367.513737871
790000,656430.4594693362
1650000,1536678.881698051
170000,164343.34493840375
410000,458564.80779133394
400000,386658.04679324233
700000,786677.7497650593
70000,866038.145440019
730000,822066.4764142213
700000,672379.6548253323
170000,265189.882162917
350000,295973.7811248511
175000,265189.882162917
305000,299665.06730268983
300000,416196.4770706977
175000,265189.882162917
1250000,1045542.3492282102
200000,265449.1525298865
60000,129363.63127178937
220010,251548.95325494002
435000,431715.60188670736
4250000,3915269.0339481262
430000,403198.8748321993
3050000,2482285.7864762004
415000,414752.3259552246
120000,110273.82472469134
220000,181910.01666074982
1550000,1313246.351715341
850000,798440.1371184214
280000,309905.0137290665
1650000,1731685.6079937182
1850000,2043127.942480677
500000,1749982.5123242815
1150000,915097.6597163293
720000,707482.2170225286
1600000,1734943.3288041577
2050000,1778409.664942351
585000,576312.0341655782
292000,254683.75084161144
1120000,997606.3192477918
79000,63991.62412695646
1550000,1594763.0681607442
200000,348476.98641925695
1175000,1170195.340651975
1620000,1373858.4696198965
250000,226758.4350864144
895000,956449.4715036831
7000000,5743683.231711456
350000,264885.8098151619
700000,650084.9003444256
840000,834771.4134724283
590000,681732.727465082
250000,304046.3392797017
440000,357980.4473462476
740000,729556.9744716124
380000,375922.12704507564
550000,327273.9875845297
150000,159996.68860206605
730000,692756.6536550724
1170000,1107233.587315259
775000,830697.185936192
245000,245250.25635258935
2400000,2646782.3583627096
900000,796999.3061578226
1325000,1311968.086488959
1100000,917379.0797416657
470000,487075.5723958911
450000,430791.77937829983
260000,234847.34308224113
240000,274341.142200688
900000,1000184.4839470255
220000,188589.46508554294
390000,470167.2434616539
380000,378331.47775657044
2100000,2229230.92276908
65000,119479.28759566782
350000,267926.26785840787
5199000,5327612.277187923
500000,224800.77327891192
1250000,1605629.8336749552
255000,275640.42104556534
280000,271083.69081361196
1390000,1313593.8790269115
850000,895307.5512965415
65000,53012.02146167863
1800000,1858223.7556333777
875000,702212.8051625971
2250000,2125625.318661687
300000,294028.5398243597
210000,207622.8811337404
610000,646789.5683057919
775000,810281.906383526
2950000,3490373.12117312
520000,535300.2631496242
6500000,5188899.48436714
175000,174881.80770101337
4500000,2999395.6364685385
1600000,1672355.9490227345
180000,209991.19435812975
415000,406428.693662206
480000,434534.98472294194
750000,765955.7854401129
970000,987995.890135883
270000,248191.09211319668
250000,376156.0890868461
6750000,5995315.737253835
800000,774569.0642262978
270000,234412.77287212136
2900000,3116992.979419544
220000,239287.7702277279
150000,141106.07618091514
330000,246697.44390315766
560000,534418.2114268951
6900000,6681352.590915106
160000,136221.25887031335
80000,122264.06150678704
780000,786910.1371162534
1900000,2107930.942033904
550000,590219.743060104
190000,241602.59232689065
1270000,1313387.1781409804
3250000,3501726.6597128683
250000,257196.2655107191
3500000,1883183.4946840312
5950000,3650903.8763930392
900000,836628.0952445131
2350000,2399004.2863325393
300000,314968.5744552782
1350000,1332439.1242968247
230000,232325.4875674595
1700000,1459958.8769876163
3350000,2454873.403268129
390000,333180.61018775345
1550000,1832115.6709248815
630000,637048.6417406606
3950000,4068019.5569560733
2900000,2800836.9501381214
620000,654529.3833318395
570000,293726.66386242874
2000000,2179487.5527834976
350000,253439.50237683314
1300000,1331949.8659931752
80000,71073.64835623329
3450000,3498399.4065786423
120000,135763.61002577527
230000,250264.37677424835
4100000,3840002.6164083
325000,345658.5357208105
275000,222737.3143892536
790000,730758.7847817895
650000,636773.3032921689
980000,845601.5663970046
6700000,4892593.0347590735
1790000,1811806.5043590849
930000,906371.3679143101
3400000,3045224.430924044
7900000,5854730.748792894
580000,566698.7101050873
750000,707079.4944070039
820000,753826.8738180851
5200000,5254073.779071194
1050000,867150.5670569335
250000,320761.50684183603
550000,802158.2561993569
250000,248522.61694276315
450000,515922.97708945535
1400000,1081393.3020618844
2350000,2671385.5232769623
245000,264311.5909577452
310000,264774.0775220022
4700000,4846464.547955284
1625000,1230764.1586000489
3250000,3237624.4719761633
515000,488055.7963812653
2200000,2062505.9188331298
245000,291767.70699845423
1470000,1533807.1108308798
980000,898140.3891606869
765000,814687.9003983901
2150000,2240448.818115995
890000,913815.8468059086
2470000,2069269.2288538814
200000,141398.88272883778
730000,685470.9579540057
1180000,1254934.352935065
370000,334917.53192585777
130000,114158.65206015029
1200000,1202550.232766499
750000,607167.4679645796
1460000,1364384.5911781916
675000,698492.8749525695
110000,160411.5329888756
380000,353679.1806459448
6200000,5500979.412306236
290000,241496.4054315562
220000,260276.30534187405
310000,310012.25467791944
2290000,2358340.5126736066
2000000,1958265.6156910511
2700000,2907836.636587332
395000,285329.94910032075
1700000,1490065.3697620335
6150000,6398745.551112361
4450000,4525479.819481537
3200000,3135190.9800068256
300000,342199.2354964819
4450000,4472334.184600106
3700000,3537900.009474425
930000,867743.288115762
1175000,1089833.8961892114
1050000,767834.4300778259
1075000,927123.1068806737
1275000,1382273.8453296355
980000,1032786.2852401142
1500000,1705595.2780495335
880000,1067790.7207962577
1090000,1045242.9059169053
3685000,3166657.079687425
470000,487208.10823459976
250000,208504.36409263202
625000,632267.5197755243
2050000,2357737.4225647813
2520000,2563485.813686524
3350000,3290393.4561371943
105000,111711.16746689974
265000,276342.9223039732
950000,1061756.0774443555
1050000,1213358.9367480904
160000,172498.75486969211
195000,300765.77671141323
3050000,3076789.6472092755
5600000,5577881.97141305
375000,359244.77630017314
13200000,13512639.235598661
1770000,1753385.4096929058
5700000,5964435.927917049
1750000,1525117.9443362586
6500000,5720573.745047393
2350000,2225233.9332159567
2150000,1922169.4742952809
4750000,4821238.633787852
250000,236782.32646765147
110000,120207.70391421672
1540000,1566936.1310756295
140000,173791.3739031425
7700000,7597464.009439415
650000,633354.5885212412
1050000,1186466.9162814885
750000,824395.0760569379
1180000,1220719.3506613849
3800000,4137250.0989817753
2050000,1926074.6458842366
240000,254003.87289025667
670000,485150.3061911847
300000,274976.5149205922
200000,174857.50851382414
1200000,888682.0576308955
999999,949634.80048245
3000000,2268540.776454256
630000,962882.6382023137
450000,457989.61431721924
1800000,1709370.37058434
530000,540431.9618147688
105000,138541.14531623007
215000,219903.01913983547
770000,725218.3985888229
440000,384109.324074262
4450000,4918888.2341578575
2600000,3197126.3233009027
580000,609196.5719898802
1090000,1107674.8298714005
750000,764237.9276344317
1040000,997259.4120020113
990000,912603.0743260024
420000,350637.194961355
2975000,3239048.3273955975
200000,244155.44853131002
700000,1044345.0323291941
1230000,1189973.8916273771
405000,552498.4790660809
1650000,1466604.4958824655
410000,354189.2396460733
1280000,1216923.8404816163
270000,237885.27188277655
565000,514080.39026623056
2250000,1762534.8355620974
380000,352349.1149338388
2375000,2555423.3408267167
15000000,14337632.681935273
2090000,2078239.8874131097
640000,578973.0389652078
545000,594500.2370394382
1150000,1167586.3468198783
375000,395193.6038691668
1500000,2218793.341406869
140000,143380.70226985042
680000,745452.130993805
1180000,1190365.736008974
860000,841344.7699847511
540000,532315.8472259082
250000,241136.2739594423
750000,789848.0101523645
300000,309815.28579026065
275000,200210.5249427821
750000,811725.0599192957
2200000,2795898.097974644
5600000,5260960.164877955
950000,1008784.1913451456
270000,253144.3790044566
1500000,1998528.8357968375
790000,805900.9225090899
775000,880887.8956874196
575000,559545.3851511705
1150000,1164664.778223578
2000000,2416777.282071958
880000,983351.4210645921
1500000,2079855.3278776442
3100000,3183409.0590604385
1550000,1497681.266156551
300000,224511.69372386194
520000,494418.4283353571
3350000,3417830.0812015967
280000,218829.5363906163
250000,271202.1159684584
4000000,4123098.2752229525
420000,381670.6129944386
360000,353733.94214296725
710000,860801.0436268483
1090000,1523406.7367369232
1500000,2522214.267550918
265000,265399.8917930088
270000,392181.95326194516
365000,393222.3375322046
7000000,5431965.448127455
200000,251112.26617869904
980000,942388.4586836544
380000,329421.59219916526
450000,495727.6075610158
1150000,1627533.894809502
1750000,1633494.4727049377
590000,610440.6996416915
2390000,2552883.596502553
690000,729066.6711401946
5900000,6280500.738995846
900000,765664.1046292692
95000,147220.63729696706
3200000,3180272.4016157025
1200000,905517.7083708275
300000,258085.09393430702
3900000,3543269.4260705146
585000,650180.0537487519
2100000,2209852.830008762
3950000,4422801.75020611
1250000,1189718.5547818197
1150000,1142423.9947570479
2200000,2132886.288437878
115000,135596.63666611392
730000,755351.6605902481
650000,662493.6704464916
990000,904638.1582470644
850000,598804.5055483666
790000,724821.0930813971
960000,982268.8472201121
845000,845586.6950466358
1045000,949847.4182612916
1150000,1059097.6785388242
1550000,1487309.9239834007
100000,116449.50878409512
1100000,1123294.9903466145
795000,823490.1848057924
535000,501074.01093543327
620000,687762.5092287667
1120000,948058.4336493828
1390000,1190708.5744865916
600000,624916.5396279144
380000,338679.55574817513
740000,806311.1602743758
965000,829749.1903168231
890000,821182.3198778781
930000,982523.5628216412
760000,814961.7334794024
940000,1055942.0412904785
350000,370424.4823913419
230000,249381.4510067213
790000,777453.7321178236
1850000,2068231.356545608
1050000,952159.1619852372
125000,138215.57084514733
670000,678044.6769263404
3550000,3421563.369143042
1175000,1218725.0253751117
370000,430135.4688444735
1250000,1198936.1196942988
2850000,1740878.654103918
350000,242724.2923284513
1250000,1247059.854026496
600000,476531.6950690118
670000,592733.8185956739
275000,317256.21634030575
820000,785674.9268118521
385000,430999.4970493677
110000,210252.46415051207
1200000,1647979.3734312642
450000,332108.82213168824
950000,855169.9786244591
145000,128543.42813638088
240000,222072.76393148032
250000,266091.751485858
570000,704583.5076378245
1175000,941089.3055845974
155000,147590.0613528245
180000,167052.99498168385
720000,816943.4326628167
410000,366252.3210228695
1450000,1244891.746067709
975000,882472.7679558374
675000,681219.5053654001
680000,673782.015035894
300000,318880.3738781829
430000,360007.8948807703
255000,343597.96983208053
490000,475542.7335302863
1000000,1741419.1359547575
700000,691958.2861255765
1050000,1067426.6986218868
185000,195569.88593269623
3100000,3203833.726734286
400000,384770.51407084067
675000,672936.3382308782
2900000,2849430.24974884
550000,578097.3433728808
1580000,1607594.3170816377
925000,946723.8159151919
300000,215726.4480026481
820000,869210.0538629823
235000,225011.25988191168
450000,435782.6978772492
215000,284147.34969490423
110000,120154.02464890212
600000,794057.8550625426
75000,76178.54021786164
380000,337527.4036568597
825000,744643.2872578019
1150000,939891.2124872067
1335000,1147169.2069123134
1025000,1061706.9502723988
2090000,1875299.309453027
1750000,1601122.7300956126
330000,338452.9685945228
3250000,3544712.9390568277
1650000,1446639.6890466826
850000,846779.8332778674
635000,691222.1251014139
190000,205656.80094644424
1750000,1579193.7102457986
820000,737257.099134495
230000,226541.47198482938
380000,356414.0942422893
15200000,13470249.660609053
4250000,4391807.899299903
100000,180931.73788290287
420000,377310.8402908148
1300000,1526892.0488751766
210000,257569.97379106542
160000,164068.77484821196
530000,507476.4520862603
1350000,1739652.4648130485
130000,140208.4562701283
970000,891537.089931942
445000,472187.5500147106
1550000,1534757.0131451641
140000,164018.2455716677
245000,237496.90875288864
2700000,1964477.9852656869
450000,379381.8084134656
430000,357048.59186398203
3620000,3939756.627600978
1200000,1275061.321721921
490000,482546.77915869706
290000,284050.5737265414
570000,611577.6450855568
1800000,1546828.0032071136
2850000,3820921.593291806
270000,296587.4559537326
950000,1035112.1640239165
2900000,1628627.2678490886
4500000,3208836.9298580233
580000,628011.1219664998
830000,773716.7452102888
46000,52893.07899837789
535000,751975.8770058743
695000,662560.7727585378
825000,821379.3284531741
970000,986266.2560932969
400000,402146.1486611507
225000,216931.2407045422
1340000,1429786.883339688
1500000,1371096.8845410775
9500000,8084978.415994524
700000,658854.6529945798
2950000,2868949.160662726
850000,796547.330374178
1550000,1547895.706120958
1630000,1235458.6302246652
1050000,1009786.5961415769
850000,845585.9201487725
390000,359524.1080090324
215000,196026.89120000976
590000,912923.6602141899
1450000,1432783.997873574
6900000,6418063.513115665
780000,720781.6624485877
1175000,1046690.5387828454
470000,513800.2191131402
900000,887775.4241574449
750000,725801.4303118329
1150000,1197885.3847323
600000,591698.5976181728
2700000,3224638.9285147167
1750000,2003831.8716933068
665000,628421.9666892902
1450000,1541752.4129846308
2420000,2418628.3980627195
650000,588392.8092228143
620000,616665.533550213
1270000,1276323.3793598397
2480000,2479763.471456565
1180000,1837775.6837714054
170000,182011.4802640489
565000,594914.0426777034
250000,247640.9666989188
950000,946028.7300449482
275000,295753.02176373533
660000,702266.8497987826
4300000,3981407.6755093485
450000,613797.8605003031
250000,203536.7746608073
595000,584604.3361271237
1580000,1534024.3673536275
6750000,6028522.459831062
300000,295099.728735594
730000,730119.541560717
955000,986798.3971342696
325000,359701.2053189297
1450000,1560381.9333153442
2000000,1824220.2995984973
3170000,2966305.6961209206
770000,636710.847574663
3100000,3173521.091021879
3250000,3010278.9249826223
250000,240132.47172309208
3875000,3988887.962806879
1850000,1812404.1680761853
230000,292748.49118445243
775000,726711.5961729868
145000,135588.30866200692
85000,132844.60408367094
1700000,1683692.007880158
3600000,3422826.9336383073
1700000,1654559.743848447
1525000,1677825.9369293808
1270000,1359606.931842785
1250000,1272944.8704616614
1100000,1163790.9024657996
70000,106356.06801241405
1250000,1220066.1489620935
2300000,1969769.6903141476
1700000,1486865.5144372669
1150000,1198261.246896576
960000,1044817.3572326138
2370000,2697803.356849236
160000,126392.07526528333
715000,766699.3757900422
2350000,1961142.8356490592
2750000,2566633.559874206
2850000,3064517.527865055
595000,744295.4261541485
3300000,3036105.3137937523
230000,242103.02139697317
245000,252236.76912803418
1550000,1615885.8977448118
4100000,3943598.5644529774
4750000,4462897.572575222
2650000,2215712.385997333
250000,220882.55248068523
1185000,1209367.973138009
1000000,1152629.5257267866
820000,874828.1463376818
865000,817499.8834417155
270000,285277.2946909995
5000000,4643201.548063902
625000,617924.4209895047
795000,717485.6930417696
955000,1043648.0591624916
800000,860224.1575445296
285000,265810.9725365066
595000,633885.5322271698
190000,241482.83464123757
560000,506033.8858636843
5050000,5262424.127882781
270000,253398.08721140533
1475000,1167931.300424459
905000,1025568.7895198707
1000000,1045378.3735628404
1200000,1109308.1129747757
490000,762308.7811661697
3000000,3078337.2801784445
620000,620172.6049305948
400000,489482.4123042275
4500000,4889413.800476848
1725000,1781593.9788833167
1850000,1667287.006165418
1450000,1651937.209890641
780000,725824.0814278729
1980000,2166935.8407710544
150000,111276.89147126931
3200000,3342876.8179751327
235000,242045.54081486698
400000,454852.0532563577
785000,825015.575292393
580000,656515.5476536322
640000,676933.3542961995
120000,124100.296438884
6400000,6061543.02429604
1780000,1853523.4822254672
600000,583685.9419393897
200000,215680.36958479232
1295000,1158118.0265315117
830000,811876.8233586637
7750000,6688801.441352969
260000,266550.95559825713
85000,49520.61955832615
7350000,8084864.799632774
250000,215754.92722542703
2850000,2658134.4930597134
790000,689943.7791908041
880000,874641.6376955685
4800000,4634692.170851633
145000,138501.0543471651
480000,340537.2757687554
2900000,3284930.249349762
2400000,2636080.346669966
6900000,6746128.055480663
2750000,2800333.392602966
2500000,1929594.1570885729
4200000,3921918.1383218616
3100000,3414000.743339347
1725000,1609454.227010629
185000,224038.58883298514
750000,668234.3431648524
585000,532208.46749445
790000,720538.8135036498
700000,792255.8122423178
6200000,5482602.242860833
5200000,5047079.710064732
515000,569801.9791053785
155000,165999.03890545023
280000,274915.5823721798
790000,861034.5986983756
200000,195112.76677707015
1850000,2636074.0496017816
920000,932537.1888732773
1050000,1064943.369470758
250000,241555.77481465752
1130000,1118557.849670257
570000,550096.3405642089
6400000,4921848.826103491
5250000,4466943.774209983
930000,887413.8097993272
270000,172992.35910349677
70000,54286.58864926682
790000,726534.3558019169
280000,274301.93668725406
1750000,1871756.3047335641
820000,823992.9541547553
1600000,1688992.853686959
2220000,2150707.670833963
6100000,6565632.805303103
4100000,4052935.758779152
220000,260695.99411716493
275000,279409.6001136645
3350000,3882246.6224402194
2585000,2671488.2747708806
1700000,2096634.6764104064
290000,271335.46693652344
4950000,4593202.4871686855
4000000,3613301.073904647
780000,805326.3017489578
240000,272011.1739024411
190000,186569.9282370973
500000,520697.45863915357
320000,436786.40769582323
750000,762711.217771659
260000,254730.27659956503
1790000,1603529.1933001596
880000,882278.4207285183
2790000,3314401.912320215
8500000,5742568.489474308
2150000,2258116.660331062
4500000,4367089.2088391045
3300000,3183819.797725384
215000,259731.9651257152
5900000,6045174.019512289
480000,467001.93816558615
2070000,2099029.542536356
900000,957921.0674591254
95000,115575.31819903594
1430000,1277938.703325498
650000,643835.5511715217
1070000,1048911.3707464463
1400000,1586392.5915717457
4000000,3796372.614030027
750000,767207.2630100019
260000,257822.3786730057
750000,855427.2526731027
280000,263595.0396704581
155000,185462.82580842313
720000,960543.790510921
840000,815469.9662154627
790000,753435.1403902044
220000,196394.3536043047
1050000,1042836.9810161624
3650000,3406733.374196684
470000,450995.93862751516
1270000,1276509.9265534752
2435000,2150831.2575904117
590000,539511.5173001044
2700000,2820699.1552094575
690000,719160.033040573
1250000,1667817.596975879
910000,867366.0497735947
1290000,1391209.540621669
130000,107642.4100421398
140000,136581.1165660857
500000,532773.5778459131
255000,252190.76045062422
690000,725869.8580955227
725000,736923.944610066
290000,313816.36324186187
135000,91286.68502220223
70000,156292.50373827727
350000,336547.9270017863
195000,145941.7233369357
1100000,780795.9717660011
130000,118863.22005414667
2100000,2117307.056484909
660000,752942.169812893
2900000,3162468.0143291713
220000,240081.11735601854
145000,134277.69966554342
12200000,10837032.425341833
90000,114703.7537851161
100000,127553.51299676238
4050000,3881759.968993922
220000,227747.91930723458
145000,132502.80536475853
730000,824763.8813318377
2740000,2689034.0662014913
270000,274706.8795362257
280000,262868.8113530277
2770000,2808504.933572857
130000,134466.64173442867
2200000,1807647.6268223866
125000,87145.00443082563
67000,52314.85830270192
250000,226535.35380462237
1150000,1238324.5118009234
200000,252717.53331644568
350000,522103.8374646903
320000,251118.26775796825
1620000,1804754.331654696
270000,294957.0337961744
1850000,1960756.3827175652
170000,140503.0522240183
180000,214574.320280586
1850000,1793247.0363193294
1320000,1159318.4723844973
250000,323739.3661378122
4190000,4421080.672907474
1900000,1676247.04003636
950000,897874.0550385937
440000,456518.1539158831
150000,162172.50886289516
395000,410478.0229596371
135000,167298.56932339218
170000,162967.6486011932
1300000,1240496.6019286774
350000,312041.9624623558
200000,140257.49058124848
870000,879097.034330836
250000,334512.2149913285
730000,758566.0773170834
1700000,1853050.8360378272
2800000,2638782.6132756644
900000,781007.9216036922
350000,292250.8344650545
950000,1109901.0371163548
675000,643079.9115377216
990000,981433.8680699151
315000,290178.66202602384
3140000,3170170.382211244
600000,679594.6719173554
555000,539835.3553190111
8850000,6063205.137094285
1400000,1081552.0151117914
4000000,4055838.960304709
230000,244793.84685086136
750000,616037.646328893
1500000,1803734.0518562847
2420000,2428569.930558773
625000,522659.3888082377
590000,684244.8460648395
749999,754060.9652005007
240000,262027.9428323935
400000,362307.60964293673
260000,281815.4277077444
390000,426714.0562563101
5850000,5246157.366935254
220000,240023.60876266914
410000,459415.8993213407
120000,206658.6595817381
305000,297276.74495665863
300000,297632.7792980669
4250000,3859133.184531094
450000,396247.2199885954
1100000,1119368.0799470511
1875000,2173475.7119388017
350000,326928.8619789551
920000,996767.9721185723
1400000,516070.2943476877
1250000,1226888.9247272187
530000,466660.36414790415
510000,560415.1828159376
175000,252193.27438294215
265000,388795.7619108618
5150000,5556147.902969059
470000,395572.02096993994
990000,877036.845964626
278000,408453.7687176532
1950000,1908034.117922548
132000,133484.2147695067
165000,169303.6838267816
1480000,1468203.8992003684
3650000,3463661.9308468373
8250000,9248855.967994198
6800000,6902611.852481262
785000,1087205.85472543
1400000,1281465.8096659414
520000,472011.53156830266
7250000,5247324.623182266
7000000,7263142.348847349
1150000,1148830.596269537
3750000,4252038.766499569
790000,848069.8728810187
485000,508127.6446713589
2200000,1906542.8777476498
720000,688425.9712182902
2815000,2933439.8381421193
200000,335898.5098401501
795000,989597.8808990432
650000,670669.1926458072
1800000,1909834.0649263095
1450000,1425613.8640435506
2350000,2235148.38282972
2100000,2011106.9112378424
5500000,4483856.77456759
215000,193417.3132141553
1150000,1082946.4654977086
8600000,8194589.621280439
1300000,1145865.5813697455
105000,116347.50188248511
1100000,1106581.1750978176
7800000,7750529.062920387
580000,599047.3295151717
1400000,1188815.5007140096
1580000,1244575.1061590796
1150000,1280743.2616667321
850000,907494.2194529382
235000,321779.4415188884
980000,1045294.7185383254
2900000,3062075.0956999543
4200000,8633310.823964102
1700000,1816772.7667413824
395000,385124.1511556769
780000,765352.938129152
450000,397156.0859134042
8450000,7613193.703775673
7200000,6036630.281063324
110000,102000.40040842738
470000,489727.37749369495
1220000,1293215.1223952295
145000,120620.30083750743
4280000,4416981.160073066
1900000,1939084.3200199325
1500000,1424974.5909020936
650000,772271.1057504276
5350000,5930549.856331646
1200000,1223926.4034344368
1975000,1881099.1757970129
1275000,1132395.8310160846
760000,779452.8170334832
1180000,1169290.9747491572
870000,861114.7556124819
360000,374764.5279276202
1500000,3818955.3582132426
770000,718898.0151314558
880000,846494.650652608
1050000,971803.2852179459
880000,814102.4119898989
1480000,1494330.0265136592
520000,561597.6405138418
1400000,2907182.795153023
3250000,3543155.9563166313
725000,728530.635918563
12800000,12221864.619998833
1000000,2107991.3893921357
420000,399301.3914459719
4250000,4981136.750091414
4100000,3626734.668341052
1200000,1232305.720206166
3100000,2787803.4350734293
125000,195831.86173958916
255000,217872.82754534108
3200000,3021693.200820933
3600000,3468375.826914893
290000,314317.8932128191
250000,287649.1433297982
1945000,1897564.8231436478
2390000,2371668.1001959657
1950000,1665820.1421029968
510000,417597.26236483513
185000,261169.81045059394
235000,213961.15408229627
3275000,3386745.8032024885
90000,112162.06635516555
860000,1055398.8001610967
690000,699807.1396946978
1600000,2264423.133114411
285000,281878.91308715154
450000,427293.4804230222
1200000,1329472.0889370225
5000000,5578312.494072551
1750000,1776375.2538810687
800000,789696.4054737334
2000000,1918626.8054664289
1250000,1028237.9942157372
2850000,2833531.6895763227
4950000,4979258.430652349
450000,431852.917624246
3950000,3573557.3592010383
7800000,7014141.922322674
4200000,4514020.05078802
3200000,3571784.8055724683
3400000,3167130.6537256376
220000,234033.08535882182
1560000,1502490.6681186294
950000,902610.793947937
330000,358114.79941137624
2050000,2020624.869267021
2850000,2714222.555827869
600000,641281.263442785
2500000,2530685.8310021153
2100000,2152773.9311310058
100000,130307.45528013117
385000,414795.53655889514
4250000,4262505.342062243
13800000,14312448.070463909
10500000,8977598.266620032
3200000,3211612.354156353
610000,707627.9082194826
720000,693849.724995748
1860000,1768230.2134456595
6500000,6362964.685429308
700000,968750.694365232
490000,591884.833362282
5200000,6118122.51417723
230000,198702.11292046704
160000,156000.51345684513
850000,562398.9037077175
1400000,1351341.1517285267
270000,245679.6407512276
1550000,973667.0190126628
2450000,2422944.295790055
220000,227993.9729530295
800000,786638.9451810577
6650000,6556943.434580063
160000,161531.28402659085
225000,219603.48053322316
575000,318597.3480858946
880000,567117.5576381941
650000,647590.8254687999
280000,314822.01394724904
95000,119464.23872727346
900000,805852.1248614697
2850000,2852139.7984321946
490000,473423.2963424854
680000,699216.2780477371
1360000,1129226.0957627245
280000,281330.60985292785
800000,901846.3516588064
2480000,2625238.9762520664
150000,254891.768183588
4500000,5015758.852246244
265000,250936.57859148708
375000,316080.27537591744
1400000,1458050.0358957446
385000,426820.28079637035
2450000,2653810.2053452237
1000000,943475.296100447
1400000,1440863.761270237
1250000,1309273.9628823635
470000,526637.7211404851
820000,961944.4309595877
670000,698255.8142605185
2420000,2141682.101888174
5000000,5341630.298573271
230000,212657.72177419596
250000,265042.230192928
5200000,2638388.194694644
120000,117820.57425484507
880000,870235.5541625922
445000,400878.99624018744
290000,286814.5630707543
220000,293898.4785130738
130000,204273.67032304383
390000,380196.76099196676
650000,565749.6450007176
260000,257368.00551149453
580000,638164.2667524851
2050000,1822354.2038664052
450000,390471.705814247
550000,527243.4659909563
75000,78393.46437779369
1700000,1617247.136809165
750000,2797584.9023913676
240000,213969.00506817133
380000,264926.56785677985
230000,304417.30009235424
260000,233077.79346587913
88000,122320.69813115473
180000,288133.5628565779
2325000,2255196.16317171
945000,798407.4866760935
2250000,2044133.9912697547
270000,257610.88015696872
670000,755603.8520443914
2100000,2258080.1029721526
995000,984200.7735543803
1600000,1207424.6942395112
480000,546449.2546569952
1435000,1342706.3791731745
500000,500278.0790825159
2300000,2485079.317191594
1250000,1253866.1832644518
2750000,2364809.3424480343
110000,125271.53400542817
520000,529691.2344828761
275000,307190.93122832297
650000,577451.6941390926
825000,812911.6640964294
3800000,3931347.0052738436
465000,363875.2675788597
900000,997966.157956856
195000,202608.8148138949
2500000,2142941.828369998
520000,502377.51250878203
1200000,1163929.8649075546
290000,246833.3365467078
940000,866379.8938177095
410000,419001.5719526582
400000,360041.5932471237
235000,232773.5040575049
750000,802873.5899553027
2250000,2665647.444747692
940000,977609.382529505
280000,236148.75498135772
570000,518310.11193212925
300000,267102.81720544555
6500000,6168271.622992198
1200000,1002005.4744186997
1150000,1135292.9257777352
580000,540330.2586893698
330000,448171.1770144508
410000,331264.7212249843
130000,146657.5384939981
350000,318276.8526597876
895000,832428.3007095064
1120000,1182753.4136114034
370000,384087.94962047774
765000,754093.5284264607
355000,367948.30630455114
330000,339883.84053716937
265000,224881.79591083206
218000,324670.81869658665
280000,286473.6042436159
710000,802017.4924816113
440000,533051.3422488718
1450000,1760059.5747669437
180000,254941.1700579592
130000,297985.333830449
348000,322666.2663137927
250000,194291.6959905625
55000,55192.79044627732
545000,584693.6370267739
2200000,1979732.0801002102
215000,240596.9115701278
3100000,2695614.802369988
180000,219946.8822819363
3450000,3464349.68455753
580000,614688.9467670443
575000,583790.170479414
120000,154709.80665691142
1160000,1046633.4304820574
250000,226778.71599647083
2235000,2595508.2673418424
625000,614218.8538317023
1550000,1325107.2244873103
1150000,1211499.2929653055
230000,251358.4104202663
750000,786551.0638780419
520000,502605.7347533394
700000,710141.7260441374
60000,69195.08147000178
200000,235700.9351383074
233000,129349.18715550644
380000,311269.85847671947
625000,690550.246124104
350000,580687.5488881221
690000,703999.3385797708
3550000,3532145.7877323846
1150000,525828.1674677163
2800000,2967876.623663461
350000,487485.88955815596
975000,933681.9695751409
3600000,3688925.4423795925
860000,874791.1773589645
65000,65557.87995586667
185000,155095.09556448663
3400000,3607264.806226343
270000,352430.21427989274
475000,409132.25863548514
300000,441619.65858174453
260000,227645.80175733988
1250000,1001768.6639898845
665000,673548.443337357
950000,985311.5564137159
880000,868670.1400095879
190000,191211.23548756633
450000,460467.29794528586
1490000,1346249.827724222
850000,785408.7145012126
2850000,2803444.7013384784
200000,209375.65880423898
6900000,7032755.525262247
2500000,2499333.932453737
3200000,3274960.309859665
940000,948495.712200374
200000,231000.2318573549
5450000,5012479.214676632
1370000,1267254.401414103
475000,573419.3542849525
75000,90488.65728530532
750000,106478.7265381947
720000,772062.1046852564
585000,605460.6800399475
40000,78447.75167272864
155000,244436.52706916552
1750000,1623102.4737092366
1200000,1117621.1509602524
700000,665543.8565170642
290000,277314.45003157743
335000,363955.05916406657
3100000,3184153.3802129133
3400000,3454661.549042678
15500000,13254655.678288944
1470000,1409742.5710655807
1550000,1800086.6168904377
4850000,4246064.696556372
695000,787819.9059020465
715000,680170.4565756015
1850000,1651653.7201333512
975000,1112924.90978236
720000,802981.4514225222
2950000,2920244.1120039485
290000,286313.1805302855
800000,841298.6706060177
790000,824228.1948165498
6350000,5695356.686635325
210000,275051.56345511985
235000,274396.1332991057
2100000,2127847.1490291846
10700000,10588071.599181158
570000,615457.0522970012
330000,338716.3747768959
1100000,957555.5604403428
1450000,2118273.5736867036
315000,311519.1524022837
4000000,4092860.3777655023
430000,355663.5692572172
320000,380289.9490256867
2450000,2267006.0524591333
220000,201627.81709958002
770000,789935.9306243929
1160000,1120708.5218967288
490000,489363.6380796826
535000,552662.0875721342
1650000,1541210.0729149526
750000,788967.6366787803
160000,135415.52388665001
2380000,2356038.9750883942
2300000,2259528.1340686698
1200000,1241356.743595225
130000,391479.1329928573
400000,358415.8722613623
7100000,8008303.7597261015
3650000,3579482.20119182
770000,732774.0299312377
4100000,3703385.926565284
2800000,2854116.8419455797
1050000,1104536.5091673902
280000,249583.49893726653
1750000,1682468.2438318403
1050000,829277.7709824784
2500000,1893958.8996468924
2250000,2097576.608277883
6950000,5938563.308360713
1200000,1463732.8723989865
110000,120058.41820890151
2100000,2175359.6460981746
4400000,3597255.06795638
2850000,2403024.628299749
785000,751653.7661738726
200000,269471.45027704316
1600000,1529878.5768966128
2690000,2530411.3317969097
325000,311001.9314460737
1520000,1103133.5459925847
640000,624367.9479119767
640000,717480.9825480591
3050000,2993597.800137579
7800000,6229079.673795162
4000000,2913407.90526497
850000,867623.612534337
1220000,1063856.3102724615
220000,226433.7442565277
1650000,1636488.1233952106
850000,852947.1610468667
2400000,2845113.665830702
2290000,2497361.323658139
1085000,1159351.5137108602
650000,655394.5438282626
220000,267801.6887875241
1800000,1856419.4186071074
375000,585764.2173609722
103000,172426.93000021295
210000,247700.45545263594
7500000,7131627.625408704
1450000,1324390.629275228
3000000,3233000.6672983
400000,342364.2580520374
1300000,1146851.427055143
600000,575389.7520302784
3600000,3460129.947860206
550000,568041.734030438
3550000,3414944.763481382
5200000,3433219.105022266
3600000,2922133.2427363596
250000,232934.49323064135
140000,110122.76536908068
7200000,6266342.645790902
520000,540380.9067823614
1100000,1238136.2616860007
250000,291792.73382264754
1200000,1202252.672929451
5700000,5819314.475061068
4200000,4168893.5959854294
650000,330034.9112064098
650000,819188.9429303503
450000,150447.90244066616
450000,136915.2675306739
2600000,2602379.6137280087
6400000,5703735.931427909
5000000,4745474.619135
4500000,5014635.182475575
4900000,5411061.068131143
715000,709934.0241347451
1950000,1898185.6163270122
420000,362364.13968080893
1350000,1304143.8288040822
1850000,1706141.284082591
1950000,1887646.7885848426
2300000,2177536.036834856
3550000,3576512.276523639
120000,168779.6567044078
265000,236273.98139662723
255000,231817.6586244794
215000,205808.91178181767
180000,137614.10311644967
1750000,1719033.9641035232
1300000,1429880.9380211374
2050000,2048491.1028473575
2400000,2379983.217113492
3250000,3334399.101060727
2730000,2902665.5040243734
670000,560033.9612434118
175000,214687.8658094689
575000,645495.0762649865
170000,141953.04269698347
2100000,1972840.2512822172
360000,427429.23382098647
360000,274814.2270089412
280000,304569.8427747925
285000,322917.13287993235
2400000,2763433.1456406023
700000,720878.209554749
800000,805274.1802392561
6400000,5612006.202323831
2150000,1747365.8786357495
6250000,6035240.670644803
2250000,2527688.1246258626
2150000,2130423.2610029266
2100000,2188269.6425156584
3500000,3448298.4771973933
4200000,4102035.6596588814
4050000,4747677.844633084
2900000,3042871.2680031373
240000,233535.78011924357
425000,432569.2115053833
1450000,1125395.7754040037
1850000,1888731.2951552789
1440000,1474670.7378705617
95000,128415.68282945665
225000,164769.61006224513
1750000,1446075.2829027746
200000,231672.73366360198
154000,151820.77385478996
535000,576337.1045771799
790000,816577.463043815
865000,865464.6858652101
560000,591854.5944646501
650000,601442.5766725208
790000,720525.7438346543
690000,664359.0312173965
320000,292802.44565369945
1795000,1866862.392635731
1025000,951761.7252937863
2990000,3086346.5508995326
55000,47282.35177750627
430000,387640.9377501577
850000,943957.1268655472
175000,196941.6187980789
450000,466292.70444180124
2690000,2539804.457145496
190000,182114.87833907938
650000,695520.2408358353
1020000,1023489.7291710901
220000,217524.3912840645
450000,343800.1628582859
230000,212179.2975233875
410000,370625.69510529464
200000,173006.5349043908
250000,236302.09958495473
3250000,3100670.311756054
250000,260190.5865898458
250000,197115.10086066634
350000,230404.22912002503
250000,250275.38909032661
1250000,1157592.0984279003
235000,248216.51189485623
420000,559834.5109128593
850000,828010.3848154063
760000,731939.240724522
1580000,1624428.9624267858
810000,811037.2980428401
280000,215985.5814783757
170000,128123.23636932223
600000,624790.860592841
1540000,1564169.4462866483
360000,366971.0146902839
300000,312821.9483735421
410000,473415.061285991
695000,693171.9220086123
140000,149260.9605900786
510000,516265.26377900044
6400000,5414787.60194258
2980000,2866091.625861074
250000,273712.2227216467
250000,231055.9328667477
1370000,1212891.0679806438
187000,202852.48448958158
1900000,1913158.3828857087
2670000,2510551.771992324
2600000,2376033.960587189
2750000,2450698.6803389518
210000,219399.10270591537
520000,489437.03398233006
350000,346096.4607059065
1300000,1065290.258527529
490000,449406.2637823047
2800000,391804.1838442424
450000,400853.2837320944
1570000,1701065.532066173
225000,221560.96808088574
330000,261212.26718693186
175000,167448.46523674694
970000,802438.3494984256
1900000,1886540.6532365733
110000,103559.1030133758
1600000,1241020.736497592
2750000,2633124.0236009075
370000,418554.30528515717
280000,344707.9698709897
105000,123862.73418098052
260000,282896.6861050273
875000,984400.545073004
2190000,2179744.6001102854
295000,293952.18926070165
970000,1049198.784836184
1150000,1187398.2963553146
1800000,1822972.1411457558
350000,386938.84457419434
940000,852207.2810714629
2180000,3237079.556774035
195000,162934.00720395986
280000,302324.5043021635
1400000,1168293.4196992395
2350000,2033457.789441785
940000,856124.9525589185
3180000,3052518.966356352
3350000,3349771.4744299664
385000,345573.68380160374
870000,928132.6247515129
2000000,1974186.6598394893
500000,595496.4798556522
400000,381153.7342727048
365000,342880.7133366142
340000,284000.3433141636
5100000,4682245.231954852
780000,871734.0518757617
340000,297911.6036196759
850000,848055.3954657086
115000,99546.01394427974
1150000,1121445.2968099155
310000,316921.66421142226
320000,349969.4012187905
1400000,1480838.9638388562
870000,965874.5433285497
1400000,1304159.0396444767
220000,180769.79650748946
1850000,1769707.401844769
5400000,5352819.062730449
240000,194846.5172765924
540000,512659.1596123699
650000,594169.7892105195
320000,349086.1966644544
350000,326527.7089118171
600000,727478.7409148077
200000,145022.2994364294
620000,607659.5049105786
280000,301416.7338943161
4750000,4820543.410711841
230000,215823.47103991077
170000,196839.90321366905
850000,800378.8631756651
450000,408925.03225205577
8200000,7437610.016971604
825000,912133.3084040623
100000,56112.48334201362
760000,760195.6457739727
530000,494226.6420858794
4200000,4868977.634753351
140000,148523.94718094176
260000,231013.63246069598
350000,350654.8671901602
1825000,1703777.288915868
1500000,1601604.0056966194
1220000,1227849.289439832
230000,202376.1463329223
450000,418881.00814867823
7100000,4957622.023687861
320000,328526.557077362
580000,550239.4190319681
235000,319536.13479509274
725000,629765.0122342356
270000,305374.331794643
360000,364492.74620499916
460000,455532.43941992876
140000,171148.55268360642
3650000,3964926.817887238
1800000,1698871.4515058466
3050000,3409399.843313191
210000,193102.7448047381
1650000,1520890.3459153376
1680000,1845540.9721359138
280000,351107.18874685495
450000,409248.3088704658
3700000,3249983.5115584256
1400000,1349463.893870414
720000,722073.7906881998
850000,862883.1487135038
570000,512535.3460380415
1700000,1692553.3635574603
850000,829455.4240956046
2650000,2533769.253895178
200000,282869.91197868437
600000,608280.7726580226
2500000,1663284.5489874503
200000,216106.60527538965
120000,139848.74126516524
3700000,3645931.376513527
2500000,2745861.6231606775
800000,853423.8278008864
150000,145430.89412358703
1950000,2004376.528699848
11250000,12109359.06999051
785000,777113.7950686865
1000000,861755.3739886428
1700000,1605213.0272498822
750000,657198.6614290923
2750000,2819964.1600240804
1395000,1384740.4193857654
130000,153653.7282361744
120000,212606.84354474884
4250000,3578508.8553199247
830000,972647.2018934988
180000,205531.7920575707
240000,184774.82244480553
930000,950454.4432425901
300000,395879.4596252265
200000,206915.3143961911
780000,678978.8288889396
750000,700823.7807693522
360000,342167.39637777244
545000,564746.142607425
1400000,1194474.8176202043
1950000,1750713.5426157457
1630000,1698569.7962661895
1950000,1712085.4738550577
140000,157720.01382433696
250000,240827.57258956382
1200000,1224197.5599413433
185000,273735.3315931861
1070000,1093300.0074262482
275000,259638.56467150152
1100000,1235358.117789691
240000,299494.8045243403
230000,272420.01367405435
6900000,7221375.349580612
110000,128213.00065652686
250000,223377.50920529987
1800000,1689359.3661593425
550000,601256.4975251174
1300000,1451682.992310116
285000,260766.87356870563
200000,237847.50070697602
360000,447904.224035378
3350000,3070807.614453646
1430000,1466276.5200264791
195000,215684.6499942499
1275000,1243551.8013646516
830000,817242.4075950872
1750000,1832138.7393187657
85000,117784.20059904708
4850000,4534639.204609687
6500000,5486774.880280476
420000,423100.6675337989
380000,463380.58436190017
3500000,3725202.227409468
570000,494054.97539081675
800000,839989.9365242738
3300000,3180170.260511611
3750000,3281145.2142213676
3050000,2768594.935852914
900000,935627.0875594759
7000000,5428227.718055026
370000,415968.59769140306
700000,767949.3009975244
1910000,1860978.175094419
1280000,1289159.1709493215
160000,205595.34929029542
620000,615478.6207253694
480000,392506.3439448441
850000,907885.2380024872
2000000,2036185.3633870059
1750000,1757905.4053550756
250000,266241.7609296113
270000,286566.3637113527
190000,235475.4773159607
3650000,3634559.756055387
580000,593420.5958454888
320000,315674.64200322534
3550000,3925423.7067325125
925000,818789.5096245145
310000,293504.02136237576
2250000,2067872.3320881333
210000,217072.5133889647
1100000,1097140.427555762
650000,585757.599646084
1750000,2012574.443121004
300000,312834.0128614312
170000,191303.16151271795
1050000,1073496.0737478181
275000,273638.46190733055
1000000,954920.1809470417
110000,126644.4935455101
275000,282529.2268754832
270000,285615.52739195357
3900000,3963685.0101056336
3450000,3336544.4223026866
370000,326293.032160381
3900000,3245601.4061450064
1650000,1764208.3188817375
1090000,1032563.5815828993
190000,206772.9546077565
1380000,1139092.351196486
1920000,1760445.7199485218
200000,261402.64109968868
120000,147952.627407088
585000,564369.5679185198
670000,753690.7655102112
280000,243674.4129786009
370000,363490.4473736768
350000,326609.75912243506
45000,58562.40529454376
190000,233726.06964691478
165000,188061.93818567984
90000,107039.81452999971
370000,304061.70579372876
450000,375581.2039966072
485000,396703.63125943305
155000,139689.00659413097
245000,225212.7991766247
250000,194502.67208990053
350000,439121.92207775114
375000,362674.20160298375
75000,49987.15467421655
160000,120746.99885017492
4400000,3151648.3919462133
550000,501330.91379747406
700000,664275.9424560519
340000,311809.73614581034
240000,214846.08815148572
145000,153289.07841446923
2850000,2551926.8828685163
185000,204809.16844673007
3550000,3509405.5433613923
1290000,1290149.1673611796
320000,288733.1561495428
235000,230516.3215462577
755000,817008.638560735
610000,559489.1595708011
190000,172796.46504132566
330000,275487.64615324547
240000,323942.95865674573
180000,162664.72394240863
220000,253791.32800064606
770000,772897.4847986193
7250000,10314014.772909347
150000,164291.30139642287
610000,632888.637684751
150000,86129.79527059918
2200000,2405279.761596224
1865000,1667806.3924844896
560000,570113.7810735701
1070000,1339716.0103241308
160000,140891.5204774748
300000,269933.89749696146
185000,208827.5361680219
350000,361356.8186019956
460000,386735.7442730261
530000,538684.1657659109
1800000,1950454.8343434557
5550000,5500722.226846646
3450000,3626207.45517439
845000,710898.5361709197
1100000,938296.8190308163
890000,929383.8711563571
720000,637934.0832844774
2400000,2170184.2005969756
225000,251980.05818291512
200000,255468.10622041792
200000,250686.4019185063
185000,238513.8880276084
230000,211016.0515237162
250000,225162.1267682099
1100000,902740.2555571927
4099000,3846508.070242196
370000,350166.71551676356
2900000,2980555.78699413
255555,321000.0284139399
395000,417292.93045101507
260000,324585.03426396125
640000,730738.0021181
300000,284039.37508916395
700000,859072.0185971879
785000,750919.1051858696
250000,211036.32880843972
580000,584838.4507047419
740000,736418.0188779255
930000,820759.0847915979
850000,724214.6190263313
420000,388767.90089163923
775000,824885.6059142086
245000,272470.89845439326
80000,147518.07345724764
550000,456094.17331163236
530000,524386.7850246332
120000,143292.6919995733
850000,998540.2994134845
600000,578301.4207812515
400000,359588.7175073098
135000,137238.20520781667
2580000,2823555.999427223
550000,512054.8215171332
1500000,1262157.1150348233
430000,416215.28859790985
160000,155714.3958306306
250000,202143.6575225094
630000,601165.8624890012
640000,187919.4807129317
1750000,1874051.3696416102
275000,366854.29350698675
210000,251590.22264067756
1190000,1112224.9294686795
2200000,2096702.413211864
5700000,6387547.736199123
1180000,1211344.3373219576
1950000,1861173.9662118703
130000,137890.48944430842
180000,174858.98195026454
225000,203001.360309486
985000,820111.445750939
135000,150943.4581158824
345000,366222.56560904824
150000,151806.04748295047
300000,315090.50879855
4900000,4153386.909936045
1250000,1262489.2960383787
4600000,4326861.535933819
3200000,3038567.9855576963
750000,625265.2362558629
150000,136131.72240131482
1890000,1919886.4584003252
690000,665367.7937241545
325000,265084.310728451
1165000,1150793.4784879934
460000,524759.427529191
225000,278301.34089659416
1790000,1819845.3107292461
550000,492346.1841224302
4200000,3599318.948382777
3550000,3916164.078213056
1350000,997502.3314060918
250000,207506.6293052691
230000,238839.29757779415
650000,672677.3054812688
5100000,4983751.570803373
8750000,8464723.631516946
675000,656274.5050140471
135000,120975.11932084599
120000,155552.4615699472
275000,262330.28583237546
240000,234372.46093660386
90000,104749.5221318482
2850000,3426624.393514336
800000,774199.4087900516
495000,570120.4608065336
8500000,4605230.838739813
900000,984802.9651565352
90000,82060.89866281254
9500000,7983891.356145038
770000,875520.6217276347
370000,315109.4931455013
275000,286781.16568784276
95000,113260.27583303349
4800000,4587330.566153724
770000,825740.4240606928
2220000,2023394.4015136445
790000,803712.7661084877
290000,231139.49401224527
160000,187124.49063261744
3350000,3396190.957289199
390000,291832.3747320199
2550000,2558573.2286392646
240000,280554.9062581077
220000,251716.40515212782
750000,799895.699866927
600000,704383.2718154356
5150000,4581017.80772119
800000,645522.2749403322
210000,190275.71985617897
1000000,1236128.8317649793
950000,970859.4467550066
230000,187895.6360157468
130000,139790.15617637392
290000,266385.1435179912
2900000,3129700.1116127656
1200000,1249966.809373958
2100000,1946755.646108667
700000,685009.0751050172
3300000,3263808.964807962
3850000,3883404.4278654214
4100000,3832388.6160381767
190000,209642.3982936471
2500000,2577092.846952808
1350000,1378231.915404504
690000,715083.5097123713
670000,659842.0936299613
1800000,975849.6721741838
3350000,3056973.7448094985
300000,262067.88778893935
4000000,3147793.5458077188
450000,389665.43442470144
1400000,1344395.0712953308
280000,269484.51292376954
165000,180787.9918676879
450000,410562.6084966153
970000,750006.7755444169
110000,120210.22511244428
155000,213956.36499750585
245000,276813.4002802299
1750000,1518450.4997717198
1675000,1814946.0751865413
400000,448041.15878658224
2750000,2766522.1435978166
280000,340770.98978374153
300000,309806.973449105
1190000,1313049.7157002836
1500000,1483128.0391967993
6750000,6683073.477045519
795000,741602.0251434378
2900000,2746790.564848641
2550000,2547781.333235948
350000,313262.381513873
455000,354000.43510008114
280000,270150.66570321337
230000,242947.47978904264
1550000,1665779.73210789
610000,669327.190387927
1350000,1308906.7846712598
1380000,1145163.52754373
210000,199042.7616942876
420000,450385.2927843532
1850000,1651343.9024517909
300000,233365.2125287851
200000,227359.4503914809
375000,346781.40922403755
1990000,1849255.9311097832
1750000,2065009.0940466893
3900000,2937790.6646924815
3950000,3920658.903133943
1200000,1332071.921586402
3400000,2993800.5351726334
1650000,1645955.8171473728
320000,354441.99301007215
1300000,1069765.588980672
255000,240433.0170312741
230000,215632.8488525278
650000,403477.2438270821
6750000,6853449.309742442
5200000,5169965.95147257
245000,253019.0061624493
160000,188122.89035826578
300000,378117.4949652071
980000,1019883.2735839263
290000,313174.85472156
700000,705035.2084196819
230000,230447.0588746415
90000,200433.86064522373
1290000,1539676.7822401214
270000,218763.38535662452
315000,316357.89384374977
120000,145539.37299953663
580000,602634.7960124571
500000,534000.7071262327
117000,123466.39048244935
140000,155954.96791182202
320000,353450.19832883886
380000,355690.49402390746
480000,438344.37837824866
230000,196568.75418900707
195000,266852.4898427797
860000,779238.8053606715
270000,294040.99069270777
155000,161151.8383475392
170000,162241.5195104811
400000,369735.11516555806
370000,386898.3031707265
275000,246203.1770343955
900000,878472.8387792342
125000,161478.28896477752
590000,644527.3483695287
290000,291827.3579832213
170000,163821.57473880172
400000,399642.2993632055
155000,152586.37816934532
1250000,1071509.2978546675
715000,730517.5391381624
280000,297154.5446211735
215000,383233.4130565085
150000,236466.67962766814
590000,657037.2862328734
310000,293977.51853312546
280000,260747.21669799622
225000,247838.84407827994
2675000,2835320.0668890746
720000,772007.332735491
1200000,735731.311355373
2650000,2798011.7732097283
370000,308240.98969663674
175000,188777.25962986625
160000,190064.12917669886
60000,58442.83728133037
370000,386809.19450545264
460000,502800.42381630203
2400000,2372216.0531660942
275000,251638.7192275123
200000,131230.40640501908
2950000,2563307.5504491734
6750000,5280709.069573151
5250000,4255550.319833086
250000,260076.28173743322
330000,329567.23442159867
4250000,4521218.1349784825
370000,372324.4504666803
270000,320648.1862903417
645000,657625.2930027212
4300000,4192649.388579859
200000,186232.45817597915
2000000,1884324.9243160114
220000,190106.59562380597
420000,380592.15875121794
235000,223107.6157146785
375000,259805.64441441392
95000,122210.21109831164
640000,599216.3980556392
215000,222217.07538762863
2300000,2297386.4300582586
185000,185048.27505947623
290000,294211.67138361785
1100000,1117431.6702796717
200000,194079.39983785228
470000,448133.8044648029
100000,124519.47668442724
430000,300994.6922501979
250000,343368.9881251252
1650000,1662096.7331671203
250000,202129.93338992083
1775000,1732228.3130897488
1950000,2135226.076734356
450000,495702.5650394682
485000,404375.8535386126
300000,344659.0889430435
770000,736760.6397170144
620000,637301.8930008988
550000,655870.2041125026
1250000,1317598.1564179088
680000,692300.0933081429
360000,366146.0908435793
410000,405792.99525423406
1250000,1220833.5778333228
250000,248288.29422555462
2550000,2688300.800287363
2750000,3272135.558910393
1675000,1689648.2548957602
690000,864085.0047324877
300000,253022.28528972392
550000,513994.6634344014
400000,341794.3213191069
970000,1022719.8204784556
85000,96699.42333482164
330000,313691.7454629641
1600000,1702238.687521591
490000,495711.82585290703
785000,775351.3424902381
310000,278753.02447252074
520000,521336.6737205096
150000,105677.95432332855
250000,259788.72595293797
270000,213959.71069514746
700000,735518.3245012783
340000,282627.1151161429
1150000,1104048.4828369645
200000,207011.19953268894
420000,423335.0042773032
300000,323892.6181065793
1160000,1184734.3243676599
800000,882818.5866601621
215000,151826.52523003338
1200000,911465.847338422
180000,202008.72238073673
2500000,2459742.155501986
510000,456947.68153493945
1670000,1770259.534222287
365000,284329.0650374779
4500000,4490479.167954223
250000,255580.92948049374
400000,410885.8162192426
130000,294470.7691884827
170000,230349.95388096702
130000,304494.7110966911
840000,1081988.888267131
4950000,4893072.397207933
4250000,3957356.78680832
430000,402342.3904682257
990000,1014964.9701329445
230000,250668.80669300136
1650000,1569611.6017269539
4600000,5107160.614088249
1600000,1619907.016468534
2100000,1800485.4074369175
145000,171030.93312663405
3690000,3636815.8512092214
270000,278646.9379628753
395000,479955.1340586778
1150000,1211973.7303053802
2800000,2921093.3050176767
760000,792016.3276772288
1300000,1382219.1375044885
510000,520556.9959753359
145000,134618.80269595975
380000,386783.0492600321
375000,474940.97635033546
450000,418002.85535555216
270000,295637.98507720977
250000,258072.5360721632
5200000,4869758.245357556
500000,382089.94740692043
560000,583847.197726518
115000,151310.04032694062
6100000,5885309.690530423
415000,1093552.6582531424
210000,208762.889939083
9000000,5632261.400048371
240000,243637.97835271346
370000,331320.4517670482
1100000,1192507.4606126093
360000,315201.83369060187
390000,343066.95019409177
1000000,1004113.1520122255
220000,227060.09877546542
6000000,5880375.615992857
130000,136548.47304277198
290000,259814.91219264542
125000,128312.13881674958
175000,211154.45865519127
570000,574452.0725133662
2540000,2460535.9785103104
900000,867649.2801104211
1825000,1798911.1155001263
6500000,6389140.139357683
360000,412026.2512224517
6300000,7456203.313154332
46500,79621.09309084195
300000,375711.7911149725
3300000,3599318.948382777
1020000,989393.7133785917
1600000,1451752.9228104958
245000,244218.2259480567
40000,66429.73869110263
1350000,977872.9560672852
230000,217403.53247270803
360000,309899.5075975857
1850000,1859442.0166333707
1400000,1452108.0415389293
900000,781978.0173205519
340000,298960.399117414
280000,265272.5531133567
1350000,1114909.9014972886
1140000,1174017.153006096
390000,446149.86082601757
350000,321319.3199058255
480000,317299.2810370789
310000,322882.0320978275
790000,829850.6106361712
320000,307571.47689260234
400000,366056.7420351749
870000,964851.3284935793
260000,259351.08862673712
1390000,1311883.1411791544
400000,440941.62566230475
125000,143363.6784107963
2450000,2877493.725066296
575000,631934.9016846867
3250000,3823000.344933007
3580000,2954861.9279726744
2440000,2477973.804027633
120000,129010.40798230999
1120000,994333.8826474563
795000,751836.6676048834
4850000,4583078.207452299
335000,415973.1686657634
2700000,2551163.2267568
620000,628622.9646317534
1200000,1311408.3520846458
600000,418131.13335149986
200000,204123.50201276876
190000,227764.5589505651
690000,763165.2014262464
3700000,3358031.0298884744
770000,678608.0082762305
370000,455559.8289407111
3250000,3044589.622436248
1800000,2079216.4235921898
850000,928462.3521302872
330000,341341.79627132235
69000,100486.3153491471
4850000,4497755.323030489
1100000,1229413.2182312943
190000,213625.37381312283
3550000,3084157.3518666057
370000,361444.421717032
1185000,997606.3192477918
265000,248811.3857906402
285000,246027.6754823204
75000,99270.06462081846
825000,662615.5369972562
865000,838844.0567117111
3700000,4107145.2204809906
980000,969050.2732650975
155000,237911.15896400288
195000,233329.16439102855
153000,156818.91698354448
1265000,1281415.190880477
880000,857667.8164896535
1800000,1933823.2650013824
1050000,945308.3025687006
925000,914261.6782030395
300000,246292.42496056223
450000,432586.6882798385
650000,681642.5731862837
550000,589286.5807444073
700000,619366.3287638593
295000,359699.34132373193
160000,182593.67832568366
400000,487396.9234428919
1375000,1297547.8549865352
340000,311884.3023765229
1600000,1553135.454497928
365000,324810.3622681967
125000,180526.46715925046
410000,461469.32515019056
380000,434323.16268724005
150000,147185.32846184904
150000,125927.33227927827
300000,380064.74761922023
150000,154786.95971116077
250000,318922.39457656606
135000,145354.92747238153
350000,313475.7585155395
260000,272030.17351658404
420000,358909.33101809974
380000,342606.81710598286
400000,413689.5737800899
550000,490933.45863065345
255000,282361.7534700192
470000,457517.49121039157
1790000,1529137.8386016577
2450000,2402244.678307044
190000,196064.83385976322
860000,991156.2042670271
2250000,4056673.390386726
2200000,2239711.6724254848
3250000,3263273.9511586423
1500000,1021980.1667859589
260000,238121.35566620334
210000,198933.48003126684
130000,134035.65897066935
3800000,3662768.2118396987
345000,323188.21949025686
245000,292016.46261661156
3400000,3232599.7134359973
5000000,5146828.566015159
5500000,5458405.4260092275
385000,395174.53496559197
300000,286667.74616483226
150000,116467.87400445259
380000,356667.3517545178
245000,236430.20346812415
295000,330059.28022269293
490000,523045.31272157026
620000,588744.6353123719
620000,626296.6902274203
390000,387897.60031606467
370000,368513.3386362473
1050000,1213620.3161492404
310000,273131.5831656815
980000,974687.4547098804
180000,195325.5400972239
3750000,3912965.8307771655
2570000,2480231.231900393
1850000,1763374.7460018343
300000,298380.4143785558
190000,230011.48418908857
275000,356407.00397918234
220000,293667.3693527223
1050000,1081641.0803070809
1000000,1146920.3126364402
925000,921110.4076891452
115000,148596.7138694256
2500000,1517330.773923908
925000,932982.8172157089
220000,227004.98847956926
65000,73755.3265508406
600000,535742.3323074029
680000,667231.6815145012
350000,279035.8566594471
400000,480620.4567022475
150000,141014.7977651914
600000,545508.8578491512
1650000,1270485.8275852432
400000,385266.56944961345
240000,227778.73948207058
205000,215567.83472018573
670000,718271.5754414877
500000,449825.8001204196
1500000,1494086.596375593
555000,442443.8302238623
280000,319043.31826806854
630000,603646.8676632969
1280000,1274635.6169622447
200000,232729.94666059318
175000,261366.1609863425
1985000,1789533.9108545552
580000,665096.7716347615
870000,906362.6943284977
85000,110075.77011568836
1170000,1067485.4277889894
850000,792680.7760506474
690000,701710.5051391243
320000,351776.74497077806
1650000,1634466.4746792987
850000,761346.8560867615
1175000,846069.21210306
155000,98388.2818068393
1900000,2044733.5426644632
220000,234097.64666482952
450000,386854.6367777291
150000,138511.82382291232
2200000,2019847.1924896943
210000,231995.89863543567
585000,612113.9193741949
2100000,2289113.3493336244
1050000,917241.1201293109
340000,426024.2477768043
2550000,2489323.228858882
965000,971519.3825669076
370000,348714.5275752629
1750000,1837647.574788003
400000,375839.6073162288
840000,829782.148300026
685000,729069.4439148838
800000,856363.9709217397
320000,245371.17582060347
1190000,1257746.903797443
1460000,1319232.1582419088
460000,461611.9708613556
275000,269936.61013776896
550000,577249.4069929542
1600000,1781606.8404036397
419000,332743.8986518555
979000,1000843.7211933945
450000,431867.8060559617
3875000,3809185.7360378974
849000,884170.4594629297
8285000,7561963.081731434
1350000,596748.4949292472
240000,221520.79295632028
90000,129728.5708958395
3450000,3916031.7659701514
150000,129862.05199352473
1780000,1558620.9463551973
6300000,5959090.425025615
5150000,5129134.266424679
780000,893715.5442825069
300000,278755.6511368195
3350000,4792535.196693701
710000,668087.9235999756
305000,331567.44064962986
600000,632487.4318846976
4850000,4880355.4352396205
545000,604886.0609896876
2200000,2236007.4050660306
190000,193618.9657981003
3400000,3195152.828218527
1350000,1278701.3441019051
13000000,12272841.49055542
13000000,11155714.063196432
1875000,1809475.7252041993
1070000,1114157.0579554634
4800000,5262376.621940571
7600000,8177542.0185273755
4150000,3930415.1744337953
380000,422884.2247162983
450000,333491.05793161446
2670000,2806364.420062484
125000,145690.35887952676
520000,577431.1062323606
3600000,3378625.9228624846
1750000,1749325.290789938
130000,130902.05920120761
7000000,7197870.28910001
263000,273699.8298984681
1850000,1951845.1715498755
290000,282212.8250544971
1550000,1544398.4730270302
1800000,1677225.809372577
730000,738494.4665348269
385000,559886.5599571374
460000,450921.4430834819
1550000,1458233.3125329672
690000,682672.8948533481
225000,235274.54726446368
1450000,1447939.242517475
4950000,5374859.773279825
1050000,1042416.9023111868
325000,358253.38331524393
4950000,4406252.659761686
560000,728099.5922733841
1880000,1853669.2428746086
800000,835674.0920446562
450000,428838.868921735
425000,438619.44319013954
1500000,1284042.5521794842
460000,457262.7226258672
1570000,1766876.8594211184
145000,112634.99679024154
880000,825733.3008441575
320000,303371.98828433186
1690000,1583309.7158310006
550000,471668.0559715746
1300000,2091165.601575764
850000,788913.36280676
1050000,889502.6773104962
450000,343902.7906268983
750000,678538.9037834152
750000,702334.2831274506
660000,948307.1809802996
1230000,1353232.0505978484
640000,648657.2449233481
4725000,3963937.5540686524
635000,654307.8369579904
2000000,2292232.3248444307
1750000,1738815.3983739512
275000,249157.7439707011
295000,320391.6134613304
1425000,1361323.8096066315
2830000,2706695.405233693
730000,790533.1742992508
380000,309448.2208155296
770000,754064.7354047683
1590000,1436075.7058458342
750000,710409.027258892
2890000,2646110.064713688
625000,593158.1433176177
565000,484099.09306713566
860000,873464.1431712657
1550000,1364896.1893648624
60000,74314.5842512225
330000,297889.727761529
950000,851429.8083346925
1500000,1625229.0944799471
340000,311748.26829006016
1430000,1342300.7155161242
480000,529054.3894731395
5600000,5113956.047679543
700000,692279.4259494477
1350000,1243457.9688641988
200000,166583.45807705593
540000,538574.0168445383
730000,753652.2186800303
275000,311473.8482886067
400000,384863.5296480619
1450000,1368192.9723118902
880000,895588.9601705108
8000000,6880036.045141597
350000,355702.17222875496
560000,496340.7437777343
150000,252603.25232825524
780000,816936.7907182552
190000,214686.815436603
700000,863718.4115530925
810000,905241.0938775437
2090000,1974723.4110798633
390000,407725.7726631902
775000,893795.0287726147
680000,602751.4981485988
275000,243892.4400426266
270000,326061.9245086513
130000,207746.84525542386
400000,415808.760152369
3900000,4201121.655351389
700000,744295.4261541485
480000,455412.56475703657
1400000,1194269.2579648788
370000,329104.1524593314
985000,954500.9810949324
275000,290927.8340650967
37000,48761.128696468535
1550000,1145549.1682706221
320000,306202.07724826044
7800000,6688301.518334762
600000,592092.3732023563
4900000,4224828.020775038
285000,253815.89053782722
1400000,1434213.1663545899
1550000,1424747.4387740474
140000,141159.68226792602
168000,203482.32573368648
1640000,1572809.4564016606
160000,134359.27773006493
327000,281154.58647175116
155000,142819.92722842973
800000,759205.5923571965
3500000,3478086.438920004
600000,631102.1857790168
1750000,1962221.1054425323
2100000,2077817.2272007558
300000,315142.5169575765
265000,256602.40358347158
3800000,3273401.6259710174
290000,307061.49693093274
225000,240523.5288830729
6500000,6668025.629676908
549000,569480.937714656
549000,607716.0779449841
879000,924620.2274399418
549000,604412.4472895627
439000,575131.3669975344
280000,227342.89433397757
2000000,1557993.1647043843
2750000,2895599.653095003
1850000,1984528.586130308
145000,132328.1548471563
1290000,1167798.0301467157
220000,295052.1782318515
320000,252723.5230261923
100000,79918.48579869348
200000,220469.03683006813
700000,563041.9888766524
850000,869291.3605035355
250000,145299.71811948423
130000,146110.10914625105
260000,301551.9232506793
550000,510893.9968114731
8050000,6156181.022947334
1300000,1286980.897688994
185000,116829.25054461847
3800000,3949636.2242047223
1600000,1647191.1317920878
335000,305500.632789906
540000,536635.6073785657
310000,300397.38977038936
240000,449102.7148463826
1600000,1613753.8463716314
525000,526658.6437086025
320000,258300.5018722251
210000,222110.84896918864
10750000,9228675.171135705
1200000,1149662.3243834556
350000,431225.81645962625
200000,210200.93935585712
640000,680833.1607194573
640000,601246.4388476976
700000,877810.0803624035
145000,181112.93498558667
420000,434659.4232950894
60000,74682.42154269149
295000,270102.97844536375
750000,710884.8963974431
250000,249333.93326229634
110000,101475.60027683922
3900000,3656067.4997511907
2100000,2251848.717814333
2500000,2119797.930630045
220000,226301.48056144585
370000,303836.3626047824
245000,257252.64985350348
8900000,6898811.067550203
1125000,1153753.6880547665
1490000,1583299.9339301055
190000,191676.56865065
13350000,11460013.680704895
240000,195458.8179603975
950000,1030474.1737939233
280000,320011.7131416668
1490000,1560929.6268547848
320000,348395.7276491026
425000,424495.1978519526
970000,1052432.3683018726
285000,274598.04307149583
300000,298401.6254551342
1100000,984086.1381282263
220000,220504.37155918745
780000,746129.6753463119
230000,210623.69386359138
799000,771728.5458847755
5350000,5347085.219340885
1630000,1406654.5958770534
3150000,2800606.3508653524
790000,873256.9711267134
1550000,1505012.250547918
1650000,2068818.0734468875
165000,112413.94503764492
1650000,1502730.2653558983
1530000,1587508.5344379747
4130000,3562030.563609664
1870000,2004405.3860886462
430000,479194.3366664621
6600000,4274200.984483507
1600000,1576385.0416951124
2100000,2417158.3057044684
240000,270916.3975069188
105000,129648.76298073189
180000,157556.18648851197
195000,195087.00070646958
200000,135819.82989315336
230000,289853.3384107251
280000,326715.47382199613
3050000,2755971.9426110317
1250000,1194120.0338690814
3650000,3119852.6270212536
3550000,3839176.1594562936
1550000,1524903.0410324049
95000,118317.12446668737
200000,215533.24636005829
200000,216998.5791452762
250000,327525.2291627464
2650000,2466857.8879063455
120000,102297.88698318071
300000,285669.216764621
4250000,4006118.2165078027
245000,219882.8658304397
1380000,1238326.5455191894
600000,550171.991898664
180000,145011.19739618158
230000,260831.9159013738
1390000,1327375.0037702855
1640000,1483877.8480720608
1380000,1087303.5004752474
3500000,4333881.774488255
360000,385661.2333124114
210000,211684.8865234153
380000,348206.05599984335
625000,568468.5628441379
1750000,1693956.746151554
285000,272307.1351678967
300000,345418.3957558861
250000,223608.13504234786
125000,134065.0094588556
360000,333125.61968856177
185000,230566.45178857207
2400000,2098048.058239079
475000,442128.1007916945
400000,323617.4332308177
1550000,1540853.3877736852
1950000,1762755.5307248447
1700000,1924347.3769215946
250000,272249.75033950125
225000,226382.18697238166
680000,803864.7017026419
850000,380034.68691798387
2400000,2436459.19282344
290000,371945.89429974806
3600000,3436756.93396941
2300000,1800485.4074369175
660000,578166.082380148
2700000,2176451.3473152705
4500000,2808058.6683071167
1230000,958313.1766589169
500000,361657.53760821174
540000,557011.0792168778
2000000,2030400.8567973445
865000,920533.2479356757
280000,239383.98465282263
290000,304023.88744658127
895000,979557.3792021761
180000,209344.68226927327
400000,406324.7517422183
1030000,1052762.3081379225
510000,616303.1540053161
220000,283623.3195526458
5000000,6243399.543720618
2775000,2583486.9743190403
7250000,7856484.51400962
1520000,1554622.50952197
295000,256892.33411362435
2200000,2434658.749677445
80000,64227.33694776276
5700000,4456582.32429216
1850000,1509367.963848888
320000,291084.65558697924
3850000,3820704.450546343
260000,260731.45627621617
250000,265591.18396877457
1750000,2155102.236472773
130000,171526.18761549445
2490000,2793282.20567662
850000,713989.7488097412
3500000,3946233.981062508
180000,210136.1373842083
9250000,6905011.7604040345
1300000,1295367.0819872036
255000,311915.7919628814
4400000,3871347.4636222627
3950000,4160474.432735294
265000,197296.27256055005
145000,112138.91427188746
2800000,2800243.2059143498
720000,722703.314255966
665000,662926.1202334581
450000,489989.9382590421
900000,1405616.5056716262
160000,98127.43138085215
130000,149555.22839096747
8700000,8777887.540292265
2025000,1905438.7766569362
940000,970113.0657655522
2150000,2231211.168727162
710000,695064.032266706
950000,1232660.2460622126
850000,956551.4387131599
330000,406869.62518459
650000,670360.1568520798
4100000,3869068.0863443413
1150000,1045363.876549792
2400000,2749624.737092442
350000,335493.05790269776
985000,965603.6719417609
420000,460989.98939816264
6000000,6433529.056901747
3000000,651478.8224875367
975000,932223.868743193
1500000,1648956.8389851798
2200000,2208860.9327172143
630000,535228.2137614482
1350000,1020927.9698260569
1400000,1411876.2215878656
2000000,1803290.3821562328
760000,802869.5181942738
800000,828079.4455193054
180000,198351.7559069638
2350000,2456715.180829666
1450000,1335469.3063031756
640000,698168.4175137397
730000,762168.6037665736
650000,585122.0515121226
590000,546517.129495723
1250000,1166760.0778571798
210000,615645.3461753721
4500000,4932425.88374619
1200000,1052706.6609722755
90000,127466.32184784317
280000,281080.2742940678
580000,462503.788312884
750000,843321.7914615946
960000,960180.4360669401
2350000,2509313.7713812846
1100000,1017499.8199805864
400000,402090.3242640833
2750000,2670141.769207013
925000,1007289.4906913837
320000,316154.03457495914
630000,599230.9808830076
990000,964917.7612739933
205000,172716.96033694327
80000,159625.58510042029
395000,450900.7948836627
400000,338415.74051607674
980000,960438.9647095946
650000,680260.1473942379
215000,219802.05130192594
1100000,1041795.0748486454
980000,811419.9439996463
4650000,4768747.655586998
225000,279368.4524604434
650000,632914.9409967306
1500000,1561992.5080010155
500000,519818.68574304716
225000,223501.79303390151
1550000,1648090.074497624
690000,409587.4687870637
700000,638221.9595543639
720000,722277.4091284173
960000,954407.0517128131
400000,471300.31779875816
1100000,1017121.666728062
300000,322188.9804592511
270000,308205.885514193
40000,50110.26251931036
4600000,3759344.9010639093
276000,285548.5624803378
450000,449028.0585544397
330000,396850.0395941301
275000,225847.2149388412
610000,672064.7547017187
1000000,1079775.0622500603
300000,293727.71825566853
240000,223581.1688907723
100000,238521.17134620156
380000,452868.00496402435
1200000,968942.7404273618
160000,157141.1151869178
225000,251036.92608045868
2350000,2065369.960981792
320000,283863.9728801022
750000,915590.5947602172
299900,392184.86412631394
58000,49543.79925852971
1750000,1680412.494496465
120000,121351.80453797814
615000,618090.6159541137
250000,251181.2763658138
200000,221252.46079782967
3600000,3969323.354003595
200000,183377.20590744077
260000,224261.39772205788
315000,272452.2894419647
250000,379058.1366603652
390000,402589.69830605993
580000,503829.0045231278
275000,303011.9053501723
275000,241233.5998100155
180000,210459.10674426894
60000,132115.49457531958
200000,153643.8312755329
430000,473753.7146418394
930000,1074477.1657069745
620000,545209.8149283627
275000,293942.30295068707
210000,225345.18409312295
137000,171063.21392806884
340000,365553.51130817435
320000,365359.80580300384
350000,373127.08848280075
1000000,998454.3524359124
830000,739873.0009303574
330000,346171.8548316728
260000,305751.48083028966
1300000,1416412.6121541366
2500000,2440911.0563007975
300000,213924.9267416043
1080000,1044740.5316880987
83000,190708.48865792083
130000,115753.57688086653
735000,730892.8512405653
2000000,1664729.9999948551
620000,480923.82441696455
1550000,1316405.8045100719
63000,69501.35635811769
300000,314684.0891499061
350000,214264.65087531792
75000,228216.86936824597
360000,349376.3161606132
1200000,1099762.6068903382
300000,295766.72527294006
4900000,4290014.056250182
820000,960523.8277442297
690000,653420.8999717799
595000,574200.1686287376
2300000,2387008.7471028967
950000,873668.3317847037
300000,288095.26576796325
780000,807405.0077842694
380000,358750.5901665383
425000,439294.3088146951
2690000,2652910.6627538977
440000,423381.4791999438
250000,257339.4145426006
379999,325130.8342191495
270000,227218.33073422182
3150000,3291672.0143499826
820000,752735.3648253009
320000,257046.0738368489
290000,288493.9072880828
2620000,2509785.262559647
1350000,1301099.8791086879
450000,284370.2544068771
850000,837609.1467804539
250000,236818.8966327214
620000,631726.7997963396
750000,587240.6649442271
1200000,1129075.122541757
1150000,1113164.1790162409
240000,250087.68894445332
6200000,6491932.224332046
3950000,4522910.400931885
330000,334545.07996465
200000,183021.86213508912
2900000,2888403.831190982
250000,231879.95865802417
140000,141116.50018989953
3600000,3951236.518308788
215000,246776.9460086415
2440000,2271629.9489948405
610000,627296.782987418
1750000,1884281.6855859298
75000,131674.37387484117
4300000,4672045.893067987
465000,484585.40495561133
1350000,1348646.5683765737
800000,754286.7660455828
420000,595375.1607371457
790000,844623.4073827207
200000,295514.7679006747
3950000,5626357.115310807
900000,856406.9251131024
360000,383728.2285425211
1200000,1218467.8470678802
6750000,7486507.909925529
2850000,3338136.2003870313
225000,189789.76545372634
790000,794931.7315935988
160000,141861.87680921223
130000,177902.43455079314
550000,636325.4977232681
1150000,1123977.94067019
600000,433981.7115074276
950000,1064297.6873087657
1200000,909435.1286068481
225000,205341.8126692097
1380000,1458956.7997779448
850000,859410.6600939657
1120000,1038403.7348054127
1950000,1926540.089641168
365000,292230.2831152904
675000,652290.5150831562
2500000,2446467.8734303247
775000,679476.536461177
580000,606406.202345484
165000,153089.80541833153
550000,687306.6373121615
750000,724032.5363043755
220000,241099.86860156822
650000,654618.8986960156
286000,277425.6357266047
150000,139808.09141279268
2450000,1990328.5785885989
450000,462754.9835412679
300000,292242.32445288525
450000,359456.2833821749
78000,83429.08524177514
4500000,4512416.738030301
750000,893855.4424604662
775000,1660119.7310546266
1050000,1042479.3475735498
360000,425604.44861029653
550000,605521.6148744718
2500000,2419601.2663920666
1590000,1521496.4647872762
250000,234266.1474401024
835000,739349.0852552303
650000,844431.0491620795
3650000,3217188.0721636433
1400000,1237731.2154087462
240000,267930.05272934004
9650000,8137745.880607272
360000,276899.5849446639
275000,228989.91682359832
2750000,2660582.186315394
210000,217417.64615874205
140000,191094.97056115544
920000,926436.0831382322
2000000,1988983.2941580792
1150000,940668.9954612501
1050000,960855.5873644133
3750000,4761524.6174404
310000,264821.95376543934
4200000,4064182.1853530393
375000,371149.2519882893
610000,576393.5128245056
1000000,660873.4634166842
950000,876083.3574071729
2750000,3188767.588704972
1000000,1125729.8977078334
200000,254447.23438215101
460000,443868.5697778233
2500000,2674955.91652118
510000,675220.6802387257
1050000,991074.8282768944
250000,226731.69033453194
5700000,5976491.890326541
200000,235200.1810152991
2250000,2010548.5411483163
940000,956072.7561992917
650000,656299.4184875172
2790000,2401072.317487179
215000,234067.16771465138
13950000,13775369.849658791
840000,768162.6103155686
5200000,5973401.47380499
420000,323329.02501958865
880000,821557.5909967565
785000,868372.2698079579
730000,699601.9684894343
220000,243542.57109319256
635000,608075.9944597887
950000,802308.5387045784
275000,253995.66132196147
250000,209225.52174216488
95000,158228.83480801282
1150000,1001554.3582376748
1250000,1354410.733346746
275000,256797.46283255846
2450000,2394106.9137806804
1600000,1769672.723817783
750000,773797.8565739178
410000,324289.8361289161
470000,548480.3295383373
690000,638599.0801138948
550000,611086.9494160918
2900000,3399338.3873488978
1350000,1007781.6523917449
2450000,2843525.0307878666
100000,138674.94002614534
180000,148177.47449404985
160000,197724.5023613411
1950000,2091164.0076408663
1100000,1006754.9127026463
3250000,3260119.8553821202
275000,296227.60801823414
180000,248638.9575317798
740000,755046.1467196052
230000,260222.97986936657
385000,370914.8683193264
650000,383215.67350804806
450000,441563.51934092015
1850000,1816346.643918062
180000,203863.69175629364
1900000,1983583.6868578084
170000,491079.12931759574
4500000,4545169.544073937
120000,129922.46833982784
250000,218451.29406431047
1550000,1591517.0790632206
275000,361851.72875334497
6550000,6336279.682287989
210000,181703.00026442797
6600000,6942179.28356675
240000,221134.56852260395
2450000,2809181.99596324
5100000,6029437.084221026
900000,738738.140034599
3100000,2962913.7580411513
420000,451398.9571859284
4650000,4107118.5808943757
190000,252774.03210248591
1500000,1398134.6386546867
8000000,6112719.1186752925
335000,357182.0405897149
75000,84050.99669649317
600000,645026.0928440427
400000,414242.0906106314
3100000,3451475.2471929034
410000,457703.5080502603
240000,292800.63858503813
220000,207240.6656036829
135000,130773.72399894577
145000,111681.55219668387
850000,733907.8066663792
1700000,1961583.1770346651
480000,444957.2267453902
330000,304857.63624621887
395000,384222.4204358294
260000,373414.2621808489
410000,359248.78335721797
1620000,1550316.9679180353
530000,507778.597174961
580000,556050.0322386209
190000,260619.916407617
210000,269095.7040059426
225000,223920.99918300755
1800000,1971938.8483164194
2000000,1995347.4846331675
900000,927194.8017444904
550000,498399.9969052915
3250000,3446447.32016101
240000,211934.6443961451
300000,266896.5713626651
1650000,1627321.216665898
5400000,5896055.302846925
3000000,2971181.4858726813
1180000,1916540.0675119974
425000,411686.08507871564
750000,822084.3119002699
979000,1041072.1559459368
115000,140927.6614746312
530000,426134.31407256285
255000,273284.4660747133
1150000,1104461.217860498
270000,317461.1469863204
4550000,4605135.969816533
210000,215983.61710195165
215000,227887.17861786496
265000,289664.9831980343
380000,385683.6870564428
245000,224279.51897881873
240000,364323.4944871176
475000,487843.7781774146
250000,330521.6414368161
3250000,3143311.185332217
685000,852136.7465285065
780000,633013.5136416228
440000,377943.3476210612
150000,114385.4459674543
130000,128626.9928605405
5700000,5564519.146012213
4400000,4469341.333430465
3950000,5128576.606736934
220000,204534.4057296901
275000,280808.9907063399
1850000,1875959.1412858858
300000,321975.1895173108
210000,206793.48242609212
790000,741643.2139392156
1300000,740791.752289557
350000,283666.4259896337
360000,253396.4007754468
275000,264174.2994205081
200000,220257.34476568937
1400000,1153125.4839859316
95000,126845.6109409184
2900000,3254409.63303277
250000,243860.57735968506
340000,289205.80363907653
300000,219038.57669803474
158000,225967.81422937644
1220000,1246429.0480712857
2900000,2636901.9268856198
620000,648718.5130370784
255000,266573.1532462493
135000,160802.95069488056
140000,123735.4255371439
680000,702590.9164029353
210000,258149.6086799337
820000,729064.399130922
400000,372872.9082623694
560000,459207.64304184186
2350000,2561877.075375569
2850000,3402430.364630092
2000000,1725163.2550051948
725000,688696.9405278387
265000,269482.047172881
270000,257128.2829816312
2280000,2332657.367923745
200000,324535.09679094475
2490000,2990781.694559675
1150000,1129414.1975283376
90000,78582.24411211256
3250000,3030086.608052972
175000,194373.62505930534
820000,759065.6519683017
3570000,3448949.4048736156
850000,885403.921047801
205000,209875.2323983892
450000,380104.0671214894
135000,129778.75637013483
1450000,1387637.2627117126
220000,211320.12059713385
3200000,3265331.377980327
265000,240049.5908854909
360000,344328.2213932578
2050000,2051180.3504775797
805000,838888.9063721057
1280000,1319001.356076931
235000,204645.27276136083
420000,474669.9780446022
195000,218864.80666628314
2500000,2368840.805435668
470000,455923.74539847806
120000,79053.98979959586
150000,136342.38870311913
6750000,6559285.251042121
550000,569660.5190367813
7500000,6516660.348201362
3550000,3236108.7645241246
2600000,2632787.276928077
4400000,4028491.470575223
499999,510517.2917864173
350000,332982.05727576267
6150000,6300239.303502005
200000,217392.85443902362
180000,204940.78361202133
400000,387486.81178152177
780000,753104.171224889
215000,246561.47148191748
800000,797529.642810219
560000,627516.4951149691
450000,432871.1857383522
1700000,1608844.9170673187
300000,437677.1459804627
300000,294670.3108687855
1050000,930937.4309938864
1180000,1052873.9484436684
1100000,919557.0000490386
825000,991332.7925282524
265000,262395.46384746087
150000,181592.54725331874
270000,277032.458248702
470000,478956.14795547153
1450000,1555484.428897571
400000,360145.20552189025
630000,636893.4840013434
3650000,3725922.409863894
14500000,9166106.730245328
70000,104933.65861753233
500000,439698.0221196329
750000,762289.8169876644
1400000,1443863.8282565172
320000,276608.2373643403
1600000,1805845.2410520008
170000,184789.96543461556
250000,251423.8737411429
650000,661292.2813898508
1700000,1868739.8717381551
1050000,1144250.6259234385
285000,285214.15325913735
700000,677095.4854893256
250000,286633.95466850355
2000000,1787117.2450804908
760000,671699.417616817
260000,266988.1799137285
900000,957137.3484118565
3500000,3880089.461694304
3900000,3828680.2624346213
6300000,6670493.890911253
220000,265738.78813801246
2350000,2223765.2504748455
1300000,955931.1602760107
4750000,5053921.27328362
1000000,4969054.671731608
850000,826348.9398036193
3100000,3288912.0961939986
1200000,1168083.5462440688
2500000,2531572.4991462566
740000,683954.0013792869
2500000,2261515.040364941
80000,214740.3030487765
1200000,1146439.3924749899
900000,986153.7352963492
880000,936867.6311080079
380000,374225.55848446744
3800000,3646709.111359465
3250000,2738273.0609031245
2350000,2339558.815421923
2380000,2357046.9286310733
1200000,1185795.11009306
400000,340590.585262356
650000,646778.4269522756
2800000,2890045.0531403855
430000,333016.13163240306
2200000,2707656.5241349544
3380000,5407133.33856937
2000000,2828328.39561444
550000,362550.5629785655
240000,239972.27618292
8350000,7174823.480718143
930000,951885.256156315
780000,711525.535139586
400000,408129.12934373575
130000,146424.4027261782
1550000,1405559.2076670951
810000,870736.9124402985
470000,467899.0566004865
90000,149391.6221764075
435000,409956.91450884036
300000,241374.16934810168
100000,113395.43348689243
125000,138585.176813877
535000,542481.028865432
230000,290992.8349362222
750000,728335.7021972605
1550000,1569895.7763133782
275000,258992.05744735067
170000,236785.562847526
450000,505184.4622672177
1650000,1755477.6356490501
775000,720811.9132798873
125000,136436.76926889195
2300000,2772072.788627224
250000,261901.220832618
860000,884017.7591786248
415000,459953.0375093714
1050000,1061919.8923574367
323000,334903.78610962816
325000,305618.30770322395
3000000,309517.7104203293
800000,674573.4978810152
180000,153544.76224131472
3150000,3230771.773799303
1950000,1835713.327675087
3750000,3723438.888097613
440000,402385.4404370095
145000,123510.48751929215
1780000,1904277.7408647046
330000,293082.8897639637
690000,783720.7578398557
750000,615560.1246790193
210000,224190.0743023445
270000,224698.1243496143
2200000,2070883.6666468403
150000,181325.62134026893
85000,124692.16486095931
130000,166328.63351136868
1450000,1508084.603272468
375000,386025.0139163505
115000,106131.34248155334
600000,435386.63242291607
335000,262418.53907239524
173000,268542.50497370475
1200000,1103768.9493753687
600000,523369.985902823
320000,256038.08263197754
390000,418867.3605218594
540000,560343.7548386072
310000,375058.39254952664
1650000,1570441.972107337
220000,214983.03893614968
750000,763111.6034353724
1650000,1645426.1583476283
1900000,1420283.4704545008
940000,926971.8215340697
1495000,1396278.2870293227
1180000,1122362.3554107402
37000,45079.82466778218
2800000,2898255.1874021515
775000,699188.7898071274
1180000,1175854.413979457
290000,255349.76632430646
160000,169116.8725837149
850000,850109.4275057999
1365000,1245496.0541127152
3800000,3846368.684702444
400000,384197.8167702705
300000,256729.6373309673
870000,925670.9889585213
2200000,2958835.9597151796
155000,128469.58180954069
2190000,2097193.1516463603
190000,261337.56473774137
299000,270676.97435739986
315000,341705.06744879874
170000,204521.56187569196
575000,567803.9171613604
290000,280846.77678649913
250000,297312.44627316715
1150000,1353248.3431310866
750000,787886.2453589531
830000,947290.5986616093
460000,444892.47232316976
220000,259061.0498407923
630000,635509.5782156846
830000,832447.7229737934
275000,422649.8321385841
530000,625761.0336258729
160000,107145.55187641257
1650000,1507794.2741720506
210000,283971.6067370111
230000,225027.12987276746
75000,81614.94417180578
2600000,2502874.2660779324
460000,459523.74167916214
450000,460812.19038831355
278000,249444.26496621026
750000,762866.3678010659
365000,337345.599324696
620000,574493.1320358859
7150000,7186796.159197432
950000,877744.4119238687
240000,300420.62207192037
600000,571736.607091177
115000,133212.0579579756
500000,478044.4649035315
800000,847190.723512873
850000,963181.1076940981
3300000,2924382.6057467605
1950000,1964345.8717451366
600000,854823.5504053927
125000,142978.8326981315
330000,326498.58006466436
590000,549833.6502388556
1100000,1222155.0584382776
3750000,3634697.516838404
7000000,7120425.879167366
2850000,2444201.996365209
2800000,3014323.7448374834
545000,565600.83543262
170000,189358.5068686159
340000,366721.4792054843
450000,446687.3377885149
160000,167990.0988456486
2100000,1801529.4720203418
3350000,3672432.9569147015
1275000,1372983.1642384948
120000,110074.929940697
650000,528374.1615328953
1820000,1673371.0479119297
125000,136823.81366759684
360000,472119.8201938137
415000,429806.1358757013
535000,543215.6892671632
1790000,1551192.2386837404
395000,385235.43528271135
350000,343136.9555909688
1750000,1707271.3749130655
330000,320516.9452930249
60000,75116.05207723058
3150000,2820658.7385763614
2150000,2138001.938526216
5950000,5193686.212843533
170000,279949.3002517646
1450000,1307633.6079462238
460000,362001.0491101601
3500000,3869936.050753354
850000,731553.5179707297
3350000,3555320.648929426
2800000,2916571.120151394
725000,732178.4998524989
720000,721126.5249736257
270000,271522.98833119764
1700000,1976307.5248907865
350000,272113.59440472315
175000,261674.95203335673
3390000,2075973.8489068088
600000,615171.9517355246
475000,558492.5708861944
780000,766401.999208991
3450000,3403117.560394154
350000,325187.93086051743
1850000,1925046.561127344
290000,317759.29078232916
5500000,5071075.068050489
275000,266333.46061337605
250000,259366.32240017218
3250000,3268371.350832129
420000,382481.27619920013
8950000,6775564.335764892
2750000,3754025.1336132134
700000,668375.5521208587
3750000,3351884.5791988205
420000,397574.0214785792
630000,607786.8085106097
180000,211846.37763373565
315000,317596.5526148093
230000,205051.49606393406
75000,58995.077171687306
1550000,1563807.9041036482
5500000,4119725.367658833
210000,224623.47983720616
1150000,1196896.8038587612
285000,299038.45826253685
1650000,2254559.1580345104
440000,493269.71203238616
140000,139132.72142996223
1000000,749924.1121690561
155000,117263.08676860803
520000,491334.9474633137
1375000,1453144.3850784965
475000,528328.3130328647
290000,315215.93695474137
630000,338662.9232457688
240000,233903.45076331712
70000,93758.03856079445
325000,341865.20689436304
790000,827964.4643292438
130000,127443.11042668608
835000,819371.7849889632
400000,373142.5066320807
215000,287631.8721327441
340000,358191.21262905333
275000,247744.58467649863
70000,109185.28714804923
950000,1057807.2464476873
250000,233061.48820815518
1260000,1050487.1542864512
285000,276982.48884804314
995000,953589.8805319883
5200000,4985474.398221407
460000,432449.50479248445
765000,688842.0924784028
500000,582471.4870248588
1200000,1090431.0152146204
105000,125607.92048184232
250000,217037.6094052176
270000,312395.6105742261
182000,193328.23172966563
270000,255019.4635742111
1400000,1429879.0418733868
1395000,1353768.6130364977
230000,241132.6393699322
225000,279580.7884583797
1700000,1588397.8935834654
1935000,1805574.0149636765
1850000,2007758.794237721
2900000,3252215.1435789033
720000,701776.3720107261
1550000,1642956.318720477
3390000,3350875.274176395
80000,109095.487991337
1500000,3843419.621169291
7950000,6158074.247748166
1575000,1575321.9152659138
1800000,1803636.2353135182
550000,471244.5147269649
1400000,1488034.308775291
185000,249774.4781103772
810000,848384.5052628755
1680000,1388018.6728103757
135000,126635.31486560359
1090000,966579.6689668273
1295000,1323500.0944826507
890000,855513.8240292863
240000,260082.14624197665
450000,427175.92762510665
240000,256899.34697563882
720000,733120.6030870994
2575000,2128851.498662515
785000,778844.9353129686
830000,760823.0843276036
175000,202300.40314772355
9850000,9884806.730257338
375000,337919.0629115997
365000,358992.7177346721
630000,661428.2266589205
450000,440916.0508094931
2450000,2585810.133121013
825000,1015201.4021004655
395000,421156.1224374875
1050000,1024097.8700813934
580000,525304.9925963543
220000,273166.0637137997
4650000,4291154.345177736
800000,674529.0604358151
220000,235904.9653801211
230000,235834.4964682512
135000,121141.66095487149
85000,110768.58994481145
165000,224409.20685430296
220000,243655.11838943936
200000,224127.10226234983
1000000,938943.1143516893
140000,154950.76202903828
335000,387709.5640213032
155000,140344.7331763047
175000,298613.3471748307
160000,178342.4278429162
1750000,1654559.743848447
310000,386039.89636254765
375000,343210.0209038718
120000,101573.43486424896
2950000,2973568.0532534695
170000,174240.68530923675
1300000,1150483.5163237161
210000,199216.1186738932
140000,124995.91950146522
160000,145230.34813937574
4450000,4246496.608144656
820000,903616.5817178207
250000,232198.5032057508
750000,743541.9872336942
1180000,1216082.3372640817
300000,245365.71846552755
230000,229049.88634185775
265000,195039.64006371688
245000,232349.1583243724
105000,173461.87918594424
690000,788492.9354840141
240000,249039.1579106235
1500000,1417455.7748716557
600000,645067.7454436024
370000,316180.4694636045
400000,332557.81407376245
100000,107756.1232889157
1700000,1927576.5280478739
55000,59534.971476804916
1100000,1058823.1617582364
220000,215321.27902154176
470000,492809.97185342136
70000,65294.49149786968
425000,347819.9411266817
220000,220086.63337535405
130000,188796.6339514022
540000,437783.6122433721
180000,159643.99956597335
155000,120034.71054578989
200000,241557.58100093744
300000,248792.36250758322
200000,201504.6820333508
3100000,2886409.9467827776
280000,278351.9406078384
100000,66273.40697438263
3550000,4000481.6929360656
1550000,1561935.8341319284
155000,119786.80382473933
3450000,3907662.612453555
950000,803807.7413466243
1850000,1756466.1503381182
460000,453740.24599287077
185000,219762.18629008328
690000,645703.3286148148
1890000,1554467.5352081452
175000,273101.32594525075
240000,227621.58117666526
750000,750085.8832656515
750000,779975.2666133804
170000,165946.33835393057
380000,620113.9064707551
320000,389864.5062512859
410000,286152.98214910715
460000,428812.8899104191
45000,54998.80648744796
2850000,3265799.4398075677
329000,330105.2483578201
250000,251994.94551875166
280000,378279.98852784024
98000,126284.55362478948
2950000,2549231.8577255667
1950000,1931501.5739988997
870000,801336.4335996415
5600000,5150136.405619891
250000,251880.89572015064
2050000,2091986.7605249733
2850000,3015014.8819651688
340000,333777.04663949466
990000,1078051.4334998056
5300000,5657125.2936474625
1650000,1717040.98204534
485000,472324.9637765801
4390000,4558459.575977292
160000,158566.2662021264
220000,239631.58550396876
810000,939591.0445688284
390000,351876.92790682364
130000,137986.81172354007
315000,341204.2360440698
340000,393707.5728825687
300000,327201.5648703434
880000,884548.3917602318
2190000,1850212.5813972477
150000,136864.93539707744
85000,80707.22989144598
175000,211374.51646990702
800000,790873.3226380622
350000,319883.0034885748
570000,535828.8760604031
390000,418399.67225847964
3200000,2851799.0944025726
450000,443324.77518342884
880000,787563.2873029669
1200000,1227792.225595404
1750000,1841936.031445514
2200000,2183158.845962833
195000,208025.22815250422
1040000,1124186.8298467249
790000,780254.36680914
170000,244204.05100531844
340000,306124.89239836007
135000,170903.88371774514
150000,191550.95653456345
220000,240079.06782821778
1670000,1736074.6595560282
250000,209062.506498866
4300000,4182168.2996069365
55000,79050.91369221173
250000,261209.44024657647
125000,133470.86540280524
385000,403891.2360658035
790000,843214.3122891581
60000,55710.734254529074
970000,1347820.771623259
775000,945509.1290585865
150000,137459.3438744844
540000,535677.6134283318
210000,193278.03758964487
260000,233063.3964760428
850000,848928.1865734217
560000,593296.0277112586
270000,238784.43243858803
5500000,5891564.632288703
1100000,1094551.583295128
650000,582995.7685645743
1050000,1023898.3487417094
475000,404697.331835942
1750000,1783256.060072273
1450000,1391667.9166447697
1450000,1656287.879311111
320000,324247.6728125539
1900000,1875429.073990921
255000,238556.59741196764
200000,256288.98857635952
385000,378274.4740954596
2200000,1860135.1763688156
380000,347909.8267077593
280000,430543.10159235017
1160000,1024912.2547838446
1040000,1042919.7965441342
350000,282797.86150025425
850000,941016.282583406
160000,157758.48020376614
4100000,4166951.794438102
725000,797330.1227610998
900000,949956.4007477023
230000,256559.40439112743
2600000,2627162.2081053876
800000,694408.6622762906
370000,413583.0771198467
1175000,1095576.3484094713
3400000,3610356.5115405065
175000,190405.84257400446
2990000,2939510.948451377
475000,502532.7325434508
2350000,2295132.358950078
1750000,1601462.9238737738
970000,1015268.7400822643
1560000,1871412.3961474728
160000,228111.23314872367
2750000,2869684.486236846
950000,864250.7669667482
127000,148550.12774905644
1800000,1988026.9265188642
2700000,2446032.775283158
170000,135647.10800448793
400000,405863.4379122082
600000,550884.9012679547
310000,261954.47246937864
1650000,1568131.990535873
480000,513627.2033726417
280000,286602.4699923859
3350000,3319996.4312630226
350000,341274.44104089524
3825000,3793754.3301427783
180000,155009.92198432275
2600000,2443017.8812531093
760000,837331.183633348
175000,210295.8684844589
4200000,5452021.669411355
380000,420713.9325905798
800000,794976.4907288019
1925000,1950961.4467981176
800000,864183.8167004361
850000,875141.3885433747
875000,824904.3198756864
3850000,3918775.720841044
270000,316661.51738406485
250000,243621.5281675148
355000,279146.4042483454
110000,135972.9624544963
2490000,2332658.7199435555
780000,790976.1585771312
388000,409100.8057948844
240000,253255.92670533803
1195000,1237745.2977449633
700000,745070.5211035463
2950000,2938290.0743247094
310000,343766.1866000516
2750000,2952925.60849243
2000000,1953648.583265608
925000,979435.2894948304
1200000,1114781.0500103496
2000050,2011637.3437766666
2500000,1468270.1272411358
300000,312848.5018342702
150000,147716.55195787782
290000,277943.8456737305
100000,109552.35905729159
190000,146793.06122668166
430000,411670.23509988526
430000,307505.43962661974
285000,323453.1935277596
280000,278515.91887999984
220000,258268.39033954524
170000,158587.23975474684
430000,449484.3660979691
950000,736394.6759501161
1220000,1111507.3203809422
365000,361391.96174474776
1100000,1065379.7704764893
165000,185943.32823270088
220000,238208.11474088
1150000,1163179.3007005746
8900000,8796576.96901483
320000,298988.65256296657
450000,417361.85655353195
6000000,6381716.523683155
500000,570048.2102103898
2000000,1810200.2390544731
190000,224885.398782148
400000,405847.79119324236
340000,310286.06386404095
2150000,2044513.6663692212
435000,424282.4669381745
4200000,4115925.5180343604
460000,567729.9340705788
1775000,1958282.3431339161
230000,251287.3106012668
200000,199461.58635314088
745000,769187.4989503953
210000,231264.23471154124
260000,244865.75760610044
1550000,1595654.705111804
150000,144468.44943581667
75000,133958.44078867038
540000,436933.5341144591
700000,619890.349980116
700000,710207.4741147965
170000,229249.87379048148
360000,331194.3428113934
170000,218598.621527795
520000,388446.62233972474
1100000,992971.0142044406
1850000,1854032.9416874927
395000,386416.1153195519
4750000,3797698.7953420547
300000,257354.55450035396
150000,149638.33153336222
630000,799014.1793632085
6900000,6253281.679104244
210000,235155.16818215873
270000,310507.7076787863
350000,317824.8364158886
5100000,4690013.456649154
220000,241866.39534208487
160000,133781.33130564573
90000,110101.4571093142
330000,308192.8382635691
275000,238041.18272399183
215000,300228.77100623125
2100000,2006264.6776726835
1630000,1629527.1891527954
1175000,1350375.2146733804
1040000,1096736.9624841718
950000,1033233.1902411884
215000,262828.0307644775
275000,299699.5542962687
330000,371773.6041254845
275000,251543.18806235612
340000,356982.04149974644
2650000,2668097.446933635
317000,312809.5896165866
320000,250536.6245974128
580000,550810.2388459331
490000,508421.6832663832
350000,346350.998497027
1900000,1635239.7945787534
555000,598827.4150385356
360000,363043.29690251435
1550000,1409752.5411649924
4600000,4581017.80772119
187000,213487.62698982382
1300000,1485462.9934822186
80000,78015.62603754125
420000,395736.4998408789
1100000,1161030.708303443
2300000,1985895.616298343
2500000,2688211.142314496
1650000,1952631.2491937068
350000,364883.6801749613
300000,313588.96184360795
210000,273985.88136489165
470000,502981.9682604994
265000,298775.08846148604
370000,452314.02414777916
360000,459175.86190726736
400000,349831.9625372628
380000,487602.7595153107
105000,138478.0770808303
230000,211420.80781099718
165000,192365.5223530029
670000,697467.4124798577
580000,610006.4102598968
1050000,1250847.381430439
180000,208319.97386614987
250000,303088.16252528067
550000,560812.1957738136
1450000,1313315.4291968378
535000,549325.1244920468
1950000,1995456.5528371586
230000,238532.00814939672
1250000,1236820.919256198
170000,208275.90369991338
65000,119290.91285945
475000,470043.2430896645
230000,258047.64834606333
630000,664115.1733326454
500000,553795.520253368
260000,251878.48923211006
255000,241417.4178434659
430000,648357.0319961065
4850000,4338733.379929548
3150000,2287321.681079562
62000,130082.3857465567
300000,324594.9354631286
160000,147929.07127390456
350000,325296.9411167303
365000,436992.6159846835
1390000,1645084.0808513267
155000,237306.7443913069
1300000,1439677.9596760494
690000,692917.4526117885
970000,1247187.9541049635
2050000,2061898.5567000548
155000,136385.46408683882
100000,158410.4321868242
230000,179704.91961614802
205000,435298.3737280615
270000,261320.14371144265
70000,60584.59000719918
1850000,1832359.3243879012
200000,218230.29513681403
285000,363041.05217854533
235000,253593.3488047122
980000,1046693.3835284471
250000,131307.45438856236
760000,746257.6398214271
210000,227460.136716126
640000,536730.7400608468
305000,303577.58797306946
250000,334423.4913683309
207000,177486.43576292746
750000,853023.4848519986
850000,933059.0764464595
320000,380574.12711577746
110000,123367.80288922029
165000,140297.6665664835
460000,584748.6981649816
1825000,1904576.9675928557
5400000,4956397.646055632
1200000,1051679.7754953976
895000,840786.4939733148
230000,220022.01369015756
850000,838382.8924945389
830000,877076.5184141223
985000,1005257.8696160822
220000,240571.78946844276
1585000,1496789.8248251474
645000,841646.6632639434
285000,295080.1435863077
300000,348968.7927119956
1250000,1543179.3298107411
175000,274829.4563323352
205000,228683.0110799256
400000,412528.3848663625
1130000,1288095.088745477
5250000,3576473.0311714155
1100000,919664.060412634
450000,418566.8798122684
320000,266226.12802702934
550000,332972.007717202
800000,832361.2595898457
380000,352698.1696659521
2400000,2400467.4336636257
670000,716359.3989763341
155000,189820.71743585332
390000,351709.6421433319
290000,281654.74376690364
1575000,1514227.7088312346
140000,162856.10836528675
400000,417810.2531191546
650000,701471.8136568639
295000,348237.45002752135
250000,223126.81957135742
920000,947587.9703942045
155000,105099.91384726144
260000,258428.37051886422
220000,239016.12959992158
490000,652808.3040000189
450000,397653.0136921657
2450000,2910348.7240816765
1850000,1553182.585599661
48000,53940.75813634368
285000,293612.1083677502
550000,603836.9518967079
270000,481152.642453859
3300000,3875349.9512831056
1500000,1516381.5818828351
700000,700204.4895656507
200000,254929.0967026172
800000,876572.444763462
93000,60385.11335380348
2500000,2749883.741575684
135000,148708.64454850223
250000,334752.6311458242
270000,260269.29283188548
1980000,2071101.107830408
155000,167503.1903774117
300000,295275.53802071844
650000,748036.6888674017
210000,228390.14473036115
94000,105544.90493479666
350000,423963.24942088046
520000,600790.4095946802
940000,1023392.2932081844
1800000,1667685.6937928433
7800000,6857726.388037434
1520000,1736540.9648174788
400000,427404.3235347505
1450000,1430740.1501311443
250000,215581.30585398106
300000,305591.8468162367
175000,178491.62759307498
185000,137147.25854795097
340000,319415.9241090309
300000,302541.29456804844
200000,211866.56568845193
2850000,3542334.8094314523
3225000,3190387.8184129638
310000,365737.42100959667
165000,235425.80972951648
2650000,2614431.0259402613
550000,652892.5323564888
110000,117094.74579655284
360000,337181.9577520822
3350000,3156904.1284318184
85000,85319.29949051181
340000,267218.10188722296
850000,942249.084203138
1050000,968397.0988634814
220000,250589.4102130761
55000,45466.67731620633
1200000,1247185.8940517025
740000,806193.9961316658
180000,312254.77760533965
850000,832325.4122971769
270000,240847.34635446884
520000,429038.18986645294
140000,100222.2948667934
255000,217058.0587121187
190000,291466.7034662916
260000,241158.4680120879
400000,412295.2056826794
850000,883387.1521349251
145000,130830.30645109076
42000,43622.53543518654
1350000,1453888.925809322
420000,496504.0895859268
250000,214963.28621266296
600000,553557.6083908617
430000,481254.8447415544
1480000,1542020.6538840919
300000,306949.3190487066
9200000,10885586.44542966
3000000,2395976.871370907
155000,218907.84827134988
720000,622540.0795158322
290000,352962.80958747887
380000,436827.32994549064
4750000,5115466.813465285
1250000,1335107.1148413345
720000,775281.8201147431
290000,287136.70891958516
300000,293455.74025524635
350000,443369.6070735708
200000,205116.40214801414
290000,275129.0131895093
100000,191542.19571258622
7700000,5800082.3862035675
250000,231840.01087083863
1100000,1258976.7602934432
330000,333550.6455985945
435000,563928.6476595759
695000,729136.074874871
450000,486266.46699729795
500000,532054.4160157692
800000,916934.9109412669
200000,233812.40136538752
2150000,2137495.4013179396
1375000,1380372.5358749481
1220000,1073555.2415471817
1100000,1115715.3849007376
1450000,1268655.008298582
350000,380406.47048215184
160000,199202.10722348254
110000,138357.2159404628
1900000,1770206.3890463947
1490000,1387966.11785296
920000,821429.5208862132
1770000,1870981.1756290582
350000,255592.6938834607
610000,552394.5928748843
2450000,2275778.3512921687
675000,709235.6060163919
4400000,4433198.632363553
850000,973228.1871161589
7400000,7804860.563331327
1980000,2194150.1200394877
4425000,4950483.519257925
1070000,980507.1041223053
1185000,1175544.8507390777
7000000,6429136.996445389
5400000,4957160.821719426
5250000,4460446.161053775
210000,201330.62360593362
365000,324337.5133667377
100000,97683.6387529964
220000,313797.70331900846
2850000,2816548.0673586414
1030000,1023249.1999175379
220000,199218.34247340812
1800000,2148414.259951215
450000,482646.0158005016
620000,497762.52779137174
3700000,3374540.9083040077
2200000,2182125.9240159905
740000,734349.4033249868
13000000,11983248.712282822
1050000,953249.3154935
200000,189814.18714821947
1010000,971866.1815957745
310000,216176.62282897148
1125000,991372.3945636831
3350000,3384822.404924082
215000,246740.45226478844
142500,144599.47493360698
350000,371780.72113228665
4000000,4068846.915977122
975000,901955.8674034942
940000,878264.9792434955
930000,863701.2179136784
295000,322543.9507154025
2425000,2399381.2835742882
1750000,1628576.9395116183
265000,280677.27366403287
2250000,2382399.5553527353
835000,823937.5330185222
115000,114929.77636854016
470000,479847.02351288777
740000,787298.1383027164
255000,238041.71689453922
230000,270437.73028214346
275000,294904.25537281245
550000,474876.9327344358
242000,318567.7125757083
430000,388878.26222447585
3300000,3177605.434341314
2390000,2127466.230976092
820000,806643.8220483932
3200000,3029682.492663613
450000,347238.7374093368
450000,402643.7211883845
135000,163464.84577177992
160000,137079.07444132466
155000,153695.54457931625
190000,212900.3919209608
850000,876131.9071643484
600000,602006.6476878347
115000,136494.7202371729
320000,331596.3790278043
200000,217535.31895476594
440000,526848.6297019358
235000,266028.7383087677
925000,999030.3296868952
1750000,1943128.3643827967
299000,283121.0605350865
780000,720057.8994015785
220000,182597.1351207762
235000,256134.07689637985
380000,395736.3454332062
6500000,4880615.648846213
130000,253418.788854985
330000,488993.50513796834
1750000,1699345.028836305
160000,171738.41386253148
1100000,1030239.6875656835
700000,688062.7990469711
39000,53181.707147692025
450000,424570.4100826704
1070000,975136.8747117432
280000,323677.78271330165
6850000,6089126.146021541
8200000,7647540.31528716
160000,192923.1096804863
265000,325521.6890487563
450000,463970.7779645312
350000,318161.7892729444
225000,221816.93750372189
310000,296569.39737597003
750000,764243.1759074011
205000,260623.21245790526
130000,147872.05434093982
270000,253597.11776585833
265000,255291.72490992356
230000,247857.25541174487
210000,194950.12708421738
350000,383106.770503087
130000,151317.8860300202
4250000,4303435.448955964
6250000,6906066.691857155
425000,286473.4846888452
290000,284622.0251526497
550000,573012.1181643081
1250000,1427561.1428524733
340000,303581.50863952923
580000,415046.28428749467
300000,263318.5292500517
1370000,1381902.4972149923
250000,214442.549324631
570000,623742.1826922739
485000,549057.2115654338
1425000,1467880.9629894756
720000,991127.7016953763
290000,297615.9321160352
490000,638609.8618008536
6900000,2979405.274511217
2675000,2206456.5635157716
1350000,1446851.0463836365
1875000,1831353.1436709086
230000,221700.29209682837
450000,505883.820006991
9850000,8603578.615440102
230000,273402.86480039376
1680000,1559146.8736607234
235000,242937.70251009762
180000,227739.10368527187
350000,293617.1168219129
230000,206082.88990981542
275000,322194.6697165698
550000,551432.3721375024
800000,809123.0701111776
5250000,4676565.112652004
220000,221688.9551671072
285000,367754.35719185544
2550000,2426025.5004904284
1100000,1022216.5159114446
6750000,7715247.849606137
575000,599065.5568408216
225000,220880.1092217172
440000,363745.6809994857
335000,336440.2862843559
1280000,1300410.2099632553
880000,896671.9663232217
1150000,1230341.0370735347
1450000,1551312.928166994
265000,295815.5076314278
3480000,3785759.9159357757
295000,276547.1105062781
365000,306267.52469932876
1750000,2022684.07438234
200000,324147.31328508304
3350000,3531743.363271902
125000,162183.76295168363
1450000,1501634.50190815
160000,137679.9388614778
250000,242070.22694490518
280000,259918.92058115875
2000000,1841104.8104435655
320000,379177.42652770184
290000,305691.6992580549
315000,280376.31247269234
900000,896150.3681782978
810000,789285.602575241
570000,512002.8500205598
450000,456759.81875852647
380000,393851.4337351097
485000,451374.7426993828
950000,920928.0733529064
1185000,1343405.1475397928
1075000,979528.5452437218
1900000,1817572.6575426655
850000,941907.9700958198
180000,137666.65316309582
280000,291288.773669043
7545000,7040491.3994178185
2790000,2858042.342184052
1890000,1752363.3340583607
935000,817599.1707826407
1900000,1522653.5639714387
290000,281768.0542783623
2550000,2631169.793540624
1500000,1334391.629558427
665000,586791.0805881481
150000,175531.1710176999
690000,677501.4519694902
220000,211344.76241683174
1550000,1574050.7753520934
1250000,1167660.8275747194
1020000,952870.662109207
1550000,1638842.5913570616
145000,151689.17376060114
1770000,1713212.3691239234
285000,323131.30209405156
1250000,1149161.1621478582
570000,657588.6171547817
280000,298203.01260164584
180000,123043.80159533299
950000,77247.17101600264
1100000,951125.3057372161
430000,374621.9932305562
240000,262591.7203889918
540000,583651.6378466964
825000,790073.9834273367
120000,136230.8718586203
220000,231053.46439538588
4550000,4058098.929509181
190000,208970.91576295104
975000,1000323.3696764914
570000,510830.1678983847
1950000,1963047.4247553702
135000,191941.6019153789
3700000,3554267.2347000362
1230000,1305749.64512047
250000,229130.42464937415
142550,135655.35615721854
2480000,2511487.8338262113
5250000,4979486.82756281
1500000,1543773.573986621
1775000,1914295.3705983544
590000,352800.87051370845
285000,280981.27043733274
750000,724143.3208785818
225000,228023.41713920826
3250000,2893636.8176753684
4500000,4629383.599026895
1350000,1317216.027766477
8250000,6594450.320657509
1170000,1010211.2358864781
300000,366600.52612489805
400000,366144.4173631821
195000,283688.5847829586
370000,380126.6388533045
130000,125184.15101635235
1400000,1216512.3498081376
160000,106148.76588021756
325000,291197.80246622185
290000,245125.85485074224
550000,617002.2993265513
250000,239504.90748620118
4350000,3940861.687521381
1880000,1918063.5344650534
275000,302510.38798912725
750000,489720.1710108986
2400000,2462859.7503120285
1950000,1877768.622486917
325000,282229.0302418746
1400000,1295901.3367920476
2100000,2214902.090726429
2900000,2874351.2998035178
220000,280472.49865935906
3000000,2813174.6535597346
450000,608951.7364188633
165000,195127.35744543115
1720000,1574210.955622876
1100000,1094672.103115784
1100000,1015749.3639442998
140000,212512.50880182462
250000,231767.93827429455
300000,296942.09794470336
275000,222344.55860962506
675000,666118.3087234914
290000,301859.0944677713
540000,542921.5813983183
1350000,1231026.757480206
350000,437080.82610760373
415000,338361.43601879955
280000,243491.83032537665
83000,75946.02157205714
3350000,3448186.160229741
70000,57463.514684614114
350000,293663.44041542383
4600000,5152136.875081873
1750000,1717961.4028714723
2650000,2926243.654981646
625000,615357.633430054
550000,579449.6938163762
2350000,2190686.882469109
3750000,3696673.809231643
175000,139158.02382203203
950000,1008389.5207258585
200000,214819.7641089948
3900000,3897285.7305633035
130000,155620.88034914207
2100000,1077262.713410688
870000,833088.4452148537
315000,308116.96447250794
1500000,1857420.0816665876
450000,395743.636524808
200000,211421.521210103
280000,400503.785534398
3100000,3170471.807344862
2570000,2500716.37909618
270000,283962.6284423053
260000,261555.46682954888
5850000,4584687.655086346
3300000,3176308.6857785587
175000,202216.61701366713
110000,139826.10862890206
300000,277012.1997583586
1425000,1461607.3589125297
130000,135179.96529999108
280000,310505.13978119864
2950000,3307162.041186586
2750000,2927113.570823102
750000,754941.0246751489
315000,362994.2842523065
540000,591057.7360411512
175000,236432.66480686772
1130000,932687.7563055543
520000,528521.6642908234
1745000,1948411.6314662881
5200000,5184144.725705552
3850000,4610349.777510267
95000,98848.57318055251
400000,291751.36957914504
280000,276237.8115658996
650000,695607.8052597328
270000,291647.61982921127
300000,302781.5459647163
420000,398399.0585154786
2750000,3121876.334148872
2500000,2359010.600441324
390000,310986.2363016764
155000,214998.44367468788
850000,749646.7682865512
2390000,2340126.5894809286
425000,110294.99394300485
330000,375828.4876244983
390000,575688.722082121
1180000,1193093.6884993277
200000,191978.49562479559
135500,135508.775172742
680000,612827.2132377768
200000,255044.7401266648
230000,220930.97300243008
65000,111751.72799266616
1550000,1188812.350889963
369999,297072.5620281754
210000,250928.15740432226
625000,884329.7788782901
335000,386346.3344802105
400000,328986.45471569867
33000,46533.49013376733
2500000,2583714.790865755
1550000,1232355.2471291553
150000,160103.70854954352
888000,998165.530606138
28000,49080.83849700067
550000,479140.44871248654
265000,286486.0784300254
160000,153826.19326666862
720000,681599.9819376783
1600000,1644874.3842918635
3000000,3163366.8415224655
270000,318244.76331674407
280000,129717.80763733943
5700000,5767547.69839824
85000,125493.97719729732
120000,210561.15772408605
320000,329379.34896579396
2250000,4390184.294602441
100000,228251.92470244784
185000,281836.1100767785
960000,961746.1206765934
1425000,1492500.5949352577
1260000,1349991.5129794169
1300000,1339782.0599765137
1550000,1605275.8237199262
1130000,1077652.7043419096
240000,281490.7426565291
350000,361854.5986379594
150000,125965.4218422191
750000,778509.6644067814
460000,463317.2563221612
190000,241663.1271313245
350000,404832.82658841193
460000,454054.5773310654
350000,341589.24554716673
335000,333505.12188719946
1650000,1484274.3624919995
920000,999411.7800559629
3700000,4342197.568352176
580000,615162.0941147367
480000,632640.6525820355
165000,237774.53622767617
1100000,1189141.182678193
880000,873022.2007598814
220000,229967.9104027295
400000,411971.58995345153
750000,884896.9267386199
4900000,5126116.768340958
590000,648453.6221680802
750000,733027.1880623427
2100000,2533873.574533602
270000,271909.30924134364
1750000,1468011.1812684888
250000,246549.5578376321
3250000,2855491.8159961943
1950000,2154908.9121400453
1200000,1158305.5123655458
620000,582260.6489075118
2450000,2461379.2308169557
130000,216667.1119099827
250000,253191.18604758696
275000,306656.5402344079
2850000,3153661.7401903262
860000,864895.080303539
460000,449333.9602935882
190000,213994.1512064729
180000,158803.34755410414
180000,219843.8079059112
3000000,3011725.7821759656
2700000,3008003.5214265827
3300000,3170869.6977771944
3050000,3120069.6681598388
3500000,3212113.2970458376
240000,243528.99774035672
1950000,1932265.7707765976
150000,150650.08791793024
250000,238790.78533540093
2250000,2301619.3263382753
6250000,6121992.203559962
270000,273844.8156839574
400000,449623.66017537017
1400000,1183114.703563372
600000,599429.187231105
230000,223626.5214373887
2800000,3048000.224708206
1900000,1854224.2997266692
270000,253123.32578513774
550000,341426.2801335746
695000,713668.5893954859
150000,141714.837609594
1000000,1445591.750300097
270000,219665.6501631304
3300000,3095110.0448986944
250000,239772.60305773347
180000,195808.3793528056
830000,782860.2933687248
150000,160464.72433454424
2900000,2902444.7738796948
7750000,5772848.299334886
1470000,1387195.8044397056
215000,247887.9004054882
1045000,1044551.9465942917
4300000,4473133.683477365
200000,245173.7645850433
705000,767395.0066721083
1050000,967042.5594687422
400000,419676.5232882049
185000,146849.12492115636
1000000,719075.8070037736
9000000,6585488.423606285
1925000,2135854.732840953
750000,779301.697841789
250000,250637.04215818245
250000,259998.91118970214
120000,153679.0165425755
990000,977498.0605079748
1550000,1518137.0199814504
305000,351519.57077846926
255000,176000.81799398782
345000,355635.46163185226
160000,163430.77439138343
1900000,1851977.6591454658
1200000,1164655.8515693843
250000,286236.70086308883
800000,998305.8686099888
1180000,1201148.0748720511
1175000,1031968.928494547
3300000,3379136.5835046093
3750000,3557320.036353246
790000,830069.8447283314
2100000,2133862.964614834
4500000,5264514.233433431
2100000,2283421.658309809
515000,493566.1638051607
4055000,5226123.980931224
1100000,1110537.4036670884
330000,315737.9474111228
7000000,10165093.895508861
900000,908804.890990174
2700000,3320075.878691348
2850000,2760130.7910396564
1760000,2461072.7514716457
2020000,3185124.451760992
2100000,2760893.690954618
3200000,4871049.919218651
975000,928009.8683527027
1270000,1132398.1408252777
2790000,2828769.9486582433
3225000,3335441.8707486507
4350000,4388142.701189994
950000,1031215.0412148935
2390000,2389970.2277460056
3690000,3260125.8097024756
5400000,4256179.81262803
230000,235778.1681987775
2900000,2815110.370172669
2250000,2042743.4451148433
1400000,1141684.4897584142
750000,751220.3834033584
1475000,1492518.3694771016
5700000,5555052.925132178
1200000,968080.2920959451
235000,198230.1695425504
1520000,1444022.374371081
220000,176877.60049931446
1050000,953030.5599221895
300000,349247.1533212284
1000000,1105734.2440152718
250000,249923.67580394374
400000,460607.6632909885
190000,189883.68437481488
150000,193477.4161346102
185000,190937.5993689049
169000,142675.43248802875
220000,302644.19090413244
3100000,3543816.6856269133
1050000,993027.4748598265
1600000,1521945.9259872485
300000,385123.675167196
140000,140651.54082717455
300000,337033.3394665078
425000,384219.44333021296
245000,245108.84191933693
260000,255607.572896668
780000,784586.8918763949
225000,247700.91387799694
550000,434841.3277990217
220000,278807.23262286227
160000,213626.93419017986
260000,256429.06546032522
60000,89271.36997842928
220000,229986.48344218443
400000,400189.32005072216
400000,336730.9182571713
250000,257049.60599311776
135000,166389.777336747
65000,181688.08903620442
250000,272293.50111135154
1375000,1433981.1910572872
630000,615437.2159005316
320000,318650.408541126
1280000,1108650.891549274
14100000,13868887.19458579
12900000,12237598.698389431
95000,123164.49270958174
380000,436244.57351053966
185000,187814.44476390685
230000,278030.10015102534
220000,223307.50594628445
135000,143582.5808561205
210000,217360.87255406062
380000,325760.6984419505
880000,815254.6268155883
240000,244218.12484124347
1900000,1683688.5141383852
120000,197954.27554303297
650000,743189.858185103
180000,181817.0888115353
280000,336458.4238514527
4350000,4429081.029510613
1480000,1322756.0410597352
1570000,1702006.8867352952
10400000,9388048.677183
2650000,2525241.717218718
3700000,3423434.233285055
155000,156671.9947061635
500000,478154.8098847192
155000,156681.1985368644
3950000,4149795.404499161
280000,276770.83149072266
1580000,1482954.8522067762
850000,914933.8701378524
400000,425658.628516995
1925000,2064170.5074463726
250000,246679.48205395593
1045000,973897.740405121
630000,614416.7838882476
250000,294950.6005416965
720000,677326.7300093994
1100000,1073090.98689903
135000,134038.61105458293
640000,651770.483982196
695000,751603.1169363662
585000,579138.6344002512
790000,828464.1412277755
495000,463695.6835401818
480000,558717.092570493
92000,118848.58017224599
270000,283821.4441619054
210000,213847.3408842743
530000,453504.3950978141
890000,876788.3605008459
75000,66981.4186328016
1200000,1126301.470600541
1550000,1550139.3944472836
250000,252119.28227796973
560000,564644.7650532942
320000,280947.0602226269
85000,120976.48173182346
830000,791848.0736949205
2600000,2625309.986672065
580000,622131.8826083948
720000,714695.1265135868
580000,543336.5456230179
135000,133253.56570684296
1700000,1772564.2526479934
1290000,1131066.2910352524
125000,124194.64290757674
115000,214040.7880450106
760000,746175.3227399373
110000,125256.8241567634
720000,797568.3426328932
650000,700375.8036712849
2700000,2920317.9570706915
230000,223870.39282630206
135000,163010.59421195474
195000,248613.2381491076
1800000,1883094.5578881064
300000,252615.9442868993
220000,246261.68799046802
2290000,2268680.9689627476
1480000,1541813.451736247
330000,294135.53966485284
290000,341662.4959049359
300000,268901.41869339114
250000,214469.4893930883
1350000,1597083.1301355562
1400000,1441963.1787485746
250000,323378.7994226564
290000,306437.16487748694
6900000,4856964.993115774
340000,621538.1845685317
205000,186892.35544987675
2000000,1247241.4318436845
590000,598166.1202692898
350000,423309.6941235867
315000,318433.7601501562
325000,359798.1208402975
3500000,3909384.8338773767
385000,411886.2218151012
1350000,1265853.0746798976
400000,238750.07504931997
130000,100476.9458807532
2350000,2523388.8374681966
1050000,1029925.633695172
4150000,4601092.956007771
980000,957892.9764948091
970000,967030.9556479931
270000,325190.61396467034
160000,160418.14070478044
450000,377850.87519012863
1600000,1736347.372991628
700000,629854.2653053546
160000,160398.41129663851
680000,663232.8321178199
340000,335719.4593610883
210000,208242.7288455688
1900000,1924602.2590463825
230000,224390.23902149612
295000,384091.1428407124
1750000,1800717.3737910844
1700000,1837504.0184150992
140000,172407.11812162818
870000,816194.6929400979
790000,746182.7537342706
750000,805934.9808401645
57000,64234.33075106711
1350000,1304822.797234004
355000,363285.8026808409
1695000,1590993.7198310015
1150000,1160276.2781985723
340000,312336.5421032454
1500000,1615971.7890842243
775000,748366.2365931589
400000,401558.7564401813
130000,128251.96075580062
1385000,1479964.966134035
950000,978941.5772038928
360000,356067.9387456068
275000,325721.39863149903
1050000,945412.1439594469
850000,859309.0035931343
910000,870051.6966259404
380000,402760.36090643704
190000,217548.48945476158
800000,847679.8499805523
200000,257225.05831337848
3500000,3018457.0047211875
2250000,2118967.5103696645
1680000,1640556.8157465912
1300000,1225924.2489906738
490000,525426.4912416254
175000,196467.2815025874
110000,136169.753383604
70000,76764.85035015394
480000,446186.9459750577
1500000,1115945.3769651887
1200000,1111147.6403392847
1800000,1655613.3738350708
4450000,3950114.949465691
220000,244553.0489885649
1980000,2153223.394124421
50000,59612.033265212216
560000,655286.3247919792
1350000,1565011.4121157269
359999,425120.94189984485
1050000,1053257.7300504465
230000,162246.45675354858
125000,141801.77107707082
1500000,1447058.3083320088
150000,211625.91806810474
280000,253647.86539509537
420000,427190.84296352486
185000,224199.87269628854
260000,263177.29311828956
320000,235673.12604647703
600000,656688.2108705172
2800000,2666084.6938850265
330000,206983.9790040333
370000,378304.0706788777
4550000,5136918.658316551
845000,942816.3850130655
1150000,1226910.3064987818
1320000,1489345.4666497062
1520000,1099444.8632222426
240000,206399.39876892793
2750000,2257985.79941365
200000,216885.97109292995
370000,383863.4996217634
220000,266095.2004330324
290000,268638.2265515298
3900000,3907495.025237563
3800000,4325174.719371389
220000,282681.7080494216
235000,173211.42463787936
2480000,2383702.112357402
220000,282308.3584109087
245000,262521.97715215606
125000,145311.81429189217
290000,289595.75126092887
300000,301026.4073009237
110000,116686.64380389679
550000,511051.289900156
950000,942437.691758588
385000,398134.54441391095
680000,681509.9811886454
190000,227193.00954463138
575000,476670.3635251478
190000,197800.1867783036
300000,339768.06508248724
1200000,957461.5204612716
3100000,2951092.210527925
9200000,8744863.614235045
230000,256172.59300797328
1350000,1304891.1570187868
150000,215406.67014029136
245000,243781.1013650483
330000,240915.1917674705
1850000,1841324.7773110042
4350000,3965946.1166562214
900000,1037448.3003769631
240000,240197.3738712323
3200000,3307367.2448153603
260000,348074.743851555
300000,257068.72112628366
2850000,2938934.3984610713
280000,289159.6498344289
1820000,1674070.316903113
470000,475043.81856894336
78000,58607.15374280215
700000,724588.5897600056
125000,119612.8211612173
1375000,1422587.8104329116
430000,398836.4062960269
780000,716262.3283419602
680000,707636.1317927495
210000,277835.65605651034
195000,201839.12205879824
1200000,1308587.0226924291
1500000,1494827.4854627124
1180000,1323683.021295166
780000,664277.9377034336
630000,460268.78974150674
2180000,2254998.8976165564
1150000,1188596.953032262
280000,251714.50372099053
1290000,1350238.9194447526
2650000,2497059.3342824657
230000,268638.44397704874
730000,682739.6397430979
155000,134257.06067662258
750000,745082.4579750176
2900000,2718531.258928384
230000,247416.74209934156
1725000,1570802.3932119936
1250000,1184458.674576535
2400000,2160417.345256085
1480000,1517410.1435509184
220000,180901.38745313638
5000000,4344439.782884723
4900000,4151550.3538623108
200000,264981.9361415245
225000,203978.7140110662
1280000,1182888.2137554497
220000,267742.0266127688
2230000,1813505.641558041
540000,589417.9503811467
150000,129281.30767678814
980000,989936.2390058278
4000000,3462630.8022543048
1220000,1132675.2971436044
220000,251510.45197400622
260000,257866.89565254148
215000,310952.02158725064
250000,244645.42069986634
190000,179871.138241727
150000,153200.83670661194
1850000,1899134.7995400566
280000,268425.29636754683
1390000,1552204.9838363703
1600000,1302822.8918947044
375000,381668.29450513626
250000,247977.6643398048
680000,678615.6398085458
1530000,1623108.5595779514
1750000,2073688.0264057626
3100000,1751380.366016415
475000,456668.05084044207
320000,503337.354830975
2600000,2728278.8180153114
380000,403627.5553608773
1650000,1449308.052562423
315000,297937.56593856646
300000,267819.73941769305
1225000,1250178.1276867294
220000,262940.69295764336
1950000,1816859.3417520246
350000,425004.4870189824
4400000,4046194.7482075337
7000000,4566166.470990713
3350000,3222101.1180118714
1800000,1986923.4941391714
250000,247702.18979271426
160000,150825.62353130238
1120000,1157567.9579457592
1550000,1480239.9316479762
6500000,6215492.93026155
345000,370055.19081187434
1150000,1115370.119989846
1025000,977727.0219637582
500000,452671.8258140707
335000,359527.40484295884
1200000,1060804.6667945066
930000,1040298.669956068
3980000,3894783.5963799744
920000,1125540.4952447722
2200000,2313184.7978693875
1100000,1063074.7782272235
300000,246365.52187811246
590000,622487.1490780732
820000,710392.566524614
640000,493425.87424072233
860000,819683.5085724897
450000,565427.4529733345
290000,229255.1763783131
120000,121767.16056671966
980000,1026250.6885257399
260000,345290.6164280973
1700000,1444727.6094551948
720000,686372.6915488477
450000,316846.0503444272
2400000,2924108.165536372
7000000,8191346.933725502
450000,466591.02677004563
260000,254250.0411189486
165000,153360.6289510624
225000,309894.15457951324
480000,498096.7834846297
1250000,1312632.4630502907
3350000,3760949.0374716152
1550000,1576385.0416951124
2000000,1889779.8509663742
260000,234504.55243838573
1600000,1816316.7631010225
45000,48180.36557456002
1350000,1291650.1601040508
175000,197699.49827450365
95000,185159.9567693176
210000,190278.84069815656
170000,166474.26265658744
430000,399294.04805629724
990000,493480.8125682836
350000,437047.3260270333
253000,222163.61731601518
745000,706186.3711034947
330000,385085.72707015625
580000,598011.9880552597
1625000,1744338.1521833357
130000,95141.75947799021
365000,371546.82323083567
240000,235651.16949810836
365000,421128.55015784025
1350000,1382549.7987056153
920000,1135210.814575737
1350000,1337459.3265841436
230000,259069.30396520317
1275000,1273223.596728123
2100000,2015238.6357521322
590000,581917.6979809549
5000000,5238848.172298676
3300000,3329936.1896389914
325000,288697.5700090861
190000,179278.48713500387
1850000,1936325.2556173399
830000,794555.1725289297
300000,363648.89911362494
635000,655931.571375157
2700000,2548467.6597573236
3000000,3120896.20531053
270000,289966.87502891873
3550000,3672320.2984103486
520000,568202.4160096695
360000,332915.8984052366
240000,322310.8155605368
5150000,4309867.698906346
2100000,1930918.1719978943
97000,143887.52359092492
180000,215833.0497440849
890000,929266.9513415406
400000,369336.5307507349
630000,615559.1473449538
1700000,1703801.3601143148
530000,492063.879999794
780000,741912.6733071711
8500000,6162102.722773739
430000,433908.84161427926
220000,242275.10791146007
260000,242831.06032105716
160000,137983.13614099094
1140000,1224936.3426245102
190000,169410.74409892622
280000,321655.2721671623
1600000,1539005.3650018566
3600000,3911881.2183823623
690000,608800.6841198625
200000,207060.64967270414
195000,183511.8748430641
275000,281873.09941431717
770000,808156.386748167
135000,127607.41823345565
470000,481778.02594261465
220000,330840.1357477776
750000,800821.3702902835
600000,628403.3311261493
2600000,2891174.707698817
120000,126334.21377807515
420000,405898.34831104334
230000,147961.36312557777
850000,555185.0966740971
265000,247901.13374259762
290000,311080.2740399395
300000,277189.7115896412
1475000,1422532.3508918926
40000,46144.79958343431
330000,353275.4447060495
1900000,2032590.851707563
265000,278201.98341553996
360000,341321.7692560991
400000,351865.47650432936
700000,764721.6113581816
240000,290947.20746269193
440000,451021.632178266
165000,163572.59363987792
230000,268082.8568330794
1520000,1441382.914134492
260000,270930.8871014554
2700000,2905950.239200326
260000,201036.22381107157
1190000,1222454.7010873999
470000,429762.6918321005
8800000,6009271.907372885
975000,1053448.132991501
90000,118201.33740524777
500000,545224.3541126967
200000,263913.609490837
450000,437907.16526091134
310000,279973.21891498874
300000,277351.0376903561
1700000,1627556.7217058225
250000,380989.6435887749
110000,124622.30240071533
235000,248663.36490274066
4750000,4788371.27775404
420000,457522.1749397776
560000,606257.1818722372
240000,380989.6435887749
695000,866312.3302827891
725000,917645.0232645363
90000,153558.4921055463
145000,184033.04723309504
200000,192711.69266669088
90000,126120.52278805383
160000,203120.51056495
720000,805768.0401318283
400000,461185.7061499354
1470000,1366424.803229439
230000,264434.8844727749
650000,602799.117922131
170000,234661.93730160946
125000,149622.5016593367
875000,875305.5868604265
560000,431893.2614642733
230000,226347.78284921305
250000,255345.04312938554
960000,970656.019693955
4000000,3869379.4307209044
300000,347416.50727430097
390000,547967.3852302331
430000,324943.8506225223
250000,245370.78244261787
420000,404285.3212185772
280000,238912.840646598
2100000,2253143.9539921377
240000,219814.42634280585
220000,205155.231251394
190000,249765.92370734288
600000,671901.6733704214
160000,277680.6638072199
1920000,1708699.860490403
1900000,1921225.2719291896
750000,731538.8584004801
170000,260445.732000324
530000,527223.6439496881
450000,439475.2660838199
1100000,932824.3433879607
110000,112439.29723152264
235000,256235.84319361625
1600000,1677887.1040459853
275000,306208.77552308596
2350000,2671216.590661668
7750000,6397031.185421606
250000,226364.85228587722
555000,566765.2263237489
1100000,887127.608240002
3200000,3168802.1906170174
350000,388603.25664758834
430000,428026.5847460662
4100000,3342767.200370755
2900000,2983642.5260951347
3100000,3119070.909667148
370000,313911.85929005174
4600000,4646078.099136854
300000,304172.2855324476
190000,200311.12209595757
330000,307445.0893190612
540000,519335.3436496163
2800000,2197285.963224815
265000,234771.97224649944
130000,150615.8772276572
5350000,5463496.480527479
700000,672228.8293363069
250000,252110.02349838548
1400000,1144722.1254752222
950000,1046944.7204512213
1100000,1051630.2133742692
1150000,1265888.6624197776
1740000,1830058.6568163645
380000,398779.4141881744
240000,226910.6992643268
5950000,6428632.569698876
130000,139674.45744428394
95000,91918.33373963812
420000,509404.3037567159
435000,405537.8275671574
375000,373420.35263570945
1560000,1597421.1296632497
320000,350377.2442897798
78000,85942.71650400374
210000,229017.74525577077
845000,676934.7169319642
5100000,5020587.673456823
7200000,6893496.741657019
2300000,2668075.908465308
470000,489635.60560517345
1790000,1446878.0793791045
440000,405813.9685881635
220000,340357.3159125088
450000,479952.4188239781
1450000,1577385.7716115692
4100000,3885991.368415204
445000,450686.2445159157
9600000,9530720.445068587
615000,643517.666759929
355000,374673.0502333168
260000,242134.86171017485
370000,390316.83519260876
160000,202243.12224198887
400000,412549.40446186
360000,302628.5952977445
500000,484943.9281244951
50000,57099.11210029818
185000,240022.95170688035
2950000,2781260.968638095
725000,734641.8153468863
1100000,1061494.8942683134
220000,228205.1602369898
2650000,2543879.819465204
475000,457325.76132494217
1550000,1515510.318885862
260000,268897.7548126971
160000,133851.10559222306
1280000,1250399.23621249
1400000,1432052.6382823521
220000,227332.74745495053
1180000,1139069.0722224724
155000,180206.2702626555
340000,319429.51146159705
2200000,1747887.5399480374
4650000,3895602.1177914385
420000,408881.1114995051
510000,499020.91295881756
1525000,1541210.0729149526
390000,370954.4832022264
350000,292644.3544768538
13000000,14189528.79812526
3900000,4072345.4230283154
525000,485073.26423032756
60000,121253.66734680842
4950000,4955063.484267811
120000,91061.02163759714
130000,150340.71616031585
3750000,3373390.3675888316
95000,117655.71747493459
6900000,7204637.505380057
210000,282904.0135581117
1000000,886931.3721416858
535000,538495.330438615
17700000,13015738.980956476
1150000,1046785.1170152925
2550000,2690378.0401138393
2750000,2905950.239200326
495000,451136.3799480811
1800000,2042935.5274507313
590000,629299.8940749902
2080000,1771220.0195824613
460000,387497.8722834219
290000,338946.0468837101
280000,304562.6639377154
200000,191886.40475464877
185000,208193.2027923277
1180000,1066123.7853898036
430000,393047.98745427205
145000,110276.30260554193
1150000,1168334.5548340688
200000,189963.768504383
220000,248432.13236626823
469000,474374.2298292009
190000,270869.883557629
625000,844796.8543381395
379000,915692.1710520216
85000,203446.30024476798
250000,190260.92307786277
260000,233627.98759306667
99000,132298.20017399604
230000,273128.5278719598
2250000,2486243.5133454422
780000,618932.8698448899
400000,378802.54604103696
195000,265665.7427504092
215000,258272.92449836872
350000,316915.70692417887
210000,196727.1022561895
395000,446658.9363273228
190000,195237.51874594347
585000,536666.8421971693
210000,160058.99282403954
200000,188286.61057238677
330000,343169.0046753399
225000,261824.76736527227
260000,251701.94008060792
48000,67316.87747893095
180000,191297.62257959112
210000,210876.7999893364
1075000,1129876.2825365323
2180000,2249416.5992217967
3500000,3717981.0550806797
2980000,2994006.1397348265
795000,729612.731884473
3900000,3821175.856806946
4300000,4362643.928876683
2650000,2527497.449186387
870000,871370.1900564748
1595000,1624775.7708639787
5300000,4041072.0332770883
365000,355791.672130644
10895000,8430987.392215371
350000,306541.5827138296
1650000,1631107.312050824
430000,345420.78962543886
980000,1003462.1462066954
550000,617750.3337075383
1500000,1284145.6784806664
845000,849656.1134199948
1990000,1414386.7189389176
420000,423837.1869745992
620000,659511.1287289496
345000,289971.3480470171
1130000,975679.2474954458
5950000,5949587.081764528
745000,754824.0990546865
720000,694720.1904326681
5850000,5392405.714427286
1000000,1152003.7005077582
1000000,1066317.0840434036
900000,895013.4409378706
5400000,5507402.823457922
1250000,939867.1378173907
730000,755029.1588441456
400000,343338.0722983974
700000,757922.191717491
950000,864004.8250167551
950000,1024358.0316763582
2300000,2355742.015476779
900000,908080.8690157837
4000000,3851010.59069179
2700000,2039538.6151091382
895000,896970.6696691596
7950000,6656985.463426263
3900000,3410899.403711246
3850000,3844759.931029486
15250000,10059983.097669965
3600000,3527965.0073798536
1850000,1736148.915624512
1550000,1313979.8803683703
3150000,3435153.260217716
1300000,1234326.6370386062
1425000,1423715.1334041774
350000,310863.3780557145
430000,516371.632761897
1700000,1394256.932503344
3600000,3614100.09798027
450000,496595.438470113
720000,652323.0961424329
470000,492419.4142747264
455000,426129.2302989551
7550000,7481694.713216914
19000000,15837521.754032226
3150000,3217973.8662996218
4250000,4176781.515278514
3000000,3075818.266981386
1050000,993573.3267172799
5000000,4544323.035572899
6200000,6642443.198307295
4100000,4195184.677678488
3750000,4000967.976074852
875000,821058.0828449202
420000,522464.84798143763
3000000,3412177.762617299
750000,746905.3086638103
675000,723615.6786254637
780000,871395.5841570868
230000,222256.9114272839
600000,502802.95244186633
740000,696228.9490106428
395000,437771.43461733457
840000,756720.8491657752
5900000,5939278.0343570085
4180000,4240671.309605282
4850000,4615291.232915072
6200000,5945667.310234958
19000000,13112954.903339628
4000000,3471617.89607346
6100000,5773654.617602352
3850000,3412177.762617299
2750000,2385058.079100133
310000,312861.002892982
720000,672483.0063434473
560000,587100.958758547
500000,540922.5613053039
2050000,2314244.780249884
3650000,3217973.8662996218
1500000,1232760.678950925
3700000,3217973.8662996218
820000,795853.7750712973
780000,792534.0181371598
530000,559999.4112616275
2650000,2745481.373495915
350000,380216.7507332096
1085000,1197028.7097938713
6000000,5673339.608034682
4150000,4281252.185619855
990000,864412.5602293978
3325000,3377640.3953946456
2150000,1825134.887321645
1550000,1634925.6825257635
1470000,1479231.856190565
19600000,13693543.40254507
400000,428551.7727140931
770000,810938.8039857467
490000,466984.9446700458
600000,629179.8954098525
375000,396499.01145079196
670000,754765.1398038385
350000,387332.60210690036
650000,583202.7711322465
1050000,1083335.2745381675
465000,477457.5181658207
1430000,1469162.7539643042
320000,426388.1641463922
2515000,2437155.713745996
3600000,3401785.421566964
2650000,2711509.4400884667
4000000,4036802.583728659
1980000,1994453.231793178
4475000,4362643.928876683
6250000,5852338.431116541
1109000,1263303.554453645
1330000,1385476.2405337782
820000,1070414.4149068652
3200000,3167105.4334791107
820000,776134.4679315964
960000,928015.6202506791
950000,990130.2029397624
620000,561281.9452445937
2600000,2630600.1176740034
2190000,2142955.1958019114
795000,860205.6108881001
1000000,998010.9773509109
810000,975781.0503906514
2660000,2640884.4654540718
510000,524302.3084989841
600000,626926.4247918597
1450000,1524637.194829217
980000,1002123.5674269344
460000,458560.5095605172
740000,682629.8572828685
85000,88132.75180625077
650000,617412.5602339698
680000,688450.4166957956
580000,601736.2541308878
575000,513327.903662695
700000,749381.3637309667
360000,485057.4197444695
750000,666489.6760924706
2250000,2218083.615812989
2400000,2507428.076172048
4000000,3836585.750219661
475000,464141.1982671213
2000000,2012593.9643635831
1880000,1998597.815224822
330000,402448.8944618259
1100000,1005821.4603602176
460000,477870.03670775786
360000,401251.83304099186
450000,416651.33352146443
370000,426627.4036381118
260000,223854.1244929722
850000,897940.3956855563
3350000,2694814.794479832
850000,793817.3797554582
350000,368043.6234838858
3700000,3783896.3123727697
875000,1001617.3629794754
925000,1041064.0293671932
2590000,3264597.4090328645
3000000,3135502.240305902
1015000,921611.0035208
1700000,1720003.9350334709
3825000,3812806.7926300396
1800000,1310054.759358452
1000000,1065344.669908045
1750000,1703181.917269329
1300000,1327387.9656897825
845000,746789.6131483552
360000,387819.013669964
395000,493435.67061400303
1300000,1266738.0100421486
1700000,1575023.043389006
1095000,1299483.43082056
5200000,5518533.6974380985
6800000,7596967.365465519
2150000,2256002.0004728595
2750000,2826130.7749882755
400000,354189.2396460733
9800000,8689749.60622031
360000,328925.9828074943
720000,829168.3035459406
440000,465640.53948402766
1500000,1381206.433755661
825000,797366.622488779
16500000,9008497.795233775
7500000,6668958.539564825
820000,851764.5750509935
11000000,8285251.993653818
580000,540856.4013222815
490000,504001.4636377863
560001,537215.4759609009
1050000,990719.3941810483
8080000,6933406.638349332
8200000,9256999.628467144
3975000,3844759.931029486
400000,318306.9815157295
650000,608981.7308036214
1670000,1693574.179814252
3300000,2942738.308305954
900000,965068.3405802582
810000,727706.357250477
610000,475678.2006269636
600000,547257.5542227242
870000,937990.2514889922
600000,532781.3305342508
490000,693142.4990353835
725000,753330.6000867096
7600000,7222405.444308983
3000000,3382377.823530849
5650000,4338070.140268899
500000,2042101.5760928795
2400000,2212718.1291120118
2345000,2223649.3744264077
1215000,1208992.940341097
1200000,1178773.8164697732
1390000,1433918.965895616
1700000,1892762.001963222
1215000,1245699.9480081364
989000,1028799.1091290879
1215000,1235280.3709488832
805000,777203.5495929816
805000,800053.3917778834
1300000,1208928.0831028775
1085000,1357504.682648202
285000,326788.49651091365
530000,570441.648623465
400000,431359.3039106369
650000,597521.3024970362
11000000,876052.566915336
320000,318829.3272644127
360000,456094.6984620792
850000,670211.0948868862
2210000,2225516.0430491995
5900000,5761731.964678593
3150000,2587869.283575816
2600000,2823059.208263665
1550000,1587858.0832932428
1365000,1356383.9062422358
730000,773977.4420685366
1490000,1715852.0168437455
370000,327632.93878272816
1870000,1718617.9917146573
455000,474004.04106192593
650000,641089.9782645956
380000,350311.64550570695
1375000,1405666.8552133453
1480000,1622394.776894278
320000,315195.8637560225
2600000,2748028.960119297
400000,388122.9646966109
850000,922537.1018568407
4500000,5142804.873925671
3750000,3191116.9695592006
1380000,1594727.0322760916
1320000,1236705.828232711
975000,830672.8731700998
2310000,2399786.3268922875
970000,1015346.1817332676
1150000,1185019.859706666
1160000,1073362.6075679467
2600000,2795535.195982339
2600000,2607233.7407041527
3900000,3831352.5837520226
1400000,1293934.029822058
360000,485981.84029169165
670000,743421.2480280891
325000,416830.1317069802
320000,282437.8696625345
3750000,3803194.061926859
925000,1012322.9064442891
2100000,1990154.590060033
1090000,1124919.3465841003
920000,1082697.7790768095
4250000,3410899.403711246
1000000,1113114.0046000606
1590000,1579733.509311638
3750000,3256368.922054624
600000,565456.4858097722
450000,476158.1415510465
430000,439229.53663605783
980000,884851.0181776738
470000,476346.867272588
460000,464545.0420048119
5400000,4951182.058429983
300000,300297.86139695713
7700000,8161016.6025714
9500000,8141415.237128161
6200000,5897602.801690693
3450000,3142468.606310714
2330000,2381612.517220535
1380000,1255124.874296715
3200000,3017531.6021909127
12000000,5298808.089922978
3250000,3633648.412860003
1600000,1617923.7388625091
5300000,5573716.702912492
470000,574224.0083331608
395000,414299.27512865805
675000,650418.2631622178
715000,806488.4534921976
490000,713539.3290231843
470000,596969.850015135
520000,524991.9172052933
480000,422567.79708838277
355000,375657.29592058365
1200000,1126648.2724472675
950000,1074617.5777109386
330000,334808.1592258768
560000,498798.5737052689
420000,316701.34400672815
3820000,3857216.441100467
4700000,4983507.738110694
2550000,2855726.4354502033
1750000,1619962.5377677479
1100000,1080133.5806547878
1700000,1672525.6429910723
1680000,1928449.0414758713
440000,447210.17460172623
3495000,2575385.6682992824
985000,1036278.1316123451
460000,511856.01945109654
900000,881024.742130493
1050000,1005149.2016458729
2000000,1801023.125553467
985000,1006851.4568597601
385000,342289.5829210774
850000,802022.5753188684
5250000,5455059.126718825
500000,356231.06331156904
14100000,14176318.7722688
8500000,9015064.952380883
5900000,6462303.173860092
1150000,1299040.675950795
978000,1087407.6771564365
1245000,1157114.846649687
930000,972126.375143966
4250000,4376653.271510421
2470000,2298908.1660962477
700000,709395.5339497405
400000,403949.87630379177
850000,811439.8914681221
4375000,4335819.841313983
870000,826148.1985747707
700000,752666.4986620839
420000,442200.3463591945
1390000,1374015.771940443
575000,689605.4679129478
1320000,1303429.6370392786
500000,473423.6952142507
310000,354243.7384984097
560000,486602.23453756765
630000,688316.9092631235
2350000,2351739.471621898
975000,926490.9192770957
9000000,7486402.892385518
2750000,3165992.224072308
6300000,5367506.476612735
2950000,2596159.8495924016
1075000,1314563.4501477801
7150000,6724557.552787365
1400000,1355658.1491236861
1350000,1416828.1459972481
2350000,2311824.031134997
2450000,2205243.7269458077
730000,726017.0836251474
850000,834362.6283395634
1040000,1259098.8249227335
1300000,1219685.2694102665
1350000,1463522.98048724
650000,645332.1989747331
1100000,1024963.3271487978
900000,897957.4955209454
750000,726517.667708642
7250000,7463320.325269374
3420000,3398951.626381907
1650000,1579126.0224044963
4050000,4265350.142883838
1340000,1256961.1090687627
3790000,3759476.597728429
1230000,1255263.2512688003
1155000,1264357.805635573
1055000,998010.9773509109
885000,800310.0247106667
1525000,1431537.1952780355
820000,823147.9126675156
420000,534847.5201047264
620000,517199.004673099
420000,540146.9007742307
780000,763371.296678311
650000,749284.2223663004
975000,895759.5652552826
1400000,1474122.9475957793
600000,617127.9606520514
690000,676211.7984439429
2900000,3412042.421759179
1550000,1548137.7046344825
565000,578448.7518823969
980000,1043095.9624225548
1800000,1684132.3276861208
13700000,14820985.293747071
375000,408263.65469896275
430000,402086.04443810205
1070000,1325590.6782682356
370000,412655.50813508284
425000,425918.8518021396
330000,301840.33103879617
470000,542222.9698099376
450000,466626.6057590133
820000,731210.852931891
340000,347438.8771088409
850000,859093.0449457373
2900000,2638930.9714092393
9000000,7735754.536203184
3600000,3646656.832076046
950000,1005486.2952745995
1360000,1559578.841868216
1790000,1669688.4393720855
5850000,5945667.310234958
5700000,5761731.964678593
1730000,1619962.5377677479
600000,568644.5542856365
400000,425788.49526838894
470000,473151.49131224386
2000000,1615918.832198596
450000,475206.2502725507
280000,280925.38900274556
580000,551544.3754715923
720000,784434.6117197732
590000,593092.2964902364
350000,425539.4351660391
785000,896555.4319124316
695000,788331.0201669009
565000,473240.08203359385
3650000,3591063.9356642333
5950000,5761731.964678593
1075000,1214309.4147777641
1450000,1511155.6848419502
950000,1012479.6798441077
1675000,1860027.8896976737
1115000,1264289.5739746839
1590000,1272508.0326250207
1090000,1129164.6678553114
1300000,1273257.4615044543
2950000,3706064.04076502
320000,372562.038758301
630000,896555.6745608317
1200000,882193.9148799996
400000,314174.39688697975
320000,257743.667062054
380000,385638.0571381126
800000,775541.997020174
320000,224228.7173386966
350000,326427.0165963995
5500000,5520940.536462417
3700000,3686433.25496096
2850000,3466240.7806967515
2190009,2220654.843417812
2760000,2664905.101219283
6500000,5852338.431116541
8750000,9112344.157897314
450000,464004.87921818875
320000,299899.3380034172
370000,399936.5441143035
1400000,1356691.7470867098
3000000,3003124.287946599
670000,659362.1877325649
675000,694982.4748430413
3950000,3909761.8451299267
480000,496566.97860359174
950000,1112471.8335058184
850000,881778.9233667882
3350000,2815613.61187366
2950000,2000327.4024960755
400000,407193.0455873205
1500000,1512699.4180398744
1910000,2326347.774261805
1675000,1737192.6813305963
1600000,1654524.8551898266
7500000,6407333.490684057
2315000,2599676.1084591504
1450000,1681121.6307379948
1120000,1082674.2856849614
990000,919604.3171464015
995000,921611.0035208
920000,1000684.3162291369
570000,591207.0205541232
710000,762154.3251072206
3900000,3886075.6419535344
1100000,1115082.7028251318
5000000,8061306.689686479
340000,331481.3605967468
1700000,1730812.0133222195
1300000,1223852.1477113466
450000,375827.17709367035
700000,620194.0667149846
1950000,1839094.3093241015
1030000,1081907.8778974838
1500000,1424080.9394181808
370000,383731.82582787785
1770000,1711890.0892899628
1250000,1311578.393959209
2500000,2437155.713745996
8500000,7342577.484463011
875000,888351.2434022756
6250000,6735662.085199544
2200000,2960127.4950852636
7495000,7222405.444308983
3450000,3382377.823530849
550000,471553.59529656963
750000,758831.1015396633
1120000,1122473.477965685
5200000,5361999.5463576205
6350000,5217388.577326018
940000,901502.7453113584
2550000,2454996.7445585644
1675000,1687505.9178729393
740000,779159.192554659
2190000,2241061.0556724668
4150000,4265350.142883838
7750000,7460293.264324773
7450000,6556514.087954808
5295000,5050104.491421272
3195000,3467228.8294932772
7300000,7222405.444308983
1050000,947731.3373322687
3650000,3850972.8203456844
2650000,2870685.1777943694
925000,993530.2881430925
580000,599692.0988075193
3600000,3100169.3162442357
2425000,2331752.223523327
930000,899055.1252696813
315000,442527.8801367286
1410000,1208928.0831028775
1029000,1028377.0225192258
1690000,1208095.0910484707
1725000,2088518.8170383018
3775000,3803194.061926859
1210000,1225976.3826932556
9700000,7841003.881531954
3300000,2611178.184992537
5850000,5689814.857976234
1970000,1708989.9323954917
550000,591425.8230722148
600000,656430.0343467952
900000,1082906.5622277055
470000,474935.98453679454
1000000,900032.3845156063
340000,328868.9936396464
1000000,1132140.4297559548
390000,412170.39181314735
1105000,1072564.9523570791
2315000,2223649.3744264077
950000,998010.9773509109
990000,1049383.246060468
6600000,6579995.235493251
850000,820987.4991415985
450000,480195.0157432995
990000,1037929.8491189362
1350000,1358607.3045228035
5900000,5351936.701153624
865000,876334.4801019416
410000,403407.8706806912
325000,337280.0624276937
1215000,1260389.2881331407
485000,468721.77573496406
4050000,3818735.84844411
1100000,1128290.978177752
950000,970070.7838880905
670000,740225.8630343842
550000,555022.7924187216
550000,579189.5466288524
800000,782086.5603686008
785000,772849.0660837418
1710000,1296503.423357892
780000,768829.0129240291
720000,777940.0594334842
1250000,988061.8741389372
425000,398898.705277004
800000,753400.8121297314
800000,788582.7475600911
1180000,1214309.4147777641
5250000,3910399.866119236
1110000,1129164.6678553114
2035000,1974604.8137296522
615000,579991.7340350961
450000,435738.02330974705
700000,751039.4030197295
2680000,2654495.2913910914
600000,583424.1162567826
2650000,2664905.101219283
480000,353641.48268798395
600000,673232.0300406689
740000,846831.6554092972
950000,984736.8385690324
1090000,1236245.5505851014
730000,634313.367161319
590000,552283.1555728443
1000000,845339.2771097947
850000,811880.1915300884
455000,466246.7562648297
450000,488499.8659336585
550000,641075.4501052292
80000,81505.02634598681
950000,1003585.854379565
720000,686934.555736418
340000,582512.8815453661
790000,738058.4521415039
530000,497830.33314458415
660000,613878.4081577882
525000,709979.9356060432
1050000,1038187.5802681502
2460000,2259163.801564851
1600000,1487284.087215027
540000,417066.2211323049
345000,331120.12672423385
6485000,5425499.779715116
850000,869093.8711259557
490000,609188.3575409916
800000,775498.941899651
500000,542579.9990161492
1000000,1058929.5598084298
1800000,1661703.1538071712
550000,494141.34434332163
310000,347406.27079704095
865000,841208.7495968996
675000,682932.7834269104
1220000,1396950.7321608823
320000,337166.98079170956
400000,389339.73437505733
1090000,990426.8737740618
1565000,1325204.1123383178
650000,604262.8622458093
610000,614788.1180361328
5250000,5094662.704556834
1650000,1457032.4906024947
2100000,2020195.6869320865
1450000,1344205.7953406668
1450000,1252369.586128171
585000,618121.3269350423
1700000,1329904.258264254
990000,1017680.3162172914
950000,990548.5906535536
965000,960923.9739789199
765000,776148.0536132837
1200000,1328833.3960954403
725000,542905.6127449647
1720000,1780515.0844258773
410000,409827.32593472605
2400000,2449340.231816317
3500000,3492102.7857401385
780000,397077.4726512226
6900000,6663306.168116992
4600000,4292658.193237652
2150000,1355048.5098048428
680000,636672.8457082057
850000,925522.7063589771
360000,289274.94500477356
750000,735327.5390870182
630000,709340.9062704832
5295000,5503674.580736722
1250000,1310052.771148734
710000,664782.2089837741
385000,445594.37274558615
2250000,1972110.4534620522
8850000,6815898.654083293
750000,921272.5298578795
2700000,3060444.363781752
2320000,2518607.569722674
675000,721672.4959360635
850000,806277.5102898941
810000,788582.7475600911
795000,740420.3993921304
6750000,7101750.3697298
725000,836612.1592595357
380000,389764.25388281106
450000,482083.47273499344
1685000,1550554.918509683
335000,334964.55426623236
930000,921201.6907311636
10500000,9489844.784216313
580000,577310.8077901404
1200000,1212178.8516568297
11700000,9506071.414491527
1050000,1120011.5002637152
1100000,1237979.4688233943
1050000,1066364.688922081
1899000,1971150.6839356322
1790000,1559369.232466201
850000,986900.6550953503
1250000,1234047.415764164
1725000,1909879.9187324927
930000,1044069.6462925824
745000,762923.7515124697
3650000,3950941.3484400436
1780000,2387083.270351305
820000,763016.0888672824
3900000,4376653.271510421
2860000,3256368.922054624
3550000,3702795.6325323773
4790000,4951182.058429983
2140000,3821873.276492237
925000,1038290.7517590654
1830000,1982665.601510049
670000,891498.1074244432
850000,976576.9272175941
5150000,5773654.617602352
535000,622099.0940358541
730000,737074.5535124377
3550000,3555366.152096662
12750000,12689474.045434806
12700000,10140178.410491703
6700000,7782557.475997129
6200000,8805458.830549546
6830000,7361596.854880923
5650000,5318448.43867709
3900000,5138059.670747238
7241000,10214928.352127729
6100000,8901486.066003753
4950000,4243858.920885478
9950000,5015095.280097748
7000000,8805458.830549546
9500000,7110916.092862376
1950000,3231179.394906171
12450000,13227951.000225214
5500000,5359442.728720545
720000,938021.780854248
5650000,4902735.881312611
5500000,4807777.658207885
18700000,10871536.385071687
11500000,10962631.799636008
4910000,5586639.586023169
4900000,5524755.073567066
1210000,1305665.1191942045
3700000,4281270.013567626
9000000,8407455.677281504
9500000,9751514.117494171
5200000,8120135.8524825135
7370000,11364534.187912215
2860000,3183391.7409033407
840000,900917.8087901268
535000,575551.387360056
410000,397105.97749231756
10000000,5452738.488872035
5250000,4402071.286592084
645000,577600.0306135823
865000,876828.1644914392
850000,731049.3565969726
370000,263074.3762634403
490000,490246.99739754864
1035000,969829.5825548584
550000,486935.12215086253
340000,436507.5766494234
320000,334703.2795099842
900000,860416.9492962273
595000,621867.6876579729
250000,231898.5052009827
550000,509117.7138339789
470000,345230.44277853635
1575000,1547618.5567159401
600000,592747.0939450264
350000,383486.62516119756
1049000,1021393.0901473707
350000,428067.92222272744
420000,416933.08691477985
750000,735852.3945271702
720000,804913.7577751604
350000,429383.9823470963
850000,798804.8454871828
980000,1029031.4351825315
900000,86864.45772769733
1300000,1326722.5536206325
450000,516753.7975895315
1000000,720586.7377391796
655000,682016.7621808155
900000,852799.1767179616
780000,876489.2433970334
600000,613922.6429445524
400000,395159.0518379942
410000,307798.4212046758
200000,238325.5536612047
880000,964471.5475158746
2275000,2260711.2808332336
875000,819939.8308158555
775000,752668.7761459129
420000,390540.9348857954
1900000,1975225.8440092015
750000,916596.408534543
660000,658682.1699203551
570000,518578.08415478404
390000,409671.41444532183
810000,756898.0161677363
980000,1016879.3710716225
485000,417408.4827226176
720000,700720.3248583033
420000,448692.9445822248
700000,742158.833803482
630000,553229.0574455317
900000,768070.2060667824
380000,372946.62248214544
280000,274211.95261493494
2000000,1891452.5914100197
2275000,2081371.1141652132
470000,476415.2231924698
8300000,7114813.234774489
1200000,946182.1559053538
880000,886659.8635099954
1890000,1832444.2698299466
700000,735340.9122076083
1600000,1856523.3550986422
510000,510394.235580211
7380000,6807193.351274804
500000,542111.3120630839
600000,641263.9509061348
265000,277969.41043010657
700000,746362.5720643842
430000,438121.78353316354
4350000,4270670.853627444
390000,344354.5120624492
5900000,5002998.510015196
700000,649651.5326788541
350000,358620.13094001444
355000,379335.8542176239
800000,749950.1164724792
370000,362624.18082090106
390000,544412.3162473275
620000,586153.9559745209
600000,591284.9781413248
650000,675051.8702859456
575000,661255.9036379093
610000,736352.8289749104
440000,425835.34964351903
1240000,1242639.7490055528
430000,461492.3353461942
2450000,2720400.737391959
310000,297574.21950828383
350000,356925.6977019966
740000,741821.4207841029
560000,493425.94842199516
285000,309031.2321375912
1050000,924962.4354422713
1195000,1001958.1414456685
670000,709583.6063914075
300000,273512.014511855
835000,747157.9673874199
2050000,2557077.5284134806
590000,645237.9487407042
330000,383355.44979556283
650000,594353.845822698
680000,661078.3834569267
350000,371978.6742310684
465000,468851.4209263971
630000,547258.7467682577
800000,730331.1825273365
320000,298021.971341925
500000,579621.87419872
1100000,1184033.8420097867
330000,309619.54041852074
900000,896234.4698714952
320000,358597.00777264277
750000,705043.8722554357
680000,593416.125676155
520000,492201.02758212254
825000,730332.4465464366
990000,1262921.550101108
680000,613874.541344385
740000,798187.4210229414
1800000,1943789.278127539
250000,271245.8634900564
630000,661377.5433703267
450000,429591.81144521805
850000,795720.1250540074
3600000,3812399.910524562
440000,451659.1620724205
830000,939781.7052016724
430000,414129.32240840903
845000,858948.4386068764
650000,555414.7657343433
375000,422128.3532012043
335000,352548.033718149
720000,826209.3118900853
2045000,2012074.4242860137
550000,567159.6724214914
635000,690526.4924226484
350000,332939.7613968803
540000,535856.869044389
460000,470283.38951735623
360000,357650.6202857112
760000,730057.2923197852
325000,319996.5870707172
2900000,3210808.6705805524
5775000,5544915.35289193
340000,370327.1354760487
680000,950842.9392469004
1200000,1174925.8876093675
1500000,1395613.0092475733
860000,997071.9670028045
355000,425979.71407299436
270000,301892.5889350287
2100000,2122933.480832756
1800000,1755632.2136784608
1200000,1009206.0858249011
720000,736601.9258005279
1350000,1192483.8740871393
1825000,1694974.458050907
1790000,1772261.2450498699
1040000,1101577.9450303016
320000,339140.41506119986
535000,580151.97921988
1550000,1322513.248114558
820000,738380.6048874933
560000,555792.6205435366
5900000,5620330.8549079895
460000,493846.05706991267
360000,362833.7385139428
3500000,3361838.443584132
350000,344097.79518155253
2220000,2142955.1958019114
2890000,2464575.4858497735
5925000,5939278.0343570085
500000,467843.22938164324
3800000,3415753.0569933215
640000,588512.895554524
1745000,1208095.0910484707
1110000,1080394.2268423052
1455000,1472871.7651377446
1335000,1200429.912875667
2660000,2672073.6522127097
2360000,2332099.632350296
1690000,1611974.3304059866
500000,517316.5893326036
1150000,1180097.271426137
1060000,1064920.861470648
360000,327555.9772822933
730000,730197.1925148027
550000,540355.3105835444
350000,283668.2271372847
340000,334191.9239506111
760000,822122.409096734
2450000,2452658.7526230067
720000,702529.1402315948
335000,355506.677201443
880000,860178.4036831796
720000,703097.7771224672
455000,483989.9279844277
490000,473171.71211440745
530000,561165.7407318889
460000,399173.49077799334
650000,681860.6554410792
2500000,2613779.4089471325
770000,955506.8294757499
420000,567555.2462751
730000,771567.4232003078
430000,457787.53287184914
785000,795723.6623015602
6250000,5761731.964678593
1200000,1139081.7266358708
1350000,1433627.1538143817
1320000,1314084.9723225941
650000,577526.2378551161
295000,322024.9011925077
380000,403976.2050819942
350000,328587.003291746
380000,303803.1179796669
900000,1027863.4464068343
3350000,2495910.3460301696
1100000,1242790.5167408532
1350000,1560706.700304411
5450000,5677897.769226773
675000,630351.4615562888
560000,526213.8649565851
3450000,2915951.407243997
725000,731910.6588432131
530000,535768.168234978
2180000,2111983.7715019807
580000,511497.42530045833
900000,895459.0705754564
1050000,829655.5556721498
1200000,1107113.7931216825
2000000,2004882.8679438576
1050000,1034706.497949688
425000,453065.47066561505
5400000,5593597.585850201
1200000,1073334.4479458977
3570000,3283516.412194306
3900000,7523470.398263191
700000,692245.9794262005
750000,801280.692130768
460000,450636.6917567226
750000,750379.1689009431
240000,238024.1820803442
850000,813839.9293327703
850000,903616.5817178207
1000000,1085692.3094854273
2600000,2707927.4562121728
500000,681382.3371484297
860000,927632.739828781
1150000,1247849.611662892
985000,1066296.028325222
1000000,924406.8903959394
4500000,4209159.8788501965
1550000,1381896.645055138
1240000,1051976.555718528
3200000,3140056.930527969
590000,567409.1276429902
460000,570370.0215237961
1075000,886496.4663348177
650000,489808.4222936769
1295000,1203715.9319828865
1050000,959835.4813671747
520000,507842.66599426273
1000550,1543796.6282215456
760000,804034.4912047265
680000,787097.1803323411
1850000,1850390.683819305
6500000,6523711.47477619
530000,520546.3964844463
590000,550505.7401833589
3600000,2879202.548374746
2330000,2180077.870191813
1490000,1511155.6848419502
1310000,1337981.5583391103
1235000,1264289.5739746839
1270000,1266783.121280377
600000,713255.3004014982
2475000,2241807.037998955
1950000,1978410.5155972564
2040000,1967559.55999649
1010000,1473684.0583843417
1950000,2185760.118902897
3750000,3844759.931029486
5400000,4207136.410408074
360000,304898.79683889536
2850000,3246582.2805199204
2385000,2310294.6389043154
8500000,6346460.493092963
310000,277854.72490889044
5200000,5431209.979137072
2410000,2212718.1291120118
1120000,1271148.638089538
9700000,9015064.952380883
2000000,1996147.9058663906
2450000,2258281.625537996
750000,676285.1594631488
650000,586514.0746419939
1400000,1504348.6058076378
490000,471189.7380408551
600000,535666.2060137183
780000,900505.6218354568
3850000,4106704.7057143436
2600000,3258658.8014193154
2455000,2184966.382360219
1200000,1299021.6111551274
7500000,6282723.890126254
3300000,3155216.241334844
3100000,3338775.8257603203
6600000,7411112.320917532
2000000,1987155.1801938503
5850000,5915855.237178961
2300000,1950689.001683376
270000,261349.9230477422
1850000,1892013.3672821117
900000,926490.9192770957
6000000,5852338.431116541
1680000,1587184.769252851
265000,262632.74893509306
1200000,1873853.9858014314
7650000,7222405.444308983
1500000,1870363.254814889
550000,491943.2644019692
1850000,1976257.8147371819
945000,1050885.2291203295
3100000,3078593.161043915
2400000,2142047.250183722
850000,820116.425464477
4100000,4376653.271510421
1445000,1472022.8084428776
675000,684708.6609412351
1110000,1060400.7275797306
1850000,1959385.4527098841
1530000,1385627.7405708695
1850000,1851621.6591913933
860000,774662.9942413005
1830000,1610963.096198612
485000,547009.2964097094
3800000,3475239.540348308
910000,877849.5617075663
998000,1052849.988543675
1880000,2576852.9253569096
960000,828963.6579248266
1550000,1498727.5845114738
880000,921069.0871809524
1200000,1255459.467038565
1120000,1117865.5420641573
320000,315432.16321079776
600000,594036.3389931773
1240000,1109046.5448751056
5250000,5375688.214679466
1100000,1018294.4417215368
530000,570108.3081627351
500000,506099.9487399445
400000,422459.11523485766
885000,849001.5589336931
435000,374453.7323598813
710000,797111.1570805369
850000,827324.2653978961
1580000,1781238.1170007533
3700000,3000993.3224394484
480000,554383.0874503586
585000,522816.08395873685
160000,157366.9701274563
700000,664499.9694102101
250000,299463.90623081045
385000,312459.1453048971
820000,744787.2188519922
540000,537568.9928694308
735000,764447.2808380736
1050000,993784.2512110645
430000,415546.404089983
3390000,3412604.5383359496
320000,233937.85340416591
695000,662282.7125114228
550000,614487.2425395664
245000,237192.0974831053
530000,464645.43358844286
290000,296103.6978666258
475000,602046.4293623819
660000,715010.6114175583
2125000,2251841.606051842
580000,620946.7499469033
1355000,1427725.8235784185
2640000,2712361.4311400573
770000,718856.8250796263
905000,846727.688779162
480000,434154.58780081355
680000,739090.4044004908
850000,885503.2091757903
530000,545259.6813931626
2200000,2003604.4926230796
855000,845512.7852971065
800000,646632.6564943976
1550000,1568526.0061100293
2450000,2547836.449597368
1100000,1088220.5255453002
1100000,1087940.2371651917
600000,658221.0980551702
16500000,1486478.7274995218
710000,640771.1942532901
1550000,1361256.9161074918
1000000,1149667.2866176832
790000,658399.9501188073
880000,872341.4040060141
1500000,1316334.9734659665
1280000,1151232.185285829
1350000,1333155.9256722415
1350000,1589824.6082474277
675000,719846.0085546133
1450000,2323391.1033708123
2200000,1607968.3007353493
1600000,1429639.8631624484
700000,723502.3767267804
440000,386987.5029381906
900000,901393.2428940948
750000,749329.3948898419
2990000,3702795.6325323773
445000,358036.60553270916
695000,793875.5552899248
1250000,1159846.7895866262
250000,246149.14002690674
370000,372617.1927510439
1100000,1081201.2512012883
725000,723449.2322754634
280000,390427.055697584
325000,363694.07624849473
1790000,1793197.7171981083
650000,595776.7247018806
1000000,2006241.4152443695
1000000,678327.7224338128
800000,742244.5918859164
365000,308150.5821777521
4200000,4178433.9320183173
470000,466323.37348412815
1250000,1199791.7348208262
850000,846091.9432991707
600000,626396.3869294586
230000,238912.33097936856
9600000,5931641.875997412
2670000,2648148.7352943732
750000,688702.024913407
250000,240656.6909180881
420000,539772.6610947398
425000,454093.58740723104
770000,736127.4172095861
1100000,1054519.0760103315
700000,585142.081595109
1670000,1737399.8782719537
1175000,1232760.678950925
475000,352202.413012182
1560000,1568382.058197487
1125000,1208992.940341097
880000,770123.6251785584
840000,753807.526480852
890000,913109.0380402963
745000,737601.636416665
2590000,2454013.5348526267
890000,921567.306959398
1150000,917645.0232645363
1180000,514281.67337539536
630000,653249.672226915
1335000,1216313.52646738
790000,650449.8961078483
650000,682058.7890016213
760000,828003.3677486615
950000,784555.0126389022
10500000,7858690.807335039
720000,545432.3844803208
999000,1416797.479892572
450000,354094.22626151907
55000,69738.14251640852
700000,732872.481640704
1065000,1068477.7458930525
1210000,1170450.9704558086
435000,472483.80947917653
3400000,3452203.404036817
390000,405816.12138246844
600000,598362.4451030649
800000,804547.9285581992
3050000,3633648.412860003
1375000,1140770.3088483948
290000,276106.02261100203
1700000,1654863.6040351326
3850000,3748813.48689978
2270000,2224652.5917026815
1975000,1990458.250987849
2230000,2326537.32163581
2250000,2151350.1187810595
1590000,1431537.1952780355
665000,669947.686326206
6650000,6541179.993556709
8500000,5408713.738288233
775000,782271.69444201
1410000,1379285.4638458358
800000,867738.9225592546
640000,618847.2238032272
1600000,1684099.3005658828
1750000,1774317.42420142
1640000,1687902.6097969385
450000,457994.57756816124
280000,265729.50015048654
500000,363822.0932752328
540000,644558.5769448649
500000,487199.54993369046
800000,873628.1891098313
620000,609535.2894009217
500000,452298.0414942688
290000,295456.94748451916
490000,569443.7338007762
980000,974546.4768865298
450000,597618.2077601828
310000,281327.2696692305
570000,628722.2786376388
520000,625139.5152565037
730000,705504.8764429383
2030000,1925727.0792824912
675000,637809.7565892609
18800000,14337494.441816086
950000,882539.3877112184
2440000,2205243.7269458077
620000,631880.3655260167
570000,553223.9882304571
400000,368670.0436686307
1250000,1092069.79670803
480000,490084.74840337876
550000,456983.0830228771
1640000,1817177.2479621402
630000,557943.9730747695
725000,694660.3907370584
659999,766875.8892298023
690000,674954.0993488224
260000,293149.47283612186
570000,614216.8846752449
305000,286328.3668208345
540000,563395.8512114665
680000,632907.1504909862
650000,663499.6638304202
1450000,1518279.280717643
2500000,2590639.942965609
270000,2691999.9195675557
1150000,1126814.6316972978
550000,439577.58711458935
1760000,1562065.4328129988
850000,682292.3928505374
1200000,1169719.0511477047
1900000,1970793.8768127542
380000,438017.32160850504
1175000,771544.6514629979
3200000,2187456.6375906584
850000,862978.3368334398
1050000,1131520.2068696527
700000,719438.9946177993
370000,511763.83823627664
420000,332822.7766214229
850000,971061.3745443744
320000,268135.9516661621
1125000,1036853.3257750808
1315000,1238792.7625216832
5250000,5352196.827975625
4750000,4216085.691044813
2120000,2322067.2859309115
8250000,8907354.854587026
3650000,2981335.9848279133
2250000,2202486.4100307133
560000,590074.292434378
535000,506449.27142950305
1230000,1374015.771940443
650000,589012.4256058979
1140000,1120418.9972387967
1710000,1691659.381342953
6850000,6642443.198307295
2825000,3339194.476840842
1230000,1132838.418109582
395000,413494.2565004606
450000,405585.45078376075
755000,845078.7663889973
7800000,8736814.915364983
730000,677445.1386251276
1050000,1033330.2467195297
6750000,6735662.085199544
860000,895773.2919776218
985000,858988.0930706555
4280000,4281270.013567626
6350000,6621141.041696621
850000,788335.894425118
590000,595047.3650088434
6100000,5852338.431116541
4150000,5625846.807855707
10900000,7091362.682790413
2350000,2705258.8179825973
7400000,6556514.087954808
5350000,6234599.219930459
12500000,13485936.544661146
3800000,3755318.314235167
1490000,1441876.9336470484
670000,673471.6011936066
500000,559441.972979238
6400000,6808390.842871192
960000,1230982.4601764628
750000,751782.2816348355
865000,963573.4367486478
5250000,4435266.881805102
930000,1031485.5131010413
1350000,1302854.3358292396
2100000,160234.2500535832
2180000,2202486.4100307133
1295000,1173122.4607680785
5000000,5330083.604537425
670000,707578.6774043479
360000,358937.9285904546
1200000,1721482.5690284416
360000,379898.17162688833
620000,586055.037568066
650000,646135.7679340052
880000,887889.5038611552
1095000,1236619.5239694465
600000,462390.983062102
1245000,1147332.191419761
1400000,1476166.1205362442
2340000,2261901.881109888
2240000,2275797.600182994
2225000,2202486.4100307133
2250000,2079535.199581325
940000,958764.9083528195
1420000,1209422.206052011
6450000,6621141.041696621
2400000,2295591.292478535
1200000,901490.4437386583
1250000,1161822.8267585773
530000,594514.385406176
850000,835897.3330223539
1700000,1691274.3534500122
3850000,3887053.4202830493
610000,647829.4157074621
630000,574825.9834685987
825000,805140.0306890837
475000,402299.868328574
580000,536217.7759130064
1350000,1341519.666955479
400000,408038.1594935095
1000000,309973.3931665418
1200000,1107301.0916783237
880000,901307.2124685319
720000,696342.4854769127
900000,920232.2368194453
500000,478519.15797328355
700000,666503.1829301683
1080000,805071.4192682419
1300000,1520218.5977138272
830000,767589.3684222026
350000,335102.44610082754
2599000,2611178.184992537
1890000,1959558.5089665179
6200000,7069153.539728657
7900000,7094603.165773079
2375000,2230850.91082254
495000,504142.1742090146
880000,935494.8002899104
3000000,2819092.8258931125
700000,588746.0446726043
320000,297533.6684531079
990000,1096649.361819436
550000,569903.2306197415
920000,1027421.2756076478
890000,981040.6796911883
1300000,1372909.9524008308
580000,567719.3935389079
320000,304418.6901635238
550000,518242.5223415846
400000,467850.3120617352
1150000,1264026.5033084073
410000,388237.66486262507
640000,696682.7412689243
580000,575191.705734178
760000,725436.9162681473
1500000,1195399.1497559634
350000,432049.5816837386
1900000,2149946.000950232
330000,315979.8540951809
790000,655093.3241402796
1200000,1016648.7474297887
500000,432626.4486311678
500000,488952.9838852272
1350000,1815114.727194443
650000,563050.6137492615
250000,232382.87432095752
1300000,1074679.5828263143
850000,985749.4608714909
3400000,3466605.120905347
940000,854560.3602505807
4100000,4095571.4432683275
1200000,1070664.4189047038
2100000,1855331.7928980286
1750000,1599007.5185110117
2850000,2443766.6601500562
330000,331252.4552256014
850000,946673.0243218159
385000,384522.55953434116
65000,48823.05303876644
1950000,2088379.4764414157
800000,1001658.6446322198
740000,798991.0284307925
600000,644269.8811508104
9000000,6193587.720777879
770000,842814.9555279169
475000,545580.0964992772
975000,1145358.6729297673
700000,637173.7437218186
275000,243288.77704414845
5150000,5372721.789087305
900000,838374.9090355183
2895000,2574025.087714025
7650000,9227269.63371439
1100000,1196011.7207560493
1225000,1374015.771940443
15500000,13405303.122028051
710000,736614.5266637667
1800000,1950689.001683376
5750000,5815632.283358178
1520000,998438.6097148344
600000,581136.7849043133
1950000,2744136.027127443
5850000,5434206.433094415
670000,646823.2606169033
5200000,4700941.457893239
3750000,2946676.7240820928
850000,893069.9978232037
770000,783437.3287625165
2300000,2260506.774467224
1765000,1672767.7298104707
2000000,2240896.4498414607
1650000,1247398.1689498322
1260000,1384890.090758849
1600000,1605691.121452113
850000,761301.7803406438
4375000,4173592.8346491093
2600000,2532823.6670254264
4350000,5074019.40727088
2200000,2209281.8262487603
4900000,5471452.33138471
1070000,1101284.2296059006
630000,680354.198506583
160000,153905.4716456334
610000,624571.6349448959
980000,1010369.7239790522
470000,525052.6416125266
650000,870341.8977239449
3750000,3593128.0550763607
1075000,1038552.5100187587
1590000,1643071.7930279057
900000,826292.4677057583
1070000,1029991.2592131108
800000,783826.7381569286
685000,564881.1887864994
1050000,909192.1024830007
839000,876958.5337651324
10000000,13747632.755419282
16000000,12279828.813713167
5750000,5867503.175032513
12000000,8122772.413547757
1000000,886790.1852592952
385000,400992.65545970097
5400000,2990325.370344041
2275000,2517407.767502618
2060000,2223649.3744264077
1750000,1559578.841868216
1080000,1007955.6777622047
320000,373040.79613325937
600000,586231.605967326
740000,717508.231744235
510000,520536.3857274494
390000,479365.29111179727
940000,950811.2504841886
900000,1331276.7510960249
900000,714064.2111256152
1600000,1805425.9525321487
1300000,956144.9997321924
450000,448017.4235988969
380000,405735.08635233657
550000,504715.05394994176
1190000,1240496.6019286774
250000,270669.57710496173
955000,982718.112868306
520000,517519.5422673971
650000,597580.2523501053
735000,597384.4441161662
900000,846292.7860212149
690000,686891.9308496882
650000,691603.7134812799
1000000,904765.6891809553
400000,354968.6291971522
2750000,3149077.075326997
790000,824716.4719975371
550000,609292.2810619655
440000,446367.2656950971
950000,1143681.6869433858
970000,1007120.423569499
1760000,1823776.1853097496
1480000,1542574.6108927054
1750000,1855685.7718076853
960000,1058620.040335513
1740000,1778460.235946648
800000,805146.136541396
820000,839061.7716358721
620000,566508.2115053214
350000,324025.0506103716
700000,712111.3741744627
2400000,2196425.8326833984
625000,405704.9628720702
625000,684661.3687998644
450000,448516.3613716915
700000,662067.0831684379
5950000,5967911.546639694
630000,682640.1603076933
1900000,1653947.7791714766
450000,393470.7288668257
9750000,8428481.97335888
12500000,13991394.175250411
2950000,3702795.6325323773
2100000,2083316.4242595753
600000,583041.5828836289
970000,804107.9183703472
1205000,1353414.3459637242
1550000,1403788.6885631578
5800000,9447202.505759144
1900000,1646350.164047047
330000,291846.36588176846
2100000,2085600.6362566391
460000,326852.8666848218
570000,376989.37910296355
510000,424480.9730724131
200000,213651.54331820598
690000,613807.2731133953
325000,410025.1877125054
750000,798403.7763339574
1360000,1180328.2080973517
1600000,1473444.6860194763
470000,469838.20537223335
955000,1050885.2291203295
1050000,1172472.4281718424
1030000,1072564.9523570791
5700000,9191032.940770626
1210000,1374760.7963058297
805000,789394.7608188263
870000,908969.644376627
535000,591852.6397677449
7000000,14337494.441816086
920000,876541.3707848153
1200000,993880.0998027013
570000,579256.2883693597
200000,244855.00755064483
850000,546934.4349269057
5450000,5515886.488799763
650000,606923.7203954516
2350000,2163139.688025514
650000,672471.1808776336
1000000,967162.362776645
805000,783583.670557524
1100000,1223479.7165431045
2200000,2375057.839785982
1250000,1283957.5623463718
510000,523422.8214125227
1560000,1561199.3117535382
490000,428141.65599707916
2070000,2009216.8868508139
1660000,1519323.4262458864
11000000,14515425.842231842
5450000,5761731.964678593
5450000,5945667.310234958
3250000,3411998.250466533
650000,680228.9805363315
580000,591772.6007700149
700000,702242.4904970241
925000,899796.658600557
380000,411688.8462746884
1550000,1564520.3979333602
880000,799795.4490203845
700000,748967.7650089923
470000,508698.23873788357
440000,422942.7434909373
750000,679170.2334629045
250000,387920.82863206835
475000,489906.6456421462
880000,872428.5841178199
14700000,13328360.43181222
1250000,1055313.2467703524
185000,212475.74493870974
610000,637424.0917289825
17700000,13728206.422234777
430000,537237.9107388427
800000,781824.1078512352
450000,570391.0120580565
350000,347599.97625834827
875000,880272.4567067039
1250000,1160643.638044456
1100000,1220955.7562896071
2050000,1835465.631858946
1350000,1437213.1702923286
180000,194708.33912796908
1050000,1089689.8819248753
1500000,1452758.9216611935
430000,361279.20542624616
3650000,3492609.2753520138
5950000,5312815.083656563
920000,939173.0183630586
1225000,1004019.6686340111
845000,970724.3997773023
900000,835665.9527486629
1300000,1528773.3063921968
320000,262100.80493852726
450000,414353.2055554681
370000,396234.76903260534
88888,765237.4656380016
3200000,3389903.547651491
750000,667142.2341452304
2230000,2250866.9442188735
1400000,1198842.3285877362
1380000,1298020.7079690013
1850000,1617810.5567670476
850000,853489.8507541484
1050000,864001.8895631245
2100000,1826013.1875178101
1060000,975672.7910172214
3350000,3467265.3945997567
350000,300239.09828110115
570000,523296.67549843446
5850000,5761731.964678593
420000,436322.9231628207
720000,670343.8287662816
640000,594943.1774223751
480000,371750.46049513225
850000,760785.3825056835
975000,997543.7664994249
385000,434624.1579935365
5875000,5939278.0343570085
875000,906924.5983728733
650000,692013.718959232
730000,717289.840111577
700000,696217.1667586967
790000,770723.0658147426
880000,844304.0479789431
490000,467632.57997485186
1750000,1835300.326689963
1280000,1307414.518252085
2300000,2671532.7128700656
4350000,4178433.9320183173
1550000,1599381.969409758
690000,687156.6217164136
1150000,1058420.5847608037
3180000,2645087.6586289005
6400000,6735662.085199544
800000,842764.7564435166
305000,290268.77743277303
1570000,1556114.0414190204
1240000,1216790.7515573963
2250000,2227712.161091748
19500000,13721219.742348818
970000,982591.7804862708
480000,456440.03854041646
700000,658173.9352039627
2210000,2266662.512741235
700000,631453.1812284022
620000,581149.0081426294
325000,298538.5278906842
3850000,4108298.4727338045
985000,1029509.7543007887
495000,477645.58267341735
1070000,1061993.3896068044
685000,667364.0080876608
675000,745996.2224658754
540000,539323.3456325799
1385000,1421305.8099495445
970000,1087754.526205493
1950000,2100262.9407181744
500000,493061.6821037307
570000,649878.0115007492
280000,353070.86491508776
2560000,2578508.8870734903
1415000,1374183.3589776854
2350000,2258912.4218510822
4300000,4240671.309605282
680000,601725.6623152035
460000,589463.1947353479
1650000,1817177.2479621402
650000,637605.5149315549
315000,297533.6684531079
3350000,3663678.9539694246
900000,994969.783024992
1450000,1423604.472609034
320000,303189.96243778133
245000,273349.95151634363
720000,759405.7533114296
1030000,997081.975938085
720000,709832.3878330097
370000,400505.67652300553
495000,519871.3860242067
270000,305202.3596831827
400000,312723.56357707566
600000,584857.7487815216
650000,720448.9186485719
780000,840905.7054007858
670000,632389.1760949905
700000,673731.204917938
730000,730073.9031756178
575000,590158.5486343543
310000,337306.9942249828
1000000,939044.2605314917
1200000,1161536.7586976828
620000,786717.5578637786
1730000,1944488.6327626503
950000,1096806.9099008858
750000,843668.0768254685
1270000,1232676.0767201718
350000,299569.3716339924
400000,392737.3252660156
3200000,3456991.921864047
4400000,4376653.271510421
578000,603483.10009178
730000,784449.9958469543
580000,591689.6936015241
370000,405056.56036177947
455000,419606.73558164807
3399998,3528583.701863075
600000,553697.2923849726
850000,737333.8586511889
450000,463765.01696608914
1025000,1253799.3196757454
1330000,1341482.6865227767
1100000,1244807.2957420414
390000,457471.06172025553
350000,323713.12408610544
1100000,1306834.4844633655
1050000,1239351.3330834948
490000,414372.5745811782
3550000,2613457.188161717
560000,485000.3353888199
1880000,1594022.0493780873
1650000,1817521.143629751
5300000,5283831.274198523
1600000,1538312.7705651235
450000,401570.17397206696
450000,576167.4300748376
550000,655609.8790301464
480000,486222.6930315205
775000,830756.2981484712
850000,854927.966449431
730000,665847.0178513295
1300000,1370417.932128272
380000,394590.43231137237
3050000,3287177.1616908605
2274990,2419385.012837812
1155000,1319571.496538073
1110000,1216289.248730243
1000000,1075947.8282840669
999000,1220646.8384800754
1365000,1228078.74680264
455000,466641.95215063
790000,880167.5399354139
2399990,2312640.9387965263
1150000,1240572.5357589049
1925000,1843333.324654307
1499990,1642652.6702439073
2200000,2184800.7591607175
940000,1032744.8751320788
1039000,1275624.5998482022
2550000,2627350.744783179
760000,1067697.0832325518
1800000,2002621.8722317677
849900,915323.5953115514
1674900,1733097.1342695064
930000,975024.4776790312
870000,877849.5617075663
1550000,1712808.0612389774
333333,257354.55450035396
450000,353118.9095198593
1195000,1243216.0309612127
1119000,1369677.1075250243
1025000,1031485.5131010413
250000,255784.61319054177
1900000,2719161.7940257555
820000,779557.635280062
1300000,1172013.8061740526
620000,602157.0734654568
5650000,5177829.221043266
1450000,1214667.4818929937
620000,678274.2729217779
640000,553022.3913252334
210000,209352.51034493468
535000,467083.86092087266
580000,521829.4999984759
1475000,1385214.837406667
520000,564503.18210768
590000,661309.6088108838
6500000,5434435.06143206
5100000,4553343.164350342
19500000,15815388.315045988
950000,741365.3094391332
2700000,2930889.1691564866
575000,597995.8827075807
570000,602872.793265543
1260000,1264289.5739746839
295000,393305.11862043064
730000,760556.2184367985
2150000,1860027.8896976737
560000,609332.2433215815
1050000,1070147.5796673335
825000,711429.4273867288
2200000,2327910.85911271
795000,687448.3630250972
2150000,2361105.222677833
2550000,2699173.772334801
15700000,6630986.580570498
1380000,1299729.9232683484
790000,750466.0958752473
4850000,4950218.273952956
750000,743394.0928410188
1605000,1665908.242749825
2240000,2235408.3805011706
450000,512373.6697313264
370000,488187.09034135693
540000,598152.1496649423
395000,542817.3776706683
500000,530518.5930226585
320000,293665.88988539204
2850000,3398393.0993305016
1200000,1601515.298551734
1900000,1575505.7268600876
480000,503996.1510700857
560000,571164.1937709239
300000,298878.34775470675
1300000,1331941.1101067523
320000,339935.4652450669
1150000,1032426.0438756928
600000,563693.8489622095
380000,328198.714246511
175000,239896.35577950173
725000,734173.2435675609
450000,479583.04310445883
2000000,1920489.6335104008
1000000,999888.7910570701
2400000,2109935.896321514
1100000,907939.4687328123
1550000,1344674.5399357425
730000,745022.0878502175
1500050,1458400.0730166112
550000,554427.4180308364
750000,843461.4330062239
1100000,1105722.361413826
1002000,1188866.7996695011
2900000,2698065.552337991
300000,300191.28635453846
820000,889156.7231299715
1650000,1071083.2539603757
4750000,4553458.741136228
2800000,2826130.7749882755
1790000,2052190.1500830066
385000,362113.23847015825
330000,354442.1174179166
2900000,2675687.1801006813
400000,455739.5563475135
1065000,998010.9773509109
960000,1040709.8118416183
500000,526258.4027149457
1410000,1375129.2816868725
930000,897599.3824873542
1340000,1310306.0111392897
940000,929206.4654034532
540000,523407.52417051897
1495000,1597697.2371760048
2550000,2947376.55085923
2599000,2525704.318866618
1115000,1267291.1205352761
5800000,5896261.3423816655
6900000,6668958.539564825
660000,597960.9267298456
2920000,2464575.4858497735
1040000,1136519.7788270714
1355000,1323333.1869208224
775000,716961.2433395875
1465000,1232332.2648585304
450000,482712.07759422885
14750000,14293582.86302818
1000000,973738.2475489691
1255000,1179604.9800873308
590000,528761.2737508013
5950000,5825658.971850156
4100000,3795540.7301274585
650000,732633.723174719
3100000,2814365.0423477585
3600000,3549848.9318851423
2750000,3273732.2149500204
5250000,4699958.882655874
560000,567979.095568991
1400000,1364716.6498420304
965000,1072929.23033115
835000,792029.7438624386
460000,483179.8928710184
3825000,3412177.762617299
1550000,1552185.4240487095
840000,797498.5316004443
4600000,3999773.3465512153
1040000,1025483.1743986832
1230000,1189235.892672531
1430000,1395762.1205544735
1010000,1024326.0515689707
1420000,1226583.2340527417
600000,616337.34472233
870000,858694.4801343416
4000000,3869191.949720465
2730000,2609452.033320424
2700000,2712361.4311400573
750000,683734.5503960056
550000,564030.8056485982
860000,855433.3768618153
930000,1018447.8486853811
1400000,1240161.4858568546
900000,839967.9179892277
850000,767793.0366212756
720000,684752.7164793398
800000,703125.7454342116
700000,774093.3339074361
700000,724733.1228804137
2030000,1998805.3890059786
495000,658984.5255120266
1450000,1368143.8116864625
600000,524324.1015857747
815000,811852.9164756106
620000,587744.7908690769
4850000,5001293.934051332
470000,472322.9836950326
1670000,1567461.5192293264
600000,661176.4252454482
879000,988466.9980867326
700000,685774.2857731965
760000,734390.4060857102
575000,543529.4538335813
3150000,3052878.3131274777
10750000,8173756.554092986
520000,544822.2176751368
600000,575158.9978263105
7800000,6556514.087954808
1240000,1125166.4620176167
520000,518258.9018094485
760000,746311.4630526335
2350000,2172227.98079095
190000,196267.78707889206
370000,418675.4789591116
515000,530218.4715614408
410000,405018.74497264926
450000,446196.79593950516
790000,825657.2353461953
330000,286636.20353685564
1100000,1170367.4839375596
820000,845296.1918721121
1500000,1560929.6268547848
1470000,1454522.9875840738
1550000,1694292.1711324155
795000,703612.5641296585
310000,352996.41247749206
1680000,1527753.428086264
480000,561528.7589874687
1300000,1272274.6137850701
500000,464745.96295502083
2200000,2236270.5465846993
1400000,1280239.6719046747
265000,314802.1182371992
10450000,6501136.713831962
1475000,1418964.5131415003
2800000,2789957.008119348
720000,666480.4727083353
3900000,3914754.402318183
6750000,5581482.2160465
2535000,2486040.285831189
430000,573458.8901299426
120000,150949.26754664755
775000,776562.38682982
1375000,1477645.5727427735
550000,500581.7041839812
3075000,3193302.3647517804
2575000,2626515.449859557
3990000,3325234.463573857
720000,639224.006102669
1270000,1239544.616947855
1600000,1756143.755302039
530000,488536.22578565695
1250000,1111181.5494018493
595000,675439.9523893589
980000,1176447.0401605025
525000,500843.27805595275
675000,741197.807167066
360000,354164.05761003256
750000,750186.0596046778
5400000,5578178.2144999
225000,228708.9446852667
2280000,2238204.2479742896
3950000,3845877.930400862
1270000,1206716.5173034347
780000,761301.7803406438
16000000,15114576.231092343
3150000,2654466.5267810295
2250000,2009830.3356913317
1080000,1012479.6798441077
20000000,14515425.842231842
3100000,3509439.6904857885
480000,451823.2101009713
4100000,3850972.8203456844
730000,707124.4121619439
740000,792029.7438624386
1330000,1232368.9883502864
5825000,5766918.3775690785
1280000,1572655.8225765373
4750000,4506461.25280324
630000,696630.9479741693
2050000,1990063.3395137123
1150000,1197028.7097938713
5350000,5274412.886359427
1020000,1001526.5201502638
810000,1067858.9172175042
1130000,1267291.1205352761
745000,766291.5453922797
1240000,1214309.4147777641
965000,987244.7676562278
550000,524342.4831869444
2575000,2459271.580563299
1265000,1268838.8828767862
6150000,5852338.431116541
610000,617209.9896225123
520000,551618.0556248674
340000,348367.5702723928
6300000,5773654.617602352
2020000,2200018.4575456637
1250000,1293952.3119305696
1100000,1084743.5826330849
5800000,5873526.268957962
985000,1016409.8489504849
3350000,2981171.418443589
2200000,2150704.236727733
2150000,1835892.9049207983
5600000,5674966.572554085
1360000,1369814.6889846327
650000,664503.8309071431
730000,796036.6885926031
1600000,1633216.6134158636
15900000,4423347.460973674
480000,430727.6520076148
710000,722623.1305588915
570000,659452.5109989269
2200000,2250866.9442188735
1630000,1820423.6264894234
5800000,5939278.0343570085
1400000,1336302.2217807001
375000,501766.6223075032
750000,826318.7586041224
2999999,2797571.4943157975
950000,904459.7463985787
450000,548708.3203952765
700000,653520.9007402273
690000,726164.2982825623
850000,951765.4548747197
1610000,1622824.6647566746
1960000,1974604.8137296522
1300000,1143892.842520042
1415000,1376971.3114923842
475000,475484.58725979755
530000,563998.1374865206
365000,308512.6160456717
660000,688283.7395356798
820000,876517.2936251927
410000,358361.8757658875
3775000,3467228.8294932772
750000,750838.7084191946
630000,629183.7230591456
480000,523339.2614275513
2850000,2645087.6586289005
1490000,1490347.0261707755
960000,941516.5770566989
695000,703239.698737362
360000,370670.60340948205
820000,833253.832349408
1200000,1147069.1583508814
560000,554704.8169585168
740000,752851.8461113917
1975000,1866868.4870867678
1055000,1030892.9748246121
2200000,2180487.9087664564
1805000,1828153.284435162
400000,313994.4124870948
820000,832238.2424386156
330000,320941.2750910668
765000,769141.7972997208
3950000,3647582.592836391
3250000,2897651.3540343833
900000,968355.9418249605
2400000,2403663.691260545
2600000,2821924.652586016
1120000,984816.3696369433
1450000,1274748.810965911
620000,549701.6259170948
1600000,1432898.3349166668
1700000,1730540.098275251
1800000,1754343.718437851
950000,886658.8849001784
650000,586020.2398672914
780000,778260.3790754522
450000,448917.2804107536
600000,616080.2510725891
980000,1133337.2919008345
1020000,1118188.2569850169
2975000,3325234.463573857
1260000,1214309.4147777641
400000,439760.69139926095
2165000,2220654.843417812
3900000,2568991.50197639
775000,800465.9415258331
775000,863746.1746554922
895000,993530.2881430925
3650000,3746006.186777218
500000,491905.3271374092
1000000,946736.1661358112
1850000,2085600.6362566391
1380000,1439318.6587275495
1840000,1730395.4255092982
775000,703259.3993904337
975000,964757.0249564258
660000,693703.3259302992
3800000,3908269.9458224624
850000,908229.4051440114
1950000,1719449.5480064587
1760000,1830550.2428546243
1900000,1995768.194246175
950000,1061420.1264933064
600000,585349.9966723347
3000000,2779903.6572037386
610000,560430.5409797915
775000,834132.8426900322
2999000,2793360.6256225063
510000,500191.72827022336
2950000,2574025.087714025
1760000,1887758.9538811455
965000,1005486.2952745995
570000,504050.72599180875
1400000,1353414.3459637242
6900000,7696023.588452767
330000,323265.51380107546
435000,419718.0796061571
2200000,2326347.774261805
829000,891749.6095658347
1000000,944347.9036470825
1280000,1147346.743267103
2850000,2834657.16189179
1500000,1337865.0122856945
1375000,1338212.8171438554
1800000,1837267.1121618727
1990000,1990063.3395137123
3550000,3909653.582984106
470000,448921.17650060594
360000,294959.41550703987
1420000,1545593.2576900444
3900000,3793602.372183505
850000,948272.8102932572
950000,927579.175514233
800000,801128.1438732222
3250000,3583684.8952515377
815000,805214.5422830662
350000,301088.13448232313
1430000,1580949.2132265053
855000,863746.1746554922
2585000,2626515.449859557
580000,668855.3458014252
1870000,1975066.0128266276
2000000,2005840.2174066317
750000,685124.9179271153
1500000,1472022.8084428776
2850000,2571176.9529748866
2180000,2352936.9623207846
480000,337421.74789345014
630000,563150.343693879
1350000,1296365.0990992747
1400000,1467919.5286203793
520000,670777.2163320212
5100000,6082684.661605798
370000,335971.8599308494
490000,521097.2903622344
450000,482056.43488505273
1150000,1169068.4827705012
450000,444993.1113257396
950000,995190.4116007414
350000,337725.3547473331
875000,778532.6767920932
320000,328543.88965476665
420000,402885.24148685305
3600000,3348135.0935931145
3400000,3430477.1750143766
890000,1055347.7221074614
370000,424548.9057977378
780000,769427.8637926568
595000,550005.0175532422
729000,723073.4618783965
215000,238366.11982453143
965000,930628.88592623
470000,510757.4035214853
740000,684389.3545608757
985000,1012649.0850490385
1380000,1296554.3282973678
1995000,1994137.2995947818
880000,936642.9937559935
315000,338455.2804887027
375000,346772.43565781205
630000,524314.9902270837
3800000,3818735.84844411
350000,330749.6612459531
2100000,2555421.5692282934
2000000,1809872.2589405712
600000,552629.9467853974
385000,392086.23675787007
3800000,5199845.260620104
1130000,1274947.4261872675
3994000,2917960.9779212526
875000,846400.0870496896
385000,316258.3328771021
1000000,1068631.1112365713
2800000,2863755.914280428
1800000,1764122.737505642
280000,278464.35364639567
1810000,1850279.9824164757
2100000,2013289.4478974612
520000,647867.6084960003
7200000,6621141.041696621
1325000,1562287.0239444685
1570000,1555744.295031673
250000,253884.18275064518
695000,673609.4121274033
700000,745822.2938821432
1125000,1091060.8050972288
425000,350607.2469383009
1790000,1569279.8917397752
1125000,1202613.3630143062
1470000,1429207.7959692508
1450000,1341613.9786555928
780000,592568.2902509987
1450000,1562020.6425971794
725000,729501.1594234278
2130000,2014088.9294590359
1590000,1565582.3233076488
2950000,2996149.876799144
930000,845487.3456644889
360000,371192.8686841854
1430000,1368829.9365848317
3950000,3475239.540348308
2675000,2663281.633178237
6300000,5776293.17740268
195000,222364.1131203518
570000,563623.5937281586
580000,606584.9868923589
1950000,1820845.1105852383
1750000,1765779.1489551752
690000,701963.7928763973
1150000,1283922.695520676
320000,406537.9836560649
2875000,2574025.087714025
2665000,2671770.8918664907
1955000,1967559.55999649
8100000,8244427.263300853
1100000,899501.0000786615
1445000,1390270.2965821503
2120000,2022592.417541708
2100000,1990063.3395137123
1970000,1986009.24576394
1100000,1148053.248518282
870000,911672.2528486565
765000,693412.0671388643
1550000,1279793.3905290556
750000,800228.556000742
250000,250974.21113587168
3780000,3686433.25496096
800000,843671.4942757069
375000,344803.1234486169
260000,259216.95479582233
320000,295273.1857444912
315000,391342.3290087854
700000,673714.1567639442
785000,856322.3247790822
3550000,3429580.7645017873
690000,688534.7082043554
740000,693541.2484259863
2080000,1797794.860851888
630000,792085.1213063233
1130000,1108259.2839656218
1200000,1203776.612851572
3450000,3417523.5550429816
930000,980934.597966135
710000,717315.4162440858
400000,383161.8634558621
8350000,7578329.585399088
6600000,6790095.325459228
7850000,755672.2312247251
1326875,1329361.3515334274
1595000,1518704.7386509557
2099000,2227350.442953253
320000,297654.82406414935
570000,573116.7571580544
550000,583881.5090968618
1606000,1669049.8680146467
3740000,3575528.194502196
680000,674420.0642508147
560000,580789.9993803223
1430000,1408655.3444958294
500000,523642.87633962085
380000,334005.3636275877
650000,807811.9174061188
2200000,1836498.9387463059
670000,723506.3288939005
450000,478813.26730729395
530000,528049.5545522108
415000,357727.05592246825
690000,609795.9757779053
640000,663530.5966106312
1650000,1529319.377361575
685000,707742.5290737947
450000,439345.2213421187
2470000,2748029.582409881
560000,776517.8738389881
870000,887583.9485120786
370000,334488.8825544222
625000,542844.7233756902
830000,963700.0253428003
350000,294210.1750864738
550000,423971.86897377763
600000,516247.5757585456
530000,569775.3781563938
680000,688002.4861029533
570000,533514.8708386802
550000,609609.8761519348
1980000,1986009.24576394
1000000,1007696.7131956198
630000,699818.5470425497
1700000,1583912.8125054874
1250000,1007845.2038944486
305000,278878.57779885904
900000,839936.9690437396
4000000,3549066.9662451344
1000000,1100292.2938447387
510000,376218.6473074707
2000000,1777195.7374797084
4000000,4874286.39437115
1100000,1255404.2697431743
2050000,1911921.6994710767
560000,583834.0524547567
1500000,949393.6905589979
415000,405383.0085892663
620000,528259.8339521334
410000,388111.38834647735
415000,427446.67342232406
1235000,1248006.4981142909
950000,937805.2871372899
365000,385447.83890935226
575000,537480.7937685311
675000,706761.0655047148
910000,969406.8495590843
520000,451236.62647750083
1120000,1179655.8603127168
1230000,1208992.940341097
1160000,1215167.2172343882
1500000,1427145.4340648944
1270000,1001715.6072071195
1390000,1477645.5727427735
3700000,3134820.52523311
515000,548401.5695182137
590000,503455.76424258255
385000,445590.88055084005
1520000,1439318.6587275495
320000,333870.8090770439
625000,600684.4707950107
720000,736177.529946109
1385000,1368831.4547571146
750000,725880.3433194745
2040000,1995768.194246175
8950000,8391437.305757694
420000,388053.8977049375
4000000,8642609.352971092
3500000,8120135.8524825135
380000,346245.16105311125
2290000,2310730.572230814
850000,824301.0577764264
1100000,969829.5825548584
1285000,1208992.940341097
650000,646163.2131765381
620000,664621.1095034581
2210000,2298908.1660962477
430000,444564.8709240282
625000,655847.9246364639
620000,671943.2306469048
1410000,1235280.3709488832
765000,800219.0846279707
580000,588070.4767947512
1070000,1182569.4094055726
1410000,1147822.9290429645
650000,608327.0843321553
2000000,1905140.581842775
400000,483438.62853246747
779000,759452.8523425786
800000,822914.1906516937
1725000,1617289.1121116562
2950000,3067342.056387299
780000,722098.4865739337
2590000,2964920.849600311
340000,365056.4532154415
1250000,1125377.7896590116
2260000,2212756.6816820786
1050000,890768.5692295082
550000,543206.8560582527
500000,547287.550659357
3750000,3527965.0073798536
2900000,3269014.3287202697
460000,422779.6792619549
1260000,1382809.739600976
490000,478578.25867416966
665000,688521.4317614225
1000000,986855.4589279182
760000,730147.4449342181
2430000,2350421.7298758626
1310000,1332825.6891379836
1850000,1651505.0541620143
320000,302595.2627020873
1320000,1284351.525478096
320000,339292.58237728645
1320000,1227101.1106152236
645000,653123.6892086101
950000,1056467.16998023
650000,589797.6828620649
650000,464340.33470756275
850000,787379.5506062265
1200000,1301578.1971293197
710000,713222.6340804949
500000,503393.87553775543
200000,201595.086200066
970000,991011.9913567883
450000,461950.79897360905
410000,510074.959269521
650000,671943.2306469048
3300000,2668897.1591019253
1250000,993421.0745301706
430000,424786.9312032193
480000,534700.4651601269
790000,748410.4019344097
615000,608395.7484331289
950000,947872.3810142723
720000,680562.8300075287
950000,957127.3845014484
1400000,1307830.7396235573
1850000,2009810.2427858764
1800000,2062460.969031837
2250000,2351969.4377193637
3300000,3237341.6993036033
380000,364372.57002477907
815000,805574.9792024789
2600000,2624464.2308697714
950000,878137.1337219974
1500000,1646541.2855114066
1370000,1406993.6223208806
910000,1011467.1846556913
650000,644944.4203465558
700000,651754.2800552453
2300000,2079489.8477436183
795000,821461.0178675823
490000,551669.6953742729
650000,725579.4679590624
3750000,4344015.550580371
900000,843067.5152554178
2000000,2209864.8589856564
650000,668053.7773956888
1255000,1242522.234867048
550000,502479.0162411653
2650000,3063095.7497703787
745000,694337.8140618462
3200000,2997766.1042735856
490000,500622.06552424084
3950000,3188102.2017466356
730000,775770.7640798145
3700000,3851462.5230791317
580000,605469.8149558698
425000,369852.5938286906
4725000,4665650.859309268
730000,757827.019797868
1290000,1428224.3358769568
650000,402010.6541382601
670000,649509.3061593204
680000,736766.3125838679
3300000,3653443.6801218833
675000,773447.8735835666
3050000,3215407.0892802905
500000,498980.6354770385
420000,337973.28743496694
460000,437390.56798655144
715000,629299.9728167828
455000,446911.1354208356
560000,598425.1671265723
390000,381293.3912784887
455000,464920.4695977997
450000,396423.14652157197
690000,669819.7726909806
750000,993533.0935017837
690000,712253.5859290226
710000,624366.8169390198
460000,417361.85655353195
700000,625567.1452857392
145000,146839.3082920284
120000,58540.7443944954
725000,725131.7883876433
8900000,9453366.609782448
350000,320618.8072687579
315000,325384.67167429096
460000,451358.89480831684
450000,459413.13202578836
575000,464138.9597968639
850000,951852.3550777986
350000,335293.24211714545
320000,281181.8497762179
1300000,1416467.9388005119
430000,486202.9065789172
10500000,7256211.705773461
1200000,1101232.1742192374
1530000,1515679.075887072
375000,332376.63426723867
410000,368274.0501173788
700000,673197.0390036575
980000,1124922.7179919642
1550000,1218389.7847499563
980000,1066013.3078138067
2600000,2583855.8121577273
1550000,1096112.4465501131
1600000,1411771.8313967832
2100000,1140537.3559412756
530000,527648.4166843999
1600000,1563988.9957296562
700000,633060.7348310978
1680000,2247633.96685631
1790000,1655519.603604943
2950000,3305746.3618638623
3350000,3104814.9015807346
900000,886754.7405650731
3490000,3628341.2150789583
1600000,1724991.3158974303
670000,553879.4412607466
750000,765133.224537343
325000,308550.2601973907
1460000,1220003.5199703972
490000,514364.327383503
6200000,5279536.107330247
350000,265711.1505127405
1015000,1021941.7191753096
2100000,1952269.8165029935
890000,962172.6151050639
620000,801118.4343586329
640000,586266.1984594096
480000,511034.56932980154
550000,513783.23947565194
695000,1087388.4045522006
650000,626916.8741146349
5500000,488513.67960944294
690000,698041.7259120473
1990000,1908628.9593732853
1520000,1235280.3709488832
500000,483250.28300357895
270000,276228.11607934517
890000,877849.5617075663
2250000,2100275.4004661073
1095000,998010.9773509109
750000,741127.7167320993
1195000,1256961.1090687627
1195000,1215167.2172343882
2150000,2557077.5284134806
690000,670726.5128843597
560000,553611.3688932513
210000,242577.6707486963
900000,780113.0781626952
750000,623473.5431505914
530000,572874.5510322977
875000,806404.2458022612
330000,329380.1798306341
700000,658820.6210050028
600000,578927.6603648948
2220000,2332099.632350296
1765000,1597444.8540696276
910000,1066016.8923761488
900000,956059.1081690436
650000,606089.5932022544
1180000,1083269.378731186
440000,398224.640252345
2850000,2747561.3732917663
2500000,2546987.068054812
875000,778337.865509223
760000,732561.8012109254
1370000,1337437.246961518
880000,904267.489914052
745000,695404.4040198219
2350000,2231538.723669544
900000,817547.3663346096
999999,917216.9284371065
700000,696725.7472129624
330000,289927.4213776005
780000,766783.4225179546
930000,903434.266972523
1500000,1621563.3706765403
6000000,5836386.799753106
4100000,3832667.1997822425
2250000,2286152.9592167274
135000,151823.66338653644
450000,429848.49522432894
2200000,2134824.7996412795
695000,647778.0835654165
860000,857120.8556348534
940000,876958.5337651324
470000,468094.5636719514
600000,572118.8357414538
1300000,1205543.843714732
1100000,912172.4421306265
1780000,1828153.284435162
750000,688256.5692894562
370000,452686.15187741705
500000,506404.1385490676
1550000,1359685.8325378136
700000,747483.9881553792
1000000,1104409.9281144373
1800000,948582.1959811163
800000,647874.3511843893
575000,610412.3825542228
135000,100550.89952559127
1450000,1445598.6147227653
700000,721136.4948964128
2000500,2207969.572178699
3900000,4203382.260884517
850000,771481.6791441169
950000,802284.1362143296
830000,759674.2560483249
525000,555273.2308983828
250000,209689.19930216868
770000,813249.8431292253
650000,640285.9966919345
420000,383276.2634843898
470000,514251.6127232113
350000,376334.23984892323
500000,496519.28572706965
320000,323895.9598166514
1100000,1014778.0865433157
1535000,1528311.8570965615
350000,300417.65440086304
565000,672329.7398739192
470000,505411.1306358755
580000,575643.5400340612
2500000,2194705.626354941
1120000,1099384.8995135545
980000,1002610.9257298601
1065000,1029016.4197473483
825000,792029.7438624386
780000,796363.2767430107
11500000,6862912.908599442
4350000,3908269.9458224624
6600000,5452738.488872035
750000,699933.6783473477
5825000,5905991.826060853
950000,940744.2264736224
13600000,13693543.40254507
530000,505474.89943062776
415000,469392.3995785375
700000,748673.5822328542
725000,694947.1737292972
1490000,1530193.454844557
760000,761673.2020005004
1350000,1346941.3737673585
560000,535620.6235708807
360000,367567.6796638919
1570000,1721368.422005235
1120000,1046963.3925352201
890000,888301.1825530297
2900000,3004339.903620292
980000,1224534.9180422141
365000,321108.1109248079
1375000,1459553.8806355416
2950000,2667202.365056967
8500000,9356191.258447023
2380000,3023132.180109739
5350000,5270998.23891895
2350000,3128642.8080241308
1810000,1230051.6022435792
4800000,4967467.745700053
350000,363000.7515239106
1000000,1016501.9304463932
500000,585634.71816019
850000,846602.4235715948
570000,548884.6998405823
965000,1015872.7148572067
820000,822534.8373240875
900000,883876.6370385297
3500000,2454491.235251164
4050000,3325234.463573857
8200000,8174710.516469731
680000,687066.6674236308
350000,317544.1733504496
830000,739150.1508614384
10500000,10860722.2969757
390000,409282.1424644603
575000,595766.1812544717
800000,746721.62823344
1450000,1535285.1466634483
650000,656074.8403468998
330000,356712.6867220283
995000,1102598.3275739294
1290000,1305090.5238158654
450000,454759.87300051
970000,1066729.3174840698
1135000,1202506.9809477187
2100000,2000231.7423907549
5250000,4840616.460386326
1600000,1407028.334355157
2300000,2264776.928794402
900000,843338.2988319889
680000,675148.8528801402
325000,332217.44246133324
1500000,972529.6309650271
2070000,2017421.4274631368
2450000,1711446.0444580333
975000,920274.9608148643
985000,997543.7664994249
885000,913109.0380402963
18250000,14853527.613927621
850000,829674.5041593633
770000,787076.2587401066
450000,457879.0852538576
5125000,4756690.038130132
1110000,1142834.3982952617
990000,983230.9313293706
1350000,1324073.909044198
860000,899447.2772080397
500000,502583.14210657106
550000,685957.0023512342
900000,770609.6774903304
725000,711447.305158928
590000,282616.3798807674
550000,569623.4929134549
950000,1218772.6482580928
400000,422522.7882169312
345000,351358.2008300289
1310000,1248792.9946428114
75000,89447.61251004567
965000,976324.083723829
760000,892297.735519964
225000,226334.2941694903
8500000,7118485.56612289
3100000,3553622.1442494127
780000,687271.2328316955
680000,711202.4303621007
500000,470226.6310396674
525000,536549.7674930296
5300000,5171642.951895851
720000,755775.3095860011
2250000,2960127.4950852636
4250000,4036802.583728659
3100000,3028310.8831614745
790000,800540.1050378162
8500000,8358704.992147277
5450000,5057746.25937371
2550000,2248466.647349217
450000,577296.0244458583
4500000,4705256.96926583
960000,998904.0478927696
795000,709896.9489352889
3730000,4079839.4265044956
1400000,1466367.6386324097
625000,626923.9499941341
518000,571962.7165520167
510000,542958.1613457162
1500000,1528670.1781721588
850000,789801.4641077716
2855000,2659979.1563135693
900000,958415.7488093396
1850000,1532866.1422998486
900000,1724275.626414233
445000,381888.3073345238
7700000,6556514.087954808
5850000,5015974.132266112
670000,534610.194017668
570000,619442.0790014255
700000,647262.4162035702
700000,672282.9253919271
885000,806808.3747908871
330000,278129.70867608994
330000,309310.78215683287
2650000,2427931.397508746
635000,499612.41637029103
360000,410035.9378489569
4150000,4531467.728600721
625000,641418.7194927637
2350000,2611862.4993254524
550000,578782.3431204662
645000,707379.4054678619
1180000,1147780.46064527
590000,583327.0401241978
350000,283326.7883490869
750000,768519.2967649575
650000,593453.3843789328
700000,697886.2176179586
2600000,3165992.224072308
3800000,2803521.547285295
270000,304335.2075534169
400000,458183.2407481025
1150000,1042150.6614158708
360000,365911.6172610338
370000,329297.01786513213
535000,538647.9125343446
2225000,2103975.742569913
1490000,1247039.3709324747
425000,375775.2162259427
1125000,1273358.2736671881
1200000,987271.9346283602
850000,944563.5180590473
160000,142906.78401463717
5000000,5252181.901215099
1485000,1455771.2003704137
480000,473224.26463893027
3900000,2721659.9419130823
320000,321321.81385933154
370000,440625.4287029897
1300000,1551618.6291092336
1400000,1285569.844207173
1980000,1629276.683618658
900000,896970.6696691596
550000,522111.03833847627
989000,1137760.4293944472
3500000,3262527.1393338726
10750000,9627245.709901214
3600000,3781385.126267441
3150000,2712305.4777985043
6350000,6462303.173860092
3300000,2762120.1369811147
800000,857232.274725356
650000,656418.4024652817
400000,402896.3889016656
6990000,6861555.286001834
1950000,2182471.883369706
399000,382225.97524755716
610000,586690.6961948011
520000,391596.7651431076
1800000,2006524.748311897
5200000,5241861.192219307
1110000,1260389.2881331407
1000000,1040701.1699093296
5300000,5268339.550722931
2800000,2250287.252409865
4950000,5461553.630632393
270000,252835.9418018289
585000,668819.743765328
335000,251209.21734867405
215000,244965.0231608471
5850000,5060616.977262194
1120000,1109670.739330125
350000,403357.2430609936
590000,567249.9920716421
880000,795678.7488295704
3400000,4971881.128112191
450000,512384.9628291388
3600000,3410899.403711246
2150000,2373185.261303484
2500000,3026873.3163053193
2750000,3803194.061926859
3100000,3702795.6325323773
4500000,4768524.625329984
1760000,2713031.2263088594
16500000,14471857.601189878
3280000,4745095.591447515
2370000,3148624.8165908353
1900000,1954025.6900877862
2100000,1806111.8711017452
480000,456562.2292992489
3150000,2612416.444171582
11850000,10198996.590570208
9500000,8758389.16685963
630000,552014.7021906049
740000,725020.5181863577
1500000,1474506.6550215913
350000,362662.97441015067
570000,504659.800743187
900000,872549.7994877237
3500000,3642097.964888965
550000,466952.76246894035
425000,431161.96270947164
670000,639703.439902119
245000,239803.82248514373
1400000,989199.4110634464
650000,664751.4967013239
1700000,1790921.0298986915
820000,808461.8146628552
810000,848178.6804264755
585000,531077.3532344834
3510000,2940479.8334748293
460000,460874.2956115806
1380000,1928979.9126051606
5650000,4070570.035649726
350000,224774.61864736123
395000,381450.4048647871
3850000,3488897.183779967
620000,581732.8705558233
520000,515265.78400193376
520000,602045.5510477782
5350000,5260803.078256109
880000,970566.3102285931
440000,430884.07499878167
770000,781313.2504504885
2570000,2642193.9341056827
5760000,5901060.280449981
5500000,5441127.434362414
2150000,1731365.8719881338
650000,658832.8803828082
340000,373307.3924224016
15500000,15348273.385158928
9600000,9004238.06844266
630000,597613.1869430778
1000000,901944.3373774786
1900000,1912970.9498990502
4800000,3013692.472054531
550000,580075.5551349225
1500000,1187671.1438519508
810000,728014.1430136263
1350000,1345588.9695028316
1150000,1075230.742497263
638000,688057.3065241467
2100000,2328978.9448087486
1390000,1423164.9321243344
1425000,1646284.0923076293
970000,943753.6631277506
260000,219623.32346315522
1430000,1580249.8112508832
520000,406926.4555706173
750000,695743.9538187626
550000,609684.2479967307
580000,564369.5679185198
360000,537836.7904016258
1075000,999219.2654801102
530000,544534.2239473042
210000,205006.88802229273
750000,725363.707697573
2230000,2202730.2767590424
580000,596161.5862043396
1000000,242265.1252910105
505000,545053.7188947926
910000,935497.5077052779
3700000,3773975.5848284937
850000,876673.2556575408
745000,697843.9815008846
330000,281121.09285393637
475000,548265.5148621016
5600000,5037075.709993656
4100000,4263356.337273349
3400000,3909653.582984106
4750000,5755504.52145655
9500000,4790131.036614343
1300000,1215698.836244608
200000,245277.01876110834
970000,1016244.8072186002
310000,272118.24664117047
1540000,1478361.2025508198
530000,498433.476511227
1205000,1258071.8309512842
1950000,2096131.9587978881
2350000,2533872.4604323404
735000,761301.7803406438
650000,482682.2372145081
2880000,2523493.342336305
680000,647066.6898516719
340000,347838.5230705857
350000,344733.44693461544
1410000,1560663.5137429913
1050000,1213182.1537986177
870000,815701.0806432109
650000,621658.6330265163
1590000,1291566.9928250255
910000,878980.939849332
785000,809174.5448379403
450000,452232.8301653417
2800000,3155216.241334844
2380000,2298908.1660962477
1200000,1198338.1834830206
1150000,1143509.6189878257
1600000,1428331.2831711757
800000,829608.834634815
925000,1047681.8711624492
220000,248226.66414881437
560000,601322.788484433
1200000,1296614.3922538469
420000,603031.6690579366
690000,695815.6607133939
10800000,10907041.798140936
860000,967398.1364061569
845000,962115.5044403125
430000,484296.48632816056
380000,337393.9561574292
5000000,5683388.5667996975
480000,478586.6511166035
360000,413605.0466257512
1100000,1104844.3305041136
3600000,3888863.254806883
720000,768656.0058219954
600000,628851.0466105746
420000,413879.81680343224
380000,401323.0600039909
700000,771011.516930991
645000,524871.9979621099
1525000,1441876.9336470484
370000,403290.93174668524
780000,779046.5982991687
350000,349034.6601917032
430000,408181.92828598915
550000,539300.686216037
930000,882348.3938003237
190000,281634.4836850913
1765000,1887936.7544869648
850000,882590.9199785707
380000,392508.27294008853
1830000,1665945.4794819695
1390000,1186168.0318953306
1250000,1133858.5994794485
620000,660215.9609015344
2350000,2210489.7747584735
1300000,1028054.8089237434
1250000,1211717.1243184728
1300000,1271359.0277952487
3000000,2075585.0786808105
760000,790368.6899545037
480000,538124.746872525
1950000,1891084.0367722376
480000,578749.6449721517
440000,378853.3617859271
430000,439448.4189649246
1500000,1538227.927699536
3100000,2899236.616471168
550000,501519.1786669138
1000000,1017151.7774794498
875000,981173.4653064341
3975000,4133195.335154866
1400000,1238242.1655092766
1590000,1558916.3894109046
1045000,1045750.3384919706
2650000,2348300.740402003
850000,799248.1987157173
370000,392536.8692101216
145000,174501.93984240017
3700000,3845877.930400862
1200000,942136.2228135837
1100000,1077770.9366962337
6200000,5247146.303655722
4999999,4544323.035572899
340000,346316.7263632027
1400000,1309852.8490878658
5350000,5471347.508368609
450000,391221.2894781913
395000,483085.853108788
365000,270175.844434166
2750000,2643344.3138665473
1425000,1264984.2052415337
550000,452266.21706887556
670000,620245.3650348544
310000,290860.09381009237
340000,302650.98584546125
900000,1147941.5315181278
2260000,2125302.8463033377
1695000,1562287.0239444685
600000,512096.0965467278
2000000,1929383.2138054562
5600000,5118058.9763258025
4070000,4047711.1310927435
3980000,6178167.857120051
3720000,3334040.280131175
5750000,5132577.398821364
552000,514478.32743326505
1290000,1294145.8006669166
1365000,1231223.3615562792
3500000,3478469.480920345
370000,379081.10219346074
1550000,1580981.0631022907
500000,424614.26207187725
1225000,1279859.270146507
540000,523558.83742465184
565000,640557.0427162173
1100000,945661.4851158261
1825000,2047072.9245274349
19750000,5060616.977262194
570000,599157.8519937093
990000,1333301.3157106254
725000,763518.8691000292
2155000,2202730.2767590424
640000,713854.7275163124
880000,997836.2130332824
2700000,1317051.8043190907
2020000,1994137.2995947818
1275000,1223238.3277120467
1380000,2642193.9341056827
1025000,1120011.5002637152
315000,295408.215442475
560000,546785.5181686864
1870000,1358896.0429480025
1875000,1799090.0466857844
2270000,2019111.9471908805
4750000,5283027.360234445
800000,778292.328697969
525000,533566.7657854534
3820000,3575528.194502196
1500000,3511235.7956323363
275000,282869.0241485377
550000,493346.85122106096
750000,769158.2343679529
3200000,2596159.8495924016
1000000,938688.7591779757
1600000,1237474.6464577809
950000,853860.3476838005
400000,347428.88525909773
530000,551004.2809005186
850000,738633.3313888005
400000,418857.9654019732
900000,828829.3383929894
1265000,1127507.5473725407
485000,426659.3419977928
400000,371122.3490327449
800000,729741.86405003
580000,864621.6253365477
790000,818609.8050296154
840000,834930.0083055221
650000,773204.3985357943
1300000,1059214.7473539026
1200000,1212002.8515827062
900000,872087.2933814601
1680000,1920865.0541106458
920000,915220.3827384347
340000,331717.2427957335
850000,773569.3996256399
4400000,4244267.006186905
720000,736557.7511184544
260000,445088.04192953056
4150000,4059325.7657054514
3300000,3506768.261881743
2200000,2487942.2890191865
2000000,2080152.9964178526
2660000,2555293.402044912
1050000,935017.4996836802
315000,341202.62099552486
550000,517250.31495342974
320000,313908.6483581636
3750000,3880726.020938525
3650000,3578795.4778422243
1100000,1082131.2995180169
18500000,13728206.422234777
735000,702149.6744917186
1050000,1142277.1509209233
690000,723296.0589256829
570000,548589.4959268284
3885000,3685988.356612922
5550000,5204461.522121079
1900000,1959559.6336933372
870000,815961.8713373716
1125000,1196011.7207560493
1280000,1212609.2229489242
1700000,1757852.601233532
930000,933918.659212163
1510000,1486287.4932012984
1925000,2311824.031134997
1550000,1478697.822460573
2200000,2219837.9301183266
1800000,1629691.6079264232
1450000,1290906.0434098847
1250000,1241544.4113697798
1200000,1261516.7928533207
1350000,1364716.6498420304
1120000,1203715.9319828865
1840000,1851241.412081441
775000,808281.7816599373
4800000,3695296.5692474223
750000,742815.043580184
6000000,5217388.577326018
680000,591101.718228491
1270000,1056741.4803931557
740000,790828.1432216357
485000,444282.25011259445
450000,382578.8103225358
345000,329501.95539332676
800000,856183.0345219305
550000,561097.6607239011
950000,1089637.4653713065
5950000,6632523.538843381
485000,587845.8527388658
360000,332658.88565447676
700000,674841.5619083323
460000,530868.995153496
20000000,9402355.322394108
990000,1028190.9797118335
550000,486026.5423951229
5650000,5815632.283358178
310000,309781.4857486898
535000,584508.6389804132
850000,895770.6688155294
3950000,4079839.4265044956
1130000,1120418.9972387967
6450000,5607541.647282017
2200000,1846771.5369353439
1265000,1218653.702012373
670000,679370.1823164341
770000,806277.5102898941
1540000,1394592.9456089055
410000,418060.9309353208
3880000,3888863.254806883
670000,737593.0607777684
3750000,1779997.1852919273
1450000,1441309.7123066832
450000,385266.6695701403
650000,571361.5130288693
3000000,2726915.543153655
890000,855332.9343135778
2900000,2945492.6838524034
730000,867505.5209670633
3500000,3811287.516295153
1025000,1013043.7195767274
600000,654266.4271406458
400000,327616.69234386674
620000,596585.4209655038
630000,585486.8217951121
525000,489436.0352849319
750000,550954.9014441906
370000,414557.51887891657
355000,335179.3199148615
5299000,5343446.136959457
625000,860774.3362054159
2280000,2228721.3565514917
885000,922004.3637045586
85000,100511.50662974454
630000,729176.272847319
630000,519053.13627620926
550000,630107.3259265838
570000,613373.868132059
510000,510470.31532790535
695000,689020.2343824657
14500000,13615600.948033381
1300000,1343208.2633969667
1790000,1649165.078029786
570000,609750.7578111326
400000,375308.5294220975
1000000,931015.368519134
1800000,2042053.4595425471
2800000,2923518.82423501
900000,923384.4337290683
840000,880852.7783777945
1720000,1700787.8726984374
570000,570243.7004822893
1050000,1013018.3813995178
730000,763279.1823989598
1180000,1142697.1700378342
1100000,1173698.9496619853
550000,622338.8275424539
2400000,2207844.8287546374
350000,346512.09432751813
2250000,1950663.084937732
1550000,1490609.8622647899
1700000,1653420.8217785265
200000,179547.42498647407
590000,603073.3259543633
1420000,1316981.9887733243
730000,805981.9313174575
450000,510602.0784756667
740000,859338.109897485
560000,537950.650465248
2750000,3218107.952189314
500000,508248.91043519217
3200000,3281097.4570756736
450000,504923.64790267433
6100000,6318871.341456399
1000000,323551.10760085785
1500000,1231112.3734227885
420000,442844.4398239626
1700000,1475014.7178221762
2000000,1703939.9199926404
340000,338819.97935759166
320000,401256.8909058784
4250000,5707227.750726206
4550000,4278834.009060923
2980000,3201058.069737908
1850000,2020008.9005266665
210000,241352.78775997824
2650000,2675791.4788116706
400000,395639.907829717
260000,253911.03024717898
715000,724929.8613711678
8000000,5406840.155455459
3600000,3628679.9815926147
1820000,1862405.0608969992
625000,671263.6994551871
755000,759081.0415750594
500000,484199.35462050437
1000000,882352.4894306647
950000,996839.910931251
950000,1150689.6069875746
390000,377546.5607324987
925000,1144691.169065507
1600000,1631231.7405910236
360000,316645.5309715853
950000,1010002.9149526181
479999,509359.3891103914
360000,358657.4797443001
685000,679370.1823164341
2600000,2725048.573933222
245000,235960.85380825034
1425000,1364689.4892427074
415000,508411.89047941257
1740000,1687505.9178729393
770000,749945.989289943
240000,259229.00866326317
1980000,1990292.9428603288
1775000,1910792.903699848
1575000,1522638.4466942556
800000,807662.3856167041
300000,299937.4433803727
2190000,2132097.7478834507
1110000,1010430.1965381022
1900000,1891434.182737573
990000,1050885.2291203295
1320000,1203715.9319828865
560000,564260.056382998
1200000,1138844.4061950038
2580000,2611178.184992537
200000,778652.3054294906
1400000,1446235.6902875153
2650000,2227092.930684213
2250000,2130849.4654137297
960000,979122.5681277522
55000,54653.896320273045
210000,183210.61116374307
480000,445500.9577493165
1180000,1031071.3901802122
7600000,5104078.832058006
1150000,1016136.8290499095
1000000,1001063.3560256108
4700000,4814285.840746309
6450000,6451484.927006038
1800000,1864328.4079615346
1000000,1021765.35912141
770000,550605.013970582
4950000,3986222.5853489796
980000,973884.3614487184
1000000,973969.048709953
8150000,5253178.81151367
410000,433256.6918521869
1150000,1065120.3619271587
4450000,4019160.025073687
620000,573038.3326901797
850000,854268.4734326552
1380000,1350441.9811679884
2575000,2257522.316096613
1720000,1905287.5108687999
215000,234296.8201448229
450000,515303.2366760405
430000,424026.15356887557
485000,577853.7961636473
315000,314731.1350341112
385000,334394.229311657
250000,244593.6310949014
2150000,1868339.7268268676
7400000,9747168.276851377
600000,629652.0597910914
6400000,6914123.447934266
570000,509235.91388983815
900000,979923.901213277
565000,590219.743060104
255000,269762.26473277324
580000,715225.0329259147
670000,712246.0255852683
369000,311027.79444852733
250000,266717.1263242314
4600000,5148666.615657215
375000,439535.7488252316
750000,690201.0326849187
500000,477289.5804802373
1050000,871416.586465931
630000,877155.5194566502
1235000,1292216.625291661
1100000,1111937.2817716976
1200000,1108052.797113079
875000,491784.49190931977
2650000,2513181.709804768
5700000,4865156.417788087
1300000,1310207.2118857123
13500000,12037052.004860528
320000,306741.92364218144
2600000,2223562.2228801823
2400000,2119793.0263429075
3600000,6041420.877102735
200000,234938.41549719177
4600000,4330663.670472754
2920000,3090856.1060994077
65000,141903.70015461926
1850000,1574852.050615376
2200000,2009693.4344002877
4200000,4231482.091482181
4100000,4863458.080460917
435000,458920.83353965404
4700000,4326642.796132185
4700000,4767964.285322473
4350000,4538305.026926303
1800000,1751235.183668383
3450000,3811723.0092290514
900000,760267.128338809
1030000,961181.0697380757
365000,289773.1308145817
200000,205573.18056286193
850000,872732.7557328569
700000,644735.6522557164
270000,284829.1302177236
325000,321760.57688653027
1200000,1191757.5007341814
850000,829279.5176337776
1150000,1224196.4599086202
1050000,939915.932816749
1200000,1140464.6244131478
1900000,2185676.062448507
2000000,2415369.4552375767
3250000,5016022.920133598
550000,496785.91938683717
2250000,2154022.79777966
1770000,1902826.1378842515
1225000,1335607.2939305445
1750000,1739317.5660302602
3450000,3898371.4254369535
980000,671880.8056764895
745000,790463.7401139027
825000,867630.0473867973
430000,498254.1638604011
5350000,5194899.627668231
675000,777141.846377825
1280000,1197028.7097938713
1600000,1275082.4610763697
515000,658059.4251819763
1200000,1089358.2868744773
3150000,3502735.441785958
690000,635748.8024140489
4750000,3201758.632503735
230000,215614.5663930546
1020000,1051072.3212158787
700000,825276.6124918642
1200000,1206867.089652857
1745000,1587900.626599838
860000,870821.9195618709
2350000,2154508.0930503467
390000,458800.6444244045
250000,252224.5242326272
2650000,3890219.441503407
2750000,2314081.1195731703
320000,321153.3668184177
7250000,7357253.185465191
5600000,6169316.5364958495
2600000,2470728.0584562565
2370000,2028638.3640856033
540000,619432.5840923387
1500000,1706724.0291330041
400000,370572.3168415608
2190000,2498986.551129147
4300000,5508915.572694372
3350000,2713543.0668183393
1260000,1287501.4422409197
1530000,1442870.9259510564
1360000,1610656.1098004214
1380000,1574354.7497892396
5600000,4872635.311645928
1360000,1407613.2997191509
460000,555719.7446488657
1340000,1254341.2254598734
675000,679744.7500867114
1000000,813627.9153190848
450000,423253.75685146067
3400000,2850609.044032598
3800000,4227775.543213022
950000,934244.1051057453
5590000,5305897.599979498
7090000,7012614.214055882
5100000,4916426.955561724
315000,289360.2273794764
330000,292902.4083274707
380000,443298.88994645595
980000,1054517.8279691013
860000,776051.5477573947
2450000,1900629.592638688
2450000,2591693.806974354
4100000,4382464.35365171
3450000,3315229.2447414664
800000,720204.7963477094
1100000,1065283.4073024702
325000,419378.48860300577
1950000,1789317.0315440842
700000,685786.0470078663
1250000,1261295.1913878524
840000,788919.2045718908
790000,787763.7449780477
950000,1231301.7853571195
950000,854886.6313515349
2650000,2953509.7265421404
600000,626142.6163558133
480000,458247.6242337496
1220000,1118470.239269019
235000,228293.7455797052
750000,877579.6455773374
670000,620395.5102687035
245000,260127.165616462
650000,629316.0168611973
280000,356092.9005226816
285000,310665.25707740436
725000,704836.5894140364
950000,770712.7706140584
600000,557756.4646917036
205000,292340.7347943683
1580000,1574360.0140112636
560000,560235.6322952253
650000,703596.751960209
300000,499700.994996118
875000,999007.5384479216
435000,423202.35984072404
550000,643943.3194157071
660000,650753.1514816387
1600000,1533841.0164171152
550000,528295.2300588517
1650000,1477591.2745335684
920000,949914.4562126697
1530000,1584689.6063733418
1580000,1477844.5945283761
1700000,1678257.5744115468
1525000,1612890.709088435
345000,612317.3090779681
1600000,1497454.3483190143
1260000,1372221.9146581008
750000,506382.10865605174
800000,795036.0763674321
190000,228781.68220312227
80000,106009.45507171827
410000,404086.9725402793
420000,573944.9861192898
250000,208534.45397955045
2000000,2062864.6507408647
2500000,2279597.980667119
195000,195668.6485894315
585000,535699.514509131
490000,522572.4840941959
375000,426047.467021941
1178000,1276679.8057061867
350000,370379.38862609264
750000,764497.1987039407
395000,333844.28501122026
685000,681371.1567911211
1250000,1345588.9695028316
360000,309669.7430733808
370000,351105.62369522924
990000,976380.336874946
500000,475621.8203964681
750000,694498.035051974
650000,618909.425571901
825000,791340.1334780402
830000,1063946.2270419772
500000,528296.7766069978
2950000,3211518.6010671128
770000,731139.5733136857
4500000,3416408.8469123603
5500000,5862964.010565532
999999,906852.3542271042
700000,659083.3263597883
380000,416255.89419750107
1625000,1533974.6186109483
565000,679300.3884113056
650000,603862.07099816
300000,296337.3670934193
260000,229581.6041489729
5300000,4473963.423687232
900000,774127.2974258283
1600000,529449.8552336838
620000,670043.4814406129
320000,204492.07070261214
265000,251330.7660171852
460000,449879.9679319846
700000,606269.4350836414
390000,374523.40621593077
2050000,2262172.6955750114
275000,225960.3268084326
275000,288702.7214197261
600000,601522.4558507582
200000,227543.16392662143
210000,225582.19890173108
820000,904420.4769601217
750000,722368.5785075267
565000,635340.6006291654
750000,697614.8173998977
2750000,2803444.7013384784
450000,532210.4798979453
250000,243012.41056177983
970000,944167.7978596725
400000,482732.46352930955
790000,695272.4842094468
720000,795244.8592219135
480000,565256.4233032011
680000,706637.3738644711
699000,835204.3679886836
1250000,1220706.305451209
90000,108395.50109585583
2100000,1836542.3203017362
2450000,1544588.4354935456
1150000,1289922.1597963287
650000,858445.0399353553
1300000,1243371.9491133706
2600000,2226580.565963356
2650000,3087543.9395533404
660000,666483.2597494364
880000,807120.6381488702
7000000,8244732.086059075
8600000,6226796.459795948
2600000,2623633.303626035
500000,438091.56278805877
215000,204089.01799819912
210000,207641.58017370166
215000,272166.87294427207
600000,600954.2456780883
970000,976713.5266295293
650000,521528.9681406691
1375000,1414254.3033804032
1930000,1811954.9039773403
500000,510700.0177177551
470000,483869.9673038734
2460000,2760903.6550781503
365000,375851.9606729762
2200000,1983199.8682780492
1480000,1458753.9256292363
280000,254049.62555917123
520000,447814.1262223041
670000,706954.349464553
450000,503459.82341674913
600000,638842.878262765
690000,697752.6882660539
1950000,1687134.5922554464
1650000,1506714.157900734
1700000,1634879.5573922384
400000,535623.0930579768
700000,712625.7841930973
595000,621176.5055318315
1650000,1794501.132973133
620000,641871.9367106659
570000,617334.7050317982
650000,724966.4806639634
410000,348331.3119967497
1100000,1109081.0790435867
1140000,1099108.495879554
430000,407045.8654867889
1100000,984701.7751864836
600000,634691.380628596
890000,808586.4348830278
570000,544923.185747004
690000,666518.3235781993
700000,740749.4476581072
340000,362995.14746834367
400000,417058.1520841301
180000,184314.55944343872
550000,547593.8633394496
1250000,1461393.8221153945
880000,937183.8203415434
550000,359378.02584262856
450000,460763.4300409401
550000,531040.9884960435
850000,599422.7970217193
850000,822151.7495063959
700000,748716.1685247741
600000,575252.1906083969
380000,410670.1569846966
2200000,2253029.7089929017
270000,294183.00483526016
475000,517147.68033110554
370000,471473.7215640389
465000,492133.06390398263
450000,367055.4784707075
340000,354046.19376158674
440000,299653.3340300152
290000,293090.69075520587
235000,248712.6837772516
430000,405816.86546006304
185000,163779.76646967608
400000,455912.3085850861
550000,438041.72612785565
630000,613217.1126316669
145000,105111.60843583797
850000,747751.0399708682
820000,778522.7228054117
115000,123937.5275289684
125000,135932.30441108707
4080000,4678220.5514634885
1850000,1976635.9442863257
4500003,507955.92578329466
560000,606153.2113513617
2000000,1875558.3528934317
1200000,1526120.6733108517
650000,664311.5120313007
490000,394364.57200693013
1100000,1057159.109966551
1100000,947430.6544334674
575000,442967.5814914568
500000,581505.5684079934
3250000,3442610.6161926864
1175000,1160494.9650835618
1850000,1704955.3697593324
550000,494809.46789541387
1850000,1905584.686713226
985000,1083324.6801466993
1350000,1401065.9500628854
930000,965728.371505563
470000,467084.20971453714
850000,792931.5375968103
430000,516894.4508771957
450000,515481.192962972
1100000,986690.5576852742
600000,549822.2939777352
490000,455415.78518771974
450000,508191.0917574926
1250000,1008081.2492498035
775000,752528.5625415097
230000,258913.07938757027
820000,834955.2632567732
999998,420164.22679981065
370000,336298.29602397553
575000,607981.2275138168
2200000,2218554.8854158334
2700000,2913328.3201645403
5200000,4070546.0223533367
450000,410015.84233485494
210000,676566.1667760087
625000,541332.3464446492
530000,493875.24275439413
1000000,852719.3922055421
240000,202278.86688290894
2000000,1517432.3078539977
580000,485979.5526557762
325000,491109.85206274263
400000,430890.66537448164
1500000,1787651.8155353707
550000,552405.9977544402
615000,642033.8511445118
1150000,1162403.1391308827
1570000,1526889.3678160142
795000,729221.4771222502
155000,162150.96898504294
425000,491470.7741851556
1450000,1471359.569218694
650000,658815.1050317609
1670000,1734852.7002856696
580000,607283.1994746596
8649999,6597157.454810011
750000,715108.5373901372
1050000,1112598.5735483696
340000,310954.6606925235
270000,320790.5029394751
460000,492459.146710029
5200000,4327786.769390432
1850000,1643292.5200861234
650000,623635.6544861827
400000,434805.0480797422
570000,583960.6306219624
560000,525102.5234510652
515000,532839.9866414467
655000,615719.298257593
750000,840028.7457913165
210000,310604.91221623134
185000,230872.79516934746
510000,499452.7557190225
250000,271440.46876020305
300000,283566.36859788373
750000,796287.0593481482
800000,549103.2704634346
440000,432404.4795422037
1250000,934533.4784013019
2250000,1916467.772572009
290000,291333.54292162304
1450000,1437598.7219495252
2200000,1900279.9263500955
1250000,1168303.4541295571
640000,677696.541496171
1300000,1210999.519457467
660000,682216.5352219286
1150000,1123693.090972844
900000,932067.8115653446
2400000,2106949.337147747
45000,59063.66331141167
550000,544570.0603963565
480000,638214.7241759432
1100000,1065201.0279284697
1000000,957454.98960838
2400000,2792523.0163744236
750000,738333.7705868062
1750000,1669827.3072914171
1450000,1417715.0539456184
5650000,5893824.562619614
2000000,2027080.8296620145
1690000,1684937.1840840094
2280000,2282075.1873901766
1000000,888368.9446867419
2340000,2518607.569722674
500000,431989.49517015123
490000,453799.2033585564
1040000,885103.512496002
380000,338513.0455584782
590000,607161.0153639037
3950000,3869197.757975134
410000,425617.243107266
780000,744708.21942093
380000,298102.2587395628
250000,181462.4644907855
560000,507730.7703355693
280000,303371.466359233
770000,771814.8245694408
450000,520708.9880093363
290000,222134.82421231578
440000,418030.48194422567
560000,561327.5908466792
715000,773133.1410028983
400000,563009.0911641064
1285000,1241776.1245299256
1150000,1136730.840992774
620000,600233.4440352753
450000,416931.6795815579
1250000,1092934.5560636441
750000,674725.8962079976
650000,744345.7732822916
235000,235261.01099319677
340000,363693.1985652165
1275000,1340649.223250478
225000,205558.18388204262
1050000,1054501.864112479
500000,489059.3309439719
250000,299857.0479124914
800000,795937.4238415355
275000,350627.4037983291
2000000,1687843.2873255052
70000,121478.49723399596
850000,780014.933842964
830000,815013.9600960226
555000,584888.9198561664
580000,578546.5714763098
220000,262205.9470126164
1080000,1197054.087051853
250000,241907.4288135777
345000,315684.1706745497
810000,757074.3137879503
1615000,1650104.092674268
320000,332409.5983692804
3250000,3303607.6913250503
760000,736211.0482092403
270000,236175.69331847227
6000000,5785390.565096309
500000,537787.1793909657
620000,640750.7910989965
240000,254111.58315522643
495000,448455.72321189486
620000,636196.3044346807
480000,453910.04325110785
370000,394413.7790082245
1250000,1104333.7719285495
460000,444419.5937432231
330000,436485.6500762858
220000,203950.45210701303
1150000,988587.7794087069
1100000,1049530.5411216503
1350000,1256607.9926856642
3250000,2577519.7733921558
780000,824544.8667423888
900000,1017412.4445583369
3450000,2509319.2685090876
1000000,860531.7055690832
420000,369581.02178206085
680000,648051.2713299042
350000,298113.87375239545
1650000,1438449.764615554
335000,358732.38012370607
350000,275455.2070498558
570000,611002.5970423382
5300000,4536264.370009787
725000,873992.5456157089
550000,639691.5208803177
380000,373239.9945664745
270000,288770.54180852685
1450000,1355982.1650673694
950000,879614.3258665187
1650000,1663208.72927408
580000,729290.5993400071
450000,360824.1171604277
100000,126793.4118818688
380000,403852.06432792917
585000,625701.3265579009
250000,250469.17358842082
140000,151032.63365602226
660000,730155.8372537313
190000,228039.3892426955
810000,703181.9792147867
470000,435315.8701139071
640000,681496.2494863609
1450000,1528301.9826449822
1150000,1060156.3221116227
385000,381198.2081238132
650000,666001.7864528403
1850000,1901069.192505787
1150000,1346151.5727981545
2000000,2005162.6390543147
300000,291820.35428280337
795000,669520.2037240736
395000,391359.29914015124
130000,186553.55181453814
170000,188943.45166859086
600000,630138.0949493553
185000,181096.6939627276
930000,937351.419390246
750000,745881.9807450632
650000,590087.8766703358
670000,688968.6403540836
525000,543243.6061917954
1500000,1406966.16511945
485000,452584.6052643588
305000,270205.2163432334
1110000,1098813.0579528087
450000,456280.6590119364
660000,676967.0449121603
750000,866769.6128761236
1350000,1430946.9623718376
1880000,1756932.7667984786
500000,434181.7981857398
350000,373397.4778576875
800000,780699.1750841358
790000,809042.1329179268
400000,376618.39166325907
530000,597103.0352836611
225000,223465.65202008202
2520000,2826679.502515608
250000,173063.56762485183
3720000,2853089.2069613966
550000,506466.78425606264
700000,781849.9931820967
700000,728349.1899046575
295000,302882.9174659263
3330000,2561781.695581899
245000,244196.11739073583
380000,429718.6998717626
400000,386587.2143871752
410000,431362.9103659916
420000,418250.3009803936
110000,142515.88650404807
670000,658324.0209227442
280000,279487.2886063721
890000,937356.14305158
89000,110252.3465955192
760000,786860.6806169485
515000,492736.3255069439
560000,585883.1459876659
2600000,2460388.622682286
925000,792046.5305118263
150000,153962.4307020999
3450000,3910267.2690851972
1150000,1222843.5068470002
1000050,744888.4708386332
580000,627046.5331287665
2900000,3055871.817604139
8600000,3589914.188127208
249000,292010.8512176879
5600000,5795608.181070679
1420000,1322013.2865901883
1750000,1782221.5101090255
520000,443351.45173761103
525000,537384.199694359
1520000,1199215.2864791898
650000,683177.0109173298
1150000,1045666.6851802686
320000,354764.1012283025
1400000,1201949.937578083
770000,842471.2144279162
480000,548099.327301793
550000,522229.2037072502
1000000,784077.6139903804
850000,779558.9552742665
720000,725281.0099951783
1280000,1169042.4104482087
600000,755766.9302245799
580000,517745.0314094243
325000,346537.76581767655
1250000,1086353.6837655546
600000,592612.1868347289
325000,330865.13602799835
360000,461514.4546840718
1200000,1157857.545679335
420000,314027.89467553585
350000,335103.22187449154
420000,372244.15062677383
585000,672818.5654753844
555000,533693.4946075021
650000,669309.6500456075
750000,704245.8001103248
390000,435030.51913339813
650000,678064.5266197647
330000,311748.13343068294
350000,377756.09963221574
1200000,1065256.2139040923
175000,246637.5853510005
1480000,1464552.4364779012
660000,643483.120448792
1450000,1427793.938584679
550000,646449.7763120125
415000,344539.6392829879
320000,221157.29059413265
490000,488488.51904031285
385000,339137.91887274635
150000,205817.49269201222
190000,190544.45879332523
455000,520687.6238749547
700000,681150.7777740721
520000,544664.2402226923
325000,311917.36605386017
2400000,2115621.575457398
1250000,1028015.8260910136
1500000,1242098.40551291
1600000,1586117.3226521728
600000,602163.9292527513
1050000,960585.4244259602
370000,440349.73340279225
1900000,1923626.7552225364
850000,793193.4712646612
640000,663851.3088529127
395000,350559.16322924267
430000,515836.2619238996
490000,506808.35185012297
2250000,2656809.67400359
220000,247051.3116976104
1000000,959084.0846126104
420000,457702.486905358
420000,449584.4168465021
330000,345487.30652790493
340000,359469.76878269896
750000,683404.3670954346
650000,543030.5026034046
700000,686060.7133943328
800000,779498.5328803196
450000,366130.76517905574
600000,655370.5630430885
360000,322351.4683404728
370000,497644.1685996195
400000,432018.11495051405
650000,582686.1818432283
735000,758397.5180403696
665000,623109.4453809893
3000000,1808518.7833307916
2075000,1865071.1190493354
780000,801425.8265946237
610000,569585.9612977627
550000,529589.1653533329
620000,616553.4684652897
1600000,1646169.9594530617
2000000,1469064.5611853362
2950000,3011360.9426805316
200000,210430.23123520837
1800000,1404218.4799211496
1330000,1118240.7152949318
270000,311739.6488850517
730000,743471.4118950028
770000,822557.9719807942
1480000,1587597.471005396
330000,403824.4395946664
370000,395014.53659894044
460000,477553.57886253647
550000,563897.3786178463
450000,369171.479451938
620000,563833.739932347
2150000,2351869.404989037
250000,243203.59761919198
750000,773869.434326501
300000,338752.63464528794
250000,229660.86275226745
425000,625709.9758558194
865000,918303.4201554175
500000,817247.7620356261
190000,224240.04309511321
985000,1168780.8481025451
243000,303239.61785052123
1100000,1105490.1801762974
700000,650499.7132717933
175000,193038.46965798928
750000,707170.1457901163
400000,292820.6550748375
600000,550684.43395375
3200000,2931514.2733041546
1590000,1624117.9952790514
475000,479807.9477914175
720000,639060.3480109801
1250000,1377445.773007883
680000,608948.0397204179
425000,482180.2053274643
740000,763346.1652484636
460000,501260.9620540965
330000,374545.11405601987
750000,747424.2990642071
2550000,2647525.33380361
660000,742939.3583650461
1500000,1444839.8461543012
300000,295934.4769326033
1250000,1323769.1893473594
900000,871315.8753434607
4300000,4013469.4346263437
1295000,1240009.0006535994
4700000,4263145.029465698
2000000,1844245.9697012985
1290000,1094574.3865623875
4500000,5590383.875895508
1320000,1171749.8545981552
300000,325589.13613946945
1250000,1177223.1676784442
2200000,1785297.0425838935
1100000,1054945.5732308403
570000,601007.4984166215
650000,770723.4036762173
1280000,1412167.64334422
340000,403314.53790700313
1350000,1272772.0703020531
640000,588013.4885965913
1550000,1022043.9407608168
385000,331670.602099131
550000,474780.77907783136
550000,586752.0191262433
700000,695071.2438795186
465000,423723.5492372511
2250000,2138835.9018094046
470000,460096.0212639971
2450000,2277215.012567414
230000,230876.1619743368
205000,203409.49851881628
630000,549153.325299654
280000,308512.2224975425
690000,621921.1466840686
350000,430807.47321035387
470000,565731.15374936
250000,296046.7270246543
419999,443146.4636518462
600000,591963.2136968265
360000,410911.9402692826
630000,608114.9871486214
850000,826810.043709154
35000,50904.972970359944
495000,516464.9550613254
760000,988288.2258900494
375000,318337.334214171
1640000,1283594.9908598636
1215000,1138237.783481605
5500000,5080020.767197611
350000,384405.07849237043
40000,49213.87172447824
2450000,2591325.7956331596
1875000,1903944.2256696091
660000,650801.1647796142
240000,266716.2569089035
635000,604294.3659804629
850000,915865.132150721
580000,536657.3753784169
700000,745146.8026661252
630000,748712.9412005502
590000,598218.6647308825
1490000,1546555.129867855
145000,136246.67726899468
330000,385546.49926213117
1615000,1729446.4593179899
2300000,2339731.2966251974
2680000,2724319.028674945
850000,931708.7251383959
4000000,4307878.751845889
750000,1048687.8028618875
540000,610433.7323930474
3100000,3293981.68704888
2350000,2351594.079932463
255000,253497.6764503953
700000,696885.1833909502
210000,230184.2109654087
615000,485327.4925689071
2400000,2189755.815911564
330000,284428.63207028905
600000,601691.7909639293
975000,924186.7009354293
640000,623296.6337468474
950000,918608.7558198229
1050000,926480.8507502028
500000,530582.7865115787
580000,558427.6574727695
550000,500720.70691840485
475000,535025.2383395273
140000,136422.62193031298
620000,690087.4994882548
670000,700220.3061943643
635000,644627.58104941
1450000,1405979.0892298378
685000,641172.7945578127
365000,336240.5181267648
730000,730368.0665956641
1100000,994736.9724153624
950000,855189.1671698863
500000,557863.2662943768
530000,466538.3453680908
295000,267115.6465750673
380000,323664.5792476084
1100000,823790.8139934955
210000,150224.49812285413
350000,326306.85456193454
435000,418384.47983159195
630000,830111.8703964802
340000,554573.3272964463
100000,93750.85412482463
680000,719622.9921177686
380000,392887.4984554569
140000,125049.76840675082
475000,555420.9133944375
375000,359397.27844675357
130000,131766.56695664325
280000,229089.22507674646
230000,351604.72161069396
265000,294185.6503939907
550000,526378.9952161588
450000,452210.4541998843
1200000,1238107.536654668
340000,315902.21553501626
1900000,1686323.1469239718
240000,266538.912563517
420000,398590.5986067678
420000,431191.5831168998
650000,687142.2726518239
360000,347826.83127884706
560000,474574.7695749139
500000,530259.6750007423
330000,478654.8865098686
280000,307693.83112535626
250000,336755.1509579391
360000,343049.2381969425
290000,418962.7027466038
320000,398739.21684113506
700000,667214.7365788678
290000,242135.68279752665
500000,504257.7273180694
2250000,1910448.8901522942
150000,202063.26447743832
1860000,1604505.9387541187
455000,384475.2022240002
520000,487760.258424016
600000,577211.063263492
4950000,4651253.727417119
370000,343325.75593486085
800000,729431.6382796121
1600000,1652238.366897561
470000,599548.2897483231
1380000,1338263.9492156913
200000,210561.62774476668
220000,220482.1201388939
270000,282364.27632215375
910000,899588.978202589
930000,924787.8994351489
2050000,2265144.2624691417
975000,1140353.190658956
750000,749421.5845848845
1720000,1665944.9850290285
395000,359929.7141547368
230000,265730.0875543266
310000,233814.78752445473
780000,840430.3406117682
135000,165966.63994813757
470000,450840.2034803522
1700000,1809223.693408243
400000,399758.87012316636
570000,645135.4296883662
210000,198103.73456003368
2950000,3259488.2606643364
530000,581797.7025004583
3500000,3234305.6223138133
370000,402035.25551091944
270000,252203.32321299595
530000,515703.9052105873
450000,471156.28116379376
1450000,1575480.680365571
650000,704635.9013514159
1050000,1018787.9878800561
450000,400589.7738467979
670000,626570.1381959326
1300000,1261933.704375422
900000,797066.7363720329
75000,65831.91029483547
825000,868288.4125269632
800000,687713.087279425
580000,617953.4282012128
210000,139305.89731126843
850000,867155.1004598951
770000,836161.8771317927
650000,538386.5025565568
1100000,993258.7276984666
215000,212110.02892501868
710000,665967.5017590704
400000,439483.94006325584
1750000,1685359.4930000505
650000,642447.6392001337
350000,408969.79576624976
350000,417014.3943931043
1300000,1045812.5268923137
320000,315744.0502037387
2460000,2507386.4176163273
1850000,2462394.926694141
800000,734773.8919505854
2900000,2804975.3688544314
630000,679740.9527529529
470000,496539.3151099901
490000,471960.8205185821
810000,720097.4398685226
270000,276649.78643151413
520000,500368.02625844715
500000,506573.7673633793
400000,277986.8121274843
660000,627730.1194824924
290000,357156.5616688098
240000,240292.41645441682
850000,821429.2219273692
2000000,2009438.2639788443
300000,261829.4919461951
1780000,1600853.677549684
295000,312755.4838526531
280000,239597.5464666396
570000,592939.8654403766
125000,150837.2147711135
510000,519959.2652277446
1410000,1452836.3607596117
1800000,1811851.3722918932
700000,718213.3937587541
300000,299175.2774619765
1000000,987925.7479894442
325000,302699.4687275607
4750000,4236568.043238666
760000,676528.3702304453
1890000,1946415.7408006894
500000,390261.8872183391
115000,137094.66761139105
1850000,1895143.356553981
1490000,1558416.114864368
350000,335051.2733631992
485000,563859.8384990053
2500000,2948164.876319314
990000,1009305.8184560144
1450000,1421601.638304058
560000,617969.3953807325
70000,57764.32197418335
750000,797525.7574141478
870000,762585.0196645362
560000,573081.4541973105
450000,409130.05875168164
400000,422072.52446003765
485000,447776.5469889095
600000,579555.6748083058
560000,635162.7444639279
260000,214456.3602779243
630000,572147.893873157
405000,464594.4795360534
1400000,1454353.1198527063
885000,788565.9961705324
260000,253700.8492396498
220000,182034.27363859772
3300000,1518685.65625362
2700000,2664310.1876145243
2200000,2151779.4199337964
870000,928816.4864635402
735000,758039.5557692662
680000,781341.4153308532
180000,262416.6872309522
1650000,1550008.7711807678
1800000,1642691.9545254507
1300000,1329780.6080221552
1050000,1026781.4576045625
1050000,929801.4071915463
160000,245722.21508801228
285000,283854.5788313885
375000,356043.70343152486
1220000,1213437.8978299145
150000,125412.59604319943
1100000,1219737.9647862199
1250000,1334008.1991770146
270000,305334.1703997842
275000,241053.09676943946
170000,246203.9718589253
500000,669103.4564662194
530000,545714.9514938351
400000,356208.95740069327
710000,650531.2617428176
470000,511824.6165433607
395000,350914.41771194513
770000,727730.6730911259
438000,465065.0062063682
35000,62057.5855107323
750000,693416.1575041246
520000,457451.58894994296
750000,743053.187121207
980000,1098260.8353579738
600000,493452.8407396256
1150000,892476.6153456451
1000020,1029575.8718045844
240000,222502.60105298753
250000,251888.57547025493
500000,510908.74569403793
920000,808399.6491472434
580000,569688.0235101924
290000,269769.2230507329
140000,140898.05944412868
870000,836625.0316836531
850000,1031391.2893578297
630000,614787.2148443135
785000,802774.9764577686
750000,940257.1014116331
300000,290523.04606099695
240000,266398.0763362001
875000,821183.348069616
500000,541209.8105621762
220000,196394.3536043047
550000,562109.2564540224
330000,289844.2077658476
400000,481456.4708581563
460000,516890.37999469443
380000,435200.47780610214
233000,216345.49384676997
55000,80163.29086029528
570000,596799.5015879323
760000,753568.4157416734
335000,318965.79403203866
850000,785710.1876551996
230000,212326.3222812238
450000,482483.4758798835
650000,730362.1317517221
320000,435423.9978454977
250000,293710.644320449
125000,159927.2226372188
600000,601237.0520203887
90000,168976.5579204538
1450000,1386369.7656919884
550000,514301.8375689981
250000,327211.7974458172
1500000,1638888.0989035002
280000,299787.8314095817
660000,703800.8476679063
1100000,1071210.3198742983
365000,396627.4923356227
1800000,1560432.6477974704
750000,725284.7649926968
750000,697208.0304654759
225000,209782.64692840085
450000,440956.9938040245
360000,284831.7507449133
1060000,981229.4334031907
3850000,4996882.722146154
1200000,1188908.949549797
1220000,1208248.39330998
200000,167093.11763460707
325000,284098.73442141386
1800000,1862609.3103822824
420000,528698.4616138398
1550000,1596164.9715147044
1500000,813875.3106646078
755000,787266.1407134861
3000000,4306134.672011039
1050000,1105075.0664455264
690000,767443.5687775847
720000,611628.1331341398
520000,513990.73093204125
565000,507249.6377166374
550000,544688.7564931185
800000,632964.9940543488
385000,359016.58853760845
1100000,1119823.9769415574
145000,159659.54476261203
900000,876703.7973343277
350000,350374.32043356245
1050000,1012087.3764816024
520000,501938.5364863645
650000,637882.2048185078
520000,547172.0740788855
750000,723430.8731294129
570000,595438.4337832922
670000,676382.9922170558
700000,721231.7004160066
600000,581982.0546093278
580000,591896.8863859611
950000,822045.824012346
350000,404988.16006901994
1080000,1163786.6657144243
400000,425957.5323517508
750000,677462.254119389
530000,619138.5980484808
265000,297533.1363865709
850000,643639.7194050157
425000,293643.1508420998
210000,198091.134297348
230000,223897.6815719879
600000,617858.5938892139
2260000,2225747.992920414
2450000,2176391.985363352
3490000,3838753.037000808
900000,902536.5445773845
1300000,1273149.2305028369
890000,758829.7886342143
180000,165101.67041853984
1150000,1072981.4055818256
180000,195537.91980369738
550000,567498.7030770559
925000,849828.8860020888
410000,401853.8110209485
607000,592119.9935955326
750000,1061776.4382521398
1450000,1624774.4895181414
790000,814694.0636149606
850000,1118960.530640727
750000,892728.5061198348
950000,929658.6289526486
250000,318744.74278863065
450000,391796.8631562764
1620000,1460008.7108239632
820000,798820.9373053687
770000,671989.7504113272
650000,734524.2214868522
530000,513029.9618278326
360000,319137.80021249584
700000,677193.695002415
430000,456362.2017785265
110000,130090.15372253103
200000,180313.58554336827
785000,738097.8738719671
500000,521375.03497843596
650000,725796.4195831737
550000,559718.3386986295
290000,322303.0558509371
500000,511505.1851082838
1030000,889810.27330749
265000,264603.3001597946
830000,811754.2784932444
800000,773132.2179629818
200000,232697.7567792397
820000,763408.4110803347
749000,789000.5984146616
620000,651780.3966560017
550000,528323.8078664623
210000,199535.58151302647
1650000,1286849.8072569165
410000,370081.0691202547
700000,734015.3720744723
530000,524717.2045494581
400000,359914.5809226247
335000,326702.1244242609
1200000,1043881.6166159454
820000,836341.2062024518
1600000,1736529.99758257
1190000,1086232.835442516
350000,361015.4476939712
750000,790793.4802036808
550000,785395.0088394564
780000,646447.8664511365
950000,869982.8445447446
3300000,2412863.1180933407
900000,902980.6212570156
650000,803861.7035354249
750000,749545.0068571778
370000,390089.3831716634
980000,1011420.7821733475
320000,306056.4583075339
435000,502400.25731289835
699000,631323.4456975287
485000,534795.0823958401
230000,245403.92490299224
650000,646195.4139546761
540000,519305.1250784074
300000,470448.7503830513
320000,297032.7489940282
450000,438371.54628332326
750000,691032.0851100347
865000,847284.8873264645
800000,1195901.10354099
260000,324119.62262733927
350000,378973.02120343276
1700000,1736292.6130653794
700000,670104.90196324
210000,217900.05402116466
180000,201695.3513496264
850000,773579.479309691
1500000,1490833.2051193125
650000,645198.0785871011
330000,354450.6948385912
500000,559605.2332892007
485000,529008.4920455923
800000,857818.6790764281
580000,509277.21287343255
235000,220814.21067169803
450000,522976.216402964
550000,628633.6547365894
670000,718061.8483932144
220000,280608.94593246194
575000,568901.1193748615
580000,480012.39754003484
1150000,1068747.2418251275
310000,283981.32873030135
1850000,1528689.7348647765
1200000,1014307.0020225864
250000,235168.19720630377
800000,705171.1995236005
1050000,1012970.2646259561
2500000,1838644.358900176
680000,697023.5241607337
220000,268161.26018723473
1250000,1362949.9043157955
3250000,3687571.2750282576
650000,635695.7138947407
390000,428364.13722010097
580000,565416.2780120993
1000000,653820.9416715764
290000,329771.1070029509
1100000,966256.2132435173
560000,507796.19315412256
900000,875107.5583424261
700000,634115.7454014765
210000,209037.76468358908
2000000,1848587.9975105063
250000,270312.6368950176
340000,309961.5512989373
280000,297463.7464449201
250000,228566.53515870438
575000,666216.3466484579
530000,477455.45557356044
800000,748487.1419623953
120000,104748.39369728386
430000,440329.9009339719
625000,641634.8345238045
520000,608448.7223208571
230000,254194.28663369038
230000,216928.35705983732
740000,790758.9853009209
880000,916911.6000017382
450000,543545.7997200707
2300000,1871696.20252124
770000,862648.1935477844
1750000,1730285.1075008246
1200000,1040351.7267386955
770000,942242.5575360596
1300000,1353858.6833443213
850000,948415.8587518381
1325000,1243500.2343520597
1450000,1610845.8232951122
1400000,1383720.911543944
235000,231627.63328121108
575000,496870.5341821972
85000,115945.24299189726
1250000,1299735.905764466
370000,401342.0266875997
1850000,1979180.5594819093
1400000,1080301.5277349944
840000,760337.3975395084
850000,998832.63198712
1200000,1267016.6215521963
450000,394066.6676654753
280000,210880.78636954344
800000,688545.837036827
740000,683394.4842294271
370000,415083.94316033705
800000,874096.1921561385
295000,348921.63847366214
250000,259543.35392285348
115000,179485.63505841733
210000,240182.72744321276
680000,605595.7861592092
535000,524118.60549064755
690000,974713.4441421026
1100000,1115527.3443767405
750000,692951.0057532123
705000,696117.714064619
499999,498603.2893364422
720000,635963.1547635223
1000000,966976.2992849885
530000,564661.1906859931
1200000,1026086.0455780547
1200000,1227724.1329593887
790000,749900.9669787
1000000,995666.9226523901
800000,1196721.8071101876
760000,723323.5911035241
450000,432792.49789831834
530000,512035.9186159051
325000,298851.51420031756
510000,476546.50792478374
350000,280660.08640276873
910000,874200.6152650272
780000,653697.6479696004
665000,653495.7973179342
760000,742042.6949933117
1900000,1866613.10173077
410000,424812.26225841243
930000,882086.4314868043
200000,271720.56841090356
340000,279119.8518497988
1899000,1938439.110590578
1330000,1155561.871389591
1220000,1200438.1093920288
270000,224697.29081263204
930000,964437.5088142143
900000,811216.9538670626
1500000,1427411.7718886437
240000,230365.1193331797
685000,676121.0582477184
1250000,1409629.7704811587
460000,486159.4125552678
975000,864414.42704495
580000,707987.0138620399
720000,771672.2717975229
530000,520201.05163705396
620000,617457.8432151807
880000,875043.5624632621
490000,494010.62938828353
925000,832056.7157464098
590000,557034.8855893317
98000,141220.94317790438
240000,276458.49865352176
320000,282394.3088567052
770000,612637.4219479475
1680000,1649003.9641772094
2500000,2129729.2773719905
600000,532078.9440782203
1200000,1399754.8822988777
825000,782913.2095603145
750000,536801.0110744527
1340000,1336490.829769087
3470000,3215311.380321626
850000,474581.0337917183
1120000,1137423.7439575228
720000,738381.881565295
620000,631772.7854313059
240000,257196.2628879228
600000,579524.1383242258
550000,537920.8561376723
200000,217205.13226918012
470000,445584.2780372525
130000,194015.4258619109
690000,704881.6200696684
875000,850178.8923719068
695000,662925.4325765236
1250000,1050099.7541534104
295000,317399.4655587692
770000,763878.2196549368
590000,554322.61862396
520000,465041.02103020664
2250000,2140871.0239798846
4050000,4189802.4700452923
385000,419605.51864613727
440000,458877.99637186195
210000,271921.06522238033
275000,329469.3554736854
490000,468662.97294223617
485000,495965.4876663793
1975000,2193604.469199112
450000,425516.6992074802
820000,803063.878273992
300000,366587.6919710146
425000,393547.25997482246
325000,315710.55393887777
430000,393061.72636718064
670000,710086.2573306235
320000,362084.1227059197
1280000,1116074.2172236037
2000000,2261896.1218240885
1020000,1120951.1185970465
750000,670891.8575764353
750000,711915.417979613
1600000,1493900.4436607985
567890,553472.0723618552
6200000,7534124.697626342
1350000,1324826.481004123
265000,245422.11202359427
3300000,3004249.896901988
650000,756221.1988946861
850000,778632.5460339932
1425000,1441937.1117517026
330000,309701.5960691743
225000,214730.49722609355
1600000,1546409.127992204
450000,463968.38194580673
120000,163641.32486118568
325000,345109.0854298523
360000,377546.02788477606
640000,447286.27129293233
2450000,2046821.5842063073
595000,550963.4913769974
150000,110042.53664817628
450000,489268.8296129565
140000,158758.72572863993
555000,595016.8176324981
85000,62713.71580019966
350000,361989.5057978016
1000000,904066.7688354872
1280000,1222846.2968298672
680000,728590.5820190926
400000,268169.0581908148
420000,380202.37597878405
281000,315161.46609690896
4350000,4509526.112859394
870000,811488.8880256508
2250000,2389628.681116176
2700000,2611538.664181097
2050000,2065630.6093010514
690000,660596.5332558416
390000,476847.22369481064
270000,294060.8901239296
600000,598796.1031568915
1850000,1765979.2695832965
280000,256927.56009402877
750000,754248.460095702
450000,480777.78293872677
390000,430947.06069517316
900000,829951.4965166277
275000,265727.0313902753
210000,251972.24641412962
670000,688134.3236511338
295000,282305.28653627576
870000,832892.3770585033
250000,264156.79209251376
950000,988324.3755244234
560000,500836.49522178335
610000,685947.6824538488
140000,141335.82207941683
1930000,1867665.3398079837
1550000,1351264.6508860297
470000,488646.5540452032
2600000,2462788.962732416
700000,747764.6729346853
220000,201141.53748848356
735000,687765.5358971804
630000,766004.3073565378
550000,496222.8849357365
570000,548575.071979778
310000,332860.6279680913
640000,598467.0548552228
950000,1025587.6818316046
660000,628617.7490757515
750000,850176.7117434494
320000,367879.0203763823
230000,218395.6800534804
870000,816548.8458499138
195000,262377.2600685147
485000,513236.2038264959
800000,781289.9802415944
560000,593945.7458567925
300000,334395.0326679143
385000,297313.8448197488
770000,742422.948675922
7000000,2811583.2741922676
350000,392835.8447583699
1100000,1008014.6981439699
440000,481973.9118720126
220000,228177.1078020979
570000,564892.6648865032
780000,723023.6861161204
900000,886648.692415742
650000,643297.7404669146
2225000,2031077.7372430924
400000,340024.0105866736
4000000,3544992.1939080176
320000,215057.8916550055
1300000,1025608.9888907992
1500000,1599056.9544697683
650000,681848.088557142
690000,650909.1368107273
1100000,873254.5693214989
2500000,2695682.2738025654
500000,403769.04661891196
520000,623127.4214881358
900000,784987.7033314928
2000000,2030610.3039475956
850000,813050.0697172834
600000,599292.9875009551
550000,531329.7887528626
300000,234904.64647378726
315000,349502.74714856263
370000,384334.86171996436
385000,436210.7979900641
175000,287028.02937526646
550000,478243.43796995824
220000,310220.71080366615
800000,740062.4587469265
390000,397637.3834366886
1920000,1871256.4244802438
550000,624674.9815991875
360000,388247.9593132946
260000,266696.9082398731
215000,260040.08167323863
415000,440791.4747141664
780000,862814.5644996972
90000,165465.49171004852
770000,784702.6787559194
6100000,5389169.4765978
360000,307072.79829060443
650000,657183.4342940652
290000,384522.2425856314
645000,649631.5800525043
200000,257577.40662449895
235000,255411.73616927286
1000000,989617.8996733921
620000,640575.5451373782
460000,506879.43857485364
380000,338809.61478781444
265000,241183.46636970644
550000,458576.6718334672
770000,749597.156132552
380000,394141.97708342
750000,763091.8643495658
200000,235144.89113664237
460000,511314.8409841884
300000,315514.9468364704
830000,762740.284489117
90000,114913.33309661646
780000,724795.7225651599
220000,189151.22343727812
540000,437054.55521968845
620000,603322.4172847315
700000,640278.2781434744
300000,332020.9654080659
420000,464433.54048638255
920000,996535.4283122271
360000,240892.98498994333
680000,765531.5228633946
350000,370522.1449547828
600000,516986.35999585653
120000,126145.32540723542
235000,223509.09445017672
260000,230721.44567944
900000,811298.2934301217
1400000,1318040.605304542
600000,532933.5821369501
1450000,1349619.984921834
5500000,4175490.375987476
1200000,1218708.5756083385
3000000,2562678.1125801243
1000000,861466.9598614983
770000,751958.6705860924
390000,337105.8436643838
4900000,4494599.252768142
4800000,3611205.549194347
1100000,1006410.1749499623
1475000,1410064.124128414
5650000,3359244.447767539
850000,811779.999920286
850000,819871.7085935525
1450000,1427162.7934122952
200000,171062.58609238637
415000,435042.15747593524
1400000,1453907.5004815995
630000,666133.485702844
290000,264602.58347712667
210000,256481.5677453194
160000,205646.03377998705
900000,782647.2027049428
370000,546571.8567955351
280000,313600.6957027112
250000,236731.62412946514
882000,788967.6366787803
410000,431894.3493050805
870000,785269.9189212621
660000,645731.450970655
930000,955036.9270059046
860000,842938.7629869136
290000,281137.5332912881
420000,374162.9067125005
290000,290814.1332874333
210000,302625.12761817273
450000,439585.70737405424
4000000,3474385.913808072
900000,920484.5666940924
480000,504538.47755147074
525000,583719.1415284607
390000,643847.984257967
270000,254823.67160659784
2850000,2682455.1154892147
620000,613080.0421775464
220000,239205.09416098814
560000,567094.0933032768
220000,303708.2542987892
1400000,1356393.3453816227
180000,176830.1300846072
230000,246371.16791600682
3950000,3836611.369061345
920000,917271.3857554034
960000,939751.9460808026
403000,439345.9337466219
195000,95175.68568637683
430000,457903.1422975606
670000,676829.5976199433
440000,406796.83533379843
4300000,4190214.7508854973
500000,408154.66132158495
590000,542351.2182751298
340000,335053.54543589964
730000,676691.1471414099
185000,211666.82176148807
450000,453506.14794621174
1400000,1285153.6026261237
230000,274229.93724693207
1090000,1210820.8513484385
550000,497533.4699362517
520000,524646.3995279169
800000,689926.3347131948
1650000,1869341.4496643974
800000,897135.0501410984
660000,608489.7087592919
300000,353463.7634633213
3200000,3204200.058225245
350000,347785.03995842545
750000,664402.6055406213
540000,536675.685943178
280000,265874.80150218954
370000,375702.21539659414
335000,341992.1141777305
720000,717384.1951910732
1200000,1330874.4258759602
790000,739980.0530842855
799999,975424.4453400641
270000,225520.80773821237
270000,354453.44426657184
590000,517497.9561929673
350000,345133.55696231645
980000,983360.2957737081
1300000,1158924.6462462652
790000,739912.1956818992
560000,580629.4454251088
220000,154197.14397618826
400000,368453.0925151468
390000,412468.6735395717
575000,611247.4233720751
450000,433413.9489976657
300000,296852.4440160823
550000,536254.3986043076
295000,233829.70784699827
2550000,2465652.518574497
500000,521568.8979155539
670000,726529.8980986328
330000,294309.9656088468
65000,64347.27327444308
650000,665171.66154499
130000,144355.637695244
180000,167312.6627611816
200000,232655.25683330395
570000,569306.7034223769
920000,1005842.2772178388
275000,264389.36181549757
690000,698808.9866058041
700000,653848.9412795925
827000,840461.7317064311
260000,239213.94843597672
460000,408834.98749975127
250000,233092.16596766893
1150000,1151814.8498339253
525000,599447.379150434
570000,536375.4217371896
475000,454839.07539136504
475000,468793.29743959254
475000,651710.8202526537
370000,440056.9173500824
730000,878454.5800361043
90000,127719.28446470633
2875000,2991950.3305186587
950000,953318.5218687586
715000,809307.180135456
790000,697040.545100438
650000,615782.240191762
580000,577832.4441159072
600000,693657.3370966188
145000,149082.52891088958
500000,508373.4019271529
620000,706621.9204970797
550000,644806.0428119388
320000,281055.24551220634
650000,635909.5944387153
155000,139958.9761013438
230000,218774.77626052414
290000,326440.8344590724
360000,369941.4446426897
550000,525193.1532127502
550000,664301.2116002522
205000,197513.9975677468
600000,560862.4346727377
560000,481972.82533871674
900000,918764.6906924353
700000,665907.8405274693
375000,399426.3143682291
3750000,3806811.6186349955
270000,245407.62608625882
3250000,3228766.6334986184
745000,726633.7693733932
550000,477028.63016035943
2250000,1767399.5608957727
245000,369256.0370506259
2100000,1065318.041868467
4250000,10965337.914974632
680000,722866.473001976
220000,187641.24693272464
420000,422298.5363254579
120000,153541.90259955157
520000,456382.5495601848
450000,545100.847696814
180000,199011.0968697367
470000,467359.22603864694
280000,259981.9330623817
800000,563133.0176978109
285000,371323.27184952295
320000,299415.9213282366
690000,669399.3141103319
815000,800718.6643200549
750000,734701.8694596778
200000,196096.63417685404
320000,269137.4144485275
1750000,1693514.7174657339
125000,112239.39121463081
570000,586163.9350079745
660000,510752.4690100903
750000,634175.3671441359
550000,442819.2573561848
600000,558554.8168838709
1350000,1192826.2347756757
520000,520238.7426856394
445000,465736.35384696734
575000,548893.8718586114
530000,538360.472174346
380000,334066.8586062085
1200000,1096875.1924996248
1400000,1423972.7699282714
650000,652978.8884567445
1150000,738331.373687646
570000,807396.4191159578
347300,328664.81746331655
200000,341145.518548531
350000,372501.5766332289
720000,492708.1426668419
245000,237910.35056777354
445000,426988.58613210556
450000,405265.84907163336
320000,278429.7944505102
1150000,1030724.7499776473
135000,139049.2499236922
800000,907947.6172859876
625000,530399.5970901469
155000,190636.651654553
475000,444876.78054143855
320000,326381.1762963781
675000,614200.7056649753
265000,236772.21864900558
465000,467950.7422353937
1110000,939268.9065101059
580000,504708.4884524378
545000,467337.68902607367
810000,748703.3077830323
370000,376682.32312175934
350000,300308.24521330284
700000,766572.3818798695
720000,826830.0779964832
760000,759553.4753392347
4800000,4239047.393256394
2600000,2408517.4597906107
790000,752086.2051528125
2100000,2207500.475373027
1800000,1751137.3352418677
1490000,1331190.8003281537
750000,623423.4466952874
3350000,3402236.6657784525
840000,1007870.6926158196
5400000,3872069.022687619
560000,552489.2495187932
4750000,4791830.633175711
60000,151658.3665952677
185000,210148.57666619844
800000,766475.0005643751
2750000,2239776.7708529606
950000,1174744.1043620799
1900000,1346227.87636622
300000,282365.653371068
1250000,1059067.270320291
230000,255004.58791908214
770000,568988.0607278453
860000,784545.4379050432
600000,609651.3100244725
1250000,1465183.8491981525
250000,267399.2407582897
780000,720135.5846561933
825000,709414.7254854649
500000,566585.1970566214
3800000,3909653.582984106
315000,321522.8744164787
260000,302890.9121928458
1110000,1235236.590341181
400000,438341.7646464613
345000,313758.0135265759
2500000,2743460.6378133325
220000,215508.5487155741
335000,393237.4155280457
850000,853119.0891071869
450000,454802.2437314923
400000,376950.6140605776
850000,672676.8171380778
730000,756821.7759679673
900000,962652.7525478809
550000,568256.2742305679
430000,442250.8439984957
1250000,1160801.2675701147
980000,997996.4821902635
1000000,1006839.3392003166
270000,255473.96522212072
250000,304361.56428953866
365000,391248.02671347157
620000,661586.8844886221
190000,162885.93662832733
355000,303032.31389905466
2850000,3233781.70081929
1000000,1309645.664017343
1490000,1355949.6916722823
400000,263157.0436579634
450000,493587.346630409
255000,340406.1121454311
560000,660701.7658560271
300000,262022.22299346962
730000,768861.7156589795
520000,576691.7213041595
1000000,1132351.1246262735
1550000,1858994.788492807
1950001,218374.1140605651
790000,856309.5953860717
1150000,1267612.7044922682
1980000,1654130.8996190093
350000,284925.9810002035
2250000,2047456.9625209346
870000,832537.9994220913
250000,253348.8901192852
1800000,1849424.4326087523
1525000,1315367.528462208
255000,377931.414809101
670000,714895.6760177049
2100000,1627810.0166877292
480000,414495.3572989003
610000,542398.8282630694
1800000,1839236.246578455
750000,798353.1413759954
520000,633666.4232925705
200000,300708.1773647454
1600000,2993275.6756032733
600000,568846.0912642358
200000,163335.2983064805
600000,630611.775932189
600000,772507.9011536918
1100000,1127017.8230804685
675000,790299.6370533382
1050000,1060500.940046842
700000,719802.0416486118
975000,1218917.7970080604
415000,425775.03811034193
180000,132840.5698432686
1150000,1145171.6536746104
1375000,2031031.6948825351
190000,252140.00137110503
600000,580416.6850730896
335000,322679.1681260445
580000,627598.3824161049
495000,597605.5690306242
950000,875747.8035103651
550000,588712.0074270699
1250000,1061404.6820405482
750000,696391.6214716027
390000,475038.86986877245
600000,585813.4318306838
1600000,1826382.928599183
465000,523901.06340409786
1150000,989987.7988758981
250000,289797.7763750394
115000,130535.33826608559
1300000,1239426.181075306
450000,553707.8161982205
370000,348636.1219627497
1300000,1383051.0524512543
235000,273511.4500201146
80000,93898.5886752408
235000,271552.4191873229
1300000,1225601.7300973681
430000,470322.87338943506
3500000,1405201.2504584568
1600000,2368885.3138380954
210000,294000.5774208966
550000,519628.4894469871
310000,319345.64400083275
1115000,885137.653254404
830000,789243.0875221095
570000,584086.5338410652
150000,250234.35506108066
1100000,1141064.3415050237
1020000,871451.8682637212
210000,177638.6782005764
510000,533403.1309484609
220000,174553.35790149483
520000,533033.969191871
1050000,1111592.6292301402
265000,231656.9982568153
210000,230761.52191727905
475000,458275.7694502716
1450000,1344274.4298666727
700000,683766.0765408651
550000,599866.8585894371
750000,724491.3344381547
160000,147620.85834234013
780000,801154.1320268541
280000,359174.1865083562
550000,618764.6825265008
370000,463842.6139280187
850000,942501.041542594
695000,655544.492406845
595000,632124.9220994507
1150000,1096340.6256994659
3600000,3418869.3252764256
1800000,1358358.192567711
480000,540661.787872045
550000,512707.21305277606
450000,530631.1487671254
2100000,2686276.5286401534
630000,733115.4988637301
1800000,1590175.1708650389
500000,463753.68172350735
1950000,2172705.6762656956
450000,424740.4366648983
1600000,1722273.0399635532
380000,450528.62759834283
530000,583505.223869762
185000,228904.18669633032
520000,646279.8009776932
870000,787613.5574666315
720000,708119.6794858369
700000,733427.4033454431
1650000,1396338.127068703
750000,779050.256359457
660000,814023.4280875076
520000,512179.74709044973
910000,886888.307421755
750000,769334.8646435208
165000,160525.5918405867
575000,631561.8972171287
140000,126701.95197239563
250000,262309.4811145905
420000,542718.3976297667
1250000,1050303.97713197
640000,836771.9215185252
775000,776428.740779551
640000,682859.2214041179
400000,414859.761067884
300000,237935.54993387623
485000,538614.2896215923
620000,609426.2582780342
720000,725419.9131891158
280000,275272.040878101
710000,726375.7040716454
380000,480672.7747615397
270000,289514.4739314009
920000,1242201.875049486
360000,373509.03355981386
360000,366295.40898134344
570000,511861.72661188187
300000,243453.41260034224
595000,674772.7192947286
100000,131085.15744354684
700000,645528.3399559157
230000,227355.10502878486
1150000,926939.396180706
680000,810144.5271879163
480000,539764.4729550445
650000,747600.7275969728
450000,495896.06188160495
800000,933663.2676790043
240000,273301.7145567387
1400000,1271451.5288441405
360000,391772.9495296876
1800000,1955755.0126868451
690000,730100.6458884911
2750000,3026472.2409997466
620000,957608.5445841296
350000,413330.2053246459
875000,914011.2234509923
370000,342877.1742978922
420000,535774.3014830844
1175000,1312131.9906038507
480000,537433.6204863164
350000,304095.01001708594
230000,228401.8641841578
800000,728983.842220405
550000,670943.7251678606
130000,124323.8134475602
4800000,5277330.506954746
180000,231261.00155058506
280000,312850.043635637
5000000,5705171.936329897
750000,833235.9534768969
395000,407583.26102716516
650000,530979.5017320632
220000,279083.2437205144
350000,330899.3474566478
375000,378572.22679301724
230000,262770.5133209013
550000,741069.6760027328
185000,198627.04534214
430000,544054.2745050517
360000,590971.8658011196
400000,400312.33226076147
700000,534118.3477867871
50000,62569.09765266413
750000,739185.42914007
425000,457508.77554737974
400000,469092.670857258
550000,580929.4795098031
500000,380596.95392141177
1180000,1280660.553428198
650000,709369.3633667754
670000,864048.4544036014
890000,1117352.9612791415
295000,339053.42939131573
300000,367058.87403896794
450000,422972.4370614861
670000,653266.1219364977
850000,805297.686384366
660000,731174.402303565
480000,499662.5226597653
500000,487339.2631008267
810000,776544.995285637
1250000,1816862.9705491893
380000,440988.66957368323
1350000,1758903.9347587074
1500000,1775629.7280199695
400000,474284.548977588
670000,645427.201220948
550000,687981.2459317801
1100000,922916.7437863573
2100000,1891797.8072182173
3000000,2740262.551949912
335000,347760.0854713003
755000,656337.9877283657
200000,203139.63231962395
260000,275645.167276353
190000,221912.0014993008
190000,226824.7504049015
1200000,1352721.9414714596
900000,957568.97049466
260000,259823.8277627995
470000,593591.6321329892
900000,994121.5184822675
210000,192320.68994870738
310000,333181.5176663115
650000,734670.0094901958
580000,676235.1239281587
650000,653798.3410828741
300000,317431.2425952746
400000,479411.530428167
950000,873618.0112997455
600000,662427.7820990385
295000,340121.6992911021
410000,417445.9258112956
2550000,2411986.201526289
625000,713855.4287217831
370000,346878.921333758
430000,475456.24304391065
2800000,2815540.203376553
390000,424688.27438054665
1100000,1048466.0716125245
425000,503799.3472832889
2270000,2276734.580015403
140000,114834.14513285163
750000,793628.7621029302
330000,380258.0913339697
1100000,1203958.8371572592
230000,216164.8712702503
285000,314787.8854056806
750000,758660.5714019156
1300000,1309266.6267027939
475000,548394.9997681557
150000,210673.64919889238
430000,495323.5978473184
570000,568660.4117468753
1550000,1773745.0825471384
255000,257832.83317029258
400000,372716.1254981628
1175000,1070944.540420787
299999,300245.0432897388
600000,998857.8012140808
400000,444216.51108040253
1500000,1426986.3220309159
1500000,1600329.8602880093
580000,471866.4379023189
220000,184183.3762451532
280000,252374.78432040915
495000,695181.8187465671
450000,463611.8893235447
1200000,1075480.9213041065
420000,428665.006937985
1100000,978490.1925950487
350000,396239.05404878926
320000,299192.54862615856
75000,111608.06783118845
400000,394907.5283388931
450000,632287.7546118808
750000,828873.2136134994
670000,786243.6731193304
550000,604512.5240445948
1850000,2206840.1706288094
2800000,3246541.519747877
2950000,2185291.0214897515
975000,881722.0443584145
790000,873272.2244762669
970000,1073351.0380467854
325000,323053.5140005282
1590000,1570476.5526272887
1530000,1604812.2605998712
970000,1243967.2256851578
780000,929242.112541232
8000000,6205906.611083449
830000,882141.807882011
1535200,1571030.818323949
1110000,1197152.735926439
848400,971855.513234173
1313000,1373042.0030894547
858000,907043.6671631681
777700,780066.1954141222
1358450,1464616.8391090694
989800,1345117.4117365566
1368550,1364667.2300481393
7000000,7620214.504081155
1480000,1497987.1887239143
1650000,1731036.8765751203
730000,704656.5457536536
2510000,2890497.0135789555
2300000,2027566.4859515757
1460000,1323001.6560633015
450000,404055.15595076955
420000,446782.3986736613
950000,889154.9916588109
1500000,1615055.4179267555
690000,662839.0082986208
1200000,1523393.5379742342
5750000,5641824.767332151
3100000,3313076.3582727825
4350000,4349554.942205649
5450000,5336380.804282024
4300000,3811287.516295153
3100000,2572984.4321086486
3350000,3134186.8638704405
5600000,5338636.509223404
5750000,5515886.488799763
4200000,4183398.6425052686
3800000,4072231.721269104
690000,629553.7854745312
450000,419959.8327014839
1900000,2088285.800638382
300000,296933.350515224
315000,296051.51086570736
